Actual,Predicted
12662,12508.51510276313
12690,12366.88441727084
12568,12047.08929709734
12110,11486.007136187378
11500,10913.420428302616
11175,10668.513738875336
11000,10464.629768746037
10785,10081.485474022393
10370,9675.692367703736
10313,9613.56534558155
10420,9742.174144752978
10865,10147.958189210003
11279,10589.055122461612
11570,11334.864416463704
12150,11612.628311448585
12140,11787.928963382776
12100,11620.24447366772
12120,11836.772393964022
11850,11560.380390328859
11670,11503.880532510173
11385,11020.954476003524
12680,12611.06978841178
13850,13732.754693652983
13695,13570.747996116908
13950,13797.532290271276
13734,13310.787101219848
13421,13177.231497923254
13143,13053.061921012379
12850,12666.03309279283
12650,13463.838385471012
12300,12299.81721578396
12100,12035.748752245097
11900,11774.28519365297
11250,11131.304385321711
11320,11306.621472354782
11250,11113.886145569719
11900,11882.185569780197
12050,11882.05193089789
12231,11979.368507976855
12526,12291.375596865266
12849,12599.971471989404
12792,12580.12747649004
13136,13121.323814219639
12750,12767.900980844715
12450,12495.50638560153
12150,12204.866974658089
13450,13489.890099076036
14100,14131.592512427496
13940,13965.629557650465
14040,13974.79730069403
13600,13439.780130272356
13500,13218.978301536448
13300,13119.635322040369
12900,12775.669475010689
12650,12313.905104469446
12500,12377.828105857356
12300,12042.282873603966
11800,11616.825126477946
11200,10684.601596129194
10900,10721.431054404862
10900,10778.560777094883
11250,11150.991476054098
11600,11531.411836936908
11800,11717.133285751499
11500,11371.474718250189
12050,11996.885488394395
12050,12008.081871879716
12150,12032.283001735537
11900,11711.942742059644
11650,11558.099092899683
11380,11260.154761191814
12780,12822.07473142124
13850,13875.324219260481
13700,13686.138776932105
13700,13351.263530206605
13500,13293.309920016203
13400,13206.25023789364
13100,12863.687359629936
12700,12550.21335726867
12450,12268.13030297503
12200,12127.935073206432
11700,11734.225420524677
11500,11540.473034885308
10900,10909.437135694028
11100,11065.083617679764
10900,10784.928595000332
11450,11158.987428500732
12050,11856.30121431046
12350,12145.190722930776
13050,12843.053675408686
1300,12778.635559763203
13200,12930.73154073488
13300,12741.847562219831
13100,12956.579157258917
12700,12603.997435700634
12650,12531.408174551834
13900,13489.048566055335
14000,13791.847390008283
14100,13897.280273364737
14400,14099.702710984684
14200,13739.99556749743
14200,13792.973807172602
13700,13286.190375313501
13200,12665.587768429918
13000,12468.252424091776
12850,12395.023294385874
12650,12198.831214194775
12450,12140.274421622256
11900,11736.481939331672
11950,11926.931913455508
12000,11616.12635850168
12400,11968.392580442269
12600,12142.107092617742
12900,12340.10452492953
13300,12759.102154356548
13550,13009.99105518908
13700,13111.342779897994
13850,13474.386889827147
13750,13342.919931522458
13400,13076.054530935571
13100,12672.236155856805
14200,13892.578930867598
14600,14357.417710335558
14800,14586.29586401831
15000,14818.542692886684
14900,14592.135034649717
14800,14691.143687959277
14500,14174.2916300534
14000,13569.28155193317
13650,13221.598604414867
13500,12907.952157153455
13350,12931.443863927252
12800,12591.497911085764
12500,12499.761405371823
12100,12054.155208025733
12200,12048.268056619796
12300,11942.940693656594
12400,12224.114954834244
12300,12300.734253027247
12800,12727.922397466533
13000,12813.123004973288
13100,13015.223316239259
13300,13053.002195034864
13100,12874.890674620165
13000,12820.383596075048
12650,12363.417970540719
13650,13712.99382693768
14050,13652.013609526732
14050,13815.253635436544
14125,13789.34556369021
13825,13392.104860688767
13700,13522.764018436119
13400,13181.703867070471
12900,12499.373840003402
12650,12351.94338216777
12550,12292.95804325549
12350,12101.404095134327
12050,11945.54608060772
11750,11680.392188435299
11250,11293.711439182076
11350,11179.24962714238
11240,10957.413400892072
11450,11052.492849203121
11650,11090.465361268181
12350,12035.569684951588
12700,12169.371253853373
12550,12122.842596483457
12900,12732.577196412141
12600,12465.987500919833
11700,11586.05012179818
10587,10236.104539571541
10791,10743.828929078227
10392,10238.766696913615
10963,10663.427663335728
11974,9972.53275596586
12560,12245.948970958048
12730,12585.602589879338
12700,12258.572098590777
12550,12423.58690646728
12150,11927.190750427848
11750,11525.321841173089
11650,11224.70643113065
11470,11183.300383938993
11100,10724.787115538582
11125,10948.992091089238
11225,10686.629548453755
11350,10958.323153614028
11550,11330.701387912777
11800,11589.419566351251
12300,11701.794565533957
12050,11467.281236449056
12100,12016.418670106077
12170,12080.694839305554
11880,11449.913304913585
11350,10777.560728986457
10682,10327.201789813296
11013,10939.592077454756
1067,10584.173722293403
10775,10428.744533664401
11886,11846.180905949004
12410,12396.965212509192
12750,12505.51502419561
12700,12462.794679579176
12450,11992.491213325611
12000,11985.60684713996
11700,11656.934516052306
11300,11232.540920945936
11087,10718.808939444547
10674,10417.317300587132
10730,10472.071420940141
10800,10739.5979495639
11150,11076.293049500171
11650,11534.354574975157
11800,11682.106003582732
12000,11802.057399094985
11950,11699.700982889797
11775,11560.175833118858
12300,12105.913321913107
12000,11878.111729084143
11400,11299.184528691549
11000,11047.981639065041
12250,12368.204983875166
13150,13126.794143166897
12975,12908.003350446676
13267,13054.980199366175
13141,12859.421543741126
13200,12993.080328258186
13100,12805.571326494372
12600,12330.426043033789
12000,12012.317056825144
11650,11541.109992451366
11400,11299.081365566752
11100,10833.602801491272
10700,10444.67190607082
10560,10477.371601543462
10570,10583.111921755106
11080,11015.501628346101
11200,11062.435568068087
11600,11409.415810993665
11800,11766.470683528882
11950,11818.914737204163
11840,11738.858193534474
11900,11871.441363978602
11800,11521.39579677281
11550,11456.408630730984
11395,11441.859503983349
12810,12637.03942339899
13540,13319.336595838968
13355,13300.485272115291
13332,13149.014928100638
13080,13003.529947259762
13250,13281.683569258315
12661,12889.973175779207
12600,12389.112962241912
12200,12135.529871166505
11900,11809.42083037796
11400,11351.951900989383
11300,11228.221675101402
10825,10729.69228177911
10861,10763.757158567863
10930,10923.939700767849
11600,11485.517169745428
11950,11698.256911147319
12250,12046.222240511624
12600,12602.562834628248
12400,12072.646321890232
11460,11054.883808081038
11650,11466.00391997653
11900,11866.61600121199
11700,11508.100473495704
11290,11195.628171326269
12506,12262.794673963772
13508,13454.900647128894
13479,13321.0193570217
13596,13444.074890191492
13373,12951.675132844266
13450,13322.287645655462
13100,12881.050413302994
12800,12682.39920340528
12400,12348.270596555096
12200,12124.989982595973
11950,11880.828606114317
11700,11665.829598831398
11150,11096.321713429032
11100,11045.933722671383
11500,11493.819774797768
11900,11831.107755732708
12300,12040.983725704707
12500,12400.861612043187
12730,12416.589932297295
12700,12425.607848484367
12400,11848.837019843639
12120,11503.451270852314
11780,11244.98896364812
11600,11113.638305426235
11900,11411.587017711941
3375,12949.026952386077
13839,13834.178638941436
13688,13689.374090096597
14168,14103.220415604943
13839,13679.038895657814
13800,13285.276548887283
13500,13137.230169957573
11479,12509.751243956911
12600,12532.575432197937
12400,12298.45927268211
12200,12063.300876843085
11600,11428.850716817506
11700,11633.19758657203
11700,11615.772791846422
12300,12268.057322536355
12450,12379.951118549001
12850,12669.89030703114
13050,12620.110183939769
13050,12868.360299895885
13000,12707.703635663693
12900,12762.230486818808
12550,12172.600622042723
12100,12010.097539359198
11850,11698.454317675372
13500,13412.367596285747
14100,13928.705917567091
14050,13875.713393726335
14250,14179.530272489732
14200,14167.676807686268
14000,13955.141591762454
13350,13244.192826161296
13050,12894.102414929832
12950,12863.337269444677
12500,12479.884895265925
12450,12307.18070554647
11900,11730.712980739587
11650,11500.404123425951
11050,10475.099592776745
11250,10883.493274956287
11350,10497.808091440049
11650,10965.234975762189
12350,11851.038372898642
12850,12429.017418078269
12375,11773.838945202846
12400,11788.036255924666
12375,11866.355101444144
11950,11622.714665177156
10975,10729.557969105557
12291,11857.033703051835
13620,13266.911480944815
13830,13635.583490945337
13860,13738.014147541013
13850,13601.035705624454
13600,13403.682073664904
13700,13567.152580402679
13200,12967.911376751093
13000,12806.880838847712
12700,12605.237645331676
12500,12448.465486240682
12300,12215.291533204656
11800,11612.997932410608
11400,11104.272174783113
11200,10988.342332405631
11000,10660.83385397381
11300,11134.09660807954
11600,11462.512519771313
12070,11410.589087281156
12250,12019.28845737411
12400,12121.09745401423
12700,12390.14797890842
12800,12621.447330659925
12700,12424.882566078655
12260,12292.62147848892
13380,13080.465596152728
14150,13982.292266289676
14200,13965.074094617092
14500,14440.595770668879
14450,14254.508792291737
14450,14315.974772928621
14250,14101.932742528415
13600,13339.059678907568
13400,12941.391754553095
13250,12900.610905344956
13100,12652.821215993397
12900,12623.423383400557
12300,12066.6940170401
12150,11868.292582485523
12100,11747.478703951641
12400,12440.018932150973
12600,12615.851329198798
12800,12869.100905275773
13250,13267.674637243526
13300,13314.710995540208
13400,13414.131816992678
13500,13534.238794420435
13300,13363.446076231401
13050,13136.880647924805
12500,12590.515544313119
13900,13981.781372635105
14500,14575.389185903889
14400,14467.751667418484
14600,14663.65584504601
14550,14611.539135700168
14200,14276.262184398656
14000,14107.31268040987
13350,13416.251443753941
13300,13070.220200455013
13250,13335.766245421644
13200,13284.673803211408
13050,13137.841573299065
12200,12286.4527256273
11620,11684.696019078321
11500,11542.248995072294
11850,11880.398329632473
12050,12088.56828759224
12300,12310.883443172046
12536,12523.804287802273
12700,12693.019752526692
12750,12739.95257737632
12550,12582.353779178695
11900,11944.134511288328
11500,11566.800605973744
11100,11170.603039826132
12498,12549.98192961353
13299,13334.678920157687
13310,13338.615136490516
13395,13427.562274459853
13389,13425.942293739916
13350,13393.984687216196
12950,13024.902009314068
12400,12428.922958977126
12200,12230.813207314684
11900,11930.668677965747
11500,11529.533402819758
10900,10927.339478412869
10064,10105.179479184755
9793,9836.839063901916
9532,9563.712446553738
9435,9462.10541366286
9344,9365.618027074726
9407,9381.575016773331
9530,9531.248368939776
9824,9813.090666921802
9831,9831.102895395916
9656,9655.929640192851
9281,9307.408586401922
9133,7653.025562467001
9059,9099.28719905701
10173,10199.357814166648
11357,11362.75784510872
11476,11470.939251235573
11566,11562.8670521042
11668,11663.627193824486
11624,11619.713083656705
11524,11527.66451466602
11283,11230.038267519161
10657,10610.883158971457
10090,10058.748136022445
9701,9682.43962126684
9139,9132.642597476697
8067,8081.178372446095
7744,7764.84530419179
7678,7694.638938750713
7589,7599.276497897733
7423,7438.931595963839
7723,7738.485239695753
7917,7923.339862519939
8157,8158.08951649841
8454,8453.208688242878
8181,8178.167818195456
8112,8117.260928463745
7785,7805.158381490159
7884,7904.207694478813
9070,9079.06176329112
10147,10130.898492448006
10265,10239.35220588784
10301,10276.541605060336
10543,10515.584493609771
10355,10326.128775139332
10127,10107.053457249127
9830,9757.741981634888
9315,9252.213651549357
8974,8926.53094763705
8687,8650.269603138386
8667,8640.295331068737
8280,8265.295159007032
8429,8415.451271957365
7955,7940.970708616857
7361,7353.99864873249
6901,6903.729890270154
6672,6677.185474150777
6715,6719.257463753258
7045,7029.276260583889
7368,7340.846310606337
7624,7587.9458843027605
7867,7852.468140903594
8048,8043.4354123034755
8136,8133.699498666805
9441,9420.167743351645
10564,10524.969316434974
10682,10635.506868100209
10896,10850.771448396363
10904,10862.829649873383
10761,10723.719775498854
10544,10518.902980584611
10046,9971.585999918643
9773,9707.868332847367
9438,9387.733507446435
9288,9244.527659762858
9093,9056.26957553567
8658,8631.11463225093
8445,8421.751660757396
8467,8459.537361009789
8343,8321.399210324209
8000,7991.058035297014
8251,8236.676796294789
8674,8655.122696158158
9391,9378.918887718235
8944,8920.973788534971
8157,8138.621090841059
7521,7529.938911126982
7219,7247.5282508268165
7424,7458.0806989464445
8667,8677.394044372963
9392,9384.382265908142
9504,9486.526259978255
9482,9466.550095358438
10059,10040.55915986597
10066,10045.367018082794
9747,9736.776575144613
9544,9489.639038480173
9128,9081.495688793453
8925,8888.225031915308
8675,8645.168050037653
8613,8588.606004944775
8256,8241.43175536063
8178,8159.809420202933
8071,8036.762427383372
8086,8068.1346288698405
8019,8000.4411232703205
8180,8132.45998309221
8701,8658.305052962081
9026,8978.911435225944
9044,9008.176700443353
8647,8635.6881592275
8141,8146.407175784911
7954,7972.161501154851
8297,8311.829395070348
9308,9310.134892605729
10460,10445.26414207238
10582,10561.652639124666
11031,11006.707063010614
11198,11173.860556792744
11058,11039.263903447976
10700,10695.46835468667
10400,10350.293451390407
10115,10073.323751015134
9790,9762.062655251957
9580,9560.339492243502
9275,9260.821092971171
8930,8924.849430954799
8850,8844.188181775142
8900,8884.401298913192
9050,9022.369543257848
9300,9277.18992183731
9430,9396.716610988817
9658,9635.689221596116
10130,10114.17897768633
10450,10435.861092861327
10058,10053.308174761096
9690,9698.044193614736
9070,9023.416171115707
8784,8815.395407668413
10059,10072.095881567318
11130,11125.640934601046
11347,11332.093887103203
11720,11703.709467872948
11876,11860.532512308306
11739,11729.728626653516
11622,11625.692001604426
11180,11138.953438118628
10661,10631.515988736091
10181,10164.37064174988
10034,10027.368570925648
10007,10005.218298382595
9464,9471.500803116694
9324,9331.732803339626
9337,9333.755668659844
9433,9417.764397237115
9567,9556.704879559788
9821,9793.88112806038
9951,9924.120234022757
10053,10026.29885415285
10306,10263.504047771337
10331,10324.519279858156
10035,10048.065577456315
9723,9750.548763558403
9460,9494.630707516591
10679,10699.408457680685
11914,11915.437704182708
12122,12113.398777672206
12454,12443.81247631674
12388,12380.060537086993
12605,12599.378289890465
12449,12460.121543439278
12095,12056.32578062019
11740,11710.32939124051
11246,11231.205380549929
11114,11106.0244393965
10733,10733.23649372936
10134,10149.784650754831
10050,10060.62067169141
10064,10060.84243950123
10272,10248.839376228052
10450,10436.990222605662
10615,10589.186397535228
11051,11029.596363847088
11406,11370.808914282883
11535,11500.24694789328
11765,11742.75536293448
11650,11646.241557226054
11110,11129.297343605333
10543,10574.19854501378
11601,11628.660628294467
13242,13247.729691473332
13225,13221.918834016862
13440,13443.60209135745
13465,13467.286530380043
13660,13669.073367444827
13500,13519.332802635745
13068,13039.40252601534
12524,12507.361526374632
12133,12131.561285079431
11850,11858.700105585805
11591,11611.034741004338
10989,11022.598914422575
10741,10767.137100893888
10573,10573.267691948728
10582,10587.464551567693
10884,10864.657276009635
11222,11185.259062943289
11510,11465.159828961805
11764,11703.11391081012
11849,11817.766847098563
12140,12125.811990408165
11899,12013.501527090757
11217,11253.606629493646
10646,10698.779718060148
12087,12119.116367885803
13010,13026.544792678207
13419,13424.66212731967
13555,13561.361909067411
13220,12517.268482227846
13650,12960.72615067934
13300,12996.626042158015
12800,12456.841044044733
12600,12468.325578692371
12350,11988.541064030578
12150,11859.345435306896
11900,11376.109040213632
11100,10685.947176131798
10745,10296.222078425977
10721,10217.199055327455
10896,10721.70371479012
1293,10753.92704380968
11265,10703.390673454247
11699,11158.839261879722
11601,10808.44915873649
11187,10480.424979151445
11267,10528.460286377553
10940,10608.656573169106
10764,10209.851606494474
10255,9849.508230560114
11566,11383.988638574607
12879,12502.621431231324
12962,12678.541732361404
13087,12569.607393998922
13196,12847.473768799704
13215,12637.320958639379
13040,12746.042870994042
12800,12571.580142124914
12400,11940.936738477252
12150,11834.9643355464
11750,11336.443821473022
11650,11209.616206840728
10730,10351.202645047486
10267,10102.415660777777
10103,9789.632966302212
10176,9956.171105219637
10162,9822.168594364848
10216,9692.410385916079
10746,10055.001181279345
11242,10780.959729911452
10946,10350.867847525482
11039,10473.814232749246
10779,10171.911256346528
10058,9616.410852903286
9739,9480.54305159862
11069,10792.636573791286
12337,11938.42877926989
12611,12406.48668763939
13049,12878.625873295055
13059,12886.61831620074
13343,12969.455552494945
13220,12927.141698214293
12780,12415.48231105096
1245,12214.924661644382
12100,11834.640351698454
11794,11575.129045251277
11599,11425.511477033193
10824,10460.10125095628
10850,10452.124026983392
10900,10684.302880187563
11150,10933.828135662898
11400,11082.143489603899
11489,11173.498126934886
11800,11568.09886594108
12300,11812.925314853825
12193,11682.85378453013
12545,12296.921656006265
12490,12165.350407689768
11940,11711.493675332826
11229,10991.739068872801
12516,12199.300697479775
13931,13662.987175587274
14055,13642.116446703312
14085,13947.61628187913
14087,14019.04085603277
14150,14131.040352262193
13900,13390.20642251429
13250,12787.486685775304
13070,12641.893470473504
12950,12735.73352281976
12750,12439.52345413269
12500,12265.202726034651
12050,11921.191771080212
11723,11658.938573297437
11610,11583.936941289401
11753,11763.790907878232
11865,11847.30941527746
12500,12446.876396285186
12600,12533.047234388428
13020,12907.97787896274
13150,12909.147222403095
13250,11767.800541723966
13100,12896.594160954372
12900,12725.904889826483
12500,12534.881876160272
13400,13414.611190314294
14550,14562.149117279372
14600,14571.448846290565
14850,14722.594924925372
14600,14456.390680012228
14500,14400.369016175526
14300,14263.564777309555
14000,13927.783060390893
13700,13629.894711960611
13150,13202.651185764142
13000,13094.52867367915
12900,12919.088168555994
12800,12761.773380520553
12600,12351.234780938099
12500,12537.280191012993
12650,12700.351521360994
12800,12832.350689098821
12850,12890.367163888306
13200,13161.350078595442
13500,13460.477167084911
13600,13607.706807941153
13650,13708.385931092584
13300,13360.316602318486
13000,13079.208168553809
12220,12158.014693983358
14000,13734.660719742205
14150,13799.090147201066
14180,13780.045636668146
14765,14608.300522025362
14300,14214.752576603707
14300,14236.575176578903
14300,14221.59235072911
13700,13302.969950855126
13500,13416.818166670168
13350,13274.15117181668
13150,12836.323395030046
12950,13011.50192724981
12300,12359.702563371735
11886,11728.604488967321
11923,11760.989394205046
12400,12172.022334670079
12800,12693.644116614416
13150,13071.402597338412
13400,13437.03740011192
13300,13240.752249495026
13200,12884.416879102835
13550,13445.95191771681
13400,13207.603221316294
12950,12759.830704025484
12950,12687.89616228838
14150,13811.167937642906
14600,14215.084515796992
14557,14116.33841430561
14921,14587.61848469403
14900,14637.961702991568
14700,14627.959686590242
14550,14507.659933220293
14000,13919.677849368083
13800,13798.053367256738
13500,13506.026664869507
13400,12729.641081218384
13200,12429.93384949609
12950,12936.793812021988
12650,12416.07520561836
12400,12253.384229507745
12400,12196.476540636055
12750,12405.956180068953
12900,12731.530149961683
13350,13092.029566149626
13300,13107.41531050756
13400,13089.030079382803
13500,12909.696968003736
13100,12700.525046033552
12700,12581.487497820934
12160,12018.272506187139
13370,13351.47295035021
14550,14416.358078325686
14580,14096.812218376104
14780,14437.098606142874
14657,14249.349122624204
14650,14227.583484808809
14550,14495.134179667668
13850,13727.885419525794
13750,13538.066659958993
13450,12971.127016862416
13250,13082.115159578207
13150,12709.930887739109
12800,12260.81674077834
12600,12294.026930245582
12600,12533.672631306687
12950,12565.212113120815
13250,13164.705273329051
13350,13323.104437090089
13500,13331.867281508992
13600,13603.855328154928
13650,13414.30540101297
13700,13524.060231997355
13500,13220.35677178896
13300,13105.093839819237
12550,11592.58899490577
13900,13813.768898511207
14750,14481.067520347246
14900,14795.877447913488
14870,14804.12549235686
14720,14628.396460055541
14700,14599.436016602369
14250,14134.916382092748
14000,13841.362997011627
13750,13628.449067729827
13600,13451.969265612119
13350,13032.75939152298
13150,12699.1339597889
12570,11918.28028156874
11558,11131.807885644703
11340,11096.857543566413
11075,11093.957820977994
11037,11045.609502934822
11179,11200.905929397184
11796,11785.76886876276
12198,12198.600793701109
11739,11732.495141886302
11852,11836.822481012994
11564,11584.572784697251
10993,11029.536523903742
10622,10679.81341424099
12090,12129.414416467142
13457,13472.489172733214
13316,13326.873650587037
13870,13881.177663210738
13890,13898.90807080073
13980,13995.145197435118
13600,13631.281634197581
13300,13293.11282250569
12800,12794.641547511299
12600,12610.637213092148
12300,12316.509869906633
11950,11974.920163166622
11600,11638.721464781567
11400,11435.773456949064
11400,11434.030385736925
11650,11661.666893945338
11634,11635.821581748358
11931,11907.883129048212
12339,12316.80348029848
12430,12403.136115135676
12470,12502.388360355671
12850,12825.079367447452
12800,12806.474294008556
12250,12284.909613840606
11520,11578.182393354702
12636,12679.564180428839
14206,14230.2048185073
14398,14410.254174116159
14545,14559.448941837243
14396,14414.034502292647
14480,14514.34000776584
14150,14208.25012702589
13550,13568.538415960022
13250,13274.232044846642
12850,12873.837787071749
12700,12733.333963108103
12400,12440.466868636795
11800,11851.173093752763
11850,11895.090925269458
11700,11725.584250536464
12000,12000.049552940316
12400,12385.44521084437
12385,12379.72244296454
12680,12661.425000206436
12933,12895.099645548487
12842,12832.554066841229
13151,13145.196079820777
12750,12728.709253692166
12450,12334.296932156485
12030,11956.570488628055
13245,12955.770416135729
14450,14145.320092183218
14480,14133.524797648159
14485,14346.824270295583
14480,14306.357479284165
14250,14013.731917619589
14100,13959.947864328402
13650,13357.008418493286
13450,13230.634575137374
13300,12918.316351078476
13200,12854.567835151916
13000,12760.174579589522
12000,11619.213102128691
11950,11663.016996001103
11875,11671.437566054588
12350,11573.130861259146
12450,12171.595245818355
12775,12444.900067554865
13000,12459.520149274682
13300,13033.568601105217
13300,13115.057777714057
13600,13400.38349389848
13500,13371.99157379253
13060,13024.160285156293
12700,12416.354574072207
13650,13596.22091473468
14876,14741.716639368457
15000,14731.466628382193
15066,14936.237020691526
15060,14533.405439643258
15050,14712.531658832242
14700,14355.720755485501
13900,13954.735382650651
13700,13624.546265643407
13500,13293.511124622344
13400,13196.375321166175
13100,12870.019669194078
12750,12589.453485706334
12600,12499.427221663615
12600,12240.35142775676
13000,12812.358368629111
13100,12275.293775263597
13200,12702.792769084472
13500,13283.973199301246
13600,12743.48689592165
13650,13370.092462645616
13700,13291.623965778614
13600,12973.604511784548
13300,12802.415673691597
13300,12647.44608348627
14350,13882.295176760359
15000,14818.267327924059
15100,14816.630373063806
15200,14403.721631725522
15250,14387.742217231196
15150,14452.778809429972
14950,14788.747067159344
14500,14461.258107040145
14350,14109.475520154028
14100,13971.369105656504
13950,13860.054121073088
13700,13542.819563569672
13250,12891.485308673224
13100,12967.57633135804
13150,12892.268223458537
13450,13213.69803756269
13550,13259.409925851984
13700,13234.470527799236
14200,13997.433075918008
14200,13752.807148154192
14150,13694.877927231555
14200,13539.21167162888
14100,13761.1774916171
13800,13500.3654153762
13900,13736.319656365591
14600,14255.528382206083
15450,15196.49071771662
15550,15227.58275777152
15600,15614.003882798872
15500,15180.178931193033
15450,15377.013377295094
15200,15217.871170333437
14800,14606.10636313938
14500,14448.73393215199
14400,14349.952735683744
14300,14187.54727346057
14100,13987.059013977556
13850,13370.033075301428
13600,13410.508247771944
13600,13624.37822089297
13650,13538.156919965
13900,13466.223177253083
14150,13688.249646955635
14250,13690.231012702536
14200,13471.02699860135
14150,13426.61878755044
14200,13706.92312761289
14100,13481.811703096962
13800,13232.619498116523
13400,12946.832808939711
14500,14135.744333891438
15000,14628.844515023586
15100,14688.223743751005
15499,14944.112324789454
15530,15048.869295327117
15450,15156.020566061005
15150,14986.263541328906
14700,14565.737219890798
14500,14298.55921278034
14400,14001.16527076215
14200,13942.012058647128
14000,13436.713193183534
13500,13108.896170408476
12950,12302.037884443995
12600,11808.493007322284
12350,11452.294085512993
12200,11456.694848069357
12250,11806.89304852257
12491,11788.684498500463
12600,12508.50235774723
12325,11325.737013469381
12600,11831.827031746348
12500,11642.431195983947
11950,11663.406708245793
11250,10874.805331666532
12600,12425.543327932503
13580,13451.477326413553
13740,13598.435283222205
14344,14201.581615422268
14450,14206.458532232398
14600,14354.915720394243
14000,13910.524804867047
13600,13414.226957458599
13300,13147.99564959768
13000,12714.997544552294
12900,12546.69077752584
12100,11715.86706754896
11990,12010.551717105836
11900,11918.220589938397
12000,12006.361835419517
12175,12172.285650223119
12500,12061.498506324166
12800,11922.108458034349
13200,12431.725192339498
13340,12814.693744050666
13550,12879.764497664724
13530,13062.887354148535
13450,12834.456692271666
12600,12225.361220199899
13870,13660.601986884572
14950,14457.614345155527
15100,14807.467580587854
15300,15140.535744586785
15370,15145.730458647951
15600,15422.554570691584
14300,14084.997526018324
14500,14379.534205075826
14200,14081.270423005408
14100,14025.530734924185
13900,13794.216504186646
13700,13631.38516764189
13200,13198.626237145436
13100,12994.25961036054
13000,13015.190838189737
13200,13226.451005422174
13500,13509.28033287642
13700,13704.46547512229
14100,14092.49228043731
14250,14001.837154462673
14300,14022.622326088007
14400,14006.608870928936
14300,14068.241608865133
14100,14168.891723511708
13500,13455.03267174689
14800,14792.511089744181
15000,15040.101872609452
15100,15001.510987772177
15300,15167.813693403321
15250,15084.470870895679
15150,15212.470716744876
14750,14854.156620267146
14100,14125.484721361658
13900,13928.994420664185
13750,13748.835073089129
13600,13602.849329750996
13400,13437.207809704709
13000,12905.1880200193
12900,12827.689401080952
12950,12890.616543213137
13400,13295.586692679575
13500,13466.599479875415
13700,13471.09428374996
14200,14050.67374817136
14250,14183.950431121793
14050,13863.398670125625
14250,13672.355783871853
14000,13261.602964597216
13800,13229.992876682112
13600,13270.256279712059
14700,14368.138348906727
15450,15009.66880357052
15400,15203.315085721344
15550,15615.00295051649
15500,15397.291312755915
15300,15375.212975957202
14950,15052.513948069452
14600,14550.656673069025
14300,14319.900868574474
14000,13965.838403026875
13800,13634.31367874316
13600,13431.643934434445
13300,12965.044821323627
13200,12587.13913443301
13250,12780.528346397265
13350,12561.438466848042
13500,12907.086805701685
13700,13203.192331014212
14200,13453.845453480571
14300,13661.291340178566
14250,13331.05927967112
14350,13624.466167195216
14200,13474.858384744122
14000,13298.316752282137
13420,12989.455491068253
14570,14232.932428087159
15500,15028.586451907799
15280,14798.634625145296
15520,14932.02822348538
15500,14983.475789988304
15500,15506.689797263534
15350,15112.994717962338
14850,14569.3676818428
14500,14084.526855083845
14250,13839.644312550514
14100,14036.427327787154
13750,13619.459975676866
13400,13205.28067107806
13000,12791.127005269731
12800,12131.318666015828
13000,12587.755018585069
13200,12673.115740408408
13600,12708.137818419458
13900,13094.926891830291
14100,13441.304263577453
14050,13701.058404072943
14150,13659.548377247236
1400,13542.03717221268
13600,12832.1636410379
13100,12510.500142042849
14400,13833.97892232562
15300,14928.063042578371
15200,14994.852088131778
15420,15009.818474361324
15280,15010.740161555885
15250,14984.72035692782
14850,14541.495996844806
14200,13989.241828310336
14000,13999.919001956212
13800,13705.377723539605
13750,13418.856026633915
13550,13531.074835384163
12650,12420.163374104031
12500,12093.51736911479
12525,12101.169394927329
12800,12407.53834280845
13300,12360.509390591207
13650,13542.55618311192
13800,13035.13637082615
14000,13188.376925626468
14050,13049.661960483323
13900,13111.902741328959
13840,13493.254348413147
13530,13313.12040038357
12850,12743.608022203243
14389,14304.694425525358
15200,15109.162656296488
15160,14994.193667470292
15000,15064.683511296902
15150,15138.667041031476
15150,15114.654077789583
14600,14629.929132336045
14100,14076.61046573713
13900,13749.653640075732
13750,13673.345371289535
13250,13131.242539055958
13150,13138.375583551588
12300,12188.915929625353
12070,11990.215732724548
11679,11722.015236009098
11426,11370.761005963934
11611,11360.845112289777
11800,11184.409687480791
12118,11645.304951952574
12600,12151.148048943787
12215,11419.436036318368
12460,11744.224282437162
12225,11675.060760714161
11640,11178.046108505681
11159,10703.608028216313
12760,12493.663385449492
13800,13619.562051713694
13780,13490.488269906182
14300,14076.130246402412
14350,14020.997514588053
14390,14097.908334990876
14330,14162.288962299754
14000,13862.39085216221
13500,13258.770312223676
13170,12906.982015052743
12880,12695.13708915827
12740,12629.424321420342
12190,12023.850339212531
12200,11935.37761146477
12040,11929.996253679408
12200,12090.405993807868
12300,12161.949272113601
12320,11929.09586863959
12656,12605.643592662107
13158,12808.580411613995
13142,12902.070557527433
13463,13207.277827395248
13332,13051.482837019987
12935,12746.97363342277
12505,12460.56296488597
14165,14181.706017590339
14990,14997.375810533056
15000,14827.21203451565
15175,14971.164347398088
15200,14931.102827940518
15100,14975.603286479694
14900,14910.810388973114
14400,14403.095883360293
14100,14043.02112564786
13800,13649.691881419056
13400,13330.064095985299
13300,12860.721338090401
13200,12965.66253398343
13170,13055.780507564541
13180,13196.03661677242
13400,13438.040829780195
13650,13661.92205918713
13850,13883.965910357841
14150,14096.210105075794
14500,14433.118631638983
14490,14257.903096668959
14550,14321.580590629539
14450,14368.082702886251
14200,14040.25018145633
13700,13779.583236540206
15200,15269.464884781984
15350,15412.578465096733
15400,15462.291568867397
15700,15757.663303178953
15700,15764.725279565424
15650,15720.597573696195
15450,15558.08815573121
14700,14770.110048837618
14500,14579.8467769854
14350,14304.319510393976
14300,14324.725965149644
14000,14091.45739916791
13700,13727.30029292964
13500,13586.99186953952
13550,13608.568482920764
13900,13939.076008129377
14300,14322.823026267422
14550,14561.715351162937
14750,14649.312261193612
14500,14532.99677796974
14670,14721.298995127974
14150,14219.868566896756
13850,13462.394099401849
13400,13192.99230488918
14950,14923.156847394737
15100,15006.687804169775
15000,14982.504478716117
15220,15293.743942697769
14900,14980.46310926438
14850,14927.030240763612
14800,14735.320773822634
14400,14420.938391644597
14200,13884.653354948088
14100,13485.43142793051
14000,13251.891416846032
13900,13014.73352474506
13500,12722.905142435779
13300,12587.108348151047
13450,12602.958927197575
13550,12627.861580420496
13900,12938.013529542342
13500,13480.144223545034
13300,12369.379821910668
12400,12410.335743628806
11970,11027.078229657553
11814,10824.384385598927
11870,10915.749974920394
11248,10303.954253958127
11299,10388.142293851386
13291,12358.683218174261
13970,13056.793121729152
13950,12996.142953141662
14050,13105.273384992404
13900,12923.894226796416
13800,13097.912454006197
13800,12905.770741907956
13450,12679.592057970625
12650,11811.54700658915
12350,11652.15121697445
12250,11348.819716316259
12000,11305.533538524378
11500,10847.025448816432
11430,10542.276609943967
11500,10760.467977089958
11768,10948.086861361295
11950,11565.610236937246
12130,11363.698752776729
12350,11608.922656143875
12580,11976.19526950489
12590,11764.085586035122
13000,12103.164493594653
12800,12194.928956006988
12300,11722.323746849288
11900,11500.40007964816
13850,13436.821394569555
14500,14239.400003905535
14600,14031.515128251507
14550,14123.27750066205
14500,14023.326637396069
14350,13729.503581013349
14150,13242.516592125594
13700,13233.795015784955
13100,13062.123170141116
13100,12614.474003679352
12800,12486.456158717614
12500,12123.340973565671
11800,11232.395122675185
11700,10792.852985012534
11670,10950.112155642188
11850,10940.394636400368
12200,11480.432874886852
12600,11778.40688733528
12900,12883.679880380205
13000,12163.14380609632
13025,12365.646872957386
13100,12364.5317243649
13000,12638.76502735303
12417,12015.299636687323
11912,11583.810278801702
13950,13916.090440479216
14670,14491.032453679309
14573,14280.85620109316
14842,14177.747734089395
14550,14060.37259877232
14500,13916.475310554593
14200,13310.918525942605
13600,12801.283448187336
13400,12538.117927667554
13200,12755.91779150442
13000,12629.899102127521
12800,11922.075514036336
12050,11183.646659115126
11550,10582.74294137434
11300,10723.787023025669
11100,10471.994012891224
10907,10239.085788359827
11110,10482.215019565725
11689,10912.4195965539
12220,11532.738757758243
11350,10526.477281002677
10920,10197.845545243643
10388,9915.938428864092
10267,9748.930298697824
10230,9633.341829494428
12344,11993.959178346568
13083,12679.192488908251
13044,12665.605972750689
13395,13153.031380611963
13501,13362.039812323303
13650,13411.016405442217
13461,12993.305116572534
13000,12566.693666520407
12730,12299.563673997822
12320,12138.032027790385
12130,11785.733208129104
11900,11629.563293719551
11380,10951.764234424816
11130,10868.019722826688
11132,10925.046546567613
11720,11072.464792545332
11930,10918.36095908242
12200,11240.371589071405
12650,11725.33453837227
12800,11901.819420526412
12600,11646.219381118568
12720,11847.042039528018
12450,11689.312751703941
11970,11301.228912661263
11653,10755.784687843014
13524,12841.118289373971
14207,13649.50269771975
14171,13402.441952629779
14217,13452.833702930398
14100,13408.672057510083
14000,13594.81827716096
13650,13510.69471597626
13200,12743.013993786884
13000,12035.425478632393
12400,11915.209295144776
12000,10999.942752631805
11520,11306.70290734449
11250,11253.336329982021
11050,11056.165750396283
11150,10403.668781941538
11300,10546.333458597084
11340,10583.575013777194
11520,10959.693002851782
11850,11300.280016688837
12160,11641.323133547161
11960,11035.767333081232
12050,11145.358305664558
11875,10992.682325087328
11800,11031.770745159822
11590,10717.579337305653
13125,12304.171797349336
13600,12766.002412099575
13500,12628.420860924894
13640,13081.076552773698
13572,12708.505115535763
13600,12675.295854197602
13250,12476.164587837015
12450,12449.167042419082
12000,12007.06109843836
11700,11140.30233492027
11200,10516.212763751713
10700,9952.792388371927
10177,9406.14866442699
10335,9631.211313034184
10491,9806.727212164531
10750,10142.738222316551
11087,10705.516701845987
11200,10642.846307072643
11550,10604.614175737806
11600,10612.64535052939
11148,10201.699384349035
11294,10355.682411541817
11063,10234.233521430488
11070,10763.7065809526
10820,10613.211264042637
12461,12203.579588423694
12669,12467.577996347396
12711,11688.112933912853
12729,11778.603278213588
12469,12031.380532550047
12173,11468.341921262145
11915,11666.650508511619
11378,10737.53101224138
10981,10758.781336682143
10679,10571.855947722408
10461,10397.786414743565
10186,9994.285324578153
9643,9563.811948942843
9525,9379.654711826362
9714,8935.96650879718
10024,9111.985485593465
10410,10092.905910065294
10634,10336.249943158482
10921,10659.497559512227
11301,11144.173402472474
11341,11014.871476567943
11496,11113.766102777525
11158,10681.048456294753
10862,10607.915120050757
10590,10434.184456418601
12491,12252.525956772159
13253,13032.461942406335
12963,12772.989378584058
12846,12765.435624071637
12787,12577.569141258267
12717,12376.763783995599
12634,12132.823222787712
12001,11590.485914706791
11500,11135.682770675648
11400,11039.856841178887
10990,10646.336310018578
10616,10418.31647951689
10366,10247.617085692911
10285,10027.080382089502
10552,10408.8859879745
11080,10875.828983259344
11549,11464.176915421747
11975,11915.804036717807
12258,11860.260822752034
12600,12332.556479854928
12650,12226.826539323934
12800,12493.38642464832
12550,12530.469623078383
12000,12008.801982444646
11650,11640.576046872357
13400,13235.910656429869
13900,13764.337636532266
13680,13506.00260129335
13776,13642.656312679306
13730,13637.802215585132
13650,13529.096792738099
13300,13172.117053875145
12041,12508.18824722502
12550,12348.284032205858
12350,12219.643883990459
11850,11654.49325916062
11730,11303.264021851388
11250,11075.26535140281
11150,11006.742101076956
11075,10985.231101289732
11425,11389.797278963444
11800,11781.4040174449
12085,12035.794569381544
12500,12450.105365449763
12650,12611.434842900486
12700,12589.560364230982
12880,12816.391460867286
12560,12543.824455001968
12100,12050.594001625881
11720,11647.089283813839
13410,13388.318624602394
14047,14049.39742102885
13999,14000.195733116892
14026,13963.22539999646
13810,13582.307240446647
13650,13401.363622622792
13220,13142.725355172719
12850,12753.675764788979
12700,12604.664740099992
12550,12465.831419641141
12250,12265.360578087228
12150,12101.799942424777
11350,11312.969497268701
11000,10967.257225118341
10925,10853.622468178162
10650,10439.452562942071
10698,10700.031540083306
10939,10918.203073276232
11396,11358.134221140866
11773,11714.36529059097
1182,10992.29315018569
11248,11036.069930067635
10672,10428.925660386209
10465,10247.863225630383
10107,9925.791518310154
12491,12114.729956539508
13205,12844.262948671381
13095,12727.126494814856
13333,13205.364932951317
13396,13305.337214264371
13510,13357.100626474661
12402,12769.53650500979
12750,12459.819618910507
12500,12241.517995574788
12260,12147.471103949054
12050,11978.589527319557
12000,12000.12354790308
11300,11308.603912048438
11100,11036.40620734161
11000,10971.187544675791
11300,11158.046058911103
11500,11352.85291466792
11900,11871.364939723207
12200,12113.422655806526
12300,12324.281316330455
12325,12190.449144897739
12300,11922.13836268978
12050,11905.67491213135
11640,11516.603845814596
11485,11287.018611702799
13385,13166.536447648798
13889,13727.402562450025
13910,13713.720165092687
13835,13539.552595104034
13695,13334.843912020839
13370,13162.765677834479
13130,13009.138113376448
12520,12108.262282422249
12140,11798.44062816849
12060,11966.089020803269
11420,11301.858543948667
11240,10790.601643094973
10850,10409.745092404053
10750,10629.864295820644
10690,10348.222980703931
10900,10687.151617260664
11100,11047.49232975144
11270,11270.154678695504
11660,11655.29104706549
11671,11650.736438591724
11639,11343.82407001378
11952,11618.671453309442
11837,11628.609779346949
11370,11115.799081065732
11228,11051.236407566466
12826,12597.005073788874
13665,13420.227798806649
13618,13336.060898326534
13365,13193.09511842173
13202,13037.382723341938
13075,12987.05242119309
12850,12740.33747607245
12275,12154.21800557106
11900,11716.106349017004
11650,11514.756990689952
11475,11142.401987968908
11240,11000.940557497028
10700,10487.654702067808
10800,10627.410819197234
10790,10636.661898186536
11235,10856.471184689719
11600,11494.186357876944
12140,11864.317283232062
12550,12482.835756661232
12600,12443.067813027557
12500,12297.449021273173
12850,12621.410776688626
12550,12524.216059724662
12280,12130.689910045505
11880,11843.946554057158
13740,13652.402295475784
14200,14103.068018631915
14090,14094.35334234653
14100,14110.239816297022
1400,13997.74840284015
13950,14029.748146847418
13800,13831.493864080257
13400,13382.198544219194
12900,12887.688101056734
12600,12596.743850974766
12400,12405.797784208331
12250,12263.008259622924
11550,11573.716962432245
10927,10770.485937878133
10875,10870.67276014284
10791,10785.373026092238
10906,10877.111309450058
11189,11140.441232745441
11476,11425.659344619009
11896,11844.431426430921
11841,11782.757986169538
11701,11667.540390509885
11502,11428.859999850749
11222,11235.634759213306
10907,10923.177259808206
12981,12979.095268321791
13455,13270.045567306313
13398,13312.267525531119
13904,13987.49999162513
13850,13850.48736483284
13800,13805.465778397647
13780,13799.137318794827
13000,12968.524408050245
12570,12549.838635778804
12400,12391.243247706334
12000,11998.454262009322
11900,11905.582892705948
11630,11643.2605800678
11520,11535.86792307241
11665,11665.615213365956
12030,12007.101251184195
12450,12418.38920204229
12650,12601.969865601986
13000,12913.663397656652
13100,13054.50657592569
13050,12884.069448448812
13200,13042.804186599908
12850,12714.625945300388
12650,12491.915894495305
12450,12417.878120906615
14230,14192.501345637953
14650,14571.065109371055
14650,14532.268104354029
14750,14705.90160849921
14600,14498.17935781155
14600,14616.227027964316
13650,13727.506809553912
13350,13376.503531431717
13250,13282.775082514949
12950,12992.314179656896
12800,12846.864391130188
12600,12649.320042958476
12250,12169.050500553249
12000,11982.210883131796
12200,12241.997905873108
12450,12333.575262483984
12600,12320.735479116978
13000,12729.92319225865
13400,13229.476454911972
13600,13443.591785915767
13500,13070.877604639994
13650,13190.523198120332
13350,12796.098407579386
13050,12199.82814093947
12900,12373.937182561724
14350,13715.887752959934
14600,14020.425938400705
14700,14148.143298640303
14850,14166.733201716665
14800,14333.217566691183
14650,14095.535026241916
14500,13763.82316070476
14050,13234.424561254802
13750,13177.549666177134
13650,13048.03279290607
13350,12784.569443475928
13050,12323.851147902224
12500,11949.693157577336
11600,10927.002689662291
11550,10924.436697281613
11100,10315.076247637913
11050,10478.736791087113
11000,10275.913126503458
11453,11009.962171042796
11864,11252.025963533155
11734,11255.589108622904
11970,11313.050821771016
11903,11285.186328999625
11420,10792.726163377434
10740,9962.81887903749
12825,12374.335681785164
13650,13179.458857879757
13750,13408.139346493319
13957,13549.28463122464
14100,13488.606800590125
14150,13543.1770345775
13775,12960.638468104546
13500,12999.450430303736
13300,13002.757310342471
13150,12791.486307282505
13000,12474.237468172527
12800,12521.073670406138
12400,11965.384755909892
12050,11755.262549087922
11850,11079.737778201372
12050,11489.631053639067
11993,11291.201939956998
12112,11590.927921332554
12365,11943.99249137643
12515,12241.289869696204
12650,12253.074942899471
12800,12378.568693140485
12600,12085.513400756161
12500,11734.081994502889
12224,12071.368397841441
14100,13911.585724052293
14500,14338.544502678827
14430,14056.773256576975
14700,14671.087121406694
14450,14318.18362076872
14400,14356.734801124876
14200,14184.10074516731
13900,13808.361201565995
13800,13708.102218750486
13700,13648.991029020992
13600,13618.815830156345
13400,13283.500033800228
13100,13023.665613213238
12800,12717.887575429046
12900,12941.622010208688
13050,13079.493728258409
13200,13185.275049955148
13550,13529.987860031866
13600,13575.651431225495
13950,13800.147355811965
13850,13706.855171700377
14000,13855.742070789564
13800,13673.34199223227
13450,13399.055221043476
13000,13061.126599783998
14750,14807.96103544972
14900,14948.022656351863
14900,14945.099769259505
15200,15247.56519485077
15000,15053.408454658445
14800,14875.504708974127
14400,14497.55101305987
14000,14051.98178769421
13800,13854.41023843583
13700,13758.80486494653
13600,13661.046847152244
13500,13563.0981566634
13000,13061.535567684412
12900,12963.135857949008
12850,12913.363405594315
13100,13124.388379086744
13350,13361.083297864207
13100,13097.62639179659
13150,13149.803278119038
13600,13614.2363731759
13550,13527.07046724148
13750,13792.859855981585
13650,13713.381910562908
13550,13619.582351413394
13150,13209.345436580235
14850,14908.020088466863
15250,15302.991244236702
15200,15245.257932201686
15360,15407.419321373924
15200,15251.765065496842
15100,15182.880504910609
14800,14897.207901121761
14200,14046.180929321392
13950,13835.7687876551
13800,13589.616709967204
13700,13426.299702363538
13500,13397.714218628644
13250,13222.835559894922
13000,12959.297803965519
13100,13152.940905220545
13200,13246.277076366914
13250,13284.821758849
13300,13274.841560966539
13380,13150.330006893084
13450,13301.319140454467
13500,13491.200377458648
13150,13156.909067933571
13050,13034.430649955508
12650,12616.174264181478
12250,12184.032171600064
14500,14517.392510538888
14450,14488.923608068017
14300,14302.221942696906
14513,14519.523213855533
14300,14069.542129211008
14150,13890.640332066741
14050,13873.173734200009
13350,13363.738795556103
13150,13133.09458677162
12700,12725.504714815681
12450,12480.905582734544
12000,11966.329579743875
11500,11340.791934749548
11300,11244.25596326618
11048,11218.209351335789
11650,11508.48255393003
11750,11661.526053080148
12140,12097.527107604066
12600,12424.71684909608
12730,12287.210662238176
12638,12313.19801794683
12701,12535.88982239641
12600,12405.956363974827
12320,12188.552654635392
11811,11680.161353790241
13830,13751.638801116836
14180,14088.045681170452
14180,14083.92945305867
14194,14035.591441858443
13900,13815.725202267677
13875,13764.93140373506
13600,13574.88091418286
13050,12834.902773927915
12750,12576.88369857263
12425,12263.402127047262
12300,12148.14351788818
12050,11665.856279381405
11650,11413.94440156921
11460,11261.220209197862
11500,11388.035144858044
11650,11427.421005989398
11800,11815.64724367376
12232,12092.363584275648
12731,12442.861693161227
12868,12576.621573676079
12510,12257.730946263746
12412,12296.07514216753
12198,12205.810767571937
12000,11789.644263092727
11848,11674.594250816222
13945,13823.16466204701
14215,14147.372546604416
14225,14122.313283334584
13995,13763.87803529053
13665,13372.586128807541
13610,13156.032626002463
13360,12924.809564153165
12830,12682.258027061715
12450,12207.679996341583
12050,11716.439381456938
11750,11354.117057865244
11350,11200.210668126052
10750,10510.009112669779
10257,10054.302005196245
10188,10145.611324469679
9846,9772.155914113682
9794,9503.53732059325
9912,9895.036179833458
10484,10471.96099651423
11044,10802.877673652096
10376,10071.664246967173
10186,9857.857449151083
9642,9120.058894363963
9580,8972.977677934367
9705,8916.991756966654
11768,11021.92168251357
12247,11823.142139580665
12098,11705.425838967341
12278,11990.87662930618
12262,11871.144298815634
12230,11941.824390862415
12131,11850.0420865888
11651,11229.304873454086
11286,11077.326643882076
10978,10814.763088114181
10566,10112.679323421009
10283,9933.800928562338
9880,9715.13721983497
9748,9553.743353070091
9901,9770.57099987348
10150,10120.366122578262
10059,9956.282946895673
10444,10261.966592992605
10904,10643.338393762828
11303,11277.688816759994
11377,11357.687539394537
11496,11424.555295400914
11310,11152.255297215075
11037,10784.821954920233
11093,10903.433407186363
13284,13177.758475618204
13560,13545.2800473641
13450,13435.337819654722
13500,13458.773443650374
13287,13217.872183135654
13280,13184.201730953453
13000,12915.258296582899
12450,12215.00741710595
12000,11571.942274346648
11680,11163.58634439077
11240,10939.821809440251
11100,10807.465244580793
10775,10494.996930721914
10650,10612.817346797878
10550,10405.870728315902
10930,10913.795998218342
11483,11209.00500238514
11738,11167.170073938996
12365,11696.028568636095
12614,12273.950171823775
12501,12431.976031418995
12715,12703.153269231385
12505,12408.270366041423
12086,12104.453989602036
11756,11778.079211017943
14300,14272.457043315908
14350,14343.766253897778
14340,14266.070266192595
13875,13813.29021076385
14163,14103.812003243445
14000,13881.308189829324
13700,13432.76088132706
13150,12847.326976668737
12800,12642.948042025819
12700,12655.86263078992
12150,12106.565518146374
11900,11726.926500126772
11550,11455.52124835588
11240,11216.39040265697
11470,11499.979713959543
11470,11488.851324734951
11850,11849.78040471241
12450,12445.963982447836
12600,12596.821629375005
12900,12853.882244479772
13000,12761.141251987363
13100,13081.797029806708
12800,12789.446308056555
12750,12785.903669704017
12177,12209.931173004768
14200,14191.649802689873
14490,14500.738277957167
14550,14564.00831108267
14540,14522.890427985
14400,14422.431043972072
14400,14435.575975873257
14100,14165.575857163252
13650,13631.466661856572
13400,13420.083622950628
13300,13329.764329156584
13000,13031.05884576289
12600,12631.151668270122
12100,12144.375841944744
12050,12089.883741561718
11950,11973.175343986266
12330,12344.99045604641
12700,12684.987578479268
13020,12982.519734045814
13382,13342.26057006629
13800,13755.124672590217
13550,13482.179803217881
13600,13557.670643999703
13530,13503.17347070694
13150,13120.971265507627
12650,12694.887661927718
14600,14642.372924675532
14800,14837.457652477424
14850,14885.367135528162
15000,15029.432585621144
14800,14832.057321480068
14700,14755.32648648812
14500,14576.012877479367
14300,14330.498034549006
14000,14030.576958694393
13700,13731.103056197795
13500,13537.367525170761
13300,13340.133731801614
12850,12898.784086844465
12500,12541.992811854165
12480,12502.925829280797
12780,12786.827143811926
13000,12988.950272782018
13270,13235.659322929754
13490,13407.583693570738
13700,13622.967034586953
13700,13477.003930533312
14000,13899.006854628382
13750,13599.232274247788
13300,13317.409768330399
13100,13152.051071396836
14900,14952.727830416588
14900,14935.698188014398
15000,15030.79626756045
15300,15336.273809170001
15250,15291.783058668545
15200,15259.92963793077
14800,14887.77104006585
14300,14340.19037199102
14000,14043.710939355802
13800,13844.749884570032
13600,13646.49326956274
13500,13546.470889822202
12800,12852.533752665357
12500,12543.956398485478
12750,12761.324079680388
12900,12889.58650530873
13000,12980.55864794625
13650,13643.895237043394
13800,13583.03432894621
13700,13299.02639698163
13550,13283.325003579295
13600,13595.13815018216
13400,13410.644055291923
13400,13457.463720575757
13300,13362.805160544423
14850,14905.70851182202
14950,14960.59085216288
15000,15001.126685805826
15300,15299.279230935117
15250,15190.974397645688
15100,15016.226108177932
14850,14867.787300616383
14300,14026.643585007561
14000,13904.601964267313
13800,13714.594270532463
13700,13683.924632996555
13450,13510.090259031993
12900,12870.413250831938
12650,12720.567057414206
12500,12556.034013464941
12600,12626.02751229053
12200,12203.148996137948
12100,12062.670694831699
12500,12466.009769182143
12830,12699.42052481811
11950,11738.251929189108
12130,11893.428117301957
11830,11786.36816689857
11490,11502.456702920303
11280,11331.884947508806
13670,13701.44640430946
13970,13984.94847328819
14200,14206.693760797738
14380,14385.319210812295
14450,14454.888941230769
14400,14416.002882732084
13800,13859.357097747816
13650,13644.779431736184
13350,13524.767687078951
13350,13379.56009709758
13300,13333.436519361487
13100,13134.07402933708
12600,12634.622832885903
12000,12024.801603645828
12100,12108.197362273586
12150,12142.73891620363
12300,12280.983995906487
12396,12350.482349792564
12764,12738.508224344678
13242,13227.938140012962
13288,13247.816562375669
13305,13311.031038938287
13400,13427.713762638488
13150,13187.137432682317
12900,12944.379727476953
14600,14636.98292321627
14850,14876.221578733694
14890,14912.423239758074
15100,15124.619752738254
14800,14830.102178551999
14700,14712.870189859263
13450,13468.469727876434
13000,12898.885946684783
12350,12376.216700803372
11050,11086.722765356328
10900,10943.263898910933
10450,10500.823875994116
10470,10530.831546604506
10670,10698.401661622454
11250,11255.454543174275
12070,11938.567182801002
12544,12458.392708574014
13295,13227.763745473854
13530,13419.739674433153
13600,13399.956590192167
13800,13699.470880398387
13500,13398.940523106348
13200,13217.194664620973
12900,12946.00438314449
14700,14737.267814795698
14850,14873.920766865198
14950,14970.22469074008
15100,15116.60621593173
15150,14936.765795956704
14067,14673.174206999527
14200,13643.905135727982
14200,14190.015760146223
13700,13646.791425923297
13400,13367.039780313782
13100,13108.461704301613
12700,12718.721259665193
12000,12070.489713413222
11750,11811.915627927257
11550,11592.450919403815
11800,11814.193392362013
12300,12301.119720204992
12760,12725.943569522915
13230,13183.029345309427
13400,13369.396988574295
13600,13473.844499030869
13700,13704.66542418777
13700,13679.509433573585
13250,13300.157220367488
13100,13156.7122308648
14600,14645.875570657921
15200,15240.124667390555
15150,15187.160979112552
15100,15155.335671739595
15000,15060.72994945242
14800,14875.5097097894
14400,14254.48842991602
14000,13831.452146302297
13800,13770.199421025949
13700,13506.25278972309
13500,13515.359182544536
13300,13351.563504628582
12600,12656.466798243284
12500,12550.520843454458
12600,12629.3036056665
12900,12909.372847743127
13000,12984.370322300914
13550,13511.366041724528
13900,13856.566350448751
14100,14046.677398350992
14000,13858.35062742902
14150,14080.204084943354
13850,13793.274996917437
13400,13459.176863148845
13100,13169.180934541895
14950,15012.50755079072
15250,15302.338223135586
15150,15132.110209594826
15350,15302.350680730913
15200,14753.081780290326
14900,14908.230081124082
14400,14364.759004049705
13900,13919.854984236748
13850,13736.096052171071
13800,13728.022340221103
13700,13666.421693968923
13400,13340.995214912344
13000,12980.03080543028
12700,12634.551290183432
12600,12276.3429391174
12750,12650.294301340466
12800,12501.57855613906
13000,12376.171603217252
13400,12970.985582497458
13500,12788.937611517531
13550,13223.86817010684
13600,13581.641747180827
13400,13237.33415167041
13000,12650.472209176078
12700,12418.284892852738
14300,13913.77437891201
14400,14070.707006918747
14600,14433.417226043126
14700,14259.825473902856
14650,14314.840717075967
14600,14310.560069475534
14450,14400.440277646645
13800,13601.51016089576
13600,13302.996256089722
13500,13244.242491166671
13300,13014.267851342665
13100,12544.29940680243
12750,12810.48628353408
12200,12247.300705720041
12000,12039.876448104138
12200,12223.73219839749
12600,11861.120919021698
12750,12041.798881087157
13200,12358.88974732286
13300,12486.165694847548
13500,12665.631060543818
13600,12852.656464242442
13400,12850.014163913766
13000,12745.103750071614
12550,12226.896059535906
14000,13575.131757187875
14300,14006.01978820948
14350,14016.599867205503
14500,13882.729181703453
14500,13854.80935007376
14450,13883.172727004028
14150,13881.71684463974
13500,13116.903405676292
13300,12952.689381685497
13100,12759.742303090976
12800,12565.464881333595
12500,11618.069688822266
11700,11370.11189246301
11060,10942.520859127339
10570,10618.11293039492
10296,10336.513729204504
10335,9949.516276980274
10430,10365.327361880212
10585,10565.656413583562
11191,11173.426030446724
10753,10736.23882144581
10764,10624.700452340421
10423,10296.990935874994
10372,10201.342167889814
10312,10309.979644960611
12667,12638.222963868946
13009,12860.985463088327
12987,12764.554779751343
13300,13146.966981919544
13280,13092.652772763176
13280,13099.409274585825
13180,13117.26681747709
12600,12494.147380735649
12200,12029.469698160143
11900,11874.398128659883
11600,11583.15780103701
11500,11490.980556661449
11200,11252.329062225082
10950,10955.22851544309
10958,10954.14811414501
11150,11130.479223817076
11400,11362.073819905105
11690,11639.147589271666
12035,11969.886229956213
12210,12156.283959400389
12420,12251.151347809162
12700,12539.861154299206
12600,12458.051819503366
12400,12361.165978448693
12280,12203.190665864558
14650,14601.756395737018
14700,14604.409835570626
14800,14802.029529649677
15000,15003.002429250773
14800,14816.567279701525
14700,14731.850583021736
14300,14355.674173639829
13800,13809.866245597543
13500,13523.063810697397
13300,13329.149980368336
13200,13233.04616663294
13000,13034.678080664817
12300,12342.28005836803
12200,12239.979161205412
12150,12175.0169904369
12450,12450.188222385892
12920,12915.819553193945
13070,13028.305077344996
13350,13296.05078649595
13550,13473.718257648363
13700,13726.952585812873
13650,13693.435295938903
13150,13200.276656158054
13000,13071.618339315237
14950,14992.328507197952
15150,15183.983352706284
15250,15281.255717924421
15370,15369.88043621133
15200,15242.983333830474
15000,15048.048392721903
14800,14867.20513121798
14500,14500.591967140044
14100,14141.109602839551
13800,13780.420573979747
13700,13652.435509105972
13500,13555.175471216677
13100,13162.57280354813
12400,12383.552094421248
12600,12627.962251633631
12800,12806.229541783134
13100,13105.953204391888
13400,13378.203053652087
13500,13480.3211428629
13800,13777.028959829546
13750,13674.702894069622
13700,13503.458380012635
13400,13340.686514018831
13200,13265.098860333132
13050,13111.078603809301
15000,15045.590865946735
15100,15136.343545918255
15175,15208.078127667155
15100,15142.265142032105
15000,15047.712213855772
14930,14988.949033149835
14650,14552.052931937818
14200,14219.211126783695
13950,13973.492110629402
13550,13584.755747372436
13200,13235.683344985642
13050,13093.667647664428
12900,12960.53416050219
12400,12459.894594356736
12300,12313.320000077996
12450,12294.71611585329
12850,12698.033143723196
13100,13024.374128475683
13435,13282.133835520484
13425,13403.137796547908
13200,12916.423361820533
13600,13225.978950877325
13300,12961.127999311491
13000,12948.90610288518
12700,12517.2750985403
14600,14578.434138569683
14650,14580.08903755403
14700,14491.005141891223
14800,14490.507236866026
14770,14223.440712444113
14750,14627.542063589026
14450,14203.958565553594
13800,13474.273866765761
13450,12960.215652246534
13150,12602.621152739473
12900,12560.57315804642
12600,11852.605524373303
12050,11316.58575557371
11750,11013.632929495918
11750,10966.420383351473
11900,11131.338780914812
12300,11354.644415828661
12540,11633.092731112665
12780,12042.611404002111
13030,12336.524414495743
13100,12495.751674584873
13350,12616.189957028791
13150,12166.978561865983
12600,11819.625347316265
12350,11778.881170086948
14600,14009.671074231359
14750,14179.889601932777
14800,13821.858246443684
14830,13961.590282148325
14650,13782.14605524062
14600,14150.671279907812
14200,13528.42360702286
13900,13416.7626245904
13550,12906.585652053302
13200,12431.031584343862
12900,12207.67178064452
12500,11952.006069836363
12000,11631.357288658566
11875,11331.39163547098
11725,11281.8780370399
11850,11196.459878863754
11852,11584.771328488987
12347,11747.198879929705
12610,12032.551758813383
12985,12550.348165045998
12830,12410.547775185263
12930,12398.901983214226
12900,12668.390342571744
12500,12500.775983027435
12300,12293.605638814299
14450,14099.073936157758
14350,13884.777608233646
14450,14016.28156920797
14350,13921.228213636263
14370,14045.912407691016
14450,14373.38213516691
14250,13983.678100525249
13750,13331.413710545596
13400,13260.419491456842
13100,12798.366104129896
12800,12427.388124665003
12450,12298.765459665134
11480,11742.74341366123
11250,11080.917230191493
10950,10888.605030330029
10800,10722.97726341139
10700,10552.68695227036
10927,10853.521327115439
11455,11325.134307246357
12112,11835.39705524256
11825,11568.730382016938
12026,11789.408417388217
11635,11429.491963465407
11350,11238.710034378044
11050,11078.976161652288
13650,13626.834182282464
13900,13791.002855219976
13850,13841.543597832524
14050,14042.712318682594
14150,14110.639213877788
14250,14247.797633455888
14150,14163.354409363646
13650,13491.339806371016
13250,13233.459415617153
13000,12993.476399214895
12700,12532.799293310192
12500,12513.049260145417
11950,11976.430130019884
11950,11965.155470573583
11850,11839.408991082588
11800,11772.155895733125
11900,11859.031779266898
12002,11968.90195580684
12675,12608.767761070412
12800,12746.488136740882
12975,12825.679718462827
13225,13161.26165266427
13275,13218.367376748476
13075,13048.625148409905
12900,12941.641430764555
14850,14881.165540649505
15050,15071.203640094056
15100,15118.053911097795
15350,15372.500073381078
15300,15329.476481081503
15300,15344.780845939757
14900,14977.71367051336
14500,14531.53795505055
14350,14383.462482879142
14050,14091.30835306089
13900,13944.61642388026
13750,13798.998797878841
13350,13407.707253703942
12900,12938.44029539392
12950,12966.158656982843
13100,13089.888780281159
13500,13475.729376568866
13700,13656.102544452639
13950,13902.564924563247
14000,13963.058360548192
13850,13857.072286330362
14000,13950.490668361123
14000,14004.912476929025
14000,14066.7524107483
13750,13647.13994630082
14900,14895.367728222645
14780,14809.169367017075
14600,14647.10394325012
13500,13522.18924467954
13550,13612.618907076027
13950,13805.181305219501
14050,13569.757934718693
13800,13208.66466813389
13350,13222.680620917014
12950,12981.891467439022
12700,12737.666767369123
12600,12642.395155959359
12100,12151.44399258268
11850,11765.34455879215
11800,11795.861917038801
12000,11769.699568876536
12200,12056.177661954125
12800,12533.115637922107
13080,12557.514471814873
13150,12389.69931182844
13100,12540.751692083617
13150,12645.606552045821
13100,12468.929725592581
12800,12528.93432296222
12700,12605.690753525689
14450,14302.004984963352
14650,14492.049216283503
14500,7810.648387640483
14270,14196.596409686415
14180,14040.778939078456
14100,14070.334769725185
13600,13617.558998182678
13220,13188.935634889007
12900,12604.250786187496
12550,12059.73882457836
12250,12004.732104064664
12010,11771.098785988335
11400,11069.683036497041
11100,10598.369239726853
11100,10370.93634179636
11300,10589.944501519949
11530,10594.77370062556
12170,11146.904430072947
12630,11917.431410131408
12625,11664.966132907732
12380,11439.656197368284
12470,11708.991229851821
12320,11371.87163234851
11840,11429.113329799973
12230,11652.364922235007
13500,12877.43365952239
13700,12966.150998317484
13890,13252.413553712755
13715,13214.293417599743
13460,12653.153378638464
13400,6578.272920078423
13100,12166.6163744496
12750,11953.036374913685
12420,11457.421530000098
11950,11136.339869932879
11600,10887.944461464122
11490,11065.0501457453
11000,10623.452810257066
10875,10290.245263125753
10800,10532.818014804743
10935,10240.612281744365
11185,10770.402573229449
11585,10646.384100466888
11865,11125.058590772183
12148,11378.251938450912
11660,11113.595934036617
11363,10959.384126677822
11187,10225.762156088607
11226,10717.142590153242
11927,11570.091476012989
13250,12979.11971009904
13190,12807.823218743597
13120,12604.302682481404
13070,12732.132650259162
12930,12595.226729530985
12740,12474.158845276326
12550,12328.046305505552
12140,11732.530678817022
11790,11425.325563957509
11450,10996.77831348014
11380,10966.753279752385
11100,10590.220085101908
10770,10340.739372526503
10570,10311.294852935038
10640,10404.387523836638
11130,10516.582993278105
11290,10641.107692131034
11429,10860.861004159528
11696,11266.785574515798
12010,11514.992713869935
11556,10671.522372355612
10700,10267.486292793794
10745,10566.572388245793
10724,10679.310436600565
11415,11121.080335846887
12833,12251.194506234546
12861,12613.091364046537
12834,12550.758541179683
12698,12251.563427523044
12504,12335.886866411733
12350,12018.648953825475
12060,11739.597072622393
11780,11611.079949020797
11445,11146.75625748645
11020,10630.167938881
10810,10325.013248431871
10601,10326.090995890867
10083,9924.922574784814
9838,9712.621858317858
9824,9476.958728121212
9737,9273.80242687638
9725,9428.623309041743
9790,9472.72125923213
10398,10032.406333988662
10900,10430.776348379175
10130,9864.84505759752
9940,9442.19607680291
9471,9359.017451465736
9397,9183.36872984848
10250,10155.86697718999
11917,11766.800884611432
12037,11910.217394985888
11962,11766.289587498184
12183,12161.078140333315
12234,12213.468946078661
12095,12008.837935746797
12085,11939.926186883766
11689,11572.624642905972
11257,11219.051032254487
10923,10795.194040661656
10616,10599.767657540357
10519,10475.717063366614
10164,10065.728255684386
9974,9808.349607015241
9950,9941.314375750497
10154,10139.388347817356
10478,10432.777021714868
10699,10546.763433332004
10686,10457.89157731726
10809,10591.211576764024
10681,10447.911110273431
10767,10673.291508565742
10603,10587.440788061605
10664,10686.424904177744
11515,11526.27746250041
12990,12985.68777623414
13240,13226.6143909193
13195,13179.752106731648
12973,12965.122852509183
12802,12800.51923048083
12676,12680.580152753417
12457,12473.297935904831
12084,12049.962217954568
11780,11754.31629354466
11279,11382.437207186918
11065,11062.49487127295
10733,10735.938481511934
10410,10425.30722235264
10278,10293.935439923605
10508,10509.440380061376
10910,10895.089242214646
11285,11261.809973558968
11568,11546.765025527751
11824,11772.755608601108
11971,11763.005519407681
11596,11399.978848696497
11384,11236.744899194864
10938,10834.689431986264
10771,10667.022016587953
11433,11457.355718992789
12790,12800.716044774588
12734,12736.641645541104
12852,12853.812930224904
12622,12625.495512116155
12625,12631.947737255045
12350,12365.427861144433
12270,12295.775023408956
11950,11928.379162039524
11600,11586.94651851217
11220,11219.99975908406
11000,11009.312862998486
10900,10913.624700822573
10480,10505.385123264314
10540,10561.177908731033
10660,10656.427879760784
10967,10938.305257835764
11476,11275.408001761132
11829,11779.236483480527
12262,12156.060150386716
12415,12327.260036601396
12202,11982.650415329763
12490,12286.417697525609
12350,12209.91769128114
11985,11893.31190475908
12470,12413.035951523087
14120,14120.393324817112
13870,13865.112600125572
13850,13849.837486565833
13760,13766.615620577599
13550,13565.26290624505
13500,13525.156899518024
13200,13236.62083626028
12850,12835.391757489495
12300,12296.39339524287
12100,12108.18261694573
11700,11733.428424677393
11470,11495.980995425662
11000,11037.379936183634
11050,11013.80944066276
11190,11198.386929609242
11500,11436.244197553271
11850,11762.06125393317
12131,12050.557151412042
12429,12364.970465891216
12754,12677.125692599626
12604,12466.436635762231
13000,12719.628939239468
13050,12795.900818793012
12650,12602.936046781077
12900,12888.529531837914
14500,14509.52090175961
14600,14597.964235202027
14750,14748.115832679152
14675,13795.25770553233
14600,14612.499160946114
14220,14244.30790384956
14170,14172.479177451041
13820,13704.49646660835
13300,13159.082436031686
12900,12842.236919963867
12700,12310.637059412311
12400,12395.582864178292
11800,11839.61147517926
11600,11021.561576571701
11580,11348.199393273831
12050,11830.819019865008
12070,11865.718302289933
12280,12152.348766993746
12690,12591.501779913264
12780,12721.072659974794
12880,12689.099860967752
13100,12887.539441546262
13060,12924.525855917285
12650,12439.983385234873
13200,13159.486500111678
14700,14678.756297894732
14760,14763.55102531903
14900,14904.799733452317
14800,14808.920682746615
14650,14666.750141127774
14600,14625.49245550781
14550,14585.670670293512
14200,14185.680067441586
13650,13578.363372417247
13300,13239.603252678455
13000,12948.812697727088
12800,12553.88278345828
12250,12017.893522153554
11550,11445.72743827098
11480,11416.004515237943
11265,11081.78214208797
11565,11461.139537872587
11810,11661.255112581466
12315,12229.315440384802
12920,12871.666907142037
12950,12874.580223442616
13150,12986.961791969512
13000,13003.707093373308
12520,12546.929564147813
13150,13174.905208560664
14550,14563.252432279802
14580,14585.571600471947
14600,14602.636573443913
14700,14708.208221360757
14500,14510.040960400733
14450,14468.125178916038
14200,14230.24154884235
14000,13979.232606270689
13700,13685.60764295682
13400,13396.446449730778
13100,13104.98598480883
12850,12487.962308751321
12300,12173.770820030226
11550,11486.763973021585
11320,11339.998051840534
11270,11280.75744023424
11300,11295.316273691295
11450,11425.133734373077
12000,11965.291642575994
12420,12389.80991188961
11950,11824.492419015776
12150,12035.418446364023
11550,11546.118202229314
11200,11237.917350857573
12000,11895.267385958028
12908,12753.449837919672
13140,12943.257372394133
13485,13348.125499185127
13430,13161.780421102212
13650,13214.552663130995
13670,12965.800516400082
13500,12666.737255212429
13000,12230.86543424303
12600,11805.34563463696
12500,11848.270895693178
12200,11658.291529418584
11500,11102.455718239518
11290,11010.094162385043
10728,10584.590324066903
10340,10052.110198095113
10425,9937.096448704482
10500,10142.879322007793
11050,10705.638953141906
11450,10501.440928861517
11850,11409.072022193002
11660,11313.99589954325
11980,11478.612803097916
11800,11400.97930992919
11600,11283.720718389475
12830,12582.039840141775
13820,13455.376308242583
13730,13392.095159042681
13900,13289.924979145271
13650,13488.265253397549
13600,13340.753488254973
13600,13109.045954062203
13330,13158.018920675502
12950,12856.069024116605
12600,12410.418958007085
12300,12052.645419044293
12050,11915.96398053752
11730,11500.55017277105
11400,11151.83945740898
11200,10916.212714681842
11200,11022.188393317818
11450,11320.820181041317
11840,11483.503381059865
12000,11674.609001669582
12530,12213.798604004623
12636,12347.23953207963
12622,12254.3862853028
12800,12441.193270626783
12370,11974.909020564539
12110,11899.117136746587
13000,12922.88435154067
14200,14042.840028730265
14200,14001.386613537688
14175,13949.764514778453
14100,14014.15954728456
13900,13577.121649594636
13800,13690.109088747417
13600,13470.3528697808
13050,12805.244299711925
12700,12669.981271560137
12350,12297.507934602461
12150,12073.308349777704
11950,11741.595297478067
11400,11273.935739577792
11300,11204.379227574971
11250,11178.507198596917
11250,11118.31045179703
11500,11384.139329447415
11902,11700.57314336141
12293,12037.424156739115
12040,11634.676314792807
12520,12011.818362854176
12800,12657.613544843582
12550,12314.015794180395
12250,12102.112865008627
13200,12850.261926382642
14200,13972.932216284651
14050,13749.015252088617
14100,13322.634833395023
14100,13499.111844994643
13700,13515.216747564302
13800,13387.122157771088
13550,13320.63124028325
12800,12384.908567499016
12450,11739.424473135345
12100,11538.138082414063
11800,11586.199278090393
11500,11257.28908859366
11200,10899.698552415
11100,10290.262460814467
10950,10700.12216337187
11120,10792.90670365801
11490,11190.177403861373
11779,11364.77368481073
12085,11715.89057788619
12100,11850.196913289528
11596,11558.66680218452
11720,11609.20491133284
11350,11143.734640164126
11120,10981.876431950224
12450,12233.913310088894
13360,13363.971837089408
13100,13099.906089743157
13075,13041.16256248355
13080,12952.23800348928
12810,12616.41662563185
12600,12349.600795072074
12430,12157.383959176434
12200,11839.31376010079
11550,11229.562017453325
11270,10892.18170247718
11020,10649.477782124091
10600,10407.466999085333
10310,9889.310116481844
10085,9668.734346005953
10102,9982.47330120767
10439,10237.847366468273
20587,10457.536563191788
10716,9788.949334183597
11311,11283.70511713019
11214,11119.674437585512
10686,10087.82982064588
10715,10492.379843825887
10559,10388.905803790738
10640,10602.840985947852
11725,11502.170270435596
12582,12349.496569456805
12443,12004.193839790001
12421,11709.877640128681
12126,11662.832713412257
11930,11470.471692494375
11595,11241.599583810173
11310,10864.0046333004
10855,10461.613816982397
10386,10204.682479073737
9932,9661.742259030403
9667,9340.13391531947
9372,8915.854363736715
8825,7971.876997596737
9188,8803.423559676856
9614,9041.175235095725
10070,9443.227642479022
10438,10036.090376276194
10602,10263.69634657985
10985,10333.462048865906
10836,10266.710311713261
11037,10306.47458162967
10618,10203.816921519014
10478,10173.57076495155
11298,10915.659453764594
11300,10977.635275144657
10976,10655.23329662743
10954,10837.422642724378
10795,10276.577007386191
10446,10138.162294267677
10236,9829.798222963256
10234,9766.006396032855
8008,7845.332149009488
8981,8685.534953775075
8947,8517.533963195756
8873,8550.748686006438
8769,8518.231701455765
8614,8613.071138291743
8295,8291.793575666752
8238,8227.690120044448
8281,7994.484598260236
8368,8069.545635926097
8693,8409.720500619851
9326,9152.67991806095
9911,9159.318365191633
9539,9094.525952366626
9362,9148.41837058055
9068,8740.933881020883
9057,8795.16800129836
10117,9881.653136045326
11189,11013.124490876722
11326,11211.353349064968
11316,11133.007442922433
11396,11185.911933976335
11306,10932.153638705859
11235,10896.729491263744
11175,10893.282156753214
10563,10341.200622146918
10302,10121.529664767368
9963,9796.142762709465
9728,9704.82218434528
9330,9280.279914351522
9296,9155.48627683559
9215,9177.420892355502
9703,9682.39036831911
10120,10081.447881318836
10319,10274.436931758468
10336,10245.956256642155
11030,10973.61388529386
11528,11391.297687804483
11303,11148.372189264664
11675,11510.677322429146
11334,11213.333174323921
11130,11094.28906749289
12147,12139.277857455574
13458,13437.84294276113
13206,13185.390196898856
13183,13164.907483944917
13098,13090.09549148805
12918,12917.55717322329
12750,12763.663372268311
12520,12545.690031371254
12100,12075.229054586085
11650,11634.192890078408
11270,11266.977102522804
11120,11128.077872844096
10850,10864.660036226218
10600,10626.270533997758
10344,10365.092000281791
10368,10371.069147624967
10718,10698.44089934791
10996,10943.261924646638
11427,11325.151377785081
11991,11841.75239802863
12031,11884.287385524345
12065,11967.320234290568
12088,12014.18935022157
12150,12140.133248694983
11798,11809.573097605044
12900,12906.323490916357
14060,14053.01782095318
13841,13830.24763763358
13875,13866.379506527242
13630,13630.63387921479
13489,13496.310175477698
13230,13249.44642545336
13030,13063.377329644469
12550,12535.897938928832
12100,12096.620370267563
11670,11679.569568015046
11300,11320.28477329563
11120,11113.45055364109
10880,10917.111791992018
10670,10705.014890972136
10740,10759.502039128052
10890,10879.607240827692
11123,11089.169382892895
11445,11404.665273954724
11911,11863.879350157838
12239,12182.949938030335
12230,12182.262244737696
12430,12403.72506148477
12280,12291.114260984268
12150,12171.766750065388
13200,13211.608506117387
14220,14213.985764402038
14191,14181.082369843316
13912,13912.274698256446
13880,13886.776269810485
13600,13617.741049124179
13300,13325.31121820698
12830,12803.412242620947
12230,12213.670534672321
12010,12006.417986739765
11590,11598.226286426834
11420,11434.14967029346
11020,11046.92679150416
10751,10781.52024554187
10886,10905.438637910815
11033,11043.707666735427
11130,11114.043098071324
11708,11687.444911651892
12224,12196.337458614591
12437,12401.917539912058
12242,12181.684143466058
12427,12342.918831557383
12250,12251.69974346424
12020,12014.356232067139
13250,13270.44394202447
14085,14085.734903792656
14040,14034.989990289654
13835,13834.56209790461
13643,13647.10746428897
13498,13510.1034093157
13450,13474.341934080861
13265,13300.540839631838
12750,12736.283979205311
12300,12292.573259771896
12000,12005.454136998937
117000,11858.927822456664
11440,10926.064271829677
11170,11346.136874722382
10940,11112.749711391234
10900,11056.22562075215
11220,11355.13786986975
11300,11420.890267558229
11900,11990.849464893068
12290,12373.469018160647
12425,12509.679041896707
12309,12408.467832194605
12450,12575.279715198536
12325,12477.566062152839
12100,12159.447607724844
13300,13424.436765736886
14400,14410.959441609488
14450,14316.274080468516
14470,14542.27026767339
14217,14229.146751479062
14125,14211.34987072507
13850,13945.276153185485
13650,13669.67706947567
13050,13182.589081136037
12600,12716.211194107269
12450,11728.47187922127
12200,12147.93799347444
11900,11861.46067603493
11650,11555.11727747367
11200,11242.672193751398
11250,11127.317542063556
11480,11457.243594367705
11550,11527.53519660297
11980,11940.24292936438
12130,12094.115187079999
12400,12372.385295253105
12700,12668.442787042546
12900,12908.095158923083
12650,12686.77532566738
12400,12445.008412163756
13800,13833.99849853696
14200,14210.845731158539
13950,13956.139055410978
14000,14008.899782964028
13930,13944.251579472211
13700,13655.145729030513
13450,13413.681476455204
13200,13176.971338576508
12700,12657.93029954987
12250,12248.640661630903
11900,11910.457519122694
11560,11578.453997766677
11170,11194.192267369024
10700,10739.06096475941
10050,10088.125794196141
9830,9849.61143434554
9613,9615.092606239372
9676,9665.37586395667
10162,1748.9195779847378
10593,10525.025687837502
11125,11056.966327255524
10820,10766.91587920468
10998,10990.98417752845
10488,10493.733989117056
10194,10201.806901217153
11537,11541.137137113672
12617,12607.067324188465
12697,12676.413958882677
12852,12828.40807057538
12712,12692.518359483922
12670,12657.922649324468
12550,12541.474910451887
12350,12352.845398998352
11990,11954.435899341748
11600,11569.970563614912
11090,11073.390957045522
10890,10883.644353274982
10465,10467.618205494548
10105,10122.10002505252
10012,10025.932357761732
9972,9965.253039372032
10166,10139.727334637977
10237,10192.486816077155
10790,10719.591117922882
11230,11122.418172447384
11427,11357.101197056047
11322,11281.06582876583
11650,11555.884449087767
11450,11385.309861211266
11240,11192.56713774299
12870,12774.36002987536
13720,13609.503309232085
13460,13346.724771081095
13670,13600.884824339482
13440,13437.89359467299
5743,13358.94172821032
13200,13244.478096530536
12950,12968.38126264501
12050,12017.806048825696
11800,11777.836047667244
11220,11211.673687332092
11200,11201.073054605115
10950,10954.84543663817
10420,10440.532657935426
10425,10439.964298200906
10375,10366.784514900175
10800,10769.868226959585
11195,11104.050818630185
11570,11461.687870843416
11975,11830.052608855709
12070,11962.201200123069
11985,11864.366442985112
12300,12152.32029712814
12050,11880.531073495658
11950,11756.138852824424
13400,13228.177978188736
13870,13754.008599578021
13852,13766.135947044331
13811,13796.094204506575
13471,13526.485846641863
13315,13326.407257107236
13030,13051.591109118537
12680,12722.62488690186
12000,11998.467176902266
11750,11758.522369735618
11400,11418.828196969014
11000,11026.030928467924
10650,10685.014784254203
10270,10281.281382625832
10320,10295.073646631283
10285,10264.13744898259
10447,10431.767624888866
10809,10667.217898843282
11271,11074.262642520796
11862,11730.389179210564
12055,11990.696247882926
11900,11849.89870771339
12100,12080.143622849808
11850,11824.311919151958
11775,11658.280560119048
12600,12515.325428218404
13450,13351.804357619141
13742,13703.170603538878
13664,13592.49804290935
13391,13360.985656034529
13224,13232.74648451939
13060,13080.451837217992
12450,12486.84254000612
12175,12162.338711494764
11600,11595.670034444593
11350,11360.730518144212
10800,10818.23441428377
10530,10556.042667672951
10200,10238.580631322924
10185,10220.737095646717
10270,10279.826690279815
10540,10525.872599086515
10754,10719.401644064632
11407,11350.010481311703
11800,11740.26287210988
12050,11992.703226346235
12120,12074.87486930509
11870,11860.777393424774
11850,11870.250829438728
11800,11800.024050294713
13200,13187.647795199977
13712,13704.513536573551
13832,13819.321047376998
13585,13576.409850242462
13446,13446.566084596783
13299,13302.895290954115
13000,13020.396644998615
12610,12642.801544973365
12150,12134.862019472475
11600,11592.762900879137
11170,11178.754689287975
10800,10819.482319849705
10600,10625.639933063665
10220,10249.745695101741
10222,10250.577852839626
10512,10509.183841423905
10638,10612.104214377352
11040,10991.911985288894
11485,11424.492360989163
11833,11773.352743228861
12043,11990.284292554483
11650,11612.849496291987
12200,12148.597164992323
11800,11773.861020819164
11850,11797.56873262364
13050,13023.379128852928
13600,13544.201708374429
13050,12950.53169700568
13313,13140.47609853463
13225,13126.288866599418
13102,13111.726475557549
12823,12837.81339572795
12320,12359.956703762795
11870,11859.195227135966
11300,11297.35454674477
11045,11048.000895314322
10533,10443.512460504102
10339,10223.02890051858
9946,9977.054739027233
10150,10168.663794151074
10156,10145.645373157457
10435,10400.030395367387
10861,10800.289447429444
11036,10966.424549508822
11503,11428.72046839904
11970,11896.858151813998
12050,11989.79937342653
12150,12115.91158788867
11740,11628.455571931412
11700,11569.446965533889
12800,12632.07771376058
13550,13447.704426598617
13370,13288.622948394332
13300,13289.873948022043
12750,12750.98234325929
12510,12516.24321429184
12025,12041.700922449189
11695,11725.444347246834
11220,11202.350686233396
11090,11009.353182035618
10690,10622.75855855763
10270,10177.487411688922
9808,9622.504569444836
9427,9252.486692379258
9025,8845.154801651308
9045,9043.327909875123
8998,8969.363546354018
9278,9226.482265639046
9499,9426.07763978313
10165,10088.541562048804
10790,10708.390583364824
10340,10264.355216453541
10310,10269.250371348506
9950,9938.120429870867
9543,9512.299607229472
11350,11275.057144170361
11780,11623.581001963033
11570,11445.453733963794
11450,11397.266471220519
11600,11584.30083360488
11450,11440.208578366795
11200,11195.564410857283
10990,10994.493931328134
10520,10186.170992427373
10041,9944.33901157738
9735,9582.968953112755
9409,9233.645312616838
9212,9076.78534338943
8974,8714.865518602375
9121,9055.538255994325
9478,9450.21989197297
10085,10025.148248644111
10301,10217.51473643436
10785,10681.261607646207
11390,11276.889694357222
11640,11537.360780450977
11700,11578.276049155105
11720,11663.613885791889
11580,11560.740156918826
11260,11258.696132452022
12650,12646.006875456733
13180,13165.7350062193
12970,12956.560432386219
12672,12661.724794758022
12520,12519.481016107484
12039,12049.317931188514
11699,11717.79223426864
11738,11767.513687200926
11176,11155.784894808225
10800,10790.87699389247
10428,10433.491508151637
10036,10052.596824471271
9719,9743.903792726154
9499,9533.60410240288
9610,9632.279039169112
9974,9959.661482415431
10433,10392.32961210678
10890,10827.976623859748
11400,11325.809474943628
11800,11729.33355273032
12100,12033.918011608694
12000,11912.917474293103
12000,11970.87013729352
11700,11698.35582673275
11550,11562.44195433482
12100,12110.337953679762
12600,12596.533610911461
12820,12812.65427210352
12948,12940.360002310976
12481,12483.659744854298
12260,12273.312309361205
12020,12038.305287419604
11770,11802.47963989646
11300,11286.226270724128
10933,10926.572811525319
10614,10621.445184791282
10275,10292.980688683083
9993,10018.335812719935
9754,9789.016972150635
9886,9910.673984499237
10311,10300.6317703423
10635,10594.678904695145
11090,11027.200350174367
11390,11325.480627634699
11850,11797.500159275813
11800,11300.55553712343
11400,10915.7265005337
10881,10550.25380902927
10436,10271.286341437311
10571,10586.29569078946
12144,12145.310944350525
11978,11973.354318509591
11903,11761.174341561498
11828,11416.455931280281
11484,11116.670222166804
11221,10861.362747760188
11097,10842.56266788147
11111,11139.458522226527
10810,10782.947167307153
10345,10327.26505134828
9985,9946.464176770389
9759,9729.052508868717
9370,9210.894403127804
9178,9096.30803775178
9157,9031.899161498008
9316,8899.694365187053
9321,9134.185818465086
9389,8826.148152218819
9784,9109.163624725763
10238,9834.023666192588
10512,10111.966046773094
10257,9958.008257873505
10123,9413.209219948254
9711,9195.391101562778
9661,8839.912217602123
11093,11084.197903195156
11269,11252.14528396476
10987,10971.761651272887
10998,10985.185653167413
10726,10721.9318950542
10572,10575.996035292948
10333,10338.898527632233
9983,10000.224295959391
9748,9709.878639784056
9207,9178.631359719908
9125,9107.124394079126
8867,8857.133440960424
8563,8562.945046663268
8504,8511.208140659546
8745,8740.3556743111
9153,9105.67747512939
9709,9635.756359493918
10023,9918.154395878686
10599,10476.869193844945
10768,10642.980092834481
11125,10996.501277494466
11264,11159.60465509968
11450,11366.888301708434
11075,11029.852510976783
10850,10827.309890381337
12410,12379.690296238263
12425,12390.142168986811
12250,12219.20166514377
12114,12087.810792391583
11864,11849.427952005457
11494,11489.819185873093
11172,11176.917284541949
10963,10980.18313207275
10511,10481.900494617108
10148,10127.67579900305
9876,9869.300217245433
9558,9562.272326196837
9404,9412.974351989553
9206,9223.24858785449
9445,9453.741320877272
9685,9656.131692718762
10055,9998.13467831591
10194,10128.776936011738
10900,10812.410488441608
11289,11189.104918950972
11560,11455.77229439926
11440,11347.56802601718
11560,11460.406120451345
11360,11260.199221333707
11185,11167.625188247166
12450,12428.34163784509
12730,12701.41261266852
12370,12346.391309833369
12370,12349.241865949929
12050,12041.636229880754
11815,11816.05631305507
11510,11516.908125778878
11162,11182.662471993437
10611,10582.766167452439
10409,10321.0123330023
10059,10018.32702323833
9719,9654.502005009921
9462,9403.791665390174
9042,8959.566749435468
9005,8886.432910646377
8976,8970.05195894403
9000,8961.316317465262
9068,9004.222303330567
9270,9151.829181020108
9860,9735.265817534068
10336,10173.936614413022
9831,9728.518415119253
9697,9517.114363175142
9377,9358.13520272781
9208,9201.639826140809
10983,10858.464800864676
10967,10869.150833852991
10958,10824.118655713784
10894,10727.043528625765
10771,10711.68623212247
10711,10690.108118228676
10422,10406.13487309088
10235,10231.37601566338
9817,9741.140429564331
9506,9403.763706741367
9203,9112.660326546531
8697,8685.631642057555
8560,8555.310883620672
8411,8380.364919069902
8694,8651.199658185169
8907,8867.119056254367
9166,9102.073569900991
9263,9176.739754975017
9717,9610.366300548427
10299,10149.153936302133
10381,10135.633171328638
10446,10182.646031621814
10529,10362.478408097117
10269,10036.006205270223
10269,10079.490898753655
11469,11172.257642662513
11798,11699.521174793455
11651,11554.31768574984
11508,11414.81512630582
11227,11177.677963358685
10862,10823.154260334544
10603,10468.85493726575
10368,10178.865388423035
9972,9732.506534328433
9505,9207.413049524463
9206,8856.090607544216
8812,8403.68022517175
8543,8209.780716845617
8502,8276.765843388466
8873,8667.506201244516
9000,8967.146913251328
9589,9527.376376840735
9682,9565.64287107563
10190,9988.152833463728
10675,10426.725408553797
10897,10592.621955364786
10759,10496.5884783899
10714,10517.14534220645
10409,10310.815651955614
10516,10363.294065580118
11825,11661.759283895884
11566,11367.951198894374
11408,11314.419516770155
11291,11201.942072603866
11130,10948.970688692123
10686,10549.387999736082
10434,10338.413106579588
10219,10033.520940523546
9715,9486.741093809507
9279,9060.808579028318
8961,8756.778869401896
8700,8471.4713014221
8517,8258.168523314002
8476,8289.514513364898
8840,8642.19429229598
9244,9109.221601727928
9504,9343.442492686601
9838,9622.042869779674
10228,10094.729422515862
10823,10570.593104102845
11039,10731.124642604009
10814,10517.188047967666
10902,10701.899556108714
10694,10558.147770250998
10613,10494.879273898478
11977,11956.53005086787
11951,11860.162465097399
11718,11596.533170121205
11691,11573.805368619456
11358,11285.69166956195
10981,10817.498794479507
10651,10460.474310682144
10413,10236.843765263226
9945,9818.555042730593
9523,9512.053058429326
9216,9184.939967033435
8951,8963.255591487077
8702,8719.150913503094
8643,8665.507371914122
9000,9006.8675998097
9380,9349.206072450841
9682,9622.201285027559
10119,10033.692997012171
10493,10386.528223248666
11078,10963.887807069666
11611,11499.50941267104
11352,11246.471196580087
11479,11341.129848048902
11058,10927.17282849993
10526,10379.939772908092
11800,11588.474615770578
12466,12313.122565410034
12377,12188.107088079205
12151,12070.10000714829
11692,11657.372998395047
11349,11354.863229952633
10958,10968.593436478695
10661,10688.641514904524
10288,10262.201342087457
9893,9877.20064039349
9489,9487.49878579174
9187,9094.205000056674
9006,8883.869124042707
8872,8824.561280872962
9274,9278.162705489533
9480,9446.360388822213
9872,9810.437742888382
10215,10127.031260844014
10821,10642.71382742202
11030,10914.493489173481
11115,10975.257977219124
11360,11089.75757761919
11700,11573.74040155384
11275,11191.83544531103
12510,12423.738003637212
12570,12539.307326448019
12400,12371.19264769663
12410,12382.622749749426
12060,12045.032598187816
11683,11678.796071535264
11295,11299.710685446309
11118,11133.135506788069
10522,10487.563646458915
10112,10088.505564440224
9817,9807.695454265522
9601,9601.467831682014
9254,9261.285388917486
9243,9259.627914896319
9460,9464.201354890462
9699,9670.721308640008
9910,9856.517038626502
10446,10367.820325244089
10746,10650.103847285187
11209,11123.768568155583
11700,11622.732857973384
11670,11585.695989519572
11650,11492.713499415837
11400,11237.968845161511
11170,11120.027006933728
12650,12588.3113977531
12520,12425.735787977173
12420,12392.91257182261
12300,12277.416980321672
11900,11889.16661778773
11656,11655.225805627128
11444,11448.35910845541
11168,11186.562386440208
10614,10582.333400924024
10327,10304.468848814893
9921,9911.481924983815
9607,9609.243469533274
9354,9361.72442639343
9186,9203.039308554498
9128,9138.332646611283
9084,9073.179911474752
8889,8852.527035690822
9076,8984.227140944415
9270,8990.262298067106
9782,9504.228910834541
10473,10218.525861803464
9798,9545.667207112176
9660,9376.82083880738
9370,9086.895164615986
9394,9284.52473856847
11058,10971.487381848472
10919,10857.406713728022
11000,10901.822956083015
11040,10942.25591615187
10965,10941.085782035141
10823,10803.506682222767
10630,10613.622758281988
10376,10269.745151438772
9814,9705.380595067756
9538,9199.434155625371
9265,9177.552459049348
8998,8986.873337617471
8834,8827.562322421205
8659,8660.076855710406
9037,8893.9475464558
9260,9093.11936957141
9209,9023.044020974703
9359,9156.864048391471
9731,9482.266423146531
10302,10045.72780164033
10751,10481.172340273419
10566,10419.396699019302
10700,10582.84617730073
10620,10431.147827377117
10630,10344.974928327742
12270,12010.045627082573
12115,11783.683324625094
12015,11686.276530250616
11874,11479.676748931097
11573,11188.237057222383
11220,10947.399824443823
10948,10750.853118774863
10844,10762.575995075025
10127,10062.924218836411
9683,9594.831035829915
9382,9238.411698972264
9120,8951.472399370525
9036,8702.33143161568
8894,8702.308475417432
9334,8994.337063211662
9634,9339.140327821648
9885,9639.089804032206
10211,10143.410378684093
10482,10394.433425865456
10908,10834.95649279669
11000,10931.911065698481
10850,10793.595465503888
10890,10855.264605729453
10600,10589.60810246908
10783,10769.615123981977
12197,11868.311642523458
11704,11681.088482131363
11774,11549.868126689427
11657,11435.540363927192
11327,11048.682392570588
10937,10804.152906822308
10478,10012.43439326115
10391,10109.256897493658
9835,9543.443202681023
9528,9518.72955569592
9206,8799.633576597273
8732,8404.40544118744
8621,8297.84427293151
8534,8146.909791363782
8829,8636.604792960308
9264,9111.528746524826
9490,9369.05436285304
9754,9541.531226817408
9849,9580.642566387032
10465,10157.18687797317
10900,10494.602156459678
10520,10241.942939425016
10450,10129.420563028056
10360,10066.755481035127
10320,10170.640415733185
11741,11516.383950716803
11585,11392.95411286633
11277,11188.980148966773
11210,11162.153612430511
10803,10663.123126361348
10565,10435.760093918505
10103,9945.687024709738
9952,9638.616589762947
9380,8846.911826249525
9010,8587.355474030439
8615,8069.422217813682
8433,7894.563662059963
8313,7846.449268070353
8279,7884.129303673531
8744,8368.100905512278
8928,8727.296286677556
9226,9068.971198361714
9535,9283.430217230187
9831,9597.053526823931
10339,10237.756440058525
10600,10500.252856891762
10480,10253.457039118925
10290,10034.702075087538
10015,9924.981104350829
10090,10005.505134244642
11175,11159.875555315168
11253,11231.801135862448
11042,11021.755487215003
10850,10835.835923885279
10537,10499.946870747972
10126,10133.652919625285
9851,9864.03046776466
9586,9612.185805958608
8991,8966.405594838314
8619,8604.770403292561
8347,8310.516759981347
8125,8028.300574706757
7970,7875.542132568371
8017,7856.121507694777
8405,8300.95143904687
8880,8707.424580867657
9076,8985.892277301926
9231,9085.489735331075
9597,9438.991528322924
10250,9946.661065586823
10376,10155.631869430028
10170,9848.652339323704
10050,9857.68604849796
9812,9612.911672467075
9994,9837.028242096501
11315,11080.200219724302
11204,10900.464061616956
10985,10685.983027281865
10889,10627.813779387827
10562,10517.7276015192
10206,10138.171850318135
9794,9768.45550485617
9497,9485.067276652006
8958,8896.970148446153
8581,8426.739681952604
8233,8023.361514309743
8071,7971.284280208148
7938,7806.321968054338
8003,7839.948754111597
8632,8453.093980386308
8828,8585.141631206518
9125,8994.408955457753
9246,9091.602172586518
9526,9146.951028680447
10048,9728.915445940935
10457,10211.468885853792
10192,9994.141467562513
10106,9878.317026622251
9949,9712.10199402644
10040,9874.257545789698
11740,11564.646224315835
10798,10491.036172146556
10699,10500.28151182884
10414,10255.327390867245
10413,10227.736802277086
9957,9611.644159325806
9721,9621.026421184877
9550,9325.861395170661
8984,8744.459606776982
8453,8226.341746430482
8249,7898.608130916496
8054,7540.15591263296
7805,7123.361646021417
7748,7307.99935420549
7848,7434.360542596783
7970,7800.38052044229
7737,7652.048568151375
7817,7573.54864581704
8062,7835.465604957939
8705,8533.165572563274
9316,9176.148011994577
8532,8444.43327383767
8152,8065.719134619678
7886,7794.860396133323
8032,7913.107782305879
9411,9215.123725355708
9498,9258.823382796261
9556,9349.505915309779
9480,9204.107422506588
9386,9151.552563002806
9182,8984.869054091183
8861,8566.879443519481
8752,8537.339705146056
8377,8126.974236179563
8006,7627.283019788911
7647,7279.282074266772
7377,7124.00402459901
7369,7152.285018816305
7493,7380.0105436391905
7976,7883.518848530469
8298,8246.482264001563
8325,8247.617946022494
8408,8311.747472170911
8892,8740.009872269278
9414,9284.902725131322
9869,9752.426398444577
9706,9604.232690297844
9581,9442.803844554917
9533,9428.411520773094
9669,9573.299257610608
11207,11068.43042985021
11015,10977.382645307209
10842,10809.128073631658
10729,10700.226930261308
10532,10512.922015757995
9941,9935.333800269931
9628,9564.485884164573
9332,9281.552233750961
8948,8779.09830513435
8429,8067.635032036789
8191,7741.863315008552
7839,7569.072624061988
7754,7693.485828005435
7868,7842.060631665472
8339,8330.56106732898
8715,8678.211005617377
9082,9015.933944197957
9217,9127.947295515996
9616,9507.766067593368
10201,10089.277108019305
10638,10524.389796681993
10338,10241.739544620632
10176,10111.61519020244
10000,9934.053725870392
10020,9960.064669694064
11680,11508.567187319946
11196,11059.932150746648
10981,10886.312706237863
10746,10622.121967009367
10497,10453.938821604228
10180,10180.577934130146
9647,9554.38043364276
9297,9053.073853413647
8841,8686.899091297997
8447,8302.20152347965
8314,8249.203255005961
7914,7893.576273477247
7806,7822.991552787743
7927,7945.078825391918
8451,8454.866743820377
8923,8886.141489249532
8978,8914.028306878705
9192,9105.731590640185
9489,9381.826707479113
10157,10039.87041380068
10531,10417.087661329244
10204,10073.790972044999
10123,10059.915204644356
9939,9908.3241478299
10074,10048.872978501746
11553,11519.266087587708
11292,11258.26807661029
11092,11064.353825307902
11038,11014.31375416721
10692,10681.149809880084
10212,10214.470393238114
9770,9781.81028394395
9537,9562.110701820862
8972,8948.78292858083
8567,8552.808089156306
8342,8341.407650384004
8074,8048.32796652407
7882,7826.686280595577
8007,7958.419519465997
8557,8519.12045670207
9062,9021.832120197829
9150,9087.41986867158
9451,9361.519334746641
9799,9688.561791937447
10298,10180.013578871421
10650,10535.516356681353
10355,10259.168395952343
10340,10275.453722814533
10100,10067.13548655161
10140,10116.64931209091
11657,11624.54895665692
11210,11178.67117672846
10890,10864.99668690154
10855,10834.153250372776
10540,10529.95185750709
10269,10268.86607467549
9940,9947.00233669467
9587,9609.712613056743
9049,9023.128226749663
8234,8223.270936563578
8410,8408.941842593724
8150,8122.836924551144
8060,8034.755218460033
8113,8088.6272885131475
8709,8668.038772696673
9015,8975.395251379065
9188,9126.626693366896
9337,9247.492505204145
9663,9564.74020165243
10363,10289.29099923056
10585,10482.160199809157
10300,10199.729076345031
10230,10168.786550458433
10145,10111.881073243394
10291,10261.543356898303
11892,11853.677227493226
11518,11480.114510511703
11188,11155.442751256302
11097,11070.149369573055
11009,10991.395940414459
10527,10520.23545061332
10224,10226.805361177243
9934,9951.503177372268
9312,9285.61576841332
8935,8915.34369424154
8720,8713.051362284767
8424,8427.151077772198
8260,8232.71386507203
8341,8314.997742091342
8798,8763.661055431592
9380,9346.479135454185
9485,9435.2806300897
9339,9284.963243823493
9677,9372.073672482607
9805,9265.761213963597
10205,9460.501050090532
9927,9233.1248204791
9814,9070.906516635021
9682,8915.014733695785
10147,9711.881949586603
11088,10784.521402393833
10759,10527.01464907637
10552,10492.596313796188
10495,10266.81767356173
10255,10106.017143079453
9739,9293.86856697681
9502,8824.220277192735
9227,8493.48682750451
8827,8452.383366010188
8229,7864.38393019294
7989,7672.54214553011
7610,7405.887043224504
7381,7281.74856107085
6968,6777.866786621753
6877,6581.75858715908
7046,6904.7440985454305
6845,6144.447540906993
6752,6044.1219006274705
6801,6657.005904752067
7098,6841.964098946697
7319,6476.3905010067365
6243,6093.928813191847
5437,5458.825993470992
4897,4815.720017399411
4789,3826.079834021384
6108,5302.740923727438
6390,5877.949512593236
6607,6323.634883549537
6770,6473.971367761957
6897,6670.086530595633
6922,6423.586736374916
6834,6608.294745590824
6670,6484.776201153483
6447,6323.976376698206
6179,6093.287480338926
5946,5903.550522709446
5748,5710.531592903836
5719,5683.931521415072
5980,5946.287782076008
6568,6518.229340230728
7156,7068.582558695651
7486,7372.52717429452
7677,7542.020374840987
8075,7923.559198458381
8588,8422.378407367627
8741,8559.293307373158
8729,8533.588311413794
8829,8709.110184911908
8769,8716.080774082293
8862,8825.776433025556
10596,10551.073120321316
10373,10329.18768533401
10057,10021.234080003314
9907,9877.43715932254
9907,9884.762618249571
9483,9469.006702284218
9008,9004.552664586696
8627,8639.852295304763
8246,8210.593684960546
7868,7848.595562124388
7640,7635.265235597497
7427,7431.109447057497
7338,7344.4005782298445
7402,7410.888940968575
7942,7935.671918589515
8400,8356.393579274849
8716,8642.702514039607
8815,8718.214003389225
9074,8959.10960953531
9557,9449.20539525759
9898,9787.17968798102
9406,9280.72334415414
9649,9508.966209261993
9419,9344.585440898094
9538,9507.912641565275
11033,10994.945772034709
10761,10723.579967928885
10535,10503.61312372638
10455,10426.942879299797
10275,10256.609158339168
9872,9865.67903136796
9537,9538.961177550196
9086,9104.426133258288
8477,8454.221630225664
8222,8209.384687178986
7911,7807.450030450274
7710,7616.109983684216
7592,7397.5901423289315
7620,7462.28953852877
8165,8093.54821583425
8728,8687.398875416311
8804,8739.18601390079
8908,8830.631268423444
9376,9277.659824430973
9737,9604.542666675938
10055,9960.751984368522
9904,9855.75372687033
9695,9646.233612148171
9488,9465.825931723535
9694,9676.090352666337
11253,11225.125244403967
11044,11016.715635910488
10623,10601.137492212714
10534,10516.77397924314
10358,10350.398367126169
10011,10012.137801610355
9393,9406.299828120496
9128,9157.309214837247
8694,8672.18068100489
8335,8322.041719154206
8007,8008.432379689998
7868,7876.083742885932
7812,7821.526539507138
7884,7894.521153595287
8389,8387.446011020405
8829,8797.157323974028
9010,8957.024643635548
8968,8897.62153125247
9253,9165.005549123853
9707,9625.164603533736
9861,9773.989375505333
9620,9493.38666648709
9560,9305.13997044326
9307,9251.541773123588
9679,9624.330442562095
11034,10903.097823698794
10694,10599.401217843595
10560,10503.376832686703
10306,10287.454657521324
10109,10097.737406958398
9745,9746.806559964296
9283,9123.254891449067
9069,9024.650913111294
8606,8477.060740861756
8163,8010.425412406364
7777,7571.284529411954
7665,7431.81048456725
7580,7380.657112740636
7707,7575.896196894554
8324,8077.086772678346
8820,8612.932519657395
8680,8422.436451269466
8653,8306.509450004327
9002,8704.923853466415
9457,9188.989972843798
9720,9523.245339517644
9598,9382.929443000334
9346,9156.893795790733
9143,8946.176234955441
9234,8974.09727883468
10696,10254.647629639856
10424,10389.135918580287
10327,9922.062003438117
10090,9756.983433461683
9914,9693.3694471256
9556,9313.016671911588
8988,8754.108988829394
8682,8463.469524529539
8388,8187.218637955719
7951,7722.205830017482
7556,7276.986744618991
7507,7301.592701009926
7341,7066.778768987228
7450,7142.484392695044
8060,7771.641484758169
8733,8516.187450999383
8546,8309.091177437835
8581,8293.154432809335
8887,8581.024535221493
9340,9123.832097127448
9655,9482.482570082473
9367,9205.41956244452
9257,9196.54800559313
8919,8854.738699942858
9268,9204.447083076437
10409,10373.60604239081
10397,10325.54890537541
10264,10195.734075756402
10184,10151.830599328154
9827,9806.209500485333
9354,9346.138688878076
9042,9043.593474077781
8748,8763.090883863553
8251,8216.16649025918
7854,7833.085568276406
7652,7641.737830962234
7438,7367.585265008722
7277,7174.753808463041
7417,7212.1686382615335
7437,7224.80700590531
7804,7669.003057953849
7496,7443.61289567359
7339,7270.506641010549
7558,7467.816411331992
8215,8116.170599449653
8829,8728.616053686266
7914,7831.391704808765
7327,7246.398840342223
7278,7158.78945512634
7582,7532.480073969142
9061,9025.978075629437
9047,9012.417796460017
8960,8891.423530694205
8981,8945.591899023888
8804,8777.646320893657
8642,8621.48652643455
8253,8246.02550195405
7962,7963.200229573132
7621,7482.313117367647
7146,6982.643807291404
7001,6780.303376063611
6838,6417.585956783041
6700,6279.198608143552
6967,6412.83851186968
7624,6987.765398400715
7988,7562.419127427668
7389,7051.099722586436
7433,7081.344707733608
7857,7653.0161168868435
8140,7996.188478701624
8566,8470.767459408602
8351,8265.290238929409
8267,8213.251137952017
8516,8318.687551551766
8901,8774.871675800701
10583,10410.664171847191
10297,10160.34157403914
10103,10038.28111239906
9918,9824.545679864972
9600,9482.544978356756
9264,9192.66604056332
8857,8624.170066327524
8516,8127.238309077327
7987,7654.17336280883
7595,7406.872811150638
7327,7184.720898893318
7124,6888.1315522783425
7092,6856.822400637842
7454,7316.969992177212
7913,7898.099811039738
8451,8402.097478008422
8426,8351.480694168979
8575,8481.90076849703
8728,8620.039159067717
9325,9210.034338250842
9573,9462.177545067658
9347,9253.677617421952
9075,8977.919836648245
9064,9034.577206803147
9421,9394.768551076544
10721,10688.787218211273
10419,10386.965255593987
10160,10132.9102878791
10060,10037.438948992221
9890,9875.328725054129
9414,9411.053674655594
9001,9008.571852967065
8689,8713.483405726054
8164,8145.747844460406
7872,7862.304150180547
7467,7436.6333353683185
7329,7238.649462680764
7273,7215.399328350323
7504,7410.595260970398
8136,8128.247355657985
8559,8513.800984108126
8579,8511.342922208565
8460,8376.560453156158
8930,8828.833096208225
9553,9438.367838803591
9859,9754.327003607264
9490,9406.635409099054
9400,9311.774024303437
9258,9234.946480215134
9620,9460.324770736144
10831,10531.028777193776
10646,10449.484784744578
10455,10261.746352648734
10438,10316.032645908537
10017,10008.303879607143
9678,9680.635595714546
9166,9077.028608095465
8871,8764.000487373927
8427,8406.386303552626
8020,7975.865219846561
7698,7667.896054679924
7570,7579.6502912217165
7508,7517.841543233127
7692,7632.122414396504
8257,8016.775268683095
8750,8545.539015045417
8680,8595.731375487772
8840,8778.518468716977
9106,8941.642298269031
9651,9407.804676861006
10016,9775.22890963471
9614,9458.555861022585
9461,9408.639996871236
9320,9262.052634937892
9788,9697.880297757294
10847,10782.442996407077
10715,10685.19827303895
10586,10557.36663416508
10298,10276.512898086827
10009,9998.251765055355
9651,9652.096436024869
9277,9287.215410608169
8920,8945.436123852915
8446,8422.80836587084
8069,7854.119368775542
7768,7463.525245011877
7583,7421.907977005003
7400,7410.878605515031
7676,7683.283655946032
8095,8057.077699636675
8595,8467.98276483811
8805,8755.276656585975
8810,8744.789160867529
8875,8603.359300432503
9615,9454.025333301714
9795,9710.917776739198
9590,9514.697603119701
9245,9194.117746735756
9120,9062.363421126567
9546,9451.711373839678
10786,10616.49796760931
10756,10652.693084030221
10436,10404.702447725824
10360,10265.130910600517
10108,9989.736762116878
9699,9524.04625271468
9321,9120.108430739143
8882,8698.374518169789
8408,8278.348164996554
8051,7828.544924756305
7719,7476.664796223953
7487,7387.926157821179
7398,7231.435461293058
7562,7532.389202526486
8141,8029.930389753143
8770,8725.738037939645
8968,8862.79415756866
8894,8804.561275649194
9210,9100.33057053705
9608,9492.922871195666
9692,9583.153348124593
9580,9485.43383830744
9387,9324.515807324857
9180,9149.257411399936
9284,9261.535599344868
10725,10692.06217810127
10506,10473.686881549635
10312,10248.14882977485
10288,10158.016889235487
9946,9791.747207111071
9598,9590.623175247123
9345,9346.552519596258
8821,8839.015261981389
8521,8484.45152125204
8127,8102.833314132201
7908,7896.317190535144
7615,7610.110339787557
7375,7372.873926856132
7382,7279.877352780345
7450,7302.603018333606
7627,7588.850248004235
7361,7301.617910941646
7330,7253.538053938821
7585,7487.170571233152
8306,8194.73698294597
8808,8695.915665760514
7860,7788.341158551171
7604,7492.1861189504425
7461,7437.462512101289
7629,7606.73128741913
9095,9026.076321297765
9203,9162.43937045677
9138,9095.423100268828
9199,9122.35477665634
9032,8995.406406612297
8710,8680.919000463571
8444,8423.070433497309
8160,8150.238459082884
7689,7575.43110933115
7377,7340.875054413673
7061,6968.6304591290045
6903,6613.164824895283
6874,6720.271404946024
7092,6941.160846427434
7517,7427.9483155602975
7931,7880.637830316477
7770,7702.019970661633
7874,7803.012561221683
8182,8091.399112756185
8864,8762.269486788186
9135,9059.848383348462
9000,8904.898056944083
8711,8707.53754874804
8700,8671.307180308208
9225,9194.013061701547
10636,10459.491855828393
10408,10369.39539202378
10198,10126.430039003617
10137,10001.654858982329
9945,9718.869979806548
9470,9358.255971683957
9090,8920.537252388833
8710,8387.043552365563
8268,8100.479565739406
7902,7881.283850335383
7624,7615.745003014943
7382,7279.445251873627
7314,7212.068575532687
7508,7406.694641406248
7985,7975.802905787406
8580,8550.196498842779
8730,8672.785923866339
8685,8614.782201937862
9050,8946.270985291858
9480,9369.61506652668
9830,9721.817112915063
9520,9438.751829891238
9380,9330.019953645544
9200,9176.153936451192
9572,9549.799472946335
10876,10673.890583582739
10594,10492.948693971164
10369,10238.655611348175
10143,9949.075420432313
10006,9687.282313441563
9589,9213.663394392705
9075,8777.944502531913
8741,8492.018982865087
8198,8077.369000904325
7875,7798.567365649235
7624,7457.065922565735
7424,7365.999066074703
7224,7201.635651929331
7674,7648.762810113414
7887,7885.547806694364
8576,8547.742214160182
8777,8726.59557278578
8685,8610.701470873917
9001,8911.711546686833
9415,9319.340207431254
9646,9554.847804066627
9397,9324.457301397677
9302,9252.995637645146
9146,9121.176885465495
9524,9466.038267211836
10762,10662.57011140552
10921,10819.839348203193
10544,10481.882715366544
10312,10220.15357290885
10056,9941.645915098503
9661,9524.89825225357
9196,9205.879014953734
8755,8781.092461690205
8345,8322.999721101154
8039,8024.185680883156
7830,7655.892186460188
7445,7281.660538863121
7347,7252.124394375663
7675,7579.508790836919
7972,7797.8044937334425
8531,8506.350443488795
8658,8627.489408049318
8708,8665.428982464564
8970,8919.739292232298
9039,8949.914591260971
9558,9372.374785950462
9252,8699.435344339217
8990,8354.778722875884
8883,8463.22530941793
9452,9060.024665368743
10838,10431.505838079065
10243,9908.585548438281
10245,9809.116880714886
10209,9811.231389058956
9760,9443.3885209565
9532,9328.555192668675
8948,8822.059741109708
8616,8503.797227042078
8045,7952.304372272896
7785,7530.282834048014
7528,7353.70664169416
7388,7118.823667902646
7309,7073.185665056974
7409,7242.028190031321
7738,7733.7430941957655
8565,8539.897264031992
8665,8621.865755610423
8662,8591.556829840922
8948,8874.464595718655
9153,9071.069017434174
9263,9211.657425515048
9139,9104.09158614806
9186,9161.70744812282
9046,9031.263719212237
9805,9773.24631173069
10827,10789.551669965545
10474,10437.815865830664
10349,10317.576426004278
10083,10058.02386642739
9971,9924.552920903014
9539,9533.487215524707
9154,9157.746707279934
8655,8676.20745612398
8195,8167.589137410957
7614,7598.705996300594
7333,7297.027162681286
7101,7104.886683894528
6835,6842.488409717875
6896,6906.211238803597
7317,7314.857973302468
8125,8101.787474486033
8526,8492.848679695915
8557,8518.55179359909
8762,8712.332548860666
9214,9166.680325924299
9358,9313.24023608936
8821,8753.288973425791
8556,8433.093200619514
8554,8429.252589992291
8926,8757.481451204489
9839,9770.123134525964
9501,9397.662767371172
9308,8731.411790551248
9160,8789.63263166224
8964,8875.631869202189
8503,8391.422463173016
8139,8105.428020124368
7717,7630.764390836612
7390,7151.83231153836
6936,6673.797431261343
6854,6465.7096801823545
6648,6302.113821056537
6539,6330.515356718032
6651,6272.532415077215
6755,6505.2598342758865
7342,7101.884287698822
7324,6790.080968310231
7147,7071.464275162645
7411,7321.444226232779
8019,7927.485646208769
8503,8139.6280909879715
7482,7278.748264996254
7097,6947.040463337977
6956,6789.672136025601
7275,7244.717188452005
8608,8567.158209470996
8598,8552.370668016998
8589,8543.97904959816
8619,8573.878466383545
8611,8573.313038710425
8339,8309.060386558936
7948,7923.351843888555
7667,7659.7963463952965
7044,6936.5859153285755
6819,6721.115282774766
6645,6488.735159971002
6458,6343.301842637854
6263,6114.403182505306
6501,6286.9580768405995
7041,6849.629590299006
7658,7482.833149381182
7645,7463.3696787413855
7557,7262.0172725301245
7755,7540.716557753871
8067,7814.505124325336
8408,8129.022079828253
8030,7552.466470367208
7852,7466.298607191926
7921,7550.841169349497
8330,8234.362354284593
9678,9604.678210540762
9849,9637.068796253978
9695,9485.850764850222
9727,9483.403385577054
9380,9282.807224005945
9015,8895.546875454142
8494,8419.475555948495
8090,7761.941583707219
7668,7291.328868171059
7266,6900.786374291754
6917,6223.594390216975
6770,6187.368589887
6672,5885.509688800777
7030,6583.905435839305
7429,7279.95041672313
8057,7922.143170316667
8315,8174.399836185615
8242,7821.058785706486
8342,8005.691406824738
8640,8261.37787343216
8800,8392.344519845985
8684,8249.879533293402
8450,8065.8140678014715
8275,7948.014953283144
8638,8309.581782646368
9773,9264.775705548695
9733,9222.482509563786
9697,9221.804397757911
9668,9194.692884043421
9434,8834.114622080431
9090,8570.919228801617
8610,8033.391898762139
7989,7496.766836989044
7505,7006.930577082717
7184,6628.708520704235
6914,6302.191398488013
6764,6260.758707053967
6576,5970.7301327766645
6785,6178.415615290516
7260,6915.127345676694
7997,7697.336449857051
8224,7879.773823634632
8087,7738.2499839408365
8255,7897.140156967309
8635,8236.973409278777
8956,8546.006166891271
8556,8248.562151919985
8253,7969.638309225536
8233,8009.128470760976
8692,8469.083579233298
9966,9665.410396339896
9909,9401.103949602566
9731,9395.595029702385
9761,9461.869772956286
9505,9349.654723886099
8966,8822.151943640165
8559,8324.874118601008
8153,7934.834227583768
7496,7197.0758808981445
7143,6718.422384845605
6856,6511.513384052656
6685,6450.365085647442
6609,6306.139435447796
6817,6513.147270839076
7218,6937.2570753502
8048,7942.168531275841
8201,8043.613616379335
8334,8217.908683771313
8388,8220.852871964258
8827,8719.222228736451
9203,9097.590821282447
8699,8612.227454071864
8573,8514.036989923787
8357,8259.41760453199
8740,8646.857954436226
9636,9539.544016572512
10020,9983.323459944831
10074,10035.206696907693
9910,9872.949320343485
9543,9419.631490222491
8974,8897.734107085598
8407,8342.4576867229
7988,7941.712566695858
7442,7280.235292578505
7123,6868.82748084746
6823,6683.086938846
6671,6503.831879330721
6602,6298.214525437247
6781,6613.845517630968
7201,6987.716127581246
8053,7810.700377358169
8421,8187.800881357525
8336,8230.5400537106
8417,8221.904876887995
9003,8835.305817622022
9145,9048.147372648607
8634,8522.868793387335
8473,8350.177844634001
8248,8184.869908614173
8753,8727.337187038756
10083,9944.541891668277
9988,9742.980004640609
9700,9526.837733643722
9625,9388.92559611469
9314,9156.30770007686
8891,8780.949051852036
8332,8198.793303274633
7916,7425.097921818341
7322,6745.6926955976705
7049,6453.180085530894
6834,6146.135091447173
6562,5949.683197364358
6526,6016.1886821095195
6967,6590.1598620372415
7307,6610.56134327198
7838,7285.835392032147
8376,8037.126974850199
8326,7935.210101864728
8398,7818.552087590126
8870,8412.78681331907
8937,8628.111969110278
8835,8471.223617321812
8441,8110.6028046736665
8304,7826.625636173315
8842,8396.953283569957
9911,9358.77524098942
9787,9097.254610292732
9690,9070.808024729737
9537,8887.95775548475
9371,8665.150403046078
8835,8347.175089003375
8236,7521.714298517129
7990,7393.75303076813
7416,6600.593843177024
7029,6190.420840997579
6790,6099.895836710725
6567,5985.968452010512
6439,5754.7685594592685
6555,6041.914310255943
6651,6098.30862444026
7171,6833.0766599949875
7222,6925.708679413705
7079,6898.952031257453
7171,6936.358932583028
7625,7415.897880477187
8004,7761.485536440341
7144,6788.703511841241
6589,6337.219649537135
6514,6319.949585308874
6926,6627.722451135097
8466,8052.679721963487
8342,7990.74666278023
8333,7879.631489907133
8434,8046.126800507393
8401,7952.047975730041
7956,7551.395121199959
7549,7118.301572319566
7202,6990.865113822372
6786,6402.450485111233
6341,5933.812159079893
6033,5671.102777632594
5912,5522.500013969475
5848,5491.888106205483
6038,5750.846548314472
6182,5854.587362364873
6677,6498.573750682912
6645,6580.5285671846195
6602,6484.673561286894
6762,6317.996257914541
7199,6916.296090086719
7563,7320.351519018755
7445,7218.333929593935
6691,6637.440045155881
6421,6367.2622079080775
6706,6617.213062328071
8192,7922.427860093916
8159,7881.2586925476735
8102,7859.296822432896
8097,7887.305425275011
7866,7597.412228701543
7672,7309.355505722282
7296,7077.338189387214
6927,6724.314235201999
6452,6201.796196303152
6169,5893.077797014762
5921,5655.68659196756
5693,5335.327759687828
5635,5311.430342055732
6111,5615.840065387394
6638,6268.3202024298025
7556,7290.69351904959
7877,7753.751891190101
7969,7857.543857857375
8100,7970.0962759224085
8567,8431.187920494589
8770,8642.365731059508
8499,8391.380611190842
8003,7932.153070481117
7908,7800.597927957613
8238,8135.435678438645
9638,9460.671918588125
9648,9431.9899075274
9580,9365.72944909568
9365,9224.806211525458
9116,9055.17758710542
8736,8517.381062031496
8190,8085.34592597338
7683,7530.623005167106
7159,6625.550997363705
6752,6297.149695438542
6490,6014.262797233383
6339,6005.981302897238
6274,6076.158938474606
6509,6310.767158554156
7092,6948.548903798358
8756,8675.08330846707
8176,8104.012066308011
8059,7970.647408762548
8550,8441.16145074396
8756,8640.950294032857
9200,9097.85232336688
8895,8816.807420390629
8432,8376.668639436568
8318,8293.151535406298
8570,8544.377344890945
10111,10075.910926990888
9874,9837.781547373272
9639,9606.429893084283
9616,9585.69293835001
9346,9326.159068155981
8825,8715.648185320595
8232,8136.64473178311
7755,7610.362522495259
7267,7042.7962105134175
6887,6502.330460969629
6624,6387.881509418387
6367,6240.360299444489
6353,6090.142974318484
6765,6497.027374616222
7267,7113.958801521133
8013,7835.137797369038
8347,8280.351177151564
8272,8149.61893595788
8459,8147.559615667581
8790,8604.356399010396
9165,9050.16440841637
8812,8713.576931834794
8498,8432.860771250591
8346,8210.986322208299
8769,8738.002267552378
10180,10038.114221591655
10016,9941.125631000805
9936,9827.873587006265
9758,9618.787166227987
9373,9214.01267069366
8926,8885.33627508744
8443,8379.599710697516
8076,7893.530974927524
7375,6908.640386987277
6996,6608.685321552258
6748,5998.63876953988
6577,6208.476957412733
6533,6197.448656514156
6838,6534.17207403329
7391,7209.444220374352
8237,7985.050026864052
8519,8439.843268885306
8264,8168.308123147914
8495,8380.901876418271
9048,8921.854817255955
9283,9171.341662049945
8858,8757.377122196756
8549,8481.709876271943
8494,8456.481497921639
8597,8263.225192912178
10093,10056.204343010353
9924,9883.739341304128
9838,9800.977423882183
9734,9701.441488978966
9443,9420.26034500777
9025,9014.056991474867
8448,8449.538331711818
8067,8087.663172061071
7491,7464.614303290566
7098,7081.186460808446
6912,6914.280995470191
6667,6669.166676195751
6620,6621.981509658369
6871,6870.694902790908
7492,7476.672291913734
8289,8238.000477561905
8526,8444.53089323333
8463,8365.382369014907
8755,8635.881305622901
9235,9110.988807467704
9544,9429.850616702191
9086,8948.063554510707
8749,8678.311686695142
8560,8522.351181103062
8919,8886.998857323419
10145,10108.07423702891
10061,10019.840636550663
9889,9851.052070728945
9696,9661.733963704797
9542,9516.827151017951
9099,9086.467998103766
8609,8608.668648870356
8094,8113.192663649126
7596,7568.676680046232
7279,7262.134123538961
7063,7055.877752604622
6827,6827.654140760616
6628,6630.146656903352
6836,6836.560691888417
6961,6951.681810056416
7451,7416.11403407131
7457,7396.232878949165
7416,7333.671762235262
7626,7419.239302194859
8173,8021.520634364585
8733,8615.537644652217
7377,7217.50827951131
9635,6855.024407295435
6814,6778.777384192817
7321,7300.184019697801
8694,8659.553384968656
8663,8622.079811720938
8684,8642.952146744967
8677,8634.332875121961
8590,8554.772928299884
8236,8211.101450272132
7477,7472.473945889918
6871,6835.638778350283
6614,6586.819242142229
6411,6394.155276954179
6197,6186.860022827061
6252,6243.214656720692
6681,6669.943338022619
6843,6828.377248509829
7543,7503.070969393568
7689,7640.111674011526
7726,7667.9357309654915
7969,7899.142448758698
8475,8389.562634984899
8843,8757.393629766944
8507,8435.169252053847
8247,8179.434380149853
8335,8305.23637809313
8694,8668.209363932185
9892,9851.886823335859
9910,9870.342079831134
9880,9842.596090083578
9833,9797.025333023259
9435,9409.427857591247
9024,9010.815531613396
7850,7857.3009232137765
8063,8086.133403481454
7476,7448.351487921145
7122,7104.5010466375215
6831,6826.21298597674
6718,6719.193318841327
6565,6565.462242175829
6939,6939.926637713513
7382,7371.790927929653
8133,8099.438111047793
8559,8498.42689770253
8557,8479.611225577099
8748,8651.604432479682
9141,9031.932595934035
9494,9392.6213530626
9027,8940.32610430059
8565,8510.985785184936
8466,8437.538015129143
8881,8851.401663159857
10203,10165.347425759941
9985,9945.652026441821
9958,9919.035661791651
9940,9904.830777463976
9662,9638.137583204421
9148,9143.654800707922
8570,8573.20370287462
8079,8102.388305494331
7624,7605.436909278025
7288,7279.498148740633
6975,6978.254862323989
6844,6855.520404441721
6658,6669.37889058971
6987,6996.400966235338
7313,7314.1781770476
7982,7958.414591051745
8527,8473.192269876277
8375,8301.090993680018
8536,8443.57982565701
9015,8915.280307950032
9225,9100.344032656518
8919,8839.094420405956
8434,8387.424235261198
8301,8278.10456208445
8535,8514.707243755918
9977,9948.976484679937
9985,9953.275180138535
9805,9774.669218125544
9709,9682.252020810483
9428,9412.778142634048
8944,8942.066237968671
8417,8426.75285961625
7913,7940.700690653075
7444,7423.716612654765
7118,7107.0534943596085
6841,6840.992667022158
6703,6710.437358440167
6544,6551.115852114974
6892,6897.582301232895
7312,7306.4879451215675
8121,8085.795006137096
8694,8628.18929210154
8649,8564.521221328065
8799,8694.409818061264
9194,9081.541055142294
9572,9465.184996874035
9027,8868.370642142023
8749,8592.818143340486
8582,8551.183025135178
8941,8913.391324510298
10225,10188.662214819662
10031,9993.494972215634
10031,9994.218475581267
9893,9860.443252110957
9568,9548.161615870236
9145,9138.104124924506
8542,8549.156440538125
8090,8115.3413226826215
7538,7516.985279392255
7248,7235.80971883641
7040,7038.739645920252
6916,6922.203010698218
6680,6686.554449978712
6943,6949.015374769598
7548,7540.369289305939
8384,8342.52355309133
8845,8774.927537495028
8879,8788.389967747951
9044,8941.194685322374
9540,9423.783922293404
9848,9737.16122461408
9300,9210.94655281058
8843,8783.339825367055
8645,8611.802512222792
8943,8916.170876768327
10396,10360.976542647186
10204,10165.892937635865
10078,10043.510262213542
9937,9907.111433794227
9717,9699.030711050036
9041,9036.745196006206
8638,8645.442655359955
8405,8427.442149518714
7652,7629.545506149016
7346,7333.610583011237
7161,7158.033088939742
6926,6930.907433700664
6840,6845.219481971743
7068,7070.880610386826
7657,7646.432100188731
8354,8311.299307183128
9003,8928.76444218127
9025,8929.42974716327
9088,8974.62984498225
9618,9497.4912522781
9978,9860.818193961702
8891,8817.291802781254
8786,8725.841365145418
8786,8753.147717849388
9053,9023.504680058055
10487,10451.346637261511
10411,10372.855882242573
10182,10147.51007300178
10111,10080.277777367613
9793,9775.823319153718
9332,9327.402533179897
8699,8703.279578540663
8208,8130.451902843888
7701,7541.132333174268
7410,7293.703807120369
7152,7047.448587207291
6893,6728.199894439282
6765,6669.312927318274
6844,6781.804347584426
7062,6957.637046951731
7684,7584.9534717849765
7754,7698.233754891922
7805,7723.940781905223
7938,7833.796283145618
8465,8350.573477784385
9033,8920.635227853845
7685,7597.92063445086
7176,7124.4063247246395
7085,7062.180439096015
7461,7439.973111834334
8944,8907.589767790194
8955,8844.427667375265
8978,8866.137365794897
8934,8823.199046338876
8925,8855.040070525676
8582,8556.248808963437
8040,7957.605559834927
7701,7669.492572459322
7141,7075.125042978357
6854,6796.800344001999
6641,6593.896611254568
6434,6360.092572189449
6281,6242.420339435886
6657,6649.562456354179
7139,7122.163937563195
7861,7813.90156866416
8083,8007.307259273729
8077,7980.402148279074
8359,8240.457648668307
8923,8792.547777173411
9368,9248.882861880378
8772,8708.300919893512
8643,8543.02806643691
8343,8271.393750580428
8717,8658.714333486118
10239,10205.136599732414
10262,10223.791140619729
10056,10021.169690340323
9993,9962.151563680902
9706,9686.62205452844
8625,8624.673753851452
8168,8187.865001260392
7601,7575.249238217179
7385,7368.246870767527
7123,7117.78224860585
6791,6795.660671667815
6752,6760.530681410586
7068,7076.242477254615
7373,7375.218932476895
8422,8395.592689814926
8729,8690.496119323756
8896,8843.690025816597
8929,8848.909910063254
9514,9409.72647558442
9648,9542.983196322559
9257,9168.716508508951
8631,8574.950442656518
8436,8380.171856926467
8660,8650.42480799017
10204,10173.633421362669
10180,10143.945877108563
9845,9815.795917185202
9894,9863.443247553714
9669,9647.69356428372
9250,9245.28613590495
8690,8697.297415462652
8039,8066.363332078618
7580,7570.862798584345
7259,6917.594277667162
7010,6681.798385608061
6733,6582.806768671312
6598,6583.118102057199
6936,6920.490868491149
7232,7170.725594956909
8073,7954.90003141677
8690,8660.49128319939
8513,8476.007751737658
8591,8541.378901679745
9084,9022.189156353299
9331,9247.27123535709
9049,8969.394911016556
8558,8509.219030779057
8399,8309.315355295676
8610,8561.176593366357
9482,9464.282158707694
9944,9922.985575191264
9771,9749.10914694214
9763,9743.72381302248
9423,9415.289550345262
8860,8863.209508370446
8312,8328.80280912315
7923,7955.4889457734025
7474,7456.96068845984
7023,6878.7276461354595
6667,6434.942395386382
6550,6291.560005961713
6514,6185.340271327742
6900,6671.669248696718
7323,6980.871654721013
8143,7910.2720700952195
8615,8509.021676116856
8819,8764.476579068678
8896,8828.28179076052
9294,9218.87774734023
9599,9520.933841748883
9110,9044.146230884919
8607,8443.137059486651
8482,8322.853796340636
8628,8545.912425423754
10056,9961.3757424914
9900,9802.402200250584
9883,9786.620844365398
9773,9680.818349642395
9621,9574.21468302329
9015,9016.76912491201
8250,8265.692613732797
7875,7840.088273025738
7818,6965.557757415694
7051,6773.23833245653
6771,6507.023549430044
6479,6222.451896426382
6464,6070.092235248155
6923,6661.26442858353
7468,7363.698008863121
8391,8362.556529777296
8959,8913.485617821298
8922,8864.818963459005
8985,8912.148157921627
9287,9185.082428646843
9548,9447.945813746119
9079,8992.618907874523
8840,8746.518226581815
8472,8443.789799097693
8658,8637.889346437272
10131,10102.719307745389
10109,10076.223080587632
10048,9982.966178049151
9988,9959.747598087273
9669,9653.167000508929
9156,9053.787085966484
8563,8472.933607467268
7966,7858.23188608223
7495,7377.900644556001
7090,6846.784736566106
6820,6487.596859932915
6820,6526.9137663736965
6481,6391.8892469869
6844,6821.047695213244
7371,7368.535750544978
8416,8394.125595075593
8848,8785.879535600852
8967,8879.93511729889
9107,9001.001545245279
9508,9394.909132222048
9766,9652.684105135742
9291,9194.788579148102
8936,8844.558271698192
8574,8544.309529046834
8894,8871.179638788584
10107,9941.352107063618
10090,9954.100894710678
9895,9727.20115575651
9857,9692.975936473016
9680,9560.381045441569
9138,8998.138550085932
8547,8183.5356068503625
8171,7687.917317267722
7619,7225.529695683696
7215,6935.454348569312
6871,6569.566754561154
6686,6359.052453425143
6576,6350.715232587836
6751,6456.602454991989
7090,6853.10661162539
7762,7736.824703247757
8133,8081.455630300885
8124,8045.084266245625
8120,8021.163121739638
8731,8549.112170992215
9230,9015.330201919325
8021,7800.399151159679
7480,7121.984197143089
7265,7071.9815536195465
7569,7485.327739914599
8919,8586.638168521298
9140,8731.429896583471
9168,8655.046583892436
9110,8631.665298921747
8905,8470.689479587763
8595,8069.387387724168
8106,7623.856684018608
7648,6876.048957502079
7062,6188.3626839383405
6700,5803.363112983842
6370,5485.040915831182
6266,5421.420890807448
6149,5441.11968707446
6518,5875.909125770677
6800,6113.653647426324
7709,6956.874608966689
8197,7686.975051181986
8193,7972.822650794538
8165,7995.163370982273
8712,8573.100917780986
9219,9113.734104502215
8757,8667.905495926163
8077,8034.73103019394
7633,7448.233363177164
7805,7556.747389493188
8828,8369.065204698649
9113,8784.571203173951
9001,8637.969456357518
8854,8528.510386450678
8843,8524.308278883342
8335,7891.36396747332
7702,7169.096952792079
7195,6818.771868276415
6578,5815.491081306949
6284,5496.731517604938
6000,5223.143083558934
5756,4951.994860395751
5740,5002.366360646345
5808,4900.524657294919
5639,4692.203132222605
6139,5303.197766631359
6132,5511.704332217075
5877,5305.937420933729
5813,5258.574403741803
5979,5512.714365580488
6791,6353.590642465573
6500,6145.662719126117
5497,5250.2410364865445
5192,5012.396244992127
5500,5322.5681686351545
7175,6599.694674718825
7445,6756.428085458929
7468,6947.1515849352345
7458,7071.3129535280905
7367,6920.545166281643
7012,5896.582417560865
6322,5287.527251016199
5916,4763.014670352941
5511,4449.971813313687
5300,4347.012070542556
5075,4200.26295520909
4997,3922.3039097159062
5004,3927.7944492467236
5479,4504.772792520722
6214,5636.234026936742
7264,6693.816247385433
8292,7746.670222254568
8290,8100.894487626866
8283,7976.7164197091615
8810,8283.173547674143
9187,8510.880139500245
8632,8048.184127297868
8303,7893.226595709483
8016,7501.641229738014
8088,7615.168397156091
9440,8994.724067634934
9566,9151.503488755252
9501,9021.53092709567
9391,8915.741743655408
9199,8599.672651179828
8714,8199.050590530322
8044,7341.401206479075
7500,6614.159068637805
7082,6182.0862071750325
6784,5962.393051113639
6439,5835.098324712753
6332,5565.701876122996
6272,5572.765784576894
6713,5634.579248178152
7331,6477.638542937409
8217,7571.781673232924
8718,8297.355871694761
8849,8486.394280077107
8770,8430.563558153332
9189,8603.32206208097
9324,8498.667160040697
9028,8549.28294077983
8496,7973.43516202062
8222,7585.788517948122
8529,8033.819922448
9698,9094.718537364424
9746,9070.677441021608
9759,9016.550183419575
9640,8797.571230690344
9434,8842.591742601211
8939,8259.714261200326
8287,7621.970842390228
7822,7004.048660857419
7374,6303.756782806288
6975,6290.228567227091
6660,6091.000237066225
6542,6114.919716836267
6495,6099.61138247212
6720,6323.171500862697
7290,6982.177171192866
8425,8190.692947181359
8776,8560.155119299483
8681,8492.409734034447
8849,8714.152733674184
9280,9178.275156277563
9516,9412.046637248726
9010,8813.243972189106
8726,8548.912024083718
8493,8300.25959807546
8670,8412.64622695228
10077,9640.322720390057
10086,9611.59155320062
9972,9601.340149661337
9509,9145.24787728667
9616,9159.8455243516
9087,8779.79751276711
8589,8192.134720268234
8065,7518.694346125582
7622,6684.445680132477
7202,6480.033692346415
6895,6219.203373827998
6716,5775.756332702752
6734,5757.388074074181
7086,6004.880600848381
7390,6364.211981558557
8563,7748.859268875103
8977,8150.291354476249
9112,8172.312690916695
9187,7932.887031709883
9530,8435.767419921685
9833,9388.846697897276
9351,8544.290234216063
8992,8514.135887320324
8703,8410.308648557024
8945,8754.713442594617
10017,9787.55878198956
10280,9909.822952453484
10039,9400.507943661863
9949,9414.86567672651
9716,9329.229820363804
9308,8933.298890544025
8694,8025.7460822125495
8305,7584.896727643427
7638,6701.605015728666
7272,6723.681216226557
6987,6518.834870966848
6773,5833.609163507683
6656,5989.187154647878
6950,6384.410371060534
6964,6356.571095100324
7564,7415.270250351099
7940,7674.8584914749845
8118,8012.442099424948
8295,8206.353244114664
8852,8686.602510622815
9589,9355.40615789801
8111,7858.414562504079
7545,7216.6575266784685
7162,6950.376205596341
7539,7325.396979739857
8898,8499.269287225878
9065,8624.938146551656
9064,8495.09072540028
9084,8574.300982454504
8889,8387.301842406672
8498,7837.779646101271
7865,7317.948049255867
7396,6765.108008389203
6889,6156.912639678671
6575,6192.594542028082
6358,5782.215076369885
6167,5766.53160080826
6118,5784.394747057086
6588,6082.921514214793
6991,6749.423734365962
7686,7390.467659531486
8392,8112.905785311901
8401,8144.621017172989
8510,8341.069372833941
8914,8836.128804864604
9247,9177.777924788117
9101,9039.59273959626
8702,8597.764016963683
8323,8237.448132831318
8807,8719.38227582675
1005,9862.545670075237
10286,10085.947453109868
10189,9873.098665645315
10126,9780.427274594018
9926,9761.321995513079
9152,8868.084731833362
8486,8387.89191181644
8172,7956.289647000785
7532,7201.258507822446
7159,6907.539377713813
6910,6842.140176001179
6672,6611.094124102745
6652,6657.687957315927
7100,7102.447762071102
7685,7677.83486380047
8755,8722.095644497584
9202,9155.286606893897
9337,9281.187396112211
9443,9374.538482883117
9557,9480.419674095918
9611,9529.709997424361
9622,9541.345795184174
9327,9274.943245460754
8872,8843.309680789627
9155,9167.641466054218
9989,9971.432049779707
10209,10186.778350600971
10437,10412.476383627216
10289,10267.754053910858
10004,9997.626737796294
9560,9567.942521537212
8793,8779.41799344205
8203,8176.118820959279
7436,7201.796288852316
7177,7053.516346535527
7010,6863.273660677913
6807,6734.063325466309
6722,6750.972710826012
7158,7181.500773005751
7709,7718.852657242174
8619,8606.72328579551
9018,8994.245019425423
9162,9125.52384709728
9211,9169.585352211096
9335,9288.995878743674
9445,9393.976093759335
9407,9353.671071038036
9338,9305.01999228889
8795,8778.943701177905
8972,8965.815522733792
10078,10064.365004265535
10368,10346.831334623661
10262,10240.859037054955
10077,10059.662123562961
9838,9831.205776311908
9230,9238.756069953024
8647,8669.908750934035
8260,8302.347070076405
7647,7642.691308685742
7314,7318.566478763765
7160,7174.949824896508
6849,6872.346111414349
6811,6832.80693496673
7221,7238.1678138044135
7848,7853.80824984044
8867,8848.261454392376
9238,9296.146328198975
9370,9343.960695499487
9630,9576.721077622426
9800,9746.704114511462
10070,10019.014993629935
9789,9732.673259641528
9364,9331.88292531509
8916,8905.649639607724
9207,9203.699201283564
10212,10195.940713677148
10517,10500.710878279275
10354,10339.484125266676
10388,10376.351543321838
10086,10086.507700110735
9357,9371.383678616532
8823,8850.462251255267
8240,8252.30413849086
7665,7597.253707751972
7345,7150.002994710162
7062,6743.67337180946
6834,6658.825130712207
6792,6717.184041680818
7102,7091.59544173114
7878,7885.713719301629
8749,8735.572690787221
9362,9331.530049638273
9294,9252.432674350946
9477,9424.764104001479
9843,9770.631365045558
10047,9971.600246261543
9691,9560.061494144255
9351,9140.116067697061
8993,8871.367683984663
9166,9118.178983057103
10190,10102.92935141498
10501,10477.840191075302
10515,10489.940715351191
10401,10379.408640949321
10138,10096.21318960956
9485,9423.39148138586
8765,8548.030564178505
8231,8033.113868633461
7713,7502.157067893474
7330,6925.199973556018
7021,6731.914473168501
6891,6505.1848842266745
6736,6247.531681919316
7174,6611.516915780008
7976,7703.644775537703
8754,8558.60870964313
9512,9437.917891501236
9454,9399.19679848554
9459,9391.451186130997
9935,9842.101755124984
10200,10110.927089370918
9950,9874.383642801102
9580,9438.302491583565
9235,9180.571943794324
9574,9384.908703312076
10544,10383.479286475158
10507,10378.79042508357
10294,10167.974880480604
10305,10216.327619302105
9937,9828.136267613652
9519,9424.4147757412
8810,8627.33539867814
8447,8281.339968043505
7933,7716.857194888318
7468,7130.711624884035
7248,6412.267219742955
7015,6560.849207578078
6937,6345.497734703985
7203,6845.335894976687
7307,7045.6760617093505
8189,8071.336672886389
8434,8297.700634774581
8599,8539.002864474229
8556,8435.35116803576
9087,8817.402894089735
9620,9450.859530176063
8586,8370.58472093547
7712,7601.20503352778
7392,7308.68581937116
7737,7387.511117242588
8997,8774.59666219227
9530,9298.853033679548
9495,9191.580944548508
9502,9200.878999966953
9339,9114.988030574703
9031,8613.386764460141
8460,7920.945405542823
7930,7540.14886399898
7314,6924.808827197508
6959,6409.742207708064
6729,6327.01957812988
6579,6148.904807333487
6485,6257.2735151689685
6832,6706.045310434622
7349,7280.071905162548
8092,8067.710666515809
8750,8717.838975181912
9100,9058.21796803437
9140,8933.400098804615
9380,9095.523543094532
9550,9365.98199714945
9640,9508.182067849073
9225,9118.40224989899
8940,8749.726352984653
8990,8908.328066141814
10080,10009.344676414608
10550,10485.826414904961
10560,10494.710563062368
10440,10407.676635566362
9990,9995.845645308818
9700,9711.303937456509
9200,9220.819782019003
8590,8595.962671643038
8094,7848.391814176543
7419,7119.20557601244
7213,6858.052238512697
6960,6579.034710959204
6956,6574.005699765428
7394,7110.5420580193995
8071,7841.761601289536
8750,8577.161552917118
9100,9092.659426256267
9400,9382.251517623663
9650,9627.761669434522
9900,9877.675028021622
10200,10169.41370178086
9800,9765.376856275387
9400,9373.231801337704
9187,9139.344565982597
9330,9287.382341245197
10500,10498.188399609797
10700,10694.041494493355
10550,10539.57371170521
10276,10263.15191251392
10190,10186.738544141017
9645,9654.00233581792
8957,8877.688223858688
8324,8229.506985946382
7749,7615.45732178208
7340,7115.686234712327
7155,6907.453389903603
6937,6662.270827520163
6942,6494.536280016908
7311,6687.419847958911
8092,7623.426448077949
8748,8326.428781028675
9400,9210.773530286155
9450,9313.289459969674
9750,9564.99516645446
10000,9801.53601721664
10140,9989.923866378138
9680,9397.46254494289
9370,9189.448765086086
9088,8932.441628479666
9067,8923.69234239019
10118,9972.78209056631
10616,10565.994007449091
10555,10503.878674313488
10540,10525.096228841234
10202,10199.022233509282
9543,9525.09164579544
9014,8837.528796295228
8232,8041.198992938877
7786,7413.402526458726
7294,7034.330950991669
7001,6720.190275147354
6886,6643.710912030209
6763,6621.995317362675
7067,7057.32436530723
7837,7847.927834198316
8950,8943.002830635987
9300,9275.37223405105
9350,9290.736975989303
9525,9440.730746731066
9975,9885.643091608603
10200,10112.207266165145
9980,9904.930813168867
9670,9621.57795585084
9164,9142.980137635062
9282,9269.611967885969
10340,10291.18516994492
10713,10656.152428207344
10589,10565.750781463394
10565,10545.392175870453
10275,10235.09116222298
9873,9879.634204641274
8597,8596.854751462788
7854,7608.696062592442
7502,7266.013709468774
7208,6987.5654875422615
7023,7048.15706706791
6840,6528.22894761777
7210,6898.128342109486
8033,7978.932046224887
9050,9007.979017272066
9450,9426.755714676503
9700,9650.9226920236
9788,9720.170386679461
10009,9798.20100446748
10337,9679.951172850462
9900,9736.956385903255
9300,9265.730785401505
9278,9320.894722640607
9497,9459.215860927561
10400,10392.756658132637
10455,9719.555960902546
10450,9955.173931427173
10364,10108.374976335617
10156,9433.742704685546
9653,9282.139541210621
8985,8325.474273967531
8410,7602.416411981949
7647,7339.150274189564
7233,6357.516493808768
7113,6587.460591081797
6975,6660.224768780512
6843,6222.006019591876
7249,7132.481621650855
7962,7658.103462237046
8832,8742.332895334484
9350,9289.944209041176
9700,9547.088211269873
9800,9557.959626647938
10200,10111.654725607448
10300,10218.090162188648
10000,9829.314419271926
9600,9454.329972583328
9354,9189.814047133086
9378,9289.704384416053
10450,10259.765015078636
10692,10631.032243614563
10375,10350.703089906365
10331,10309.830696408691
10159,10149.051950801335
9624,9629.088961732657
9040,9058.73725134884
8329,8267.537327899794
8114,8037.050772741288
7624,7591.640778195931
7353,7367.21112542814
7173,7194.485191383115
7047,7068.988079329682
7240,7224.863828264957
7579,7587.253927079621
8209,8201.197440873133
8485,8450.035812104194
8381,8327.240708505507
8430,8350.650489542279
9186,8987.54294280401
9831,9483.452392552765
8340,7915.413823733143
7500,6946.178340163909
7281,6959.971871670335
7510,7330.596876804214
8557,8438.420304107787
9061,8730.678315889854
9227,8889.40293666155
9164,8962.045754750281
9141,8912.956084019635
8765,8649.802069703066
8193,8056.735199361741
7818,7661.857472198999
7181,6959.835117293519
6852,6572.888017540119
6568,6061.301135558151
6494,5481.2939190028565
6284,5510.084402494516
6640,5966.325489960065
7418,6967.12634586954
8198,7888.965449823263
8829,8634.732348425518
8770,8705.501603248214
8850,8722.52492193492
9230,9011.16088858591
9550,9272.616250315918
9250,8884.065500157209
8950,8480.588488423518
8500,8132.706816823858
8630,8382.171551440691
9920,9766.462058852514
10250,9953.339078547784
10288,9886.455963921364
10213,9847.677513733277
9906,9451.78778336915
9490,9017.898308485092
8804,8306.70927911513
8282,7670.3772528746695
7791,6929.042855733238
7470,6515.932622937134
7248,6168.734366750161
7077,6176.243051842048
6939,5937.409144637674
7348,6375.7805221262415
8060,7070.79971674212
9060,8417.065434415976
9550,9231.57639126349
9460,9254.784409937056
9625,9474.064087626772
10000,9518.03373648131
10260,9849.946365779268
9750,9186.608230662321
9435,9074.58068102379
8965,8674.5451982326
9100,8785.642791119546
10281,9823.079608403063
10580,9878.765057775823
10435,9801.029583138974
10381,9614.85943864624
10029,9206.438571630864
9454,8681.178264269147
8876,8321.67519861115
8481,8012.355905112397
7848,7305.024161247582
7459,6517.885625965072
7257,6565.19915611303
7033,6485.155041628592
7013,6531.813587343401
7391,7040.905273561961
8039,7739.745667819518
9110,8777.230177939919
9565,9409.084831197883
9361,9182.955270457318
9491,9372.278249555455
9954,9848.716597667517
10233,10131.113046550212
9806,9655.249800546984
9470,9316.446738661554
9000,8743.209301615187
9264,9118.82483421348
10425,10342.710646783486
10717,10663.10175271233
10534,10378.179193356456
10423,10238.45971280895
10177,10004.647338068846
9512,9320.28164459096
8957,8675.621473112773
8461,8133.725631592958
7863,7389.31129708343
7579,7079.777422922879
7299,6947.660680250021
7126,6440.806522395251
7021,6334.866452319423
7475,6885.300913954514
8300,7724.32230374614
9225,8618.65867482191
9628,9209.342629022587
9725,9588.522091705243
9820,9634.901242002354
10100,9839.30216884669
10400,10141.871827671617
9960,9820.461392661244
9550,9509.498610691939
8973,8825.028185949359
9344,9201.960065084917
10215,9969.018090628302
10715,10630.050775763826
10485,10432.877109336012
10332,10318.092369694816
10063,10061.637315884562
9540,9383.861235012084
9040,8860.680631525609
8560,8400.41612559558
8007,7800.099729673204
7729,7566.338683999926
7380,7365.697548016184
7152,7179.821225545241
7119,7145.016741555591
7511,7531.352716869627
8252,8255.37650903964
9250,9226.78535157849
9800,9690.457768156451
9800,9754.180414027502
9900,9829.231404135136
10300,10216.821629427002
10500,10436.078069443844
9960,9906.785121345083
9660,9623.307332794946
9350,9272.017155041585
9530,9523.165200283729
10410,10398.765436291953
10704,10653.076750080625
10530,10480.391264173573
10347,10268.162252168378
10205,10205.534415649414
9682,9694.86726413995
8955,8981.347192784027
8579,8622.634535119789
7744,7739.672794314929
7525,7530.866108008953
7223,7241.247647660849
7009,7032.713453694021
6958,6980.617755422692
7430,7446.852429513513
8270,8267.719126893258
8840,8811.175937984011
9490,9439.567979046342
9640,9564.59029995873
9730,9631.760214792735
10260,10161.702150839255
10500,10149.236875379196
10200,10063.795737213943
9800,9766.06915912922
9400,9378.203268811652
9630,9614.405521918565
10170,10152.41093864895
10424,10402.082993148644
10247,10226.898750352319
10229,10108.73005962688
10119,10043.130031913026
9590,9391.066013207837
9004,9021.212347869445
8707,8743.509816486876
8091,8078.920104528161
7732,7732.40369932153
7516,7527.856825863185
7194,7214.563846311575
7025,7045.53161980203
7361,7376.453444517005
7619,7627.193729543109
8410,8363.223028214386
8860,8820.592881736908
8750,8687.580416483543
8740,8621.674757218183
9290,8954.602288490436
9660,9565.743856876972
8400,8328.849966467822
7930,7890.660651775138
7567,7549.825105125962
7700,7692.154704032095
8816,8800.94378997463
9283,9259.5471854698
9311,9283.421873662479
9303,9274.044563926282
9283,9261.387037424978
8868,8857.767891624366
8319,8317.983133614911
7930,7945.380499668303
7337,7318.407862090716
6979,6970.7739570468675
6783,6786.635399191793
6609,6618.20879592662
6526,6533.422429582609
6939,6944.069826820193
7515,7505.869043021708
8500,8461.603371457364
8815,8748.344560862235
8986,8890.213956599888
9124,8937.52295088722
9562,9443.310670591982
9689,9473.985994289103
9415,9143.04526212858
8835,8698.764642895865
8780,8610.67965403384
8780,8661.528715784363
9649,9568.152149198837
10550,10492.21577497524
10407,10381.204586273541
10308,10285.283844309539
10025,10013.646095558319
9588,9590.828527457714
8918,8934.288728292671
8461,8496.92730134528
7924,7879.855590523981
7496,7497.245464259453
7277,7290.384899353901
7085,7105.380591264854
7008,7027.624797168194
7307,7324.8001996980165
8049,8048.196943612633
9000,8969.337646802001
9300,9242.714351207733
9220,9138.057727297752
9380,9279.295353335832
9750,9642.753974746223
9980,9773.866756102507
9700,9471.597179807814
9370,9242.808586324532
8870,8777.9737971486
8870,8864.538357006828
9720,9711.172737371708
10425,10407.295260910832
10350,10329.026012750672
10278,10259.532492234792
10089,10080.854710801257
9645,9651.863705769953
9010,9029.227856846526
8495,8531.193783919167
7895,7890.799697889569
7584,7590.378543664911
7336,7353.141593613606
7126,7150.440613446309
7082,7106.657083757038
7557,7574.739294898287
8350,8351.579355324613
9232,9210.839371220012
9440,9339.883846885718
9700,9649.111652263053
9800,9715.36992145372
10150,10066.903464978644
10250,10102.20527657094
9900,9699.439618717093
9650,9341.372053555351
9370,9284.353254456726
9240,9033.355318560096
10260,10081.3297773674
10600,10561.89590053289
10550,10539.07613291523
10465,10454.062551537761
10255,10254.802391923187
9690,9703.723115038423
9196,9221.095318641073
8701,8745.173842099523
8003,8001.197611952615
7590,7599.399232573529
7319,7340.407116012152
7120,7148.677060865426
6988,7015.237186943437
7305,7327.081435120834
8197,8202.953626474851
8900,8885.644466935502
9550,9426.322241948496
9550,9509.436212983452
9650,9577.814678399884
9900,9844.71421157434
10450,10395.154441800676
9800,9671.943250476275
9530,9483.283761433635
9445,9389.875839721728
9490,9478.558108276426
10265,10252.372486188195
10888,10866.186875479334
10656,10633.483701553068
10309,10293.035707619478
10232,10227.094273345114
9723,9730.283499939105
9108,9127.06373814673
8816,8853.727408449757
8269,8259.884518954988
7881,7881.877598047009
7537,7517.32307918298
7321,7242.369762530655
7294,7317.552459651496
7649,7665.541545958438
8590,8590.7582542114
9380,9312.377000278542
9800,9726.247786830601
9800,9729.049678900796
10000,9879.093525050794
10400,10299.521160806542
10450,10360.968275102667
9900,9707.898901405895
9830,9767.558722804471
8470,8452.146842043223
8800,8798.52502881441
10290,10144.406716866193
10980,10856.986308319005
10820,10698.933237377729
10550,10501.341632261616
10500,10359.688083619356
9780,9655.42659630736
9130,9018.708853974025
8697,8394.252072359957
8119,7634.436806515767
7717,7345.632051594239
7436,6838.378968870247
7425,6798.380138964771
7297,6600.8754557019
7623,7091.034393053533
8615,8097.135280601338
9590,9234.162040771735
10000,9770.87121829317
9850,9528.544287688517
10000,9355.909877097101
10400,9850.844587104184
10490,10047.609678416447
9950,9454.05561657256
9920,9417.603912352275
9530,9060.301989065796
9440,9019.775270887198
10250,9829.08534872936
10850,10490.297753881863
10540,10147.674513145741
10370,10048.710327605198
10125,9748.245909236433
9640,9380.203000647867
8938,8720.345297633658
8688,8248.771242954497
8077,7285.0521762175
7629,6474.181678535594
7471,6427.579803380145
7241,5966.944437775945
7165,5719.395810048872
7302,5853.272008978131
7735,6272.1872990769625
8290,6930.148895673898
8418,7405.635018098238
8386,7590.362059586767
8534,7614.5765626005
9108,8037.914838329467
9670,8631.809266257338
8040,7334.339644188274
7700,6728.972043011459
7503,6352.810467973427
7546,6580.898279211286
8558,7448.923397454145
9345,8227.49189744084
9268,8043.69196032416
9227,8072.073986009854
9179,8678.630078110447
8816,8429.31710071018
8322,8011.647994704621
7826,7363.160651837051
7469,6801.945965045534
6992,6233.060724498961
6849,6168.579743297226
6702,6367.2429857161005
6604,6200.218228370642
7032,6693.278804948984
7908,7447.294791620403
8679,8185.380328594555
9100,8849.625530550265
8946,8678.791622141076
9160,8837.906287189562
9455,9089.12875734374
9945,9609.297406205815
9624,9383.398035046248
9037,8661.311234318122
8827,8518.60125512935
8858,8535.82391869916
9797,9596.482811388969
10645,10418.815487471898
10480,10218.162336629883
10290,10066.054021406313
10155,10111.545592475293
9600,9503.358520020516
9000,8883.497252091001
8638,8469.205299890018
8122,7736.625819332249
7651,7140.713375377576
7370,6839.343935629298
7202,6542.837589031636
7140,6550.563367937603
7468,6835.499856049006
8470,8025.518131857289
9400,9020.61270681677
9700,9498.434638026385
9550,9430.089214381418
9770,9665.287820835561
10150,10037.888938032671
10440,10331.454317821595
9945,9853.859829681121
9705,9404.018864902882
9295,9032.358486033656
9310,8995.530516793295
10110,9897.837216045133
10740,10691.866462683953
10445,10397.299836627431
10360,10349.099747439335
10210,10209.92256600317
9650,9664.659276586648
9030,9056.63546686049
8750,8790.207213613534
8173,8172.300104578317
7749,7760.201315422024
7445,7366.921638783755
7211,6935.360798064941
7115,6806.3453604956685
7434,7015.440626013482
8330,7893.58238222557
9350,8909.390195922933
9760,9564.443259686303
9655,8970.390367331172
9827,9724.12170928335
10150,9835.427029541479
10300,9987.941306679346
9875,9510.122170897543
9600,9304.841481192976
9200,8973.046281634615
9200,9070.912630648692
9930,9587.218310268163
10900,10550.732723784142
10760,10340.149987850868
10520,9967.39196348612
10260,9719.714231305956
9750,9190.757693266438
9075,8458.105562320889
8760,8124.6617703835645
8098,7312.287135959693
7763,6750.6691008029065
7505,6503.913299928953
7332,6372.962000874295
7288,6124.279249148613
7662,6696.349968238158
8500,7584.544903406987
9410,8421.981195514876
9850,9482.919514813037
9920,9732.948084727166
10215,10115.048023256315
10407,10157.684954827375
10635,10223.323195445777
10240,9778.323717015333
9980,6122.664785158262
9670,9340.879545182113
9570,9298.296803191542
10275,9794.397538438767
10930,10308.128040623953
10770,10113.232852832749
10630,9773.72245854818
10400,9180.426415781654
9970,9103.150988248957
9330,8680.168301137446
8830,8298.777638671618
8304,7725.093187907169
7644,6845.975480108696
7431,6983.714107934426
7460,6775.653581707247
7733,7013.403906745426
8575,8011.740398111128
9500,8937.388156032117
9900,9223.68923457591
9950,9675.108813939009
10050,9694.033086114236
10570,10004.151905189818
10770,10381.143537292073
10290,9982.76404947978
10100,9790.961277046923
9790,9407.348490902215
9560,8951.131110533695
10300,9656.87212736021
11043,10555.667566564818
10836,10279.586862104392
10797,10208.645961742304
10488,9979.067759832778
9895,9464.863522300104
9290,8975.793017406093
8915,8546.678265174982
8420,8140.379502461246
8046,7437.83049332435
7770,7139.801296467342
7604,6810.55622144917
7492,6494.666522629457
7853,6577.106276831127
9050,8266.907521525125
9603,9211.804732746774
10020,9830.796958949535
10250,10108.480472372215
10480,10347.651207532257
10980,10393.844233087058
11095,10414.63760085086
10640,9875.193750848735
10315,9543.386137731684
10000,9427.409061805996
9820,9506.175736672592
10320,9940.036453167046
11040,10043.468220852787
10580,9416.867535126003
10590,9529.419868701372
10560,9441.814681906904
9960,8784.22808380475
9500,8812.579373842776
9100,8394.47122477448
8721,7487.886232866921
8282,6991.363325024118
8042,6728.883381812572
7776,6913.433780891337
7699,6666.673089053547
7989,7018.109576872911
6950,6288.971155857456
7410,6662.013968911185
8700,8202.493280228176
9100,8627.239608716163
9450,8915.047204876246
9800,9391.87598564129
10200,9893.185059564388
9000,8575.046626541225
8665,8275.279718736367
8430,8167.682894819386
8360,8081.92618011227
9000,8550.079287618422
9850,9326.499697582518
9925,9462.736280875164
9840,9512.428604929553
9760,9655.20279265348
9330,9123.963351695731
9330,8920.530346424493
8330,8362.395569880722
8165,8014.0261428203485
7747,7638.38151927941
7602,7367.8862614275195
7324,7096.409764792015
7228,7000.081133622412
7635,7451.427611090929
8410,8044.390022224846
9350,8944.406004974693
9400,9243.616550133409
9370,9152.45375629697
9700,9289.420152164905
10050,9766.70618145579
10300,10027.074504770928
9930,9602.145602808103
9630,9507.173563032857
9500,9378.253324546018
9300,9229.160770557519
10330,10088.876573555039
11275,10991.159098122487
11070,10684.730986271381
10930,10719.13962671535
10670,10675.155653729633
10240,10255.012570259725
9530,9530.462454955936
9055,9070.308185194144
8545,8546.053461474261
8150,8092.55578215682
7940,7962.355445564847
7720,7614.004935902623
7660,7519.649147547052
7800,7656.6423232346115
8560,8469.698324606603
9600,9547.674278146103
10150,10006.382305360963
10000,9932.387612041339
10400,10246.331503368987
10800,10597.5973896613
10825,10535.449925538498
10400,9651.985815692067
10150,9418.993631346822
9875,9378.31861212308
9600,9395.699626155736
10600,10395.683102491616
11350,11037.763657772986
11140,10826.460981127342
11025,10612.786244151743
10793,10594.380304607152
10000,9987.59057119838
9620,9652.985616524657
9130,9180.70469977206
8700,8639.31286032122
8265,8076.919837382408
7988,7778.492854747738
7720,7552.236483913054
7644,7408.959781399415
7970,7765.781482861461
8950,8554.516065836266
9750,9294.7934371656
10150,10110.630643512835
10200,10130.740376330521
10500,10340.845584909153
10900,10260.40384815796
10920,10460.17590202935
10700,10052.805238401092
10340,10304.054449133535
10150,10140.943619466012
10000,10002.883309233002
10650,10656.197715936723
11600,11336.55549301322
11450,11241.847472104382
11240,11071.254759003448
10916,10830.671980263396
10400,10294.884813815173
9770,9675.600479526393
9330,9386.913186439298
8900,8907.217949311987
8270,8287.1166214328
8050,8047.634795194625
7763,7700.026704523228
7785,7823.946017423366
8260,8291.926354209165
9050,9066.109876332486
9900,9892.040104976448
10200,10107.873832393114
10300,10260.393840661
10550,10494.263005315537
10870,10796.691598540927
10000,9942.7315722702
10360,10279.45278384345
10100,10084.585522648515
9950,9960.10759045927
10100,10114.213258777949
10763,10763.99942715644
11600,11592.349616409556
11364,11356.502432790105
11247,11243.186807600101
10800,10807.540398622841
10200,10224.270880481228
9844,9877.165244611951
9345,9392.898153149294
8855,8857.484683334218
8399,8412.507825663897
8083,8110.382182893098
7855,7889.258318935679
7627,7625.884725090818
7759,7791.045550432595
8118,7866.966982296417
8924,8645.515709763866
8870,8677.01127020224
8887,8846.746015903082
9220,9135.696867848026
9810,9755.288418562306
10042,9885.460701215045
9826,9551.850944418919
9197,8808.043299640045
8492,8100.452928885598
8407,7829.255713744983
8907,8503.155383541105
9940,9489.54280122915
9893,9435.135185049265
9786,9500.70412806707
9828,9823.50780024515
9616,9616.298275010138
8941,8953.591901872089
8777,8803.287251645155
8179,7918.207530486335
7922,7636.375592610458
7624,7350.322321662219
7429,7095.235405584486
7368,6932.669446243325
7522,7121.239836888634
8250,7868.34479183737
9160,8758.293199434067
9245,9073.627260426883
9289,8996.808101386998
9589,9111.59856475365
10067,9689.404264072591
10307,9863.068140009802
10027,9495.955920946313
9793,9429.033317237589
9199,8858.340329470397
8707,8290.700199912639
9429,8877.810492611174
10474,10222.140095902483
10598,10306.739036566638
10495,10272.548296370775
10270,9989.477874699282
9893,9486.408784664261
8869,8748.753558954088
8488,8251.38914620319
7699,7448.428228579069
7397,7362.287712393098
7332,7239.567720199406
7251,7195.957091135994
7210,6950.081818696434
7450,7153.6639766989865
7697,7387.576832683
8307,7975.908417731598
8595,8404.225461079985
8616,8552.53326708106
8978,8582.282150468538
9346,8949.306472503795
9743,9404.096595561332
8614,8323.193378712323
8234,7930.48992188889
8030,7829.83647216288
7902,7889.440859863564
8569,8457.605497149452
9893,9832.446359648158
9616,9584.117673481323
9492,9428.65635357876
9472,9449.531594571796
9288,9275.45619895008
8809,8806.618167461791
8561,8575.626780928147
8090,8069.478401527287
7635,7625.144733113888
7432,7432.610350413617
7281,7287.220676360854
7133,7140.208893800711
7351,7359.990491162987
8017,8011.4598426917155
8850,8813.699925407413
9210,9145.514990725422
8896,8804.1146770454
9402,9220.868048096594
9774,9553.643514215626
10155,9914.054305856414
10129,9953.647788322769
9777,9570.56287723393
9478,9306.653101777316
9451,9442.309713394186
10223,10006.069710140979
11132,11011.564828994276
10845,10724.687959508254
10756,10673.596446499465
10642,10637.038026021994
10244,10182.227086301806
9692,9539.997768496873
9211,9179.651656894292
8815,8736.454451990314
8313,8312.954444140043
7852,7867.508088246141
7678,7702.164505001183
7480,7506.850564292281
7439,7466.323085665444
7867,7885.280176718796
8670,8663.376757514283
9135,9111.82127298442
9374,9331.455833380163
9725,9653.747946869193
10066,9962.082490925144
10211,10110.814007241026
9987,9904.884019249466
9712,9668.519231567563
8626,8614.245611124108
9081,9076.67524295635
9657,9482.9058838106
10307,10061.682118187757
9912,9665.005555239335
9598,9423.030371851233
9019,8653.26282576921
8759,8335.041860621943
8293,8013.813368942018
7825,7696.973551713153
7315,7249.096862135036
6883,6827.698768294929
6745,6630.523290273166
6657,6446.073276202194
6606,6395.516678305403
6491,6010.32217990951
6611,6151.645039342148
7211,6851.268024609526
7717,7521.044817737884
7716,7536.188620789149
7891,7612.145046519427
8230,7959.840948040708
8789,8490.681461333093
8615,8307.3425241048
8307,8204.661416233548
7848,7776.849243089941
7927,7806.44547810894
8700,8474.26210012392
9551,9522.220052133063
9419,9388.738324937589
9309,9285.310598429403
9326,8731.079967399244
9175,8519.141773067173
8645,7557.581659322392
8437,7194.943323163495
7840,6483.014336226585
7593,6517.1122873544
7347,6111.979195070653
7213,5745.982852829485
7118,6062.586390639964
7525,6982.026365271698
8304,7916.770887267142
9356,8621.180788314075
9688,8930.44430310294
9787,9409.04865214809
10132,9739.742376594655
10663,9948.681758746368
10628,9876.258429101787
10260,9530.16423117237
1000,9294.587830980989
9560,8909.274052894967
9615,9079.77696197133
10130,9124.206436566907
11075,9655.97386767482
10970,9619.310314552691
10760,9311.39747812772
10396,9196.75495509844
9755,8534.925081894457
9345,8340.228071724432
8971,7915.534709390495
8514,7750.495891070241
8175,7148.548090499537
7933,7156.494446590294
7735,7341.5554841924695
7604,6904.145620570618
7950,7177.572656629268
8709,8224.26405855103
9690,9130.550839013105
10110,9827.118361957924
10137,9790.406051724653
10505,10061.032427973774
10874,10320.568506867543
11112,10527.081073031852
10565,10379.181083336716
10400,10261.334645766448
9944,9770.942198398567
9834,9447.784995503074
10537,10120.875563073929
11424,11102.996017077618
11275,11123.190940574805
11027,10948.82194920935
10777,10781.41184592199
10328,10342.743824293568
9769,9727.234228173636
9408,9451.761673505507
8900,8895.46822565651
8512,8517.840918922822
8248,8266.987866405978
8130,7917.933711329907
7937,7384.763341935046
8189,7633.143987748869
8956,8244.178266571565
9960,9510.898241581239
10250,9736.20064494384
10202,9897.431995089113
10650,10149.497870392694
11039,10731.138486522486
11080,10676.763668274081
10700,9871.7934568847
10416,9725.984584818973
10239,9922.550784792165
10094,9976.624239806915
10495,10114.651281520304
11437,11153.96930804598
11323,10798.777558557547
11062,10543.721802629208
10611,10309.164246198136
10082,9656.633907069729
9733,9589.698453967194
9356,9331.177722996099
8914,8666.4633081297
8482,8141.889994686477
8219,7721.122839859809
8030,7505.551176417592
7900,7410.905328976871
8091,7394.042718678814
8463,7692.72488503692
9090,8693.046364814
9193,8833.16450703673
9154,8903.781137784226
9336,8893.048466392636
9859,8249.493690101766
10145,8463.785182146072
8915,7122.089607707667
8716,6960.567267105409
8549,6926.378295077632
8353,7198.114694375963
8877,7898.5249419993415
10170,8736.430738253592
10000,8682.29853676272
9970,8620.91827580076
9754,9469.955569330363
9451,9140.686918125539
9019,8853.031825815986
8845,8828.270417866517
8319,8164.494346469211
7787,7337.28449878163
7646,6900.75429578762
7496,6722.163294634789
7303,6599.363976413035
7657,6884.759475741008
8521,7998.010468524694
9274,8607.135596879692
9717,9257.374394453269
9376,9167.517697910083
9791,9119.346938235045
10013,9502.209608588817
10318,9714.789583837482
10150,9392.787215123284
10045,9115.307272123398
9800,8876.916166081595
9635,9180.84668466188
10419,10101.487375994344
11470,11213.766546796029
11234,11144.530381531882
11094,11100.180182659877
10793,10790.017103335831
10285,10261.188389224335
9756,9640.663823681603
9493,9427.994426691106
8922,8708.688230590164
8548,8173.7583133273765
8299,8004.9633805661115
7957,7877.944023728153
7913,7936.462625600425
8268,8286.647335589238
9250,9250.899507291524
10150,10111.271154263
10320,10258.71249176101
10270,10187.517642691048
10700,10596.436331571049
11040,10319.163754633195
11340,10613.102351020254
10940,10264.939304156767
10730,9854.29717076118
10550,9770.741236856542
10400,9778.422311351345
10700,10152.580659639774
11930,11373.049080734589
11500,11112.038106143824
11460,11144.881515620738
11065,10898.07310824361
10400,10386.7707584857
10072,10034.07297942994
9799,9606.176439749974
9393,9395.570206976483
8977,8956.035794595744
8466,8358.193428957638
8226,8230.154841883386
8132,8135.6474408032345
8220,8186.215088500751
8808,8625.122783024319
9733,9418.543854075684
10234,9976.702433562552
10096,9646.974146100174
10172,9496.246650985699
10701,9820.561826370726
10860,9799.301016845333
10400,9251.150665780731
10525,9495.896948644335
10400,492.06008608174307
10190,10077.797851811296
10590,10586.443012572578
11629,11518.853035801872
11439,11255.59285003211
11192,10844.806859481936
10947,10680.175070788602
10544,10389.18433108036
10060,9948.882820934088
9738,9744.463543019301
9289,9279.748288965842
8962,8895.949279522003
8501,8519.817265682625
8432,8458.176988531839
8285,8312.3758848869
8542,8193.630488148887
9280,8776.198094943804
10100,9892.809982413382
10380,10067.697215921682
10482,9696.279380776765
10838,9992.19881574719
11220,10775.862260158166
11110,10708.768333078777
10760,10439.486597603052
10736,10411.985341949945
10552,10230.548758190269
10530,10242.113233296523
10890,10616.376825899306
12040,11725.770479696639
11790,11506.3554454138
11640,11429.234005635806
11221,11056.00294924917
10720,10706.197066303856
10220,10113.195632082508
9951,9825.218467231545
9372,9197.762843902528
9018,8512.777442684643
8635,7768.960641519798
8469,7509.519688843984
8334,7033.696694842115
8546,7175.3222607698035
9660,8606.776203671485
10235,9644.035596197495
10240,9957.212865274952
10370,10057.344408299821
10745,9861.951955673198
11060,10174.934214895755
11240,10186.963964291539
10795,9518.278142930365
10630,9353.2253419365
10500,9099.408879232551
10310,8556.82849921242
10695,9430.289694228453
11800,10564.504351218566
11530,10223.513987514954
11269,10103.804471803058
11087,10069.115956873895
10675,10315.474209080883
10242,10061.539316360439
9635,9200.625902068954
9233,8375.5826867113
8845,8031.055246018192
8559,7384.614747337893
8272,6866.27230616624
8254,7120.98505470734
8453,6837.11474441747
9540,7833.2537913685355
10150,8951.095701088232
10575,9817.708751910277
10645,9378.26185857586
11145,9617.828192334124
11140,9650.829543409483
11325,10287.119345969748
10860,10141.351515850145
10910,9776.830543645727
10670,9813.19671790687
10430,9394.03325740291
10630,9331.039324286256
11750,10584.038510711227
11600,10872.875007496312
11340,10547.564362581626
11070,10153.208676236962
10675,9904.502920218078
10143,8839.94528175726
9827,8777.918468420141
9221,8124.799273102299
8940,7614.386535409769
8630,7249.0266114311335
8342,7173.7345906566525
8246,6738.397443191982
8306,7101.401088488079
8825,7569.329817504491
9145,8086.324802824656
9125,7901.502253524055
9050,8037.362001506546
9385,7838.23535392252
9803,8654.426932683735
10300,9504.347994823709
9125,8504.344175889131
8981,7883.365668209293
8861,7491.508106330917
8459,7461.731832671671
9275,8215.232599768744
10535,9359.308032958355
10280,9234.808126206937
10390,9482.704439182748
10248,9415.0087505076
9980,9122.165280404708
9615,9173.428298945939
9150,8281.612577136417
8735,8034.303026081025
8454,7115.187186731959
8223,6213.063829653123
7865,6272.507606151189
7897,6578.958818309061
8010,6656.142472873342
8930,7385.391654449709
9420,8344.570175232797
9535,9318.478872064617
9365,8305.666044887423
9663,8478.62668602325
10000,8194.347113467029
10310,8276.93318009402
10200,8382.630893101446
10010,8292.805157939409
10060,8688.30288163176
9952,9211.735241324433
10440,9755.48872034511
11700,10020.671729059619
11825,10648.165215647357
11600,10529.67307532216
11270,10142.766836944716
10690,10630.737440528104
10285,10204.601907145461
9821,9620.136260769767
9290,9143.269218763664
8948,8505.910414158954
8517,8021.372184229727
8445,7649.1808790102705
8334,7641.401249750599
8646,7711.172855117971
9515,8149.736027394626
10110,9316.304407145128
10400,9849.989332949925
10550,9597.525733943712
10825,9070.936070986714
11300,9607.225002057825
11330,9607.747966465933
11070,9193.87360493157
10790,8977.655903930558
10580,9282.312290196183
10430,8789.694944376646
10825,9468.384955740828
12045,10435.294349785707
11980,10435.248439760504
11689,10047.515958888811
11485,11082.410228695591
10820,10533.15466446568
10410,9929.700111742044
9940,9237.466298771607
9423,8610.765062945302
8962,7854.522820192269
8718,7621.935401396688
8435,7109.836546053531
8420,7605.118769288187
8610,7656.2068031150375
9625,8341.029554857247
10250,9093.273632726023
10430,9959.674929692916
10770,10340.460117084096
10980,10664.313723928466
11300,10909.84316654012
11600,11179.06460245216
11350,10982.213308081515
11230,10894.018420614875
11020,10716.070553575948
10820,10751.623724586789
11200,11206.13598026245
12400,12293.270744728256
12300,12260.218294847822
12170,12166.90246210132
11700,11711.108904350811
11440,11461.99621510643
11000,10968.605988492789
10500,10555.282654820467
9880,9716.299513875227
9625,9641.027685908204
10050,10073.704806917493
10395,10245.59672040945
9378,9098.928952133012
8575,8378.308389393955
8674,8465.521946424986
9310,9237.880177062732
10050,10015.171922680382
10600,10532.13864953606
10975,10881.670479246388
11415,11313.772389158203
11725,11590.556997623622
11950,11749.684787030594
11900,11698.267644166302
11900,11659.272814562846
11700,11316.958295561308
11960,11651.988715452846
12300,12162.893276859228
12000,12003.79754294022
12130,12135.776217599014
12150,12161.350755559919
11920,11938.487204549943
11180,11212.062158948524
10925,10975.315858616228
10420,10420.718731865525
10120,10125.981353665222
10620,10624.663884718226
10850,10859.820565823089
10050,10073.579000756275
9260,9301.512902551509
9410,9443.918963828553
9960,9961.083170208778
10500,10471.778986643625
10880,10820.274770771664
11380,11288.499412356216
11900,11798.279831557718
11950,11849.019686154339
12050,11963.693321331994
11900,11640.680197491176
12000,11362.19157260329
12000,11760.32297195154
12200,12104.69782347174
12620,12625.534958159831
12780,12782.782822044437
12640,12642.909771819228
12600,12609.464862714703
12250,12270.587284884965
11910,11942.759250625179
11500,11549.51960242591
11050,11049.370265469188
10700,10703.855871438423
10870,10877.134120859908
11300,11310.269204201002
10680,10702.885413460055
9900,9938.388024978887
10050,10082.79992472672
10570,10573.565336205833
11150,11133.811905875213
11500,11462.658800811472
11950,11890.637614757998
12300,12221.34216550639
12250,12175.592422198864
12200,12151.89051560313
11400,10940.22698523899
11600,11321.804215988015
11850,11587.801377843993
11820,11805.734350247174
12480,12495.585759628095
12576,12589.183742889969
12425,12438.44484596585
12490,12509.875109970839
12200,12226.102151955707
11740,11777.969165107777
11330,11382.47788263876
10790,10794.494420024505
10300,10309.646045733625
10225,10239.70820630153
10710,10728.663204273736
10130,10159.37507481208
9230,9273.071319964942
8875,8916.502976313279
9000,9018.98283916974
9260,9249.605376728246
9840,9811.603845918105
10150,10063.714053368582
10750,10652.051782888073
11100,11001.068201885908
10600,10512.941258920202
11060,11005.343800780593
10950,10916.242965690046
11050,11012.038303038724
11490,11494.017127758038
12020,12017.111876513354
12300,12292.018203862646
12265,12255.060400310082
12300,12295.724600737083
12200,12201.731379946985
11600,11613.86703247812
11200,11195.175685162547
10775,10599.188468326503
10500,10263.000637779263
10925,10583.764754574298
10950,10751.465902152733
10274,10020.310552273764
9391,9158.7358537969
9540,9103.544923507605
980,9641.581843299002
10350,10192.222569463758
10800,10720.289081168718
11200,11126.157262055389
11450,11071.827733832219
11550,11084.024160006527
11900,11655.088313179911
11750,11570.545467203563
11700,11448.753101655337
11850,11242.774808185783
12100,11602.56381403156
12550,12241.813633801637
12650,12375.776640007642
12493,12353.379931437248
12800,12766.563994935765
12490,12464.449954451253
11480,11508.841565286133
10680,10629.823753807821
9050,8854.362233848107
9490,9260.205425011865
10180,9672.456320860894
10490,9063.188934555174
9900,9506.977511911939
9090,9018.852104178273
9200,9226.605956898342
9610,9174.584184858668
10040,9431.04613028438
10600,10127.020589431679
10980,10277.095196236969
11210,10431.847464750539
11700,10892.16129380207
11950,10682.161095934422
11900,10920.085003598873
11900,11223.103726372632
11900,11617.35985492014
12300,11994.326060234896
12700,12390.511495289895
12830,12486.755006028607
12900,13586.486052996615
13000,12761.606935326727
12800,12642.152731995395
12200,11921.942288965067
11750,11503.169310283269
11250,11023.721335555118
10950,10181.004530256625
11100,10639.3018439688
11220,10833.105760221024
10470,8904.635397192716
9750,8612.28482431139
9750,8980.197487005735
10200,9975.51373712229
10950,10792.765273468376
11450,11397.907903076515
11700,11644.272457201334
11900,11702.603743286594
12100,11733.017946606524
12450,12070.809325158965
12400,11493.93671953959
12300,11856.994971144297
12000,11746.758961968439
12650,12231.138022497082
13050,12936.621483041996
13320,13133.029003368489
13420,13331.796910628727
13450,13331.501001280089
13050,12770.845210681975
12550,12422.709713316697
12150,11833.155092962144
11600,11371.757227415914
11370,11247.345411791299
11530,11308.582799133732
11650,11536.883772616915
10870,10667.772513786094
10070,9956.226293297363
10160,9838.177827252644
10640,10495.664017531908
11170,11183.50911306935
11600,11576.371983981355
11900,11689.031424844143
12100,11976.25492892438
12225,12088.385326993539
12400,12303.059149784653
12250,12198.060215921658
11800,11798.048868194797
11675,11532.748126810118
11801,11458.985898059906
11597,11322.41478294582
11930,11549.143321398367
11956,11467.866717236397
12411,11617.8534471538
12279,11249.538343162374
11860,10736.73022123249
11450,10444.481013531029
10898,10351.895541526319
10759,9839.99247563361
10732,9511.999222128754
10335,9670.83755828024
8972,8669.74373732567
8117,8106.471257133944
8133,8187.993850473535
8440,8477.609882438195
8930,8940.949285434037
9470,9436.524713949773
9550,9499.033225557614
9980,9957.909587540704
10300,10263.249851535973
10410,10168.663757697355
10515,10142.53486478231
10390,9697.166493699491
10330,9954.807658890593
10364,10170.189777249809
10470,10170.388866096619
10600,10331.02156162585
10589,10256.347532960583
10668,9779.841114249703
10518,9462.59726549613
10113,9438.878974432419
9752,9295.73518198768
9432,8137.937269854405
9228,8618.457843228263
9626,8952.267464886683
9829,9265.316609269343
8745,8746.798484824803
8058,8044.60686829393
8194,7867.456585286955
8777,8772.154393091401
9262,9210.801418574463
9542,9374.583220271667
10062,9822.036261269976
10124,9544.642693687993
10333,9261.626325901532
10321,8879.762655810515
10058,8420.92959499341
10074,9572.53728698909
10217,10204.209611634582
10246,10243.600212840049
10088,10088.05108699213
9864,9866.611325369835
9568,9572.25927512973
9472,9482.69237631054
9434,9455.317381635014
9385,9406.139842467435
9176,9205.32572939818
8848,8823.657302467993
8718,8692.987975730526
8831,8808.204177779915
9188,9170.019776196015
8326,8290.999750622062
7484,7500.8273712747605
7249,7262.048173573773
7519,7503.690624385574
7946,7888.574254032514
8242,8141.083740223185
8531,8429.323670111666
9066,8945.650260951628
9735,9615.646037539334
8773,8635.09205765988
9031,8935.818520992401
8989,8856.242638782833
9170,9096.376190606188
9720,9629.952670924644
10003,9945.068921321537
10243,10150.7208497475
10194,10136.771606091075
10354,10334.988924741041
10310,10292.339831063953
9899,9854.933552570114
9513,9518.217457030052
9067,9002.152413157955
8784,8724.274242959522
9018,8959.316704431214
9390,9335.35202434722
8404,8401.429013093662
7730,7749.282808494182
8021,7996.400017601192
8633,8570.080935785205
9319,9253.136594642994
9587,9491.688114638968
9915,9817.130449066495
10399,10176.520754989875
10685,10523.919329432685
10804,10470.32764479315
10844,10404.810955159712
10728,10456.478896891535
10775,10586.57396113653
11064,10888.326436375315
11160,10917.306698484823
11281,11072.720658168542
11061,10855.529021753637
10791,10730.531943968228
10375,10223.210955970542
10011,9971.075957745088
9995,10037.844201454622
9580,9570.701488150247
9043,8733.309354148694
8510,8252.727705367979
8981,8552.704143081186
8268,7915.25634640051
7652,7079.215982197145
8034,7921.743593746891
8536,8499.903708610564
9067,9040.028980326355
9711,9516.352975122412
10022,9659.404864919883
10526,10234.224414747532
10976,10569.20032397451
11194,10856.721357911985
11300,11126.26732683956
11328,10835.13185427583
11177,10871.101470440146
10790,10780.244955282775
11100,10993.494757864086
11263,11196.867443162613
11093,11094.946247501863
11215,11047.428997030638
11124,11130.683228141075
11030,11039.917443233484
10572,10597.325900398147
10101,10086.343380413451
9929,9923.684965959317
10123,10120.478922984654
10302,10306.74900223525
9176,9201.748684892898
8513,8556.724873581294
8779,8811.575445460016
9269,9267.995013987376
9878,9830.55214512391
10323,10259.886018272133
10743,10638.208511165303
11228,11116.022245798378
11529,-3946.501939728064
11870,10752.707158361933
11900,11549.153058181495
11890,11639.943236229195
11850,11775.084207229505
12220,12219.205961396829
12557,12557.363265263944
12735,12701.95553807836
12812,12811.659622967607
12925,12930.80918532312
12199,12212.73162641058
11950,11984.916645918638
11300,11351.64017495949
10700,10699.909045715365
10380,10385.411890972093
10300,10309.404288827016
10150,10173.069058557294
9065,8836.251694748913
8280,8103.510348761442
7965,7787.125051447211
8212,8175.507110567518
8538,8528.765078144395
8846,8653.003076159244
9362,9286.362693218853
9801,9747.138948672533
10557,10404.202971334875
10777,10582.407529787739
10670,10561.49122106224
10707,10429.054429289457
10713,10357.597711847246
11096,10957.316455401648
11679,11634.890158718354
11915,11899.590673686584
11763,11745.007875008027
12107,12095.201993499315
11896,11887.20041881656
11480,11481.304470144618
10984,11003.917777102644
10680,10651.356693349153
10430,10407.18814890762
10560,10544.019402493399
10725,10717.923136710826
9742,9749.490572283412
9037,9067.133825253752
9269,9292.415593230344
9906,9898.928967561573
10448,10404.299312419109
10922,10842.909723225104
11525,11419.656690853826
11900,11780.787438303068
12450,12352.135935965389
12350,12266.84193709462
12100,11931.597914694847
12070,11925.63549031643
12000,12015.47589257592
11950,11968.049712827087
11875,11895.32896800654
11815,11836.188592094866
11935,11961.336286480768
12095,12115.41028026761
11712,11735.537073529922
11381,11419.513182963437
10887,10876.414999635272
10721,10716.482311242644
10923,10923.154175687087
10927,10926.248103183581
10025,10041.495791113055
9405,9444.076128744526
9462,9494.584290852872
9820,9816.348050708926
10705,10663.694530633864
11350,11279.784764040822
11700,11599.84556363443
11950,11810.748208592775
12200,11921.459817334715
12500,11947.090987854743
12450,12069.621150979816
12100,11952.362749389291
11900,11830.382356700131
11950,11863.256615052236
12060,12078.775505024963
12375,12391.261875371287
12500,12512.821327157075
12695,12708.331138212247
12525,12542.929264517332
12200,12226.174078066644
11940,11980.629800166153
11470,11457.707065540224
11230,11222.967926460009
11380,11380.513979592317
11280,11257.097107180722
10440,10464.866550868246
9493,9536.440392280092
9590,9631.791346531241
9725,9732.805570507553
10175,10163.095616255448
10330,10296.710020846258
10765,10711.804802310722
11250,10994.720055597689
11710,11458.524284715713
11220,10717.875374627192
11420,11127.203599560737
11325,10892.99233409773
11475,11134.592000542478
11900,11673.108755919064
12750,12308.450819345551
13000,12551.406537424722
12990,12438.105309903945
13250,12803.494769489385
13080,12844.678537529075
12730,12606.5528946021
12320,12146.3211781617
11820,11712.30301431597
11600,11360.371538578725
11650,11349.719203285737
11850,11658.905700930602
11050,10499.5754825023
10230,9526.343315443333
10300,9631.779406641312
10780,10628.96936059
11080,10645.101798995238
11600,11365.248024343451
11800,11517.408713778117
12100,11533.853442240183
12600,12093.371599765593
12550,11707.697785961525
12650,12015.349177728356
12500,12077.376339569564
12700,12065.658138824605
13150,12863.031966812965
13700,13538.256903043137
13800,13678.302830658839
13850,13725.020301348348
14050,13884.955060979355
14000,13867.415658843245
13900,13954.65076130685
13250,13256.46741100059
13000,12512.376542998478
12500,12344.838482355713
12550,12534.120343846833
12600,11988.502667425862
11550,11186.595508596738
9800,9323.898392601463
7231,7015.427641375535
5627,5515.119396136029
7121,6722.8450569736515
8351,8304.949833310526
9521,9492.313442224062
10854,10790.047722716343
11507,11435.998971231566
12200,11688.053476204921
12506,11949.872894117883
12421,11738.629076167515
12350,11287.731475438886
12650,12141.256781436994
13700,12720.00431377751
13350,12501.352833929126
13450,12557.764032036299
13950,13254.609949969219
13920,13462.619554578592
13300,12555.675040075115
12900,12492.13023535903
12100,11374.028297929108
12300,11581.259001753171
12500,11783.117673971614
12400,11759.550112799427
11800,11302.06110158077
11150,10243.014383797245
11000,10274.499820282774
11200,10648.693508344619
11700,10951.129427523661
12250,11411.200900492775
12450,11008.65517682486
12850,11875.939214459984
13050,11876.514468841022
13270,11969.581646750883
13320,11867.589388732733
13250,12175.775471581774
13200,12181.815228726082
13430,12870.055921614963
14350,13793.208085597329
14380,13825.118872984167
14350,13925.439375953993
14650,14292.323129882501
14550,14471.14350962008
14250,14019.416668557908
13750,13543.76709620361
13400,13202.116114557935
13200,13002.398676840276
13300,13114.189255163263
13200,12949.275556140517
12900,12592.309541201019
12000,11594.076525301112
12150,11874.096955941659
12150,11785.042959658145
12250,11683.545292143272
12700,11803.846734187151
12900,11993.566771685684
13200,11908.7447561605
13400,12012.336485041236
13700,12232.184664178336
13800,12633.388747266308
13700,12967.759231159325
13100,12916.691764717933
13800,13399.200143738308
14600,14263.943069486357
14750,14341.58942504749
14800,14353.436029026583
15000,14356.563575297603
15100,14862.87953083227
14750,14573.129146186056
14400,14448.383150740563
14200,14252.927622974625
13900,13882.56694564563
13750,13804.628892414683
13600,13452.5248780864
12950,12532.845159567998
12250,11941.64331892847
12150,11837.618725592682
12200,12191.4822402514
12600,12612.797401747739
13000,12980.129898842823
13150,12765.411344264943
13400,12921.018841053065
13550,13145.850571629038
13900,13480.285405858212
14000,13541.443450104434
14100,13663.261012955048
13300,12802.95067900719
14000,13801.341996138824
14800,14834.568438380695
14950,15022.612862873859
15000,15066.582185681636
15250,15323.514305508997
15300,15373.392408207557
14900,14987.509766015795
14200,14305.693273196126
14000,14064.323616917969
13750,13799.747498427103
13850,13905.81021718857
13750,13813.504810865443
13550,13586.168951699266
12750,12621.771762438788
12750,12755.045660264268
13000,13041.530625209925
13200,13216.503099190704
13400,13388.237921560052
13600,13453.406848944505
13700,13403.628792270873
14000,13668.939442652616
14100,13743.886868402358
14300,13835.246639115107
14400,13944.378282737387
14200,13962.693309791006
14900,14876.854270009364
15000,15062.882500347554
15200,15267.3372388198
15300,15373.704354772737
15500,15574.851806708728
15400,15474.968476679747
15000,15106.785456287638
14500,14628.54873749258
14000,14067.81134718993
13900,13971.493467554868
13850,13918.611882790345
13800,13867.028766356256
13500,13576.003494620563
13000,12981.873959218257
12900,12943.246047761837
12700,12757.680841841517
12700,12754.583928582615
12850,12883.773004972873
12900,12915.73550619464
13400,13205.435564282314
13600,13178.631924238656
13550,12906.383974769582
13700,13171.52452000116
13900,13356.657073534338
13800,13508.320144784091
13800,13847.673351983285
15000,15062.502052290412
14900,14957.820904857199
15100,15154.277263842887
15300,15351.889620679925
15150,15213.618076657262
15000,15087.953176163981
14400,14477.649567683937
14100,14067.654962329663
14100,13895.552852597264
14200,14273.974598191988
14100,14137.91406040458
13900,13842.045441327378
13300,13354.354450125113
13000,12917.647138304488
13100,13177.11168979442
13200,13260.660105775303
13450,13431.813714825497
13700,13699.701210004963
14000,13951.618674667472
14200,14054.573782517757
14400,14188.525573382052
14650,14470.17635430616
14450,14406.502706960895
14400,14421.798971001432
14600,14655.317455994078
15550,15608.28487410651
15400,15494.331347077496
15400,15489.369247464554
15700,15780.876972358794
15700,15779.543305679177
15600,15694.936302394348
15350,15487.441607203375
15000,15081.29547007455
14900,14981.3791948221
14800,14877.989676074187
14500,14574.352823550093
14200,14280.28052230832
13300,12984.225297957448
13000,13051.173347171854
13100,13172.735013798769
13000,13064.553000268144
12500,12576.963757511916
12350,12405.813401036761
12300,12206.264576273155
11500,9927.061954693943
12100,11387.411186042878
12500,12084.34497908793
12500,12263.92174902248
12450,12524.333669878468
12850,12924.899128575711
13600,13671.603455921828
13840,13903.058674156511
13720,13710.12423296607
13850,13872.21287445283
13700,13723.948477169482
13650,13718.892654917741
13200,13283.413112128921
12800,12825.82675881998
12600,12485.765540621396
12500,12425.6534681216
12300,12329.730721321434
11800,11836.668382959244
10900,10951.475361555817
10950,10993.610501742802
11250,11273.854561512606
11600,11611.599129046888
11950,11943.849989938419
12100,11817.299939839782
12200,11739.460701329936
12450,11837.260731038397
12100,11099.155488393335
11920,11207.482363201096
11765,10795.510961100706
11570,10587.934697906723
11850,11116.859060392228
12700,12299.189457795519
12830,12389.023449952601
12660,12388.009602561773
12800,12665.860724212715
12600,12640.123675026614
12350,12397.704741075622
11500,10824.75685321953
11050,9767.882654393128
11100,9858.47471226969
10900,9387.845452438596
9850,8212.813374167477
8930,7998.0531827291015
8851,7944.065916958179
8968,8474.552747656333
9501,8832.966991660589
9948,9655.55149998542
10220,9943.041451076166
10541,9952.551344993559
11063,10872.433104616623
11400,11080.791122303266
11440,10873.437950634212
11416,10912.722213308629
11336,11027.977727136476
11572,11450.078814443134
12360,12093.094965215274
12650,12340.58500515974
12527,12488.72260609069
12729,12726.909751874264
12661,12594.579522830983
12397,12268.623408189673
12146,11999.297726814373
11703,11506.106031170693
11369,11042.622798187978
11175,10757.244949382923
10975,10673.909846474926
9836,9420.045676658929
9170,8704.984575943152
8844,8306.473166249049
9002,8676.018764597127
9172,9102.316282747808
9544,9510.588914543438
9817,9694.195700823138
10049,9952.84172367621
10497,9886.409930588874
11043,10647.313249611878
10932,10371.757335526574
10678,10184.886148795416
10593,9986.05701827078
11023,10490.68703469507
11750,11174.706883165327
11948,11400.191180532802
11946,11394.794474667699
11771,11023.254676206849
11674,11101.36096625305
11552,11390.715503555592
11430,11108.183346216945
11049,10606.242238319906
10605,9931.34994792092
10098,9607.90840461453
9634,8821.473863496522
9499,8763.771454208405
9255,8632.285572205437
9517,9327.972956838794
9132,9125.57914347987
8472,8449.003081900915
8439,8409.902363091567
8624,8592.44259119494
8894,8833.797161312663
9176,8864.51707678355
9366,9267.833390739781
9355,9095.79075178518
9035,8812.396366986079
8774,8181.27708780895
8722,8132.92417649743
10424,9985.534628786496
10705,10456.42518979722
10707,10524.43706664482
10929,10918.3530778181
10952,10533.044718178668
10758,10136.329373419581
10527,10290.524555824923
10166,9877.48075626632
9770,9422.680525945694
9481,9078.941624764575
9225,8728.467736968918
9012,8658.385544592544
8664,8282.587316714285
8775,8520.409645882577
8917,8681.394810135627
8981,8926.155273263503
9146,9066.601359045457
9278,9179.6815131267
9632,9529.84168265795
10745,10639.9060971522
10461,10361.63244643385
10416,10217.244885060278
9943,9748.75131213329
9707,9472.976204083523
9490,9399.543493931711
11450,11204.516638015499
11670,11311.47741014084
11568,11311.06456313415
11762,11508.935160146255
11987,11700.761644314047
11795,11342.295864749318
11649,11037.925427041719
11265,10483.433469148706
10910,9422.403301040646
10710,9883.14703236879
10390,10017.416477653513
10145,9747.243341891932
9640,9321.930234110434
9617,9428.852120805575
9870,9514.42185486863
9800,9386.784764207894
9797,9467.6409619258
9943,9597.46850837118
10399,10039.80775418885
10854,10529.346398173242
11230,10672.568955899631
11280,10613.187246787402
10973,10376.477008330843
10644,10391.735222172321
10205,10067.13663204441
11844,11556.554912725871
12510,12244.749455513294
12650,12413.856654012929
12700,12432.82092184389
12500,12305.318413723999
12440,12184.169947103925
12245,12000.414385274402
11820,11387.679556514056
11500,11109.880658143913
11070,10829.550831105516
10820,10282.428748806331
10700,10341.672930022032
10100,9959.70165868544
10150,9862.451125065845
10240,10131.854054447816
10310,10253.639014362521
10340,10123.156062239574
10600,10231.831469099598
11020,10674.582626581738
11390,10906.895307752222
11700,10893.67905656901
11700,10706.450447196265
11500,10435.760062475125
11200,10476.234574959422
10970,10597.986743646117
12550,12334.07474913558
12800,12471.290192370208
12800,12571.088734387353
12880,12860.510299887603
13000,13017.230809859384
12900,12920.832908188106
12900,12861.231844410866
12580,12255.104494062087
12120,11975.874268242482
11870,11534.706298733061
11650,10982.023682596802
11320,10695.858219881706
10800,10358.090280617855
10790,10270.67367686825
10750,10624.873354957217
11250,11099.407280990676
11400,11212.37010379082
11930,11497.489547970585
12300,11756.403646877792
12750,11898.106257131867
12800,12028.645096231216
13100,12217.661092717919
12900,11848.361377829737
12550,11735.590046951584
12180,11883.745474241103
13745,13782.257536854477
13950,13978.88631546188
13980,14007.090508169866
14350,14376.938539602306
14180,14210.396426646217
14150,14184.33291508154
14100,14151.45970370272
13650,13655.819286287839
1330,13296.939609991849
13000,13073.125165455762
12650,12670.02583924056
12580,12607.617700643235
12170,12208.453582457556
11950,11984.971961420355
121000,12255.607982810114
12450,11996.547883691099
12800,12908.78495720309
12900,12984.41049356477
13500,13592.466355173365
13750,13730.502321812535
13800,13699.253733857082
13875,13800.32600748965
11900,11753.237347599974
11375,11577.589743132248
10794,11009.480996979575
12200,12413.679338537368
12520,12650.238559983127
12480,12636.930895133326
12830,12849.870498146302
13000,13187.137455081323
13000,13182.034747412146
13050,13242.582757237102
12600,12836.114298319018
12400,12150.084132938027
12150,12044.380244402502
11950,11510.433350700296
11900,11430.715162621815
11600,11274.602971882065
11420,10241.434473318624
11560,11554.64112604178
11720,11456.70537430945
12650,12154.816763824954
13230,12738.289206892316
13500,12931.633599965993
14030,13525.348161313548
14100,13716.1338148572
14200,13724.135594661388
14050,13228.166580676316
13550,12429.649820642806
12300,11372.556946204191
12900,12219.581937386374
12900,12008.042355518792
12850,12091.713162647477
13100,12647.55645775032
13500,13556.22959930763
13600,13553.367838658263
13800,13522.673467234585
13200,12768.351634986695
12900,12613.048787114058
12650,12237.814308446235
12350,11909.816714328743
11780,11041.214887522652
11232,10705.392653087743
11220,10683.59532904943
11000,11025.875159931904
11680,10196.620420127867
12220,12173.807757289427
12850,12301.85396432183
13240,12412.621993455297
13830,12104.652612148022
13940,12532.073424363442
14260,12837.44600061731
14300,12844.065844791363
13650,12065.996935444167
13170,12869.08048235883
14900,14490.834488903689
14950,14500.89374923088
15000,14657.93782402719
15080,14773.843323980804
14800,14260.425808482902
14650,14456.001284275626
14550,14373.308117155371
14150,14064.562715339078
13800,13514.3927964199
13600,13121.3875640582
13250,13018.224810347241
13100,12945.395484118517
12400,12361.424203688151
12100,11991.444435187952
11900,11907.718658522817
11750,11116.538279925953
11780,10952.55512528196
12100,11333.856439916735
12420,11678.44440763207
13270,12437.394509915783
12830,11903.74159405498
13090,12016.86585672558
12970,11997.334208577753
12750,11914.218957152105
12300,11404.828938415514
13950,13345.817233109843
14180,13834.614432811744
14260,14027.193069210043
14520,13967.887174825937
14600,14086.229797898271
14800,13823.615585361658
14700,13955.116205217
14600,13786.770814355066
14150,13376.204215729973
13850,13123.06035783621
13500,12713.160904530418
13200,12524.217932437157
12780,12319.29899428794
12650,12282.814091739478
12500,12152.354309563852
12620,11710.668923356496
12930,11397.712772787083
13270,11502.10427103668
13800,12120.100459704805
14000,12431.641698851003
14090,12293.256467844218
14320,12706.66106570899
14400,12960.721086477562
14000,12837.43332031396
13850,12699.487365620753
15400,14709.81230242868
15600,14868.875038223337
15450,14924.385820774834
15750,15499.335166021989
15500,14927.183750836179
15600,14745.366033556344
15500,15012.815502121168
15300,14788.182461215016
15100,14557.768585114754
14650,14356.021384569673
14400,14040.935959306149
14270,13577.691627177293
13600,13226.613865560685
13500,13087.123876988248
13500,12823.951802577918
13880,12835.055344439588
14250,13483.386002435072
14550,13120.985235391854
14700,13346.87401858926
15120,13766.477156197177
15150,13728.392988071104
15350,13713.19086100663
15300,13760.291861839825
14750,13493.537158246294
14100,13126.852431826705
15750,15181.842778871418
15650,15242.357804685871
15700,15459.326067786704
16000,15556.279534125068
15900,15595.756756379891
15750,15518.988357258968
15500,14914.563802825563
15100,14360.792078049133
14850,14631.981851547127
14600,14661.521014647966
14200,14265.69574875555
14000,13971.83463232658
13650,13592.422963795572
13450,13283.834819868549
13550,13527.050474474425
13900,13687.443759529273
14200,13799.113762218056
14450,14058.345961338711
14800,13730.549094861615
15100,13809.969469687472
15180,13599.8563713113
15220,13956.229244799773
15150,14423.665153007949
14820,14427.508659308898
14600,14414.133775492643
16150,16233.259544833363
16400,16468.837820424906
16500,16570.16583482697
16700,16764.31278325823
16400,16469.89665388156
16300,16381.131953174303
15900,16004.419400010378
15300,15319.601509077624
15200,15261.817629032015
14900,14865.084896585682
14600,14637.81680608137
14500,14540.65839424762
13600,13684.896745680233
13600,13677.465521813483
13700,13739.47729751265
14050,14067.06381738271
14400,14390.028092162407
14450,14388.86349156175
14875,14653.322540665944
15000,14585.526369591644
15200,14698.012985953337
15300,14745.99239845301
15200,14980.157661723952
14950,14933.71969825701
14800,14866.23205517108
16450,16539.002668754074
16600,16676.359376634733
16625,16701.781012999945
16720,16793.68277653091
16450,16530.603834008103
16250,16310.830222740067
16150,16273.625896663725
15700,15770.107992488654
15550,15623.673243536694
15200,15203.250875261372
14850,14855.83309636682
14450,14464.679998380594
14000,13987.285652807863
13550,13524.1796683342
13600,13579.072406511046
14000,13812.155009932587
14400,14195.775142316783
14800,14438.79293722296
15000,14602.978651430196
15200,14912.975103318906
15260,14811.255504903045
15500,14903.125995390084
15300,14910.26419958518
15200,14966.369938150296
14850,14668.802660904254
16420,16272.576912917873
16500,16501.445812158978
16600,16674.581916418396
16774,16818.260714797994
16600,16270.011053988706
16250,16109.94702165696
16100,16070.912625729248
15850,15915.735280013294
15700,15395.864286517157
15400,14896.96184093758
15200,14293.582534830884
14900,13995.07561062945
14000,13989.771646238416
13800,13506.237953817346
12800,13546.204102519183
14150,13738.16330391043
14750,14511.071261947858
14500,14000.990940583932
15150,14294.72414206733
15550,14573.37110498816
15600,14566.574760308209
15550,14699.825158116022
15450,14678.081077868032
15200,14498.94918702948
15000,14447.586705970962
16550,16366.62168553361
16750,16587.872030654944
16650,16520.030050827823
16620,16700.10710603408
16600,16683.343043357538
16550,16647.563366857165
16350,16469.197462822834
15950,16017.146503292664
15750,15824.278543688484
15500,15580.588383834234
15200,14944.602691610373
15000,14754.449937838319
14500,14466.080517980736
14000,13918.711007153543
13350,13337.630020965637
13080,13104.565745179025
13270,13110.982668895416
13530,13308.51742579459
14180,13915.536145320137
14400,14133.448221091974
14200,13746.181221108649
14550,14148.81573998658
14150,13816.37594722108
14250,13638.168885878578
13550,13391.350909633715
15500,15400.131619676562
15700,15584.203444525643
15750,15634.39713927393
15870,15923.694892290088
15820,15876.675800466619
15700,15727.35739861603
15500,15582.661429616965
15000,15043.851467414439
14600,14650.188540355022
14250,14270.143126910794
13900,13853.380360969917
13650,13539.214300439002
13150,13048.882296191088
12900,12967.342886089988
12850,12832.269461993455
13100,13118.800470939455
13600,13612.980029029155
13800,13773.592902599288
14400,14288.399689341317
14800,14191.055366534825
15100,14255.848817689595
15200,14577.19212187655
15300,14500.719618665764
15200,14232.705219678572
14950,14190.546090995282
16600,16384.229849062023
16750,16517.560853313033
16750,16585.505123049872
16650,16667.434467946463
16520,16612.830848447054
16450,16560.80400517581
16150,16279.652361719913
15770,15851.658651448073
15470,15458.940617543023
15400,15188.746274472254
15120,14951.470950907868
15050,14884.149295602034
14760,14602.396239172023
14450,14283.203066191061
14450,14533.762200760444
14650,14655.801957316788
14850,14796.02267349332
15150,15141.302786269636
15350,15246.976281377818
15500,15224.966079440088
15800,15336.233358412166
15850,15213.185638762352
15800,15296.491366148144
15700,15185.882935540634
15280,14871.76131261787
16750,16575.174738193975
16800,16842.755875271094
16700,16810.213540925644
17150,17189.401527566308
16900,16699.74821161719
16850,16767.34646255983
16600,16605.76745192433
16200,16265.6283389155
16000,15864.1101384701
15800,15635.997018840546
15600,15437.993160598886
15400,15240.617869155609
15000,14987.817548678384
14600,14612.26560790425
14700,14787.33090051941
14200,13975.417657419111
15000,14715.028050064884
15500,14997.204645957667
15800,14946.622883393422
16000,14713.886827828726
16100,14903.255887380801
16200,15292.500422629917
16050,15267.98609448396
15900,15416.053044850447
15500,15308.422450316131
16750,16655.48129394142
16850,16746.10193761161
16900,16753.98310910524
17200,17189.740889791647
17100,17192.117869843856
17100,17034.728859771585
16900,16723.214924691503
16300,16204.708110930773
16100,15972.839148591254
15900,15778.2870989984
15750,15599.785561021548
15600,15385.342541385628
15050,14737.425493413833
14900,14507.927568226754
14750,14233.985002224887
15200,14489.275191371213
15550,14691.170779845586
15800,14919.082001932169
16100,14356.170042035723
16250,14452.082699419596
16300,14406.570893210515
16400,14739.736825640826
16450,14825.889966718769
16350,14851.897652899483
15600,14376.931901473137
16700,15997.903886086144
16800,16248.495050136033
16850,16266.171322990922
17000,16345.82094342442
16600,15609.933944714528
16700,15767.78137588238
16450,15399.681374628039
16050,15489.90599236176
15850,15499.696620974948
15650,14892.193252531262
15400,14441.889971646593
15150,14774.843760099524
1440,13093.492696005702
14000,14155.490038014836
13750,13816.783461156578
13400,13436.39310055974
12950,12961.291181541968
13100,12545.841456274155
13400,12466.27956018651
13900,12547.605801340105
14130,12942.533150604417
14100,13004.688673081786
13980,12876.111128126046
13850,12810.37603188021
13100,12214.460443852971
15020,14425.890282798304
15600,15054.107859771026
15630,14956.047333005288
15850,15303.700167272546
15850,15123.298334192357
15800,15256.763285494191
15700,15283.838690564971
15600,15035.52320898943
15400,14737.381891426456
15100,14499.654726758661
14500,13153.397544438474
14350,13113.697863558482
13900,12995.750307657676
13900,13409.27637871411
13850,12700.84916363097
14200,12542.648872121383
14400,12903.628437754945
14700,13211.568549752403
14800,13081.51901185448
15200,13990.818427055052
15250,14129.795283839383
15380,13971.090012922592
15280,13726.91539801698
14900,13756.06928924062
14300,13572.20751785627
15700,14959.992847718786
15850,14658.735649982114
15650,14796.81009842937
15500,14937.757043079804
15430,15273.549028979509
15500,15555.49610120316
15250,14813.242568510694
14300,14186.081209972694
13600,13633.571770741666
13200,13164.932536121152
12900,12766.790826051663
12400,12481.308328397316
11900,11984.258825979105
11600,11672.606552250603
11580,11623.243402529348
12030,12040.108559453878
12410,12387.63941740708
12860,11563.359269834877
13580,11821.5165715635
14100,12472.300172693853
13575,11863.238384796874
13900,12306.963069222405
13850,12419.632195980252
13550,12155.262657566836
12700,11801.128788219437
14550,13637.967693628827
15025,14200.363587374675
14772,14294.151035480241
15075,15031.347239978877
15150,14626.924834574656
15150,15007.88852676101
14980,14801.386322698469
14100,14129.767536525775
13950,13988.697208287156
13570,13572.148578999382
13450,13355.699563098953
13200,13183.154119860454
12820,12884.021862121997
12600,12654.389236610963
12700,12741.557025951286
13140,13162.769243492054
13200,13200.75019074117
13600,13568.930568827127
14000,13962.0508184146
14450,14420.067041393813
14900,14767.912909629118
15250,15024.885195924686
15050,14949.77585490928
14700,14673.772055802336
14050,14057.573634031745
15400,15429.01627625234
15600,15620.810239169252
14500,14495.252331420328
14690,14586.608668338522
14850,14783.80741765107
14750,14615.535743962679
14200,14185.44008387496
13800,13763.77025295017
13100,12901.997110327797
11225,10980.619392471199
11195,10939.853402118957
11212,10886.73755284151
10992,10670.454538541751
11019,10853.207697358264
10874,10521.677924320305
11616,11445.383941498309
12057,11276.751177378916
12577,12220.106126195042
13260,12844.108085951946
13680,12820.885651914268
13730,12608.902533280332
14000,12882.023556449982
13974,12640.107956169832
13850,12466.360125552139
13050,12330.503975975986
14400,13741.123300594882
14350,13988.282157419886
13700,13522.838863371804
11850,11603.894454113319
9835,9710.112677668767
9168,9056.167470849063
9832,9684.756173643742
10276,9895.570458097101
10499,10262.740589480934
10324,10364.764405800637
10271,10314.926780470276
10061,10105.936996121985
9606,9659.19970895586
9855,9901.736868816799
9831,9849.342950444585
10377,10365.85107834671
10642,10633.40358281428
11070,11024.509525849775
11237,11193.76581564332
11100,10599.1359218424
10252,9369.517158484117
10289,9541.794941157925
9331,8864.389484943502
8997,9023.075588059575
8883,7204.774024648704
9522,8039.369987645874
9409,8026.830421067641
9027,8066.900156329048
8983,8149.577068075167
8648,7247.426958783541
8182,7086.535938914978
7818,7273.648924086287
7787,6333.810351167951
7424,5968.146764901414
7282,6205.82248646523
7295,7002.655305171361
7338,6057.160993510211
7514,6261.982836857474
8093,6717.212662220674
8617,7687.084740769828
9186,8572.813510814689
10022,9832.686781235028
10680,10264.352575074767
11356,11129.7339266895
11660,11510.743972946397
11985,11835.649674908163
12154,12046.51854941867
12272,12161.944519494224
11966,11844.192108402221
11675,11544.173146196536
13081,13048.407084200811
13638,13602.557508771883
13609,13579.378883576894
13437,13422.459442192641
13062,13064.33975743839
13022,13035.781412888651
12679,12707.78000385223
12183,12168.686493351759
10882,10891.477703282639
9756,9793.090164661025
8588,8647.641047214933
7685,7762.413340796623
6874,6968.284509634169
7322,7404.8045890061785
8154,6301.431980001409
8793,6941.881307112355
9501,8441.11106402231
9895,9837.972788604186
10663,10448.671549714643
11145,10778.579995632717
11109,10802.431211087958
11258,11043.447594758354
11156,11124.440622280008
10950,10936.641064323461
10744,10745.365261605644
12480,12464.200086039258
12781,12582.350667390292
12618,12454.02090226057
12240,12221.636172758208
11981,11934.841758994571
11947,11940.587750764404
11695,11628.92673156036
11194,10470.403853442649
10864,10667.061548099507
10538,10533.953057969438
10182,10194.848819088562
9974,10001.04264894266
9604,9636.6565715285
9995,10006.583493795342
10123,10103.373890246574
10765,10708.410229466233
11454,11372.883227386199
11711,11607.464149754045
12241,12096.59318359898
12492,12291.021485641962
12615,12482.662302932878
12600,12491.737303906819
12300,12083.02449001745
11710,11720.405979645835
11070,11096.909337068952
12220,12239.379396022377
12487,12494.632167813084
12335,12347.979491090025
12154,12175.84882294065
12033,12059.24306172394
11864,11894.326642504824
11876,11916.5421617524
11487,11474.840136033168
10943,10941.360150623797
10627,10638.140278879288
10092,10114.908362110542
9763,9796.539491183756
9410,9449.396085935427
9307,9234.866868563686
9080,9078.946711558614
9216,9184.722125151282
9591,9546.376224607497
9906,9828.75338619345
10725,10630.273921509473
11370,11340.612437767832
11130,11049.669216307015
11333,11277.003540488236
11119,11088.539743171597
10746,10649.203628227271
10238,10253.162350411274
12043,12043.291816396217
12552,12539.137779680565
12609,12595.84502219516
12787,12777.188375534708
12633,12627.58767389612
12772,12767.216694083123
12619,12624.192594250573
12273,12242.55807685066
11751,11730.67150552219
11296,11293.46297705832
10735,10745.80955730636
10213,10235.472245435547
9627,9662.791700704705
9199,9237.06189393053
8796,8808.644304210326
8797,8795.79062594307
9229,9213.677466089866
10049,10001.261447385765
10559,10443.894642554584
11224,11133.696492598305
11008,10804.387168072415
11381,10974.262248642519
11087,10874.922467422788
11265,11107.287180472838
10957,10981.342118464163
12926,12933.3930013953
13341,13335.586250917408
13040,13035.36172418528
12877,12880.620676631363
12765,12772.66310691051
12443,12453.455389405604
12369,12390.946352222287
11915,11885.800236001582
11424,11406.157478042174
11088,10981.684370614179
10646,10348.51731418135
10385,10166.016998866959
10196,10155.353768953337
10368,10384.48391401056
10544,10530.418001679853
11292,11243.643351017026
11500,11443.685870706593
12100,12021.646028786334
12500,12430.820664229424
12731,12658.548841112082
12730,12660.28321006981
12570,12000.964260898892
12105,12051.073822053157
11725,11607.728555293688
11825,11820.49102178555
13604,13619.19646269086
14202,14205.92535869667
13975,13982.456076864704
13840,13856.603770592093
13500,13526.254462047058
13390,13421.605587216469
13160,13204.404411345507
12551,12552.04188922295
12198,12210.615180901146
12003,12027.398519708571
11340,11378.840880769192
11237,11283.870458654694
10826,10876.761117287835
10982,11013.912368675334
11096,11090.21662875367
11678,11652.820281283024
12015,11968.972828449128
12605,12523.984148335436
12905,12690.99898459059
13170,12979.0912381616
13288,12924.543951836316
13630,13322.641271881628
13420,13133.178851802702
13320,13167.172390266558
12790,12726.154909465371
14530,14558.203101399744
15150,15165.43422017153
15020,13053.54489040724
15100,15123.772519608156
15000,15031.734848885844
14970,15010.423940591354
14575,14631.856396371295
14300,14306.216765458095
13870,13884.959790781382
13600,13631.43193869303
13330,13368.643464422348
12900,12948.619191321075
12270,12325.217819920541
12296,12307.102245403283
12450,12326.834408747476
12800,12564.009657208928
13180,13040.780352031692
13350,13266.68831553157
13850,13797.247398123582
14100,13774.62028363031
14300,14096.115606941781
14450,14277.449258317303
14300,14101.843878568925
14150,14123.84515905829
13400,13427.112227232654
15140,15191.851371941968
15700,15740.424066655549
15400,15443.399948729362
15600,15649.11351101835
15530,15584.597857245637
15270,15332.478480151203
15270,15345.912313639605
14950,14974.940676760041
14750,14773.82815930785
14400,14435.909223430455
13920,13968.23265525178
13550,13610.429765472289
12950,13015.65206302519
12700,12751.545395015317
12770,12791.911376813041
13000,12931.709176778206
13470,13421.9923903058
13840,13765.302588433728
14200,14155.35929428179
14550,14513.317776365548
14750,14509.545298064124
14950,14661.095207275448
14850,14297.45021029513
14630,14373.174273643905
14000,14035.103079448138
15800,15859.45412883506
16100,16150.121124396272
15950,16000.437626466413
16000,16056.997124833633
16000,16063.363802250373
15900,15972.679784199285
15750,15842.137107940169
15600,15641.120107790895
15300,15340.667093122971
14930,14970.562262123767
14550,14599.631767277864
14250,14310.955682273645
13550,13619.327885198687
13500,13560.94607788156
13330,13328.00089427868
13620,13600.62591328689
14070,14055.574817170262
14550,14512.9648212951
14870,14624.085701121283
15220,15077.076894265952
15150,14789.989884684961
15250,14886.285142908873
15350,15089.925814221402
14950,14827.115627831838
14500,14489.45795528539
15850,15948.48410711682
15850,15939.309453572016
15450,15531.243402061202
15850,15937.13070733531
16000,16089.98062511078
15950,16039.618030533733
15850,15946.98917526396
15700,15742.156940098743
15550,15592.112490622869
15200,15241.400334366142
14600,14647.00311694844
14200,14259.826860479978
13350,13419.156372103276
13200,13261.22501685541
13070,13109.897708727112
12930,12951.266197602768
12970,12852.943218374705
13350,13043.990754126913
13770,13415.105288440276
14240,13986.036595713118
14000,13760.675456359793
14175,13801.835829044372
14400,14044.055413656093
13800,13479.842336300511
13250,13151.270626953105
15000,14990.706452033945
15500,15549.984642662723
15350,15396.43777687008
15700,15745.332464481267
15750,15792.708257149057
16000,16053.871347439854
15800,15863.987255607994
15600,15627.046905491468
15200,15229.685789298845
14700,14734.064100291096
14350,14390.480592875358
13880,13934.942662922738
13000,13064.419580220852
12580,12647.71669157005
12200,12245.6149652265
12030,12063.522710862831
11690,11707.500768423894
11260,11222.769864435006
11670,11540.646146609888
11926,11954.571448015176
12271,11767.251425925817
12601,12238.232479678725
12664,12294.34071116442
12717,12643.744308656103
12448,12412.657194679223
14216,14231.848882628301
14628,14530.138766101249
14350,14318.520467206581
14371,14376.966763732195
14120,14124.412054113685
14108,14145.038269265446
14127,14168.966401098149
13800,13790.624154836984
13220,13219.551512183207
12920,12927.069025000725
12700,12714.613535672917
12520,12543.70369492975
1945,11965.473836592653
11890,11965.496847818918
11900,11916.679558326688
12430,12398.644664001371
12720,12642.938154517895
13150,13116.56469754641
13640,13021.973858148016
14000,13435.621819027121
14000,13478.76148488695
14100,12201.160880980771
13850,13857.799823997939
13100,13138.990606650226
12100,12156.619787674877
13650,13693.083148001377
14300,14328.323658786452
13930,13958.798402788005
13955,13990.803367262386
13716,13754.413817257806
13511,13550.206116246034
13422,13477.188743706698
12840,12843.435469031663
12343,12355.953124692034
11913,11937.465775965306
11493,11527.267075247491
11263,11351.779794532778
10691,10754.358245218475
10813,10871.644452523058
10884,10919.651184632867
11417,11429.505800866726
11849,11837.059906345135
12590,12538.479932653265
13030,12986.600653213354
12569,12424.83015302795
12425,12392.949924559482
12430,12422.31498189598
1290,11932.155454121483
12380,11974.840359251608
12100,11482.577912871355
13707,13140.783463695716
14376,14143.443450138046
14135,14105.633302825003
14170,14180.555111357759
14035,14051.18778518406
13990,14007.917356165162
13970,14001.751926291814
13600,13581.73957379156
13300,13291.022571202451
12800,12804.619394773083
12300,12316.042873151346
11870,11897.730948534268
11388,11422.904533140758
11354,11382.880835527569
11436,11434.132601382515
11906,11872.865412069255
12588,12517.722352378489
12981,12863.97703194022
13300,13222.277567985324
13770,13441.26927817459
13844,13389.276233040231
13962,13418.81862003938
13943,13601.886538475495
13455,13451.423664169884
13056,13104.635121178353
15000,15034.9377749321
15500,15524.661029812145
15585,15609.117824835663
15585,15617.13163198595
15368,15067.478266903094
15550,15444.432121087139
15450,15371.048724579388
15100,15106.242195858053
14480,14498.066539034717
14100,14133.774987724213
13400,13449.11783439852
12750,12812.12821574245
11388,11462.537429640752
10853,10929.268935885724
10869,10923.677301518303
11375,11411.9345512042
11640,11641.840618306838
12071,12047.739839484415
12640,12518.624872444958
13200,12973.461770300946
13570,13309.488345889575
13700,13414.111106870516
13730,13535.26093821273
13480,13352.760806178536
12950,13007.817169749116
14720,14762.705625227929
15300,15325.504105613665
15300,15324.955138498131
15550,15577.815604890478
15450,15479.48455698881
15500,15530.513626640473
15500,15547.043388173777
15200,15196.325102977276
14600,14431.949639236602
14300,14214.664811230276
13700,13698.057142678803
13550,13597.349722114503
12950,13008.444666374908
12800,12845.297192628903
12970,12985.69215681277
13150,13143.756579619538
13600,13569.686994191654
14080,14033.454554604637
14400,14349.503467537026
15000,14693.28967030082
15100,14696.507601003836
15250,14935.014662698046
15160,14954.355422179651
15000,14927.934709852529
14200,14003.384762081696
15600,15666.847596756867
16100,16152.751450435971
16000,16053.765056761913
16400,16422.34577111283
16040,16099.830708849076
15850,15581.137636953474
15650,15425.672774963932
15400,15428.502177193874
15250,15215.095147225158
14350,14857.71902407565
14350,14336.049460479193
14050,14112.755829295667
13080,13154.783449550006
12480,12544.47629203703
12200,12239.64875306594
11970,11985.139407422022
12320,12310.103222861857
12755,12717.037614555644
13454,13030.629249770514
14150,13245.793282251376
13750,12728.366571979084
14250,13171.641854534635
14130,13521.03595609398
13840,13199.393444972622
12950,12741.726441409686
14870,14922.324431318313
15410,15383.946050929993
15380,15108.322191124236
15850,15886.41316640356
15750,15788.422057095391
15840,15747.7484542663
15850,15770.466433681027
15750,14897.204801255477
15400,14385.801278262417
14850,14234.594079421986
14600,14402.022370998104
14525,14235.266642217393
13550,13545.065768634959
13450,13504.74418986728
12830,12764.853560948115
13000,12928.378222544423
13420,13271.523733820695
13950,13655.49429763492
14350,13838.973973970526
14550,13572.865110882964
14800,14567.232596652848
14950,13248.776067404786
14700,13819.451898039359
14200,13044.227448307201
14900,13387.776384853887
14800,13247.65367023482
14500,13052.245127368258
14292,13586.505126431332
14600,13179.348036351428
15450,14357.271119515208
15500,14243.100034015879
15350,13560.225535937498
15200,13547.492353366313
14900,13616.53775907851
14600,13629.805534541
13970,12314.55150173103
13170,11227.520810002605
12980,11052.539919504263
12600,10653.549399236144
12850,10868.663693363384
12950,10968.273823975884
12800,10801.899795155052
13100,11148.297061593963
13480,11579.212822880227
13560,11980.43864161124
13700,12006.733938137633
13700,11917.796930431457
13200,11301.818096619052
12500,10955.41183059201
13290,12043.149622692708
13560,12235.802316497316
13230,11669.732588533661
12920,11163.020027735962
12785,10987.858753833869
12785,10915.169853448593
12715,10884.190081283592
12020,10891.151650453241
11100,9605.354229571545
9930,9374.385516187394
8882,7523.289176046253
8056,6302.377802073235
7075,5334.1885478008535
6304,4573.6898135092615
5553,3852.0562902547495
5271,3801.7850628587794
4907,3196.817221815362
4890,3168.473624851876
5323,3581.8313610913033
5399,3642.454908885163
5109,3360.77202878322
4506,2757.0451491574445
3886,2151.955879311269
3751,1980.0332554599936
3847,2438.55406844469
4097,2432.6723906216816
4157,2480.2242268352106
4177,2488.8990489295834
4554,2823.728021522994
4553,3289.4268875635958
4369,2653.414535137227
4240,2525.4764081264866
3986,2177.875199828206
3880,2074.124643597055
3708,1943.4505812023745
3694,2034.956203979571
3651,1892.1125642248444
3749,1993.7749010633624
4025,2262.7280918110646
4692,2903.0207668651083
5649,3835.5448634288027
6385,4406.984138656753
7292,5172.572792442113
8180,6033.927844748443
8585,6483.358987822743
9268,7179.4793842011895
9657,7572.258842593003
10708,8756.383029092849
10621,8712.114769209471
10402,8486.812214669137
11811,10410.520354753433
12085,10649.904466414839
12038,10712.952268177733
12451,11273.073850227995
12553,11284.409806003647
12900,11718.48308593057
13100,11698.30344949772
13000,11721.757917178627
12750,11103.475428082875
12314,11026.115832326283
12081,10573.400624767357
11923,10939.70402069917
11469,10160.032033053221
11296,10333.760921145109
11601,10173.198160774986
11857,10276.300421977725
11887,10090.419111075593
12021,10455.446139867807
12459,11152.362752036783
12689,11502.489643146444
12848,11364.026152669561
13025,11552.358872136097
13520,12023.266685912758
13000,11666.415553098053
12390,11448.1708110799
13900,12676.536525083986
14630,13332.43558543616
14500,13442.460254176951
14700,13850.893436157661
14770,14124.621068686643
15050,14368.339178904953
15050,14240.243500236931
14800,10798.457011937771
13850,13417.307562606624
13050,12565.564575313505
12550,12383.26484328615
11980,11823.781901396515
11416,11304.469883809988
11253,11036.542252959574
11380,11152.091505531895
11870,11432.50661599877
12245,11761.547507450223
12530,11972.39261471629
13000,12497.241843693268
13300,11433.064422982563
13310,12653.003470383159
13600,12945.324845105306
13450,13052.481212044864
12900,12614.539896552435
12600,12149.485171722928
14180,13881.29725291301
14570,14293.942278403923
14630,14452.61414865742
14600,14628.564290330956
14590,14278.209270024523
14850,14405.351953168722
15020,14648.66579134552
14500,14151.315302908519
13950,13480.778592165589
13570,13484.923958774314
13000,13032.116690763312
12400,12274.411291851713
11600,11489.8007172555
11300,11188.559903562742
11100,11042.225270921053
11140,10931.375880296808
11320,11146.07624007515
11400,11280.571688013704
11700,11569.76234261828
12360,12080.6016660545
12050,11577.645635653633
12080,11707.052249678836
12040,11876.699255504696
11700,11674.123867843151
11500,11551.550066494925
13190,12851.81670012091
14100,14052.242421317565
14100,14118.12113875605
14200,14221.195953500302
14250,14236.13149194328
14350,14365.248889674407
14500,14490.432215231955
14250,14236.978645843428
13900,13895.51339001504
13600,13608.594873276572
13300,13320.194411857905
13000,13030.549895199343
12250,12221.508078322571
12200,12238.040693749948
12200,12205.528514865524
12550,12557.169159223024
12980,12945.24016514388
13300,13206.34746200312
13700,13346.515441686239
14200,13904.900158555338
14050,13683.548332035245
14200,13835.088186703118
14350,14134.726316528548
13950,13971.148495606236
13600,13464.996029625814
15150,15208.915496537411
15800,15848.338018877654
15850,15899.470448753094
15750,15801.70394915291
15400,15459.736224985507
15450,15515.014504737781
15550,15629.122573539807
15100,15131.327607010913
14750,14788.566201868154
14350,14395.840722877816
13850,13905.64137423355
13650,13716.706435121463
13020,13089.481999651001
12900,12860.976763929208
12950,12995.466252589242
13300,13330.936805108144
13600,13561.829549713751
14000,14008.95495124863
14375,13822.906897723768
14500,14012.74888808847
14750,13963.550353792285
14850,13618.45200572742
14750,13887.24326087553
14500,13889.162825595988
13750,13587.61401746757
14950,14847.921743932897
15600,15563.622521451012
15800,15728.153203467624
15950,15712.81811480998
15800,15600.350630601955
15800,15669.803619440874
15700,15139.93255250906
15280,14843.730205159576
14800,14531.685929859716
14250,13381.958256163842
13900,13484.678343494372
13520,13387.336942731617
12900,12750.694169523744
12800,12730.909738466453
12600,12696.374477680969
12570,12603.11001659526
13030,12984.806303637826
13400,13268.447141800578
13700,13376.34764285891
14100,13781.96782103859
14250,14041.307985417905
14300,13792.686045880891
14200,13651.11629893597
13900,13499.413379166293
12850,12486.41221770297
14150,14049.637505149112
15150,14392.951078918872
15100,14464.67631709148
15000,14403.543050282857
14600,14214.824377043064
14700,14450.499643071445
14500,14030.679966379288
14300,13918.516729047651
1400,13293.289613295376
13600,13377.821498482723
13250,12526.136390989835
12900,12628.413186092785
12350,12324.111722422698
12100,11293.81942805157
12050,11508.957274562857
12320,12150.676908625894
12780,12601.85220211486
13130,12992.94918590639
13650,13514.839478307684
13740,13138.456557504574
14050,13305.58788102971
14550,13551.795137393596
14306,13406.502124878869
13300,12475.363173708032
12940,12438.524233775524
14335,14057.063563541982
15080,14858.95930608108
14940,14785.642583674802
14950,14598.970607120966
14900,14554.366869166442
14820,14616.218862938345
14750,14657.14562122271
14450,14269.084987985967
14050,13897.806480772482
13520,13380.694203048064
13050,12920.641445966068
12820,12426.5419978803
12420,12377.829638729003
12450,12434.424941213008
12400,12429.365336319654
13000,12997.397775068137
13180,13155.294761871606
13520,13462.81992693534
14100,13943.616490210079
14350,13986.890038609103
14470,14019.514581210133
14700,14200.770767602444
14800,14517.310854750594
14500,14375.898245597358
14100,13954.141176633035
15750,15743.536709209064
16150,16200.784190980135
16200,16250.255890324665
16250,16094.153829289964
16100,15982.506563225772
16000,16057.00915114093
15500,15564.980268392152
14100,14119.255303230006
13000,12935.908527451073
13000,12978.8425328638
12755,12740.351731646962
12320,12400.238359492372
11580,11652.176469378852
11120,11191.06620484833
11105,11154.91317157145
11600,11625.698778735728
12365,12349.732259582075
12930,12841.519281101584
13630,13331.062616305684
13800,13396.340260833891
14120,13538.640142088541
14450,13846.577689666767
14500,13911.167554443946
14225,13877.29400386109
13750,13789.220629353316
14980,14912.686157906817
15725,15474.710265568872
15700,15346.105930258782
15700,15559.930029054882
15800,15836.414123006478
15980,14825.0823847871
15950,15427.824975188727
15650,15010.85745372095
15150,14580.675803221075
14700,14247.718167807598
14150,13678.48859371493
13780,13255.868521444347
13000,12796.946656010034
12700,12521.265118313591
12250,12192.336228024074
12100,11896.889094751365
12400,11634.844157997806
12800,12598.184699656467
13450,13004.403245375222
13800,12619.846397686511
13100,12469.175028333695
13300,13035.017787615392
12350,11512.002475184865
10769,10195.90064846586
10490,10135.160749834391
12551,12105.991444630712
13516,12704.696470074261
13646,12722.788462201126
14093,13207.578251220903
14200,13240.178243796297
14330,13267.043428414509
14225,13403.448122823876
13891,13095.177258144373
12849,12096.888097403957
12589,12157.402729689646
12442,11881.444254078368
12268,11612.522721083562
11851,11340.187715950622
11610,11036.856904045155
11280,10973.447246305073
11475,11243.497033406162
11890,11673.252835511132
12550,12044.454490833246
12850,11710.402187213605
13035,12979.081489673943
13400,13339.438705840617
14050,13787.515891905687
14100,13948.10131500848
13950,13345.747666236763
13800,13413.461383273585
14950,14518.836214551193
15950,15506.622646406555
16050,15568.87767521937
16400,15856.254343630615
16300,15724.955257164424
16250,15813.039719379412
16050,15521.14824641401
15700,15331.585030969694
15070,14713.861817774894
14800,14627.977463527379
14300,14103.233017106886
13980,13795.661802736358
12900,12799.178536890257
12830,12525.827129133955
12850,12874.62770759387
12950,13003.18065982204
13450,13446.449787694943
13500,13327.064208972497
13850,13603.653345686711
14050,13933.403072423811
14300,14044.565528934087
14550,14094.45257710003
14400,14097.230797911363
13850,13570.839552644153
13500,13268.703675190463
15100,14930.753541912596
15650,15055.720558569792
15800,15507.978751052953
15900,15504.96494449838
15800,15710.14452181193
15800,15849.153411612559
15700,15679.993164732543
15350,15160.489971537681
14900,14616.59397888248
14300,14302.719826942503
13750,13595.011292747029
13100,13061.831573607644
12000,11944.693037503515
11387,11396.828117905057
10963,11030.340939075599
11581,11635.170150969105
12311,12296.182348315906
12620,12627.225188225962
13250,13092.306073141133
13250,13092.595683703035
13311,13092.347910853758
13695,13530.120824254958
13865,13879.23045617446
13510,13514.823023549487
13143,13198.439026410651
14426,14333.641255794937
15150,14775.50936107193
15050,14810.002630051367
15450,15106.042773965415
15080,14842.150972763131
15300,15232.681152352841
15250,15292.543677395293
14940,14931.444822226196
14550,14550.07201353832
14250,14262.59302006305
13830,13855.458608737263
13520,13562.030949957632
12750,12810.101575797184
12830,12883.105579416828
12900,12930.860410488256
13350,13359.896236039727
12600,13576.761351165647
14000,13892.499887257569
14550,14289.18731104205
14800,14354.477041705284
15050,14570.616697800579
15150,14391.166762602843
15070,14402.85829220268
14650,13946.740045404335
14270,13930.229168028021
15500,15414.0780888392
16450,16476.218046406542
16500,16557.29971494243
16700,16561.504808050424
16600,16329.849912882572
16600,16300.936646641287
16500,16245.29454824558
16100,16101.999522233542
15850,15894.639652117014
15200,15147.877421973812
14900,14922.484004597376
14600,14260.489629292499
13800,12924.70015342786
13650,11847.34699045586
13250,12835.718818056095
13680,13256.857889222283
13920,13880.394176713266
14020,13589.438052060512
14500,14071.46630304983
14900,14316.84200300504
14900,14441.812462648484
15400,14979.450606833994
15200,14839.702145691514
14950,14577.049455001212
14250,13823.568706402775
15650,15111.21533999643
16050,15499.45761393852
16100,15648.308719021228
16450,15904.912652827054
16650,16246.813814219193
16600,15818.734257199201
16300,15942.319525142833
15980,15396.17618776729
15400,14687.481485110296
15050,14236.7897760998
14380,14087.896692592803
14150,14038.378314218753
13450,13315.0160291127
13000,13075.457130491799
12750,12780.182351853742
13050,12555.269752025093
13350,13015.584661629684
13800,13543.61504101388
14400,14173.56214832479
14690,14476.797260215044
14750,14694.869785519353
14700,14261.216140726625
14070,13234.045660407162
12552,11876.249848785097
11410,11197.421110319126
12815,12267.836436292506
13950,13440.977682747747
13760,13274.745115402042
14100,13577.132283336174
14350,13958.302575360394
14325,13860.706976848407
14300,14150.413492828373
14100,13008.967770117575
13920,13819.919001809962
13375,13389.406511739457
12770,12795.610868710286
12325,12055.479258063355
11350,11096.895948135898
11075,10692.263773522722
10800,10066.706038812372
10682,9529.153556489086
10832,9523.796706941712
11182,10001.511266320293
11929,11276.198925870793
12629,11841.314789916441
12340,11320.894557112159
12671,11837.148728750686
12474,11966.301517933374
11917,11470.212950516212
11620,11150.778004781474
12998,12175.17645643573
14057,13389.452140850615
14320,13236.353431305
14510,13290.931212532907
14590,13642.555434477348
14820,14314.40489681424
14900,14061.015818106782
14600,13960.259609622375
14050,13559.679896658956
13700,13055.962233386097
13250,12311.791073810757
12670,11951.885207376692
11880,11350.0736013602
11075,10211.958057592768
10854,10053.673075471215
10941,10346.076983636114
11002,10257.584485961032
11345,9892.693836270042
11757,10167.64452983924
12065,10668.630076823029
12367,11291.679625404016
12269,11094.347628101354
11765,11436.056859163054
11435,10264.43895522979
11109,10700.562678010723
12391,11966.244956263463
13369,12481.687818367227
13335,12304.554632757514
13723,12318.38034244374
13734,12426.315042255523
13738,12768.709584539196
13709,12985.431809003872
13545,12662.503061559775
12954,12249.968744935977
12353,11629.143256890733
11867,-19541.04129553544
11407,10777.750842725298
10454,9744.500507820256
10020,9590.291629020072
9956,9382.98270979336
9737,9167.391046726192
9748,9432.867541654103
9865,9607.210040983446
10337,9996.051126448216
10926,10445.53479085119
11387,10792.323017644438
11461,10980.548208452972
11043,10983.70162261863
10381,10349.579108699241
10192,10001.391965299918
11957,11675.489008489078
12557,12225.287885933569
12524,11879.98313515768
12872,11920.803370147407
12838,11987.506382980991
13032,11769.793882424465
13104,12356.483553511283
12881,12391.362868076532
12389,11875.99576359371
12083,11516.38511563663
11664,11109.614165939001
11539,10928.52172749723
10930,10231.713746235971
10544,10460.999326751407
9617,9572.626655850068
9234,9237.637211136782
8882,8067.906091074501
8919,8465.578896218522
9099,8508.875533272414
9460,9202.9132153693
10082,9901.982090909049
10318,9908.2387263556
10643,10630.733937904164
10617,10376.80078129188
10516,10342.58231886112
11714,11084.541539860913
12732,12052.378695405601
12642,11920.4651055711
12967,11633.342044917714
12953,11413.699064566752
13008,11433.756085052377
13025,11423.069481649498
12740,11837.265458813657
12200,11442.43534766355
11790,10843.22569235952
11535,10801.071944794065
11350,10862.284073530689
10530,9751.799172819183
10110,9037.45257867272
9691,8964.739492320685
9490,9073.762661455823
9066,8425.664997212758
9027,8416.671542631639
9241,8584.287256996318
9679,9280.506554649299
10172,9464.282750585586
10085,9411.49615237142
10000,8735.622432024034
9567,8723.58884089567
9094,7780.15051236361
10493,9840.928864565503
11387,10580.251236772172
11370,10553.833460796119
11633,10748.73160248743
11794,11213.709246844202
11879,11093.283609052512
11819,11106.666960569653
11580,9419.183762647763
10990,9350.586956453613
10758,9091.099151413115
10538,8605.198193492195
10434,9769.464138578704
9487,8772.09007449626
9315,7725.996487390672
9072,9084.475160427904
8846,8860.263708845101
8627,8480.785293941242
8630,7387.217237320886
8773,7973.964218302753
9155,8128.300968605748
9078,8683.535134701722
8771,8660.419206020902
8439,8270.592229783932
8131,8173.3966571685605
8058,8098.612990502461
9345,9230.136849839371
10183,9778.798475601223
10159,9473.575314053336
10636,9266.23278611563
10711,9270.078669383316
10814,9608.42534996926
10809,9574.569866633126
10510,9290.311401020672
10172,9163.644363049687
9891,9029.439232865674
9583,8898.317575238698
9237,8257.892918904516
8415,7927.587380653116
8415,7861.940699127341
8396,8107.761187607499
8675,8520.920887762622
8920,8742.426874146338
9029,8471.514233677222
9352,9019.203035341603
9424,8330.615645338577
9406,8190.055181416442
9250,8421.31572510915
8990,8949.059130733367
8634,8644.171519964024
8641,8664.641118352763
9937,9942.198946923429
10534,10526.557419566805
10701,10623.999029922034
10979,10726.04307119329
11140,10578.83925141941
11156,11139.068706578098
11147,10866.173306287965
10906,10775.295730615187
10576,10317.452411686945
10260,10184.708886223507
10030,9998.987070169585
9708,9688.657626245922
8961,8580.118865719167
9110,8654.627793703434
9103,9073.757834566624
9185,9069.368306141438
9313,9237.849825978314
9512,9424.702959248658
10199,10098.76634819858
11150,10527.462093882345
11059,10253.15931609679
10876,9907.207770136218
10543,10123.038373510339
10081,9694.333667290013
9751,9697.567945712206
11074,10535.24020124741
12226,11838.680939256388
12257,11693.196250806948
12815,12458.362227751419
12900,12885.763840997435
13100,12918.432105235148
13040,12766.424653746639
12930,12649.213026687572
12600,12123.0027574292
12400,11900.775486314316
12010,11350.512126927108
11655,11249.048503227119
10620,10096.821209413692
10405,9912.163448322768
10115,9474.130095139819
10243,10000.0888537565
10266,10109.260307865972
10436,10330.939538747942
10825,10591.105131407061
11205,10709.681654203472
11377,10622.357099926508
11752,11013.772867052197
11722,11237.01116891746
11397,10801.034179784503
10809,10342.82704258164
12030,11552.598763046772
13100,12708.718520173885
12738,12375.09476149256
13436,13071.621416102931
13600,13267.926471303494
13930,13359.630132499096
13920,13696.13660530956
13700,13523.407798952543
13350,13079.263639840676
13200,13179.406911975064
12753,12639.87145960912
12581,12413.953902457131
11468,11352.19010085243
11109,11097.219787083495
11393,11363.678103218666
12019,11980.309024243059
12303,12269.441823114008
12441,12380.815462699597
12719,12660.50675544767
13235,12655.119324633499
13542,12795.233529025685
13410,12796.853560759628
13640,13256.346149924615
13077,12518.907861017951
12015,11932.391001851582
13306,13286.334315717819
14200,14208.772363890494
14200,14200.570340059054
14510,14442.31095693375
14450,14483.06242079684
14650,14682.680761925854
14700,14741.435965021832
14550,14546.079029551907
14380,14380.783063103583
14100,14109.70763475804
13950,13968.048879516009
13550,13582.425258511004
12024,12075.417970766388
12135,12174.952572288785
12295,12247.429855410755
12750,12746.308968797337
13100,13093.84189727821
13125,13079.347880255515
13500,13488.677097147876
13450,13341.732670095469
14000,13810.828655053163
14100,13897.235466062433
14150,13759.75763953782
13800,13671.43342756746
13300,13218.703602596132
14500,14554.257403218005
15000,15090.275785777587
15000,15086.727824568428
15200,15224.265712804005
15200,15296.501633608466
15450,15551.830246910115
15400,15338.020752752338
15150,15203.702286792333
14800,14867.514883388438
14700,14772.961913876996
14600,14678.74345866618
14400,14497.654008063073
13850,13949.201284065855
13700,13784.795628626669
13900,13965.662907393897
14100,14155.2745521609
14300,14346.057640432293
14500,14543.474224725724
14650,14650.896138327873
14600,14656.453548516005
14900,14716.109088817215
15100,15023.637690092
15000,15004.642708613439
14700,14801.931221033126
14100,14217.768376747405
15300,15421.615264675984
15400,15519.060741178968
15500,15619.219121493035
15600,15721.27882326541
15700,15791.571106217722
15600,15732.026956325208
15450,15563.453118705798
15200,15292.243133698332
15000,15028.050198750669
14900,14876.113296113144
14800,14870.958846117544
14700,14742.969757628056
14400,14472.80159697543
14200,14262.098348910684
13900,13959.814281391118
14100,14144.048399397841
14200,14127.164359455828
13950,13666.719229301132
14000,13982.934663368082
14200,14003.870975958187
14300,14080.821618565924
14300,14041.961414179019
14300,14086.244201280148
14000,12870.240678914466
13800,13057.19236516484
15000,14600.84504424057
15400,15404.37277250634
15300,15302.178889981169
15400,15198.321745580932
15400,15030.514907907065
15450,14883.491785570717
15400,14604.576634554738
15100,14596.006758167168
14900,14329.456854984765
14800,13861.130783202327
14500,13665.49747921241
14300,13431.614742814487
13700,12457.612514471064
13400,12293.974019470017
13300,11939.303602247077
13550,12103.23026162928
13600,11824.108075477121
13700,12002.974622181107
13800,12430.641225547472
13850,12763.401492426821
14050,12449.910766444205
14150,12644.647600439168
14000,12301.66941997404
13700,13281.484908607432
12900,12464.630751813515
14100,14109.085709211491
14850,14489.336289885377
14600,13651.199195190224
14800,12861.009419505557
14760,13834.490868079305
14750,13381.852212058631
14700,13483.821796445429
14400,13338.716469563497
14300,12730.477421741698
14200,12705.188104024426
13950,12214.355808075992
13650,11988.185872071039
12750,10967.156108181092
12050,11149.899382202968
11480,10019.117172326964
11180,9648.677035648692
11250,9341.623029744813
11500,9367.773965428907
11900,10080.022998929153
12600,10555.7377634169
12290,10259.568862625445
11900,10222.534562597608
11465,9657.002259285211
10990,9071.55845173928
10680,8735.572725060927
12230,11018.705105485085
13350,11787.791048831912
13300,11523.993482669557
13720,12862.434223167069
13725,12929.780766849595
14100,13248.031897816607
14200,13391.68800611886
14000,12745.980081366459
13850,12496.056935589462
13450,11934.829375469119
13200,12067.493195706065
13000,11225.269280084325
12100,10565.238301618469
11950,10485.095782436663
11627,10192.206792911831
11480,9663.860588512573
11000,8964.45027122574
10850,8738.218116708607
11280,9205.043745062507
11475,9462.955974977864
11530,9462.696060224578
11870,9803.532597364034
11950,10494.579877761018
12150,11176.72311195045
12080,10059.95169184629
13340,11307.38192701383
13850,12659.341183653742
14000,11918.86372690263
14350,13473.528213320014
14450,14019.815916622918
14650,13715.327179145712
14600,13682.006401796805
14150,12941.422656497405
13800,12115.564292596959
13700,12500.56223909516
13550,12663.772607374298
13300,11399.20272915361
12100,10572.63170987842
11800,10998.934632491439
11900,11194.523757789899
12200,10908.352448666377
12600,10831.350125216104
12740,11059.360993803193
13100,11434.763790411936
13250,11931.73524752208
12950,10943.312707170113
12800,11265.989396309324
12030,9971.602498579687
11950,10248.254261084665
11710,9671.795822578211
13260,11211.350133827047
13530,11578.820250790763
13390,11425.566548621626
13493,12003.268551839119
12925,11508.110454086716
12393,11083.610433438367
12725,11082.37724333302
13300,12300.39594537356
13100,11588.212742739528
12800,10811.769518704452
11950,9960.71360311778
11720,10219.321698398364
11049,9832.010827979277
11093,9708.461292885873
11273,10182.157474593878
11680,10683.808600624918
11980,11140.449520133428
12480,11716.268522080809
12880,11500.190775564803
13100,11479.436239829016
12700,11902.059741281915
12850,11132.836860443895
12680,11072.575732522708
12000,10233.947012836594
12100,10989.820877323344
13420,12809.93374207127
14120,13734.719185103815
14070,13813.722096694355
14030,13784.778740509333
13960,13995.259069750418
13810,12621.720644522196
13670,13202.7581351082
13200,12001.743380516222
12770,11476.357098510814
12170,10996.034744751047
11970,11111.642712585635
11740,11162.047948059459
11350,10406.416752789835
11180,10508.201888565549
11150,11184.34140914902
11640,11462.305749364845
11960,11944.583000642702
12370,12290.278562156403
12600,12244.732674316474
12630,10942.772019805445
12400,11726.555291722414
12250,11786.418974453929
11925,11412.157834645397
11850,10726.8144691867
11950,11139.147923173346
12650,11624.812727661316
13790,12989.409658109962
13620,12848.802282334145
13800,12963.752109796991
13680,13221.752749670672
13500,13080.392799198133
13180,12534.247180209539
12950,12151.277242234937
12460,11977.538340042693
12120,11822.165778770326
11700,11547.204570847778
11520,11542.637319943653
111140,11276.92418935104
11200,10590.271121666647
11360,11217.556365163
11450,11366.599883996285
11900,11559.062649913747
12250,11807.62557140482
12470,11791.78935125909
12860,11444.105795585083
12820,11256.27590270327
13180,12156.264767620152
12810,11867.446211385857
12510,11681.82315099264
12130,11936.748589175453
13330,12951.828436403594
14350,13651.569877434194
14150,13379.303408221456
14250,13141.484008497915
14270,13203.138076952871
14240,13963.908446945683
14080,13611.05022572933
13580,12344.927533956707
13220,12302.021738381514
12720,12022.179935258533
12330,11880.923871283881
12150,10494.057179454152
11500,10655.095472795023
11525,10541.41368729011
11520,10523.463853188263
11730,11154.278307794499
12140,11310.51832608402
1450,11408.770634198834
12850,11099.438427546898
12950,11223.179214059608
12860,11481.259376007401
12700,11098.638050064712
12620,11608.232618250862
12250,10948.524734436483
12100,11585.91720240506
13000,12609.31181755136
14050,13677.868841367092
14100,13583.632982857733
14250,13639.1208338922
14150,13405.507591424755
14020,13279.010196633713
13880,13083.851704937617
13330,12381.316372465692
12920,11675.47862569645
12760,11696.814584446336
12360,11475.318356861602
12230,11592.093916360809
11550,11024.19907730408
11100,10986.957930443732
10960,10776.798244365546
10830,10854.121367198903
10675,10780.705543568421
10603,10535.921279195223
11167,11116.619400999276
11731,11716.476934139111
11135,11062.015231364978
11227,11224.056907092194
10797,10819.681185345766
10646,10681.62813147194
10321,10092.317952235238
11579,11506.559530862589
13207,12393.311286428174
13229,12680.911353699023
12974,12087.845380032324
13028,12414.501957315213
13096,12554.528570036935
12700,11679.421965172536
12450,11878.613217238206
12020,11697.279264245532
11661,11210.847891855352
11270,10620.971853510666
12090,11782.682736612762
10978,10576.083107413317
11185,10460.050334379332
11775,11743.568196262302
12030,11497.418832149466
12190,11101.260372559103
12750,12473.429075483742
12520,12260.944811541021
12900,12696.351154136704
13120,12892.953592696631
12970,12756.957736882821
12540,12122.369179010624
12100,12017.309587743921
13450,13393.007166340569
14650,14428.151254521215
14650,14356.367019572222
14620,14368.666677919424
14660,14513.544944462046
14430,14456.910067521068
14570,14373.017745735204
14120,13975.043088863222
13840,13638.84315858713
13350,13096.599649554586
12880,12603.170316322105
12630,12319.271281299927
12165,12092.897019649328
12280,12245.990525308014
12540,12236.542755555489
12807,12498.308170790508
13148,12792.730839008433
13580,12955.63377335167
13820,13130.842585370194
13875,12734.79862017589
13100,11613.32686303105
13700,12469.561358224244
13500,13085.328035624992
12950,12779.99340158849
14050,13806.861774939274
15150,14985.581074667709
15225,14984.599598244826
15400,15130.01657159052
15300,15134.655187966451
15225,15199.555843113129
15200,15225.175628785932
15000,14914.264418360712
14450,14429.834998449654
14050,13974.754487318725
13800,13702.546693116636
13700,13538.724442990948
12900,12205.861403239822
12875,12782.490818003705
12750,12468.816830994576
12850,12558.66103543159
13275,12913.057312253062
13420,12896.625377408986
13750,13205.280363694357
13920,13837.116556347319
14150,13331.712179216887
14100,13591.976873573953
14100,13615.691665977833
13550,12967.651184529419
13120,12761.80958933867
14300,13890.843473328712
15350,15006.82094337864
15450,14723.60247989514
15500,14976.49845591961
15550,14930.315730731909
15500,15196.517318489878
15400,14838.811413716903
14900,14554.076242718682
14520,13867.12501677114
14150,13503.017361510545
13900,13737.09627103871
13650,13532.457926760075
13120,12497.387671864188
12900,12780.935348687846
12890,12398.779985796173
13020,12460.428687491123
13600,13458.142594200628
13900,13741.066452739142
14100,13455.037878896761
14300,13148.813665066387
14100,12606.36333413591
14200,13078.673844730254
14300,13451.806541175803
13900,12871.67053909535
13280,13009.595178804417
14250,13869.906792215905
15300,14743.320520323512
15200,14396.927779384785
15450,15161.216342042218
15350,15062.183743108078
15400,14959.332200333385
15300,14770.30747986185
14900,14287.688425971719
14600,14028.961768550118
14450,13508.732668854376
14250,13382.664454662463
14000,13379.421650157545
13200,12647.101667171171
13150,12761.09970945229
13170,12774.940586709617
13250,12472.122352307042
10750,10111.784793107312
13720,13317.429684630817
13800,12408.85759165083
14100,13624.441026416784
13900,13653.515218077668
14200,14068.94393530635
14300,14342.836948435177
14000,14047.25786518772
13600,13484.642366739947
14500,14449.737647064987
15400,15008.615891231359
15100,14771.743150724727
15500,15170.847296573516
15600,15444.003599714091
15500,15180.865352762772
15450,15380.779967084829
15000,14507.3905421856
14900,14345.454251387036
14500,13672.736811041248
14300,13918.299145407473
14100,12261.103424622183
13800,12412.13568272715
13600,13367.595893954835
13500,13050.943297244019
13800,13232.008305581054
13900,13901.652818038974
14300,14310.948311990267
14750,14661.117655863916
14750,14565.503479193634
14750,14607.79476711878
14700,14138.368840895098
14300,13972.991293784347
13450,13502.380800546665
12850,12845.94804748516
13650,13260.731268493832
14300,14099.845445775936
14170,13586.631847057088
14350,13732.06601582622
14000,13729.056388562967
14200,14001.81157925586
14050,13482.128043840028
13850,13223.849944245274
13450,12726.206314013769
13150,12196.652773831218
12950,11352.754764806932
12700,12195.44124620703
11500,10693.372310336881
11080,9795.095548890975
10824,9936.775504935253
10775,10148.869850807487
10950,10358.778909962219
11400,10847.47507111061
11900,11231.772742621546
11700,11456.476700280211
11650,10938.743335889892
11350,10808.114768453308
11040,9933.513704934016
10818,9976.143602374756
11922,11309.90245250327
13350,12580.07956619437
13355,12573.153565141583
13587,12769.60610357242
13627,13084.49955076913
13900,13560.474778526333
13800,12412.537537493146
13320,11996.42950645143
12920,11639.36762141055
12580,11743.855619315887
12380,11763.808647927188
12180,11260.723352101513
11580,11118.293255129323
11620,11290.509689950308
11650,11265.01739176576
12120,11402.676967993495
12400,11793.687631373961
12650,9717.181958920175
13100,12616.548642133046
13550,12806.450880011591
13500,13042.983519563068
13717,12863.477027356483
13675,13181.74283188053
13450,12905.984810227143
12950,12660.275067374667
13900,13465.992676794758
15050,14540.577933949528
15100,14722.015546804978
15400,14955.597765031696
15400,15242.976210308236
15450,15296.61911793787
15350,15010.352835846224
14800,14436.710995631332
14550,14287.935397513109
14150,13697.406434097367
13800,13359.562785117025
13700,13235.14363504534
13200,12738.957011641036
12850,12381.959261460528
12650,11817.22503625248
12900,12331.806363450632
13250,12750.16603333717
13600,13084.403484684284
14050,13719.67799078266
14150,13272.161174745688
14200,13520.101166765196
14480,13933.303767433377
14450,14152.672341369558
14020,13411.006763817964
13460,12099.127152918161
14500,13644.163965468266
15600,14532.76832983271
15600,15069.055739052208
15700,14860.650068739022
15650,14916.602362864724
15500,13616.166341463279
15400,14281.204821298155
15200,13732.222353863159
15000,13771.029581123887
14700,13585.70330894308
14400,13151.571594974852
14100,13469.556736874616
13550,12827.622074735566
13450,12418.718326335937
13300,11591.319204055904
13500,11525.813045451294
13750,12110.683632939834
13800,11916.09312712443
14150,11928.732858812004
14400,12444.494036158932
14480,12584.9258743947
14570,12668.620141361804
14500,12776.643679854333
14270,13007.755651777636
13620,13199.331436653894
14600,13962.890380195662
15650,14392.176174097222
15750,14755.873657247608
15700,14602.597234131877
15600,14712.43501691569
15700,14788.125157516166
15500,14530.135721778952
15300,13495.807586601824
15050,13623.497627083963
14800,13788.85669717077
14500,13866.23732900514
14400,14218.666408678964
13600,13087.447345489696
13240,12075.221530262317
13250,12408.233806137958
13400,12573.566363500457
13700,12147.588584683726
13800,12594.401199399392
14150,13204.343301600888
14200,13223.448130942917
14400,12846.350260188825
14450,13979.062103432028
14600,13985.44178798984
14500,13647.72438612565
13750,13499.645372019695
14850,14624.440499510147
15600,15432.093212132226
15800,15355.66993902695
16000,15351.433634801513
16050,15913.42983844392
15950,15312.907146979185
15650,14931.412261976828
15500,15446.734007832896
15200,15217.200882176247
14950,14907.955901844802
14750,14366.895540575719
14650,13931.960070127887
13650,13209.678868367911
13550,13365.386240720907
13250,12705.390118863743
13050,12892.406898882284
13300,13294.32662121423
13220,13188.37013167783
13750,13332.421942311088
14150,13611.084029763655
14200,13707.911397150354
14250,13867.384208224044
14000,13651.996037662393
13900,13757.580830824394
13500,13369.238136679216
14700,14703.168526743812
15400,15384.861930586172
15450,15501.155239880918
15800,15849.897179515225
15900,15956.901531615076
15850,15881.551671389712
15750,15836.644087661341
15350,15379.061805514051
15200,15234.806018834584
14900,14904.634518396262
14650,14385.974382251945
14600,14651.344856769301
14000,14057.05309426788
13850,13903.566123834524
13870,13902.721410630718
14250,14239.679305936537
14350,14306.020280509094
14600,14482.341922129159
14700,14463.596248215035
14900,14561.378405200892
15100,14178.315126207186
15300,13952.279635786106
15200,14145.323645219203
15100,13697.986320283962
14200,12311.196651229595
15200,13858.999772659803
15900,14817.916037863928
15800,15119.281494371084
15900,15281.666954080949
15800,14748.405997059923
15600,14378.452874714312
15500,14465.684525320648
15300,13535.555427246794
15100,13813.936062842733
14900,13589.509526774778
14700,13120.37694127873
14450,12940.981673333072
13600,12329.816791592504
13300,11584.870710172763
13000,11355.95918961131
12600,10905.581424272546
12650,10839.787993102327
12350,10373.56073887597
12700,10936.502887833956
13150,11386.656302880763
12800,10942.698757255626
13000,11053.321936181113
12900,11268.013080860026
12050,11040.492297324
11450,9850.29546444948
12750,11241.27024864083
14000,13164.425358330453
14050,13053.97727508932
14450,12883.24897862742
14550,13426.44910693205
14650,13594.296189255467
14700,13749.413466276395
14500,13578.64984034151
14100,13454.949847182248
13800,12757.075450952889
13550,12579.716229758731
13300,12336.327139041732
12700,11645.009011448383
12450,10975.065708756207
12100,10663.418793660447
11840,10085.27156118348
11850,10107.651792536513
11530,9728.98195513495
12170,10698.246875773008
12425,10782.960175694167
12550,10532.38713043566
12570,10850.595321085451
12380,10580.152620506298
11775,9904.21427848145
11191,10030.730227823744
12600,11122.95653761843
13700,12272.78357477773
13450,12014.78458425317
13800,12875.35552052153
13950,13330.414302459338
14120,13433.421634631222
14070,13317.488682637653
13650,12981.493482746831
13400,12668.09998849924
13150,12224.600128224203
12950,12711.680060912866
12700,12228.704641648703
11800,11168.029947690218
11559,10885.595066980764
11278,10798.620302617393
11013,10510.221483669164
10940,10115.008503152338
10823,9824.412621140867
11156,10372.059412415689
11568,10651.651408259177
11802,10624.615952112867
11743,10462.412928680642
11490,10157.887472962335
10746,9648.996172687983
10308,9242.144747666041
11519,10881.641564121492
12770,12215.564263769862
13000,12468.461811280988
13500,12146.662656706896
13580,12084.61785577505
13675,12517.976528988253
13710,12730.104756397304
13320,12261.636538501585
12930,12015.283279420477
12630,11385.654210859124
12360,10817.724628078107
12150,10583.238801825148
11419,10850.76683596742
10920,9736.618770007826
10631,9097.010351937755
10608,8786.126863554256
10489,9188.789525149923
10593,8850.05145727299
10665,8968.782170764762
11102,9042.136376863966
11094,9349.25625647498
10921,9143.299060512994
10818,9194.508868026007
10403,8763.629210654693
9765,8288.877933649566
11195,10112.700229115777
12700,11732.655146083041
12580,11361.523734639231
12860,12151.889810196612
13000,12015.753546566862
13245,11847.185616072285
13140,12430.757901363584
12896,11858.45659417349
12377,10361.841868653202
11983,11513.829911088596
11788,10782.249870195665
11481,11063.270796911049
10685,9227.769282677784
10607,9177.323187372585
10542,9377.211449354294
10597,8939.010393673074
10660,8842.870161371722
10722,9017.4054222369
11119,8966.148778785471
11582,10034.816577061829
11640,10118.465364662788
11869,10740.607412521
11513,10754.886863059848
10800,9727.022696157095
10496,9719.522675119673
11975,11047.117718965652
13090,12655.344547692142
13249,12771.120795560433
13605,13399.206558691993
13750,13099.177518961664
13820,13340.490793569385
13760,13186.191722171701
13520,13005.657385784583
13000,12731.153438910836
12750,12731.750011591732
12410,12227.690285722792
12088,12086.57044069296
11496,11507.94168254373
11457,11434.098443542154
11428,11393.875774550957
11904,11838.78233443476
12263,12075.003839941295
12700,12325.797222220248
13380,12894.130210527288
13570,12785.898176800938
13570,13173.564871088172
13820,13486.91813054913
13600,13304.394411268077
12454,12478.850308535322
11817,11866.624186034718
13350,13322.489817738391
14600,14454.66574905345
14350,14232.837956067564
14400,14187.822030353163
14800,14346.490457737777
14930,14138.990846327335
14980,14777.342838091205
14550,14539.126329811108
14000,13794.143092230443
13750,13727.38660252719
13300,13323.601405789206
13250,13112.963481272129
12530,11955.509773454321
12400,12334.548829518775
12450,12081.182197075846
12650,11850.591587983665
13130,12637.907817963638
436,26435.082749424688
13750,12992.851506185696
14250,13080.248101350906
14425,13514.262222926809
14525,14376.470119401562
14275,13681.025533919634
13650,12814.250317062062
12882,12002.725986658683
14250,13569.274259431437
15175,14517.217940723222
15150,13943.162835358857
15400,14397.03342497451
15350,14930.883331288846
15500,15046.458925360454
15450,14734.897348764593
15200,14405.570145210597
14900,14178.61041968728
14500,14131.54845619954
14270,14010.278941674856
14200,13574.954418694473
13300,12617.367119225604
13100,12375.071561442575
12600,11892.477698398128
12570,11593.66554203775
12500,11952.20701166687
12600,11397.662490949893
13020,12039.09898046752
13570,12728.948503252424
12940,12393.47747492931
13320,12249.674587656677
12750,11789.345251395778
12450,11527.34893889663
11600,11056.030462147257
13400,12468.804396194508
14300,13319.944736002148
14450,12676.591672141869
14700,13745.702574461264
14820,14542.507253377506
15150,14359.768564452843
15050,13857.908102998155
14500,13097.329962585509
14300,12871.4962665684
13980,13789.818958623579
13700,13345.12378069659
13600,12913.314195026924
13100,12419.981715436585
12730,12354.979951273286
12750,12146.856606126115
12950,12284.41762186946
13080,11867.946625354361
13100,12397.252989899684
13680,12303.839412909118
13750,12634.16884286546
13850,12490.119228806867
14225,13315.77945650203
14000,12894.602048967095
13850,13153.140386816685
13000,12421.622799418903
14550,14301.81029710289
15450,14847.490798300692
15400,13839.490294434756
15500,13978.56898260985
15550,14744.832480633653
15700,14589.048201702706
15800,14461.975898090099
15450,14611.45893319794
15100,13827.992908480774
14750,14069.6957502978
14600,13857.6244962339
14400,13492.488937667717
13620,12008.004928160492
13450,12308.581252527507
13500,11960.573268940869
13750,12777.82015109716
14100,13012.288548566843
14150,13021.464943852461
14500,13386.349173991417
14800,13394.389769937126
14850,14099.136670073229
14900,13948.059032358078
14900,13475.95129494987
14300,12837.078371970705
13600,12088.048288949572
15100,13890.446524492676
15750,14625.338762101692
15850,15027.310241153431
15950,14636.922590664552
15900,14775.20773598686
15975,15108.66511912975
15600,15082.864755501996
15400,14446.724869928643
14800,13617.30427050644
14550,12966.703842302537
14250,13081.600697822509
14100,13282.873121630964
13800,13124.856085930265
13500,13093.032439983606
13600,13123.380234708804
13850,13585.25005566968
14250,13906.354727218863
14350,14147.925037840214
14650,14527.544870959639
14940,14516.222503369874
15100,14627.302660508656
15000,14587.814940132517
14800,13827.728078407366
14200,13504.174964363801
13600,13460.005390368944
15250,15028.727654516118
15750,15654.653532061137
15700,15531.498081141192
15750,15310.23073310862
15600,15128.036758582828
15700,15480.489344536392
15700,14911.306156533567
15250,14748.38365533352
14900,14404.417079792362
14650,14024.724829069153
14300,12862.044496475652
14000,13960.616299879672
13450,13423.912981463589
13400,13466.552400021359
13250,13201.532944354612
13500,13427.642027730559
13900,13757.328202576558
14050,14033.316943588448
14370,14213.222431539707
14500,14387.178073263723
14450,14435.595470407145
14500,14507.572298667685
14400,14299.812036220394
14100,14131.621962057281
13500,13310.90721766751
15000,14807.172568128513
15770,15694.478305909037
15600,15244.43708131076
15750,15572.019779379709
15600,15596.624419438205
15800,15672.791832711551
15750,15742.881974232307
15250,14920.7662312219
14900,14772.633547873505
14600,14610.367950331907
14200,13365.07695710491
14000,14057.219053086887
13350,12463.534262030025
13400,12917.199122811204
13375,13204.712490466773
13700,13729.703413320862
14000,13759.740596523652
14200,14035.046678287788
14400,14387.8289320541
14600,14594.316471231927
14500,14040.576271119455
14750,14598.649095754638
14450,12831.139789248107
14000,11931.520927413581
13800,11774.55767029666
14800,13721.541966472545
15250,14505.778587052893
15170,14278.51959194203
15300,14344.037336968118
15350,14425.353202636212
15450,14731.867293763804
15350,14573.690684948757
14530,12516.12534283856
14100,11772.422345828933
13650,11751.82429989168
13400,13109.46609511949
13050,11914.898805552215
12480,11112.53560374803
12280,10702.734278479364
11850,9928.826278722754
12300,10595.34186840081
12290,10473.244428653732
12280,10463.859384842865
12650,11594.99459932651
12700,11499.265214977411
12100,10886.557608973188
11919,10247.449935988985
11480,10462.372337640363
11175,9731.147859967192
11014,10152.168210359236
11948,11450.389972579691
12374,11386.52445764445
12126,10724.382319116561
12362,11366.153254500101
12224,11600.531433541095
11962,11985.113897476342
12480,10567.468234615535
12084,10383.645616742004
11573,9607.246539430645
10967,9049.228286195896
10604,8728.395588599044
10277,8441.550610495395
9849,7988.558759481466
9524,7904.217148076812
9533,8311.792879889384
9462,8122.775399312512
9552,8091.05873151392
9606,7926.100443857989
10003,8063.501137368159
10657,8782.917536177581
10146,8386.088430734195
9851,8269.896179027452
9607,8550.344340942802
9607,8771.287094766845
9462,8932.25215007851
10993,9662.181147516943
11788,10680.02266201287
11746,10631.413703869945
11816,10672.237673230171
11816,10811.736720805415
11797,10617.494137019476
11843,10977.10614717117
11338,10366.894422970916
10893,9865.254910024127
10566,9926.92169558656
10099,9437.475847935293
9444,8459.559888215428
9668,8752.107316987145
9928,8898.105553607202
10472,10045.25165842831
10773,10104.593235398675
10953,10553.2392965154
11489,11137.107790167207
11910,11370.336673618203
11529,10421.870764945048
11377,10361.532533075955
11168,10483.818688751802
11234,10396.300212833086
11011,10018.830772125722
12502,12208.55563687511
13370,12818.228401010292
13085,12261.872239550908
13270,12626.115679094411
13280,12232.124954026189
13140,11415.135654911275
13020,11472.496599615028
12570,12543.440740149947
12200,11536.34447727877
11840,11665.559782089053
11380,11117.239532989654
11150,10113.627828148534
10830,10757.424219901914
10730,10754.02494017471
10985,10547.544375869496
11820,11723.505382361363
11810,11755.451389175647
12060,12001.009800725005
12620,12556.60303225736
12910,12848.742850564173
12750,12668.183154435948
12740,12692.695624196365
12080,12065.648004213244
11310,11040.027154301762
10503,10333.631953294796
12270,12309.556293649963
13150,12594.922534987418
13100,12538.979051349736
13090,12801.248558621586
12990,12842.165115102067
13100,12921.028486742056
13010,12806.321343575699
12720,12400.786920439328
12330,11747.31103834958
11900,11468.646083787127
11700,11276.588239874436
11550,11200.907331361834
10860,10350.70137658213
10550,10300.560225148005
10400,10206.395363363308
10317,9573.705187932017
10337,9666.824946595054
10439,9721.63822512755
10554,9354.573491423014
10754,9629.137606506065
10697,9970.865559955862
9785,9322.88229118338
8747,8551.677774121945
8617,8453.936789076848
10857,10898.481018821623
11534,11511.921904978368
11612,11481.851279568582
12059,11756.374058257916
12019,11783.355927000946
12196,12024.553792651592
12093,11926.190918496328
11851,11389.804318764376
11375,11227.842218211073
11055,10921.521177650335
10857,10662.084018276157
10518,10157.349312707674
10002,9826.987091996427
9991,9636.548795360699
10062,9887.23384454663
10347,10219.36103366271
10460,10307.422582402512
10668,10241.896714978682
11098,10501.328339532367
11503,10509.401398170416
11706,9820.963675499348
11675,9872.247414480426
11417,9782.974142196847
10918,9730.464255724295
10171,9721.53461706917
12155,11724.609448099001
12919,12470.705082383507
12879,12356.589431943135
13064,12477.59774655903
13178,12795.601649235403
13250,12904.036022832312
13350,12639.1430904405
12900,12652.186951664537
12550,12108.029454971402
12200,11737.49773164728
11950,11533.197641796089
11900,11594.123904808901
11300,10597.551706359174
11270,10559.749308203467
11320,10354.385073508156
11550,9801.401477120413
11920,10922.429478401242
12200,11169.69547278904
12450,11721.194182632047
12700,11767.008649306234
12740,11784.286218748115
12890,11707.8460133229
12600,11901.935758257589
11980,11388.372172156189
11260,10176.28912125009
13140,12076.50113110309
13800,12995.703313875367
13730,12717.704784919475
13790,13221.335913803196
13750,13046.188206294706
13840,13272.16533243212
13800,13348.081962913246
13550,11683.424343701954
13100,11789.283680586534
12750,12167.418268230089
12600,12195.775372147016
12250,11616.36853452337
11600,11354.976598608697
11450,11035.756527412796
11550,11527.617653636064
11700,11181.776284079831
12050,11673.27003774928
12050,11791.77450575227
12800,12248.352293898282
12800,11912.082086135633
12850,11138.546383479508
12970,11565.394764612867
12830,11089.946497365652
12100,10565.775180651866
11500,10219.959266532514
13080,12635.883026868592
13750,13495.002611012427
13510,12979.610387985202
13910,13075.451617626739
13700,12934.204165568597
13800,12762.96264445067
143,27619.228398466796
13400,12885.484819234665
13280,12563.80677355906
12700,12643.582890138798
12420,12372.472662886968
12130,11376.434951313244
11350,10982.64716936144
10850,10759.573984013958
10830,10390.568420755228
10650,10645.115634379998
10620,10586.452964137112
10590,10527.60916970587
11100,11021.026336641356
11770,11461.223852636967
11113,9440.053708994059
11220,9043.127211378349
11040,9845.627475928111
10560,10187.739990945369
10196,10041.985648602013
12250,11021.896228536982
13020,12391.621526212155
13050,12174.236355280915
13380,12552.801958261049
13280,12847.512212922757
13360,13075.647984902396
13270,12966.129993954335
13000,12549.73287114123
12600,12194.597371076268
12360,11794.950519434064
11750,10990.959275330306
11860,11076.540663471373
11180,10408.166054975922
11200,10626.181733626396
11100,10507.795740966943
11500,10832.674723829727
11625,10602.773579565042
12000,10536.16411894036
12270,10965.62611584656
12575,11460.971458933029
12700,11266.29055985261
12770,11688.13228654713
12520,10643.291905893717
12100,11657.768129509943
11700,11237.786556813375
13230,13027.79968048401
14100,13813.809875497385
14050,13621.930022352042
14130,13878.406743956057
14030,13439.73618137425
14040,13656.681395140984
13960,13687.577324763319
13730,13342.517858693798
13370,12955.080195275941
13080,12748.986298482694
12740,12243.524897696423
12410,11923.817583229153
11930,10976.751878956053
11800,11728.15834194544
11850,11289.44917864212
12100,11720.7568688418
12420,12022.005715203642
12540,11649.6911172213
12930,12510.492351164596
13000,12790.389956094183
12750,12758.212363654216
12900,12790.510216872673
12680,12516.052268772997
12230,12269.519057302488
12025,12075.18156963162
13650,13625.627211551682
14325,14352.999447185277
14475,14498.860027504052
14500,14494.433551043803
14400,14263.429586600229
14350,13980.712345187745
14250,14001.229517640382
13870,13646.778831651518
13750,13598.432919615776
13420,13135.403446629429
13150,12972.740192848032
12750,12681.710925805648
12150,11855.066112986027
12000,11835.909923501156
12100,12101.16747508498
12330,12295.616775758925
12750,12717.320249834615
13000,12816.545353102543
13210,12734.701832955201
13500,12724.67852142199
13370,12644.685628123836
13500,13413.05876365253
13100,13129.200110123038
12250,12302.988969162936
12120,12183.900012645074
14150,14198.05507259772
14480,14515.366565377739
14550,14582.698426057406
14400,14436.865291203252
14350,14354.30439731409
14350,14293.663861222914
14325,14253.880291358353
13900,13907.44427095597
13500,13506.4422966048
13200,13215.928538875727
12960,12950.96671417573
12725,12758.12987869871
12300,12341.568721863328
12220,12257.108240736636
12070,12084.19916138506
12460,12447.43144857775
12900,12892.997975156366
13350,13307.473885328774
13550,13443.689974050296
13800,12839.076036273358
13850,12146.403472880902
14000,12633.112744327247
13700,13018.675015045897
13500,13138.680998209147
13000,12790.330264420281
14600,14566.251047871661
15000,14918.208706824804
15050,14938.978483451388
15100,15096.22537408469
15050,14977.195250734105
15100,14906.879078145423
15000,14824.326894838025
14450,14321.512877621264
14250,13948.80151413962
14050,14846.940350107903
13700,13373.953315936498
13500,12999.812858248757
12900,12787.047422283105
12900,12909.387520540688
12850,12864.906123761331
13050,12939.588979180204
13450,13167.434284167743
13670,13140.767610883051
14100,13257.462471699098
14200,12980.15534116531
14250,12767.107531456491
14450,13235.7462863779
14200,13284.96836799854
14100,12849.858871880591
13650,13367.576891732464
15400,14943.31856249518
15400,15071.038498602364
15200,15036.247101472356
15450,15484.080504847996
15400,15330.971482657198
15350,15286.079998206274
15200,15055.308989324436
14900,14713.157152429088
14750,14626.101689559684
14600,14481.578921209853
14050,14060.260187104705
13800,13713.434712469305
13150,13067.374542777863
13000,12837.202961004245
13100,13017.6281121984
13375,13022.027694849934
13550,13148.871765088159
13800,13046.951882943304
14200,13198.334541656419
14400,13176.161319762723
14600,12937.45464743294
14800,12833.753776019985
14600,13675.246622345989
14220,13252.589266106974
13450,13178.562691135017
15000,14769.880810459697
15350,15183.181014048256
15250,15150.650647037259
15530,15367.63713926767
15500,15032.9939190287
15350,15020.483225197942
15200,14884.796424649317
14800,14325.994453128329
14400,14101.375358909561
14100,12922.049169436523
13900,13814.915226878275
13600,12940.345473615063
12720,12029.940058433205
11620,10616.823883707802
11810,10172.46148913785
11660,10156.168927213112
11361,10399.010105444278
11447,10554.330297345066
12075,10880.044103779617
12550,10731.251232235427
11900,10911.779243404104
11909,11556.487628286632
11621,11400.079050666574
11315,10877.866955748734
10787,10261.50648550551
12625,11647.311399841627
13525,12426.072014750927
13450,11899.727945081118
13725,12652.089345603545
13820,12507.967397374223
13900,12760.564818806602
13800,12785.32119469607
13450,12020.379196526032
12950,11685.311639596108
12600,11208.926747952824
12200,11018.734758588053
11950,10641.344808110673
11300,9871.048648053336
11400,9446.699292883179
11420,9537.071659103809
11540,9696.418019828623
11650,10006.606273750647
11750,10719.481727178689
12100,11701.245479250196
12450,12161.379064461387
12410,12083.074540278863
12230,12000.416136162123
11630,11118.783906112934
11550,11063.757201143624
11350,10898.767958355082
13250,12136.166728333306
13950,13300.75247741394
13900,13008.410356487624
14060,12898.711639102381
13780,12244.290821800649
13750,12659.753381742892
13900,12986.678203629916
13400,12297.290918010276
12750,12578.279444966387
12420,12058.707027204873
12170,11952.523153390259
11700,10264.916383519196
11270,10455.784999667489
11300,10917.524350913567
11500,9693.799497027154
11900,10098.688874216423
12050,11098.602640091303
12350,11390.461968905005
12630,11787.869259939955
12850,11469.985998718072
12890,12046.967265783893
12900,12032.512262776763
12520,11842.216447567629
12350,11394.259006671942
12110,11135.648355962716
13940,13288.968035923852
14130,13336.152770290471
14250,13454.617789621567
14230,13710.099242322622
14000,13315.19628114244
14000,12804.612157740637
13850,13074.89187010787
13350,12669.309860625755
12900,11751.912908712417
12600,12247.347560127975
12250,11566.223136006283
11850,10971.911372396262
11400,10326.36241962494
11250,9485.949702981492
11170,9394.857752934051
11520,10693.197525923362
11450,10723.67607987162
11840,9842.81953037014
12200,10978.362058599727
12310,11525.596526079427
11910,11064.194619713024
12000,11483.192921617445
11710,10754.46424806816
11430,10693.21800369095
11300,10132.161079776359
12820,11777.13863065625
13450,12013.493208380027
13100,12237.362771683616
13450,12180.637117160022
13030,11593.374830901468
12820,11420.06813735804
12750,11188.766813875282
12180,10498.77669198504
11770,10232.05339610689
11450,9718.777636025528
11150,9665.841103963568
11050,9945.127986090396
10650,9623.59361260581
10710,10035.506926978753
10862,9927.456053799006
11250,9957.439046372474
11585,9755.429550393661
11542,9592.778017846553
11920,9888.868293331536
12300,10484.107748352331
12320,10771.191451918237
12450,10960.962295416713
12420,11195.668649221177
12120,11226.4614158481
11730,10951.271244697964
13520,12996.637074202214
13880,13244.593889980177
13815,13036.18709434506
13890,13460.75506767354
13610,13051.695849845648
13480,12891.262431698513
13220,12272.638068686403
11900,11468.707453663461
11420,11460.205035026818
11770,11807.192423507724
11590,11377.988322777976
11322,11353.660267576099
10902,10432.176606801095
10786,10590.711008241287
10856,10508.518514471347
10925,10295.247791710548
11313,10442.721783208195
11590,10454.330242608485
11970,11474.080609431829
12155,11067.565667333836
12140,11112.167813472162
12050,10925.455916854899
11975,11720.972652107768
11695,11284.882972044488
11754,11379.190823853718
13150,12761.790125057008
13576,13073.391538910744
13450,12850.029373327769
13400,12430.676080156976
13200,12611.400359728046
13250,12459.317793874125
13020,12416.948627132537
12570,11883.485575554401
12170,11593.208595252574
11750,11286.310169047993
11400,10502.315730310725
10950,10944.626681833026
10650,9938.250199025151
10650,9557.816669036118
10385,9621.993493065413
10940,10849.495662599682
11201,10734.413299002019
11525,11132.899027834588
11704,10923.279958207846
11839,11830.555297340445
11568,11523.446808235936
11715,11650.131238575006
11295,11235.397024554652
11020,10435.018176766018
11045,10668.653699006481
12690,11989.778871088649
13040,12123.700408024466
12807,11820.860900926053
12784,11430.31096695755
12468,11322.18154900086
12459,10872.437015001957
12306,10728.90743257592
11646,9744.76658639545
11353,10210.671395991689
11183,11107.2717178116
10796,10764.475127419248
10406,10177.187434622025
10078,9448.793782226101
9795,9299.992249143877
9745,9128.517141579141
9678,8793.766594177487
9739,9248.002805007447
9930,9367.018084070613
10406,9670.165300830658
11121,10513.821024451103
10874,9496.056885149468
10898,9814.041968638405
10714,9453.088055009852
10117,8987.441824167781
9923,9120.92842038885
11858,10189.39340144497
12510,11506.221445697141
12440,11669.6289476308
12545,11611.576048195775
12600,12214.286648155106
12760,12271.935241649775
12640,11482.300691254157
12100,11385.405049433957
11900,11397.379709875902
11520,10928.347485500239
11370,10586.710223063616
11000,10969.903923793932
10500,10312.334756554086
10580,10344.162502682417
10505,10179.761294598118
10815,9809.250821121328
11035,9530.209196805
11359,10313.421861162682
11760,10295.745297908106
12195,10747.209980740863
12235,11338.469640294938
12480,11607.445435567428
12260,11822.253306877872
11940,11960.848534548928
11650,11449.603704388526
13700,13658.340572795201
14100,13980.31680467031
13950,13968.33638274383
13970,13651.755321067592
13840,13492.107825570405
13490,12942.436359292784
12780,12317.677981087236
12440,11855.167928025308
12420,11839.722918707834
12080,11476.219220246545
11680,10917.006606119441
11450,10999.26890726324
10960,10447.502315323001
10821,9658.605754199638
11075,10977.249959172741
11410,11332.02900792936
11550,11134.064187691481
11700,10553.43465258276
11980,10271.175457035346
12310,10708.411266075915
12300,11029.272338611532
12230,11132.455658801588
11850,10927.45774201594
11480,10659.699494851693
11250,10984.146273564655
13250,12602.512523640464
13200,12337.462452779888
13050,11984.135784378468
13050,11510.4801624889
13050,12263.01659885704
12830,12184.943195716362
12800,11790.683899584892
12230,11377.795487577776
11670,10757.56863872727
11310,10308.530842131691
11120,10568.687927066729
10900,9499.269814239382
10250,8552.673702394306
10090,8524.308240794184
10140,9168.636328933626
10320,9590.33569075694
10470,9608.399601700097
10735,9749.803361536553
11090,10237.810860321963
11650,11184.004943134543
11435,10497.52184546016
11500,11106.139070922567
11340,10717.427910469443
10990,10468.831316127982
11150,10532.084025274124
12800,12340.950660730981
13150,12476.346240163268
13225,12412.96827078371
13175,12368.568165736444
13050,12317.733598231036
13000,12302.402589455254
12900,12147.603126244756
12230,11670.22110396915
11870,11320.529881297825
11650,11212.553639316722
11500,11137.40451491435
11250,10758.811738225966
10700,10219.89058602022
10680,9990.937382009417
10800,10621.568439609884
11180,10920.54977191171
11250,10953.188070039989
11585,11355.143279135758
11970,11446.851043463292
12320,11619.537532358474
12400,12196.811156537653
12650,12090.331124577122
12510,12320.660813562568
12350,12233.337760188184
11800,11836.42676879848
13900,13788.565914041486
14220,13892.975064730757
13900,13675.997828824125
14100,14021.07778084124
13780,13467.697560434655
13775,13397.318759752434
13750,13553.61157415557
13225,13085.479236128414
12550,12455.671001584094
12500,12416.538276192015
12175,12100.842934842094
12025,11991.789984430183
11750,11759.866177357973
11700,11727.26127168461
12020,11987.240938129155
12250,12225.689573494463
12400,12375.500480135968
12600,12552.131001146683
13020,12952.229617520012
13060,12989.87667788877
13200,12966.648089881939
13300,12991.54502983723
13100,12430.203700410717
12720,12118.658377659067
12370,11979.868998615522
14330,14202.511731058798
14350,14317.317554016267
14370,14303.613342710474
14470,14511.32162828603
14300,14345.487806544716
14250,14297.35032357812
14150,14208.716638706013
13450,13463.751003668825
13250,13269.200704141227
12950,12981.525896790426
12750,12786.715416802184
12550,12455.317050965177
12150,12196.767177844267
11900,11929.53392102704
11970,11969.054958387474
12550,12526.249760182436
13000,12927.899574539231
13250,13176.0128234666
13450,13374.19363084887
13800,13681.2966925057
13850,13469.993540355432
14300,13934.058426355097
14000,13862.348439426318
13700,13140.421943218518
13150,13044.937212536732
15100,15152.355761823532
15000,15042.445058801608
15000,15039.801632553823
15000,15052.41419702537
14950,15005.983538938148
14920,14975.278422470445
14800,14865.393830748882
14200,14227.447667377195
13800,13833.419605150468
13500,13539.680761417449
13000,13049.232350454326
12700,12751.416173239537
12200,12262.440693007371
11750,11804.411139872787
11725,11736.71059897187
11750,11722.857205915152
11825,11773.410294402926
11875,11832.346547752284
12450,12350.112266503023
13000,12538.398734649314
12450,11758.253351804015
12770,11910.161265128969
12430,11097.133943638226
11850,10825.307015487058
11400,9852.17364132835
13500,12834.004478017248
14130,12967.890190297338
14100,13170.548486838547
14150,13256.12848827993
14400,13647.757893506765
14650,14173.04451865536
14750,14628.074435394985
14250,13988.149882587928
14000,13774.254195784084
13600,13179.099308305904
13200,12781.96589890576
13150,12737.630902398243
12600,12234.335011377776
12350,12053.189755953237
12200,11502.245684976126
12450,11912.52162822476
12550,11970.466092304083
12900,12061.430198635717
13250,12400.072275957595
13650,12755.144780640363
13650,13016.332818516508
13830,12575.682881353898
13750,12515.929785384811
13250,12794.63186190524
13050,12377.556208729819
15150,14842.709937520307
15300,14913.263044907893
15250,14797.407929146775
15250,14798.480255744438
15200,14720.077046155555
15150,14673.04222748764
15150,14788.21257224616
13814,14447.28585839711
14600,14154.593625919242
13950,13710.262847795882
13500,13234.119092295532
13400,12903.437569338326
12850,12568.605004371451
12650,12502.928189720715
12400,12236.408596840924
12650,12409.176347582214
12850,12615.684321332337
12900,12766.099350270484
13400,13393.016098591092
13600,13551.888952309515
13470,13160.413848843207
13700,13546.197702308917
13700,13573.361027603289
13350,13041.891684131007
12970,12731.79439441532
14850,14606.86035023117
15150,14994.755169110187
15000,14912.125547263557
15060,14941.891865831625
15000,14821.314978487448
15000,14830.245105563368
14850,14938.51031620122
14400,14439.57604575789
14200,14244.931197535327
13800,13853.682831171951
13700,13757.314189953262
13500,13558.38406287551
12750,12777.439937276624
12700,12748.403136436587
12500,12518.178067784593
12570,12558.744914740011
12980,12957.056290549815
13020,12986.983174645102
13650,13562.840265707211
13800,13534.294821172236
13900,13484.815251126442
13920,13743.79726898437
13850,13558.579733952716
13650,13718.793834776678
13050,13124.681019538468
15150,15217.597562873052
15350,15405.691071577476
15250,15306.322973401788
15200,15266.773295263789
15050,15119.549081851448
15150,15167.00368039148
15000,15070.386807481507
14750,14800.077210398791
14500,14551.583645854702
13750,13722.906027951323
13250,13299.288325947307
12500,12561.317003750726
11900,11972.727270541629
11530,11601.440455873731
11500,11550.640367424
11550,11597.675650200712
11850,11880.487892423653
12320,12291.028782161357
12600,12325.771785600366
13000,12880.991266781242
13200,13178.152587985773
13400,13428.909825118837
13500,13443.57789436471
13250,13313.241956256355
12850,12910.998256627838
14800,14836.075061628468
15000,15043.010505765735
14800,14842.572177450438
14980,15023.960933778333
14820,14865.192624661591
14600,14655.615393195276
14550,14619.628113755552
13800,14319.458014596723
13800,13823.093237715191
13300,13325.472824709737
13200,13235.623400796743
12900,12943.21181410399
12350,12404.825055638961
12050,12091.347435723019
12150,12166.169781336072
12550,12531.07375888139
12850,12823.840367159806
13200,13079.988878990449
13800,13409.53175372818
13900,13354.311242094447
13800,12987.184661720892
13870,13577.113360528827
13750,13686.815798700754
13350,13408.854296219248
13100,13163.160154831385
14700,14771.681927995553
14900,14966.814421611212
15100,15163.033468173773
15350,15416.465463521086
15100,15177.27895382946
15100,15180.256644116998
15000,15095.315674638798
14600,14646.258492147044
14400,14451.445086285892
14100,14154.271217882972
13800,13789.116873458916
13200,13118.935812344684
12650,12679.078961943884
12700,12682.50008469684
12450,12490.303400475786
12450,12494.935057928284
12750,12778.209921304953
13100,12764.89345451419
13300,13320.404496010095
13600,13210.24058037635
13800,13206.520639390623
13990,14030.111887599922
13800,13648.733306535723
13600,13568.256552532897
13300,13372.525363149205
15000,15092.081706937424
15200,15267.795088233881
15300,15364.870251273216
15350,15354.155478085184
15250,15326.369816898397
15200,15289.490591082733
15150,15254.513461301045
14650,14690.615159722802
14200,14241.562409803177
13800,13845.66475352463
12850,12790.5266678136
12650,12501.439582864303
11650,11308.929574997885
11100,10682.697289331212
11050,10811.20180740286
10850,10820.846806163223
11080,11050.364876762464
11400,11335.000389201461
11950,11821.590311729597
12770,11989.682257194918
12600,12095.668412585897
12800,12142.901767804775
12100,11925.93702876824
11960,11984.312857532153
11540,11587.6079924149
13950,13988.17743754463
14200,14217.749591722935
14250,14263.40069907493
14650,14664.85362276851
14650,14666.390213269246
14700,14720.570950820376
14750,14573.328630426175
14450,14414.842287306628
14100,14004.067135939418
13850,13872.343896402148
13500,13525.388198890822
13200,13239.519635034958
12700,12754.016892035863
12100,12152.815539590323
11870,11901.68567054254
12230,12215.882858809768
12400,12330.335467509884
12650,12595.250682700751
13250,13192.211295369176
13600,13244.861636941141
13800,12910.493378739706
13850,13279.95934472683
13830,12783.113305220315
13750,13292.289135028175
13700,13544.702800995967
15300,15381.365804414603
15500,15562.77194330353
15500,15218.645905575799
15600,15059.146764243298
15550,15490.540561283324
15500,15577.746807851308
15400,16770.88051444113
15050,14579.454314515762
14600,13956.959707753169
14050,13715.616881836697
13850,13421.778002428287
13550,13292.682163388901
13030,12717.727052412089
13050,13005.703028239706
13000,12615.036089879068
13100,12385.795166935299
13700,12669.391897353387
13850,13161.11577434502
14430,12890.089825324134
14500,13972.634955146019
14350,13281.911439233678
14450,13800.292917024688
14350,14184.610481921893
14200,13309.43574734465
14100,7019.923805082411
15500,14567.989556824654
15800,14584.498702365567
15900,15053.124536558607
15800,14685.391275592356
15700,15437.875498928617
15650,14992.096344946622
15600,14647.558016445713
15200,14100.864721072245
14900,12984.323045375048
14750,14376.055695443847
14600,14198.008127438448
14400,13833.011018263624
13800,12862.864604335593
13500,12789.887428048442
13250,12617.730597631671
13400,13210.60706362002
13500,13136.4475495796
13800,13549.559332093468
14200,14033.905703574397
14500,14320.176889924516
14650,14279.11305097944
14750,14034.130111809045
14650,13930.73827997374
14500,14159.10890147715
14200,13568.021405279687
15350,14720.463603037762
15850,15584.780960500717
15900,15054.210251821252
16100,15429.271128905766
15900,14892.729573343735
15800,15315.56044158672
15700,15837.871652774462
15300,15112.856470815728
15000,14708.195041624665
14700,14614.235994230796
14500,14483.630937205835
14300,13982.616912865726
13900,14001.73839965813
13800,13519.755799659659
13800,13646.079813716853
14000,14047.415101614977
14300,14316.999347443456
14550,14199.798199734932
14700,14269.400503457124
14650,14344.482078127265
14750,14546.582932039411
14775,14722.536976045936
14700,14413.225047606122
14600,14451.363435161828
14200,13792.0201838065
15500,15214.894697402491
15700,15531.429745438545
15850,15542.886738498528
15900,15546.33197341246
15720,15635.965876068552
15650,15640.544326440046
15470,15545.599616474574
15250,15313.011658525429
15050,14946.839052833097
14850,14923.60402428345
14600,14677.551111863435
14500,14478.167650136387
14100,13029.14512626889
13698,13291.036490670976
13624,13659.745354922838
13850,13876.869753370709
13871,13819.553109919649
14238,14000.381353294033
14578,14536.285463174849
14600,14581.491373775789
14500,14477.912373307663
14600,14565.22915867246
14600,14445.371645717558
14300,13585.423553551129
14100,14200.884362748617
15500,15588.787638304784
15650,15722.87556842816
15750,15823.469312537858
15900,15978.827886896175
15750,15561.588714463447
15620,15475.320293777317
15450,15286.380995776752
14970,14954.570200075443
14750,14672.721979231075
14550,14614.906932951882
14100,14162.789202070398
13900,13759.20025468755
13600,13671.345458368993
13500,13555.759641221322
13550,13580.818010568059
13750,13767.961556766719
13900,13912.133216937782
14150,14112.545875826792
14500,14278.987296217412
14550,14063.101353777172
14500,13710.76573683881
14550,14557.7956339663
14350,14265.903805733431
14050,14135.142228745757
14000,13817.14876496201
14950,14479.415851444875
15050,14774.54375040764
15100,15096.684474875168
15300,13929.620159880144
15250,13814.008530129991
15200,13193.131744201739
15100,13186.007388415623
14650,12582.7605958808
14400,12435.1180344257
14300,12408.618171043518
14100,13066.777561626677
13800,13688.609459688425
13100,11051.623015273919
12650,11891.820767479956
12450,10542.514200593447
12200,10800.029080152137
12180,11378.98153617908
12150,10380.059718369444
12580,10385.053037016658
12940,10856.258268188192
12190,10169.05587720441
12250,10902.757867137116
11640,9562.055798509353
10800,8888.074020061089
10710,8671.816212454272
12340,10290.77549777608
12340,10275.690560820352
12130,10061.87409800339
12380,10313.19624825421
12230,10160.25391740273
12100,10028.492488685217
11620,9589.865301439822
10880,8810.64839995917
10420,8354.156489275192
9982,8195.33809723769
9471,7485.229612268178
8610,6565.893555948167
7837,5807.658337892488
7916,6597.443598011571
8509,6970.593939725107
9188,7118.727163797252
9566,7651.2358467697695
9621,7684.349121361687
10079,8093.766408728283
10543,8630.647538610872
10320,9183.904872435105
10402,9312.872969990325
10299,9848.665042986777
10182,9002.181956204018
10128,8264.34944204122
11453,10054.6884417497
11401,9791.907109696886
11456,9606.78779798704
11228,9520.467172558503
10739,9241.853090178385
10754,9090.67795889785
10840,9084.839400168406
10280,8919.328083565415
10000,8475.929098502074
9530,8156.898286698512
9095,8520.560180824488
8970,7623.382710783043
8730,6948.451419918727
8906,7046.273898091645
8978,7926.212439163022
9334,8946.129547432747
9638,7672.981129312491
9840,7934.039428337572
10333,8802.768535073807
10390,8780.407986466254
10251,8883.765006082898
10296,8394.672816838389
10388,8606.013684405912
10298,9549.010041507283
10764,9567.823452986773
11834,10763.995115291622
11876,10731.165099249372
11948,10396.206288618536
11679,10208.378443386573
11030,9467.621604139833
11091,9634.315628569111
11014,9567.58620548469
10674,9419.241716228487
10333,9121.950835012472
10065,8902.163190595378
9809,8927.414344720226
9631,8313.065102934443
9207,8750.196660766542
9286,8455.164498125618
9447,8798.089395081824
9734,8430.471974966853
9955,9282.451339532807
10347,9750.567371936304
10996,10328.7191897129
11252,10686.914991088935
11438,10769.013132937243
11521,11070.213406513334
11438,11113.516860565967
11163,10957.517019208903
11682,11206.59233149763
13235,12989.127278527727
13450,13230.830100815729
13480,13262.843138352866
13375,13242.020658623762
13470,13237.915525651357
13085,12858.99613257798
13000,12959.33273505204
12650,12390.06824454054
12300,12156.178998541302
11930,11831.14172421694
11590,11126.6457862064
11380,11131.048646029636
11000,10965.927255704282
11260,11036.593795206374
11500,11401.40383901467
11880,11823.097998534857
12400,12315.683584961318
12930,12826.935493969017
13370,13265.94524321409
13530,13372.573910843428
13630,13272.09062079302
13800,13469.701804295855
13600,13149.760091319826
13300,13297.363862036713
13200,13243.510284134372
15050,15077.79184311094
15150,15167.766149828145
14900,14920.119112689696
14900,14927.515915640066
14850,14888.211423010584
14970,15010.129671787628
14900,14952.353547707298
14500,14503.5879973411
14150,14163.25465090407
13700,13729.803482801404
13150,13191.908010467607
13100,13149.91415703604
12700,12757.265743572225
12600,12639.844230286031
12650,12654.674468784699
12750,12731.463769744803
13120,13068.784577852117
13500,13363.820456505622
13900,13826.787037904924
14130,14032.848706979916
14170,14081.977690465534
14480,14313.392100013894
14250,14022.396509649212
13720,13764.522466152226
13870,13928.352617055385
15500,15547.206179399374
15650,15689.054777565663
15600,15639.688637233994
15720,15762.396688115205
15630,15676.947524677667
15600,15651.577188109084
15550,15620.022114893975
15000,15015.863543900035
14780,14797.627335041343
14420,14452.05074513128
13840,13884.214900548368
13450,13504.421728653793
13035,13096.717279124528
13270,13321.851224351649
13270,13287.188007040828
13300,13284.307892118733
13480,13434.129264400082
13870,13805.629856804462
14500,14410.411320853735
14700,14649.516834873619
14950,14884.497570261094
15100,15100.792787167004
15050,15098.02075873519
14700,14770.880672693133
14950,15031.647766199312
16150,16219.512551511627
16200,16254.162293574554
16275,16323.179374201212
16300,16352.608257750384
16300,16363.983517205419
16250,16316.493504444006
16200,16285.424642509392
15650,15688.651037793283
15350,15392.376170169991
15100,15151.663257695156
14850,14908.106329037219
14600,14662.551703524954
13900,13966.741103704939
13350,13404.426554714923
13150,13173.073538513498
12720,12724.368255171234
13100,13075.072706909377
13400,13360.479618321206
13750,13706.480633850613
14150,14033.10187324393
13950,13815.560872878821
14350,14285.745451625367
14050,14017.180970155889
13450,13477.930788686674
13400,13469.731752605967
15300,14713.249763646629
14600,14047.673757476392
14900,14953.453055297785
14920,14736.681048776183
14830,14577.981421563527
14700,14662.77050065099
14550,14497.090716929604
14250,13880.676806788153
14070,13800.90723448338
13800,13605.79872780603
13650,13627.419201788423
13230,13282.275663044602
12480,12307.22954621033
12120,11563.975344283768
11730,10987.682830479014
11980,11420.586749125494
11850,11396.69925947193
11600,11146.330906969575
12470,11824.407103318907
12910,12218.522527448149
12950,12397.328939008023
13000,12789.497237839463
11800,11832.385353897545
11230,11198.419353091213
10975,10871.901794772619
12050,12114.68352085879
12345,12395.013813852947
12595,12635.954146605698
12880,12917.69214264029
13140,13174.53931782239
13385,13416.131162747788
13500,13537.993748200925
13300,13283.110925867903
13000,12987.177881244974
12680,12675.220017966407
12450,12452.45352020181
11950,11962.332646994302
11690,11713.608971189973
11630,11641.452160206214
11740,11711.078936139538
12110,12046.072917444955
12600,12514.91551733582
13240,13127.840309783242
13750,13632.524014167637
13900,13723.550139313298
14150,13793.074641236939
14350,14171.659995394297
14350,14351.651073233084
14250,14298.617773937774
14650,14710.594791911128
15550,15604.466884817954
15900,15946.938962166518
16000,16046.711998602648
16100,16150.980357742501
16050,16107.720763297442
15850,15921.404380188109
15550,15635.121388692696
15200,15247.224020690079
14900,14922.429819200206
14700,14764.437925077193
14550,14622.017044323107
14450,14526.481701198627
14000,14090.170258243663
13700,13777.252609010613
13750,13798.706222620567
13850,13880.39460493108
14100,14111.7413612971
14400,14396.310951652433
14670,14662.806118917393
14670,14669.256757594092
14620,14626.468355739093
14700,14524.198261810528
14550,13574.399664571856
14300,14403.356013611949
14700,14772.578427677865
15900,15718.927740249754
15950,15757.232387814322
16000,15431.064209050513
16100,15331.143801392504
16050,15663.944909677892
15700,15628.426812903908
14500,14051.741604582989
13700,13129.621953223577
13100,12637.921824400431
12690,12064.381771897588
12500,11878.107985015806
12465,12081.722066713985
12180,11157.836855529102
11913,11562.079080741138
11973,11063.181085922
12550,11472.584493835831
12900,12334.853301996314
13240,12026.459278974158
13700,12824.363224387842
13800,12885.905254699277
14100,13525.80417167705
14250,12582.693675307186
14050,12641.028463351719
13700,12404.845520718998
14150,13737.646927967002
14800,14267.696710848028
14950,14576.529992450702
15000,14792.33352847767
15050,14501.163050504249
14950,14168.11053021588
14990,14249.285346863717
14900,14050.564652136003
14400,13574.92011742717
14000,12774.524843029816
13700,12962.417730107867
13300,11951.116435127526
12800,11426.067874587856
12070,11424.486699749177
11870,10674.13062519435
11700,10623.129378793847
11800,10189.852781825532
11950,10617.357896795844
12135,10392.15822914313
12050,10769.834323355459
12100,11338.862450091268
11709,9732.229225914187
11762,10569.190984450968
11540,10699.559380755045
11640,10876.91260693972
12335,11802.496073415965
13239,12388.383843187541
13188,12329.865633648875
13221,12121.536191360476
12920,12029.205238010443
12779,11753.193911276347
12671,11916.811800094865
12530,11683.724147005105
11910,11046.398220827876
11450,10523.24176792541
11095,9837.692471444327
10920,9669.921018910605
10725,9719.468947354582
10420,10002.061992187271
10482,10225.882073697512
10636,10304.967259883213
10928,10213.189834183848
11170,10515.338249223172
11400,10939.576667503534
11620,11331.73034439531
11950,10876.31297156452
11530,10260.362203284152
11661,10602.299514529925
11110,10341.87689096866
11134,10542.328395891105
11914,11756.857559971155
12464,12404.275984360014
12475,12478.52781892124
12463,12365.641391972465
12255,12028.810551073107
12060,11940.904993637367
11905,11889.964126443647
11650,11510.683869970198
11275,11184.679318021816
10930,10915.156576593894
10645,10640.884270034403
10410,10414.67435415391
10239,10247.606739804403
9922,9734.184484428322
9747,9687.945333952975
9820,9802.097985366905
9775,9756.842756644968
10021,9865.38577804
10382,10210.049520774975
10955,10752.504821766524
11600,10401.386580978324
10727,9900.217598773444
10587,9948.16794477699
9992,9749.857063636071
9798,9782.698311989188
11141,11150.783161764939
12235,12228.907568663246
12210,12198.431636980435
12277,12265.840555481043
12372,12365.74064734279
12460,12458.758244460347
12445,12445.72514931834
12305,12312.609242549117
11775,11746.022554703282
11290,11272.484153949921
11050,11044.328921072916
10735,10739.265569186708
10665,10673.575414445153
10460,10479.322244036939
10660,10661.174463135472
10712,10681.335306728168
10870,10826.700219361112
11270,11189.024159913612
11650,11543.52805729284
12360,12240.066410953752
12515,12307.76834897751
12640,12399.917051989753
12880,12762.181729051787
12790,12784.733012563469
12420,12438.058545686086
13400,13428.748043374959
14500,14522.0227485699
14500,14514.13243891429
14700,14712.040262680235
14300,14319.550631278067
14260,14287.95712310322
14100,14133.801851777218
14050,14095.960486990496
13560,13560.254147201744
13150,13160.739469383554
12650,12676.48125276287
12400,12436.745561687936
12250,12292.528441056089
11920,11971.728792672711
11850,11893.294044899147
11980,12001.450701169799
12060,12064.901221228047
12090,12057.438814139809
12455,12397.562074671387
12860,12652.352292238582
13320,13260.348624726732
13500,13452.620856037096
13550,13529.794206838977
13350,13377.031088190903
13050,13097.710875765946
14400,14446.673662231715
15100,15129.0046178208
15100,15125.09296414482
15200,15227.10126432767
15050,15084.151070814609
15020,15060.331734813459
15150,15202.186722914019
14850,14924.463238287794
14300,14340.409031674177
14100,14147.334316370952
13900,13955.61137401316
13500,13556.408291742962
13200,13264.524598753187
12800,12873.745147241683
12800,12853.699240474409
12500,12525.089689744636
12750,12754.597203524578
13100,13073.929121061257
13400,13151.047939228381
13650,13359.282024919878
13850,13693.883639736927
13950,13890.508242273354
14050,13968.64398981167
14000,14058.330569007343
13550,13620.068199961162
14400,14477.065329216603
15300,15363.436241665822
15400,15450.430890273827
15420,15469.888125632355
15190,15247.08901439741
15080,15141.058686596702
15000,15077.881763681475
14500,14600.48600118675
14100,14158.942988342587
13600,13660.640661795516
13500,13563.643625688761
12700,12755.514400084647
12400,12464.748114060225
12280,12351.43745702735
12100,12160.882319673337
12000,12034.408250301669
12330,12342.536555324325
12700,12682.487437638723
13350,13316.733854507165
13500,13442.702715684538
13800,13387.865337086747
13850,13642.379236006262
14000,13955.11078787792
13700,13724.059286214273
13400,13424.621119215366
14200,14259.67302291267
15000,15051.9469144377
15100,15142.46053786856
15200,15241.713698889394
15100,15151.792178318261
15000,15059.120751733077
14950,15020.973801282864
14700,14680.442702374217
14100,14147.613466628136
13700,13748.927055073564
13500,13561.683835999329
13200,13263.977413334935
13000,12826.540476927727
12900,12904.358739624873
12670,12727.639206075499
12480,12512.411656657154
12600,12618.054653840523
13000,12979.201177554665
13350,13290.619171585626
13500,13007.71189696038
13650,13294.081842653519
13620,12513.656702078606
13550,13194.317393646754
13250,11903.932124609917
12700,12082.696091605916
14100,12157.328222345091
14344,14255.26857089243
14270,14176.622831085904
14180,14052.291995558335
14080,14127.986037380379
14070,14089.2729300274
14050,14034.839107783802
13950,14020.911249130828
13500,13355.796810048645
13250,12802.582401077156
12800,12557.799751728277
12300,12065.507331703167
11950,11652.486587666157
11550,10753.514269388685
11250,10488.781883393636
11300,10691.272672813444
11450,11299.88580186847
11590,11590.658626002642
11600,11576.951233273885
12100,11863.663168097402
12300,12128.217179019328
12200,11834.231265437815
12000,11703.540048558792
11795,10865.792521436666
11730,11116.432320315591
13000,12687.87172771277
13375,13087.57563507
13346,12851.852661048362
13390,13099.523728866396
13140,12411.344674945718
13004,12107.93998514429
12640,11336.657236330653
12631,11438.5847769229
12218,11140.216273139871
11669,10531.65319044307
11176,10495.972648768446
10744,9802.383170821975
10681,9743.402041045203
10062,8966.488863788252
9642,8140.166345928717
9662,8789.570920317052
9526,8749.558922993607
9607,8949.638857000287
9810,9259.201108135423
10526,8930.756132285303
10818,10181.32059559854
9819,9300.327047025754
9930,8790.674175626016
9506,8715.950204006262
9509,8987.68622416021
10817,10247.268141656865
11528,10672.284350144899
11482,10687.938072625271
11504,10572.734127980886
11462,10432.150627807598
11384,10392.185233185097
11268,10380.823235010677
11058,10042.764457507677
10738,9718.617913593976
10377,9536.106296517559
10050,9357.87107846646
9704,9019.09508711373
9388,8540.947422273877
9075,8035.828086126296
9326,8248.675604985672
9501,9028.396832536899
9600,9188.192082080674
9777,9036.916021641517
10241,9458.82577905406
10767,10058.333442251143
11250,10240.399288716846
11070,10063.424510452409
11050,10113.160761003142
10850,10204.43474235028
10967,10426.826971482551
12338,11927.23612697965
13204,12749.247646051223
12885,12464.437472405938
12839,12320.45249516977
12789,12721.06534862006
12730,12600.156821329188
12417,12225.090031864187
12095,11779.263893330799
11725,10983.755447478186
11403,10841.229384074135
10936,10662.29338910308
10713,10586.39358889754
10405,10422.911112808793
10241,10097.424895769806
10479,10120.721198376761
10630,10558.608002102264
11025,11004.297151032322
11420,11379.961542785959
11680,11627.473799327274
12280,12219.236691947659
12600,12110.844429420515
12165,12066.304392764356
12540,12500.671359202704
12370,12368.153227378003
12110,12125.364061114393
13700,13716.480783381372
13970,13974.367698507953
13790,13796.530452807609
14030,14035.808485654197
13435,13450.825265573456
13330,13354.727562567796
13280,13172.53266581041
13110,13150.235659979182
12400,12400.03613451721
12050,12061.619567119455
11800,11823.471384754353
11500,11533.467212840038
11270,11310.524024074908
11000,11047.371030998176
11280,11310.074429162838
11280,11282.567459838338
11420,11382.351806068382
11750,11681.32368940151
12120,12034.11047279245
12600,12506.891996678442
12920,12816.808943283919
12900,12624.719449059958
12930,12896.914432036649
12600,12601.159431246539
12350,12373.221248852733
13650,13660.358973729453
14520,14538.912496752211
14200,14214.16625719221
14340,14359.88075821467
14060,14086.126978141496
14090,14120.447172436965
13850,13882.452291251542
13580,13631.081377879389
13130,13135.502500404386
12850,12859.739720655114
12430,12452.031027047975
12250,12281.526896458014
11850,11889.335792261467
11650,11696.826746787123
11580,11617.316928710094
11650,11653.387970413052
11720,11702.39767808633
12000,11967.53378267146
12260,12194.685686556953
12670,12609.78542749739
12900,12812.515000483
13000,12858.886648483523
12925,12910.544178106455
12600,12622.549381873549
12200,12240.224396243282
13330,13295.141234856397
13730,13758.722701049595
13660,13685.182562126663
13660,13685.624852712452
13750,13779.302744576296
13630,13630.10124802576
13530,13566.746844974714
13350,13398.174196779411
13000,13001.503814669893
12450,12460.239523344577
12200,12222.295005520906
11800,11829.796822905782
11700,11735.094503083448
11200,11243.48424906058
11230,11259.484132864007
11150,11152.209095730475
11600,11576.437177904365
11930,11808.976606385353
12400,12250.38015658549
12680,12591.449017639898
12950,12870.19836413662
12560,12358.686475216833
12350,12246.984714439202
11800,11656.557978174918
11700,11707.340622056545
12780,12818.329591708583
13510,13535.805799759277
13249,13272.380128114113
13196,13219.939222575144
13177,13205.649524333925
13113,13144.807966414795
13000,13036.275927336432
12700,12745.413989860943
12030,12028.390781820766
11630,11635.685901598528
11270,11289.061256935453
11120,11144.026574471558
10950,10980.388898851525
10490,10119.734412377584
10500,10533.741310033996
10700,10697.576206810203
10920,10887.38084449176
11060,10998.994575837234
11484,11400.354920391168
11785,11692.040336608123
12360,12009.567390708657
12460,12104.214999408045
12660,12426.236124516654
12230,12221.208766868349
11800,11813.00699492252
13350,13359.885791601979
13900,13903.12054853808
13600,13602.054225631358
13600,13603.32930430997
13540,13549.466001537503
13346,13359.764783131484
13228,13246.450074696611
13200,13234.714368631201
12780,12769.916374730426
12450,12443.65658897423
11980,11987.365865656651
11650,11666.28943528232
11400,11425.55121715403
10970,11007.87975432907
10670,10697.323044580062
10670,10658.996627163442
10583,10539.602565947796
10604,10531.939520022028
10863,10765.322841962421
11253,11159.485580420065
12036,11938.318929740959
11470,11301.445692278714
11675,11433.354088781893
11108,11006.717985475234
10532,10558.954571707458
11989,12007.244049228191
12518,12525.715620903258
12473,12476.173559262483
12537,12538.644863021662
12635,12640.28852062083
12635,12641.9331485182
12798,12801.368430913244
12810,12821.662391870428
12350,12324.57726607501
12050,12032.141321021732
11680,11676.112531984802
11350,11352.986684162373
11050,11061.122814152746
10650,10673.75507767533
10075,10090.156524167562
10152,10141.703865669022
10514,10480.805326307054
10924,10866.306030103975
11516,11436.381165074788
12025,11921.024435571195
12500,12390.89183282133
12580,12303.12164703722
12612,12357.875314407822
12233,11816.2341148596
11790,11571.85972706837
13340,13053.216380238886
14010,13916.827395052536
13686,13591.189418682661
13790,13732.99484552049
13460,13476.391283148396
13530,13549.921393545585
13501,13520.935144439136
13500,13536.987840288333
12850,12839.046432361105
12670,12668.010809972064
12240,12251.245519567543
12000,12021.972783636185
11670,11699.868060719196
11150,11197.849331319427
10950,10989.036074443251
11000,11012.664917203558
11100,11068.761929146953
11190,11025.062516624163
11548,11401.046120207615
11998,11781.376913215852
12316,12230.573553311178
12330,12281.322346051656
12350,12122.876163251573
12013,11749.922295301969
11675,11465.301663622024
13360,13246.422822969545
13790,13563.096835492417
13630,13536.127680619047
13730,13706.745950768916
13710,13725.795797589912
13514,13643.632037895115
13510,13498.068165768513
13140,13176.397506344107
12850,12849.080738666418
12400,12404.70853780907
12050,12065.847254367312
11600,11593.550461724873
11300,11335.323375958815
11100,11109.531187051467
11050,11081.46936540813
11200,11206.371160391918
11580,11539.45778212881
11840,11762.355364459621
12310,12209.476433195
12620,12509.24996291563
12950,12865.34673640896
12970,12617.596963769494
13020,12448.916424811061
12900,12578.245587462225
12300,12060.69738273416
13780,13708.329202340848
14300,14255.219612312689
14220,14202.867554958719
14220,14066.208844815905
13900,13923.964751329208
13740,13771.018597147468
13700,13740.579598321605
13500,13519.890910841114
13080,13085.405407481414
12670,12682.748900087689
12270,12297.104570315842
11970,12006.588252730126
11520,11562.97359028865
11200,11252.727132210188
11180,11222.996083999087
11350,11361.716141225052
11650,11630.401123870497
11730,11676.268574458125
12050,11975.518865595168
12550,12485.807191293701
12780,12716.68219017683
12830,12789.6147831766
12880,12755.431081379164
12800,12651.15200142785
12500,12434.171046265812
14000,13972.632864365594
14070,14055.582978715263
14170,14186.333789884724
14270,14286.971112122399
13970,13996.45466285386
13850,13881.880231349991
13550,13585.320441005992
13400,13458.062689267554
13000,13007.775351733057
12700,12713.503852777905
12400,12421.256217091995
11970,12001.939970538217
11730,11769.462702556706
11400,11447.519904866534
11370,11407.795678229057
11400,11408.077597599859
11650,11627.13739804647
12000,11947.802936719636
12350,12271.299474418996
12500,12431.406528151067
12850,12789.404509859367
12950,12897.259818343064
13100,13027.322550659846
12850,12836.392956895186
12600,12635.91443980805
13900,13941.537084231419
14200,14224.242523713241
14320,14340.230759245293
14250,14270.833697562277
14000,14030.954091207463
13800,13838.192951938428
13700,13747.31796223099
13500,13564.187601537269
13070,13081.536284610876
12860,12869.856861377091
12390,12405.628013225743
12220,12244.170518676594
11760,11791.9656436921
11580,11621.315995188052
11530,11564.301985951857
11650,11663.524147667387
11590,11599.83753583899
11700,11684.407142640011
11860,11834.965057799433
11720,11688.662492030257
11760,11723.863211019352
11760,11736.21442900622
11550,11481.514593591724
9227,9239.49117299616
8906,8967.712999865933
10531,10511.153433113686
13150,13164.870395061793
13900,13894.031145362049
13820,13811.11739447898
13355,13356.501635734447
13220,13227.495194137879
12960,12969.88897234733
12750,12772.775059822628
12390,12359.889951568473
12080,12058.324315010617
11720,11707.18524847527
11230,11225.071522372698
11115,11114.587341663091
10610,10622.771822930014
10570,10578.077771811326
10233,10225.734950740789
10325,10291.109063927777
10161,10094.098859204814
10523,10436.265027912452
10995,10917.96062385019
11604,11479.804896344787
10791,10671.69410302999
10525,10521.400456748677
9887,9927.515704946029
9838,9884.763053466613
11437,11455.526069617465
11693,11694.596893614005
11622,11620.107671040021
11643,11641.924375909317
11814,11812.547647236126
11771,11768.562052848034
11858,11856.857276668517
11830,11835.919250316021
11300,11267.618799453507
11020,10994.835476578151
10735,10722.364297529048
10371,10366.298877450821
10092,10095.23713702361
9957,9967.621145720266
10154,10155.987263880585
10455,10414.00148119513
10778,10642.070789944964
11021,10898.888367037778
11369,11267.100638675645
11850,11736.816140779374
12230,12096.41794895399
12015,11116.016132719076
11980,11019.836424171093
11532,10396.476784842522
11546,11456.170366683426
12957,12965.016553785621
13545,13071.019233030234
13380,12905.683634102537
13256,13091.05940938223
13016,13030.842646003568
12592,12613.840188935763
12410,12435.252679337776
12409,12444.058292354424
11765,11750.399934858198
11310,11271.83402201923
10980,10716.807944274002
10685,10125.69114560759
10376,10061.03742904781
10147,9636.304690846568
10582,10084.681203423
10441,10390.635440609081
10908,10848.688486483803
11377,11242.850283621638
11700,11572.293283142859
12270,12139.092078389345
12410,11979.228182368588
12420,12083.63276504977
12480,12352.113659870938
12280,12263.846179782986
12020,11824.238894784388
13230,12997.116301557537
13730,13422.053256862211
13530,13459.19915867425
13430,13431.528708384816
13150,13163.634598880137
12789,12809.299422225584
12616,12640.035501257498
12462,12498.093249398062
11940,11935.053608235794
11420,11357.197790408964
11030,10776.343785262576
10681,10436.137589318882
10438,10199.891199567921
10246,10116.242349117701
10484,10408.037819006986
10513,10504.291688139867
10777,10712.743059220433
11184,11084.56301627387
11657,11545.285766526446
12200,12075.683011083565
12304,12196.788251578511
12376,12274.317105002683
12540,12217.08108774562
12112,12001.589628179085
11877,11583.770471596436
13700,13610.54501276344
13900,13866.58570081796
13760,13659.453419806596
13670,13640.973566142811
13390,13304.20338283426
13080,13102.920765702667
12853,12878.954690368475
12549,12587.663097658808
12110,12100.339314166195
11580,11580.616598631692
11360,11374.318950613744
11015,11004.647387368745
10755,10785.15283452475
10536,10471.89101836216
10824,10641.024396203426
10905,10713.62153018124
11160,11025.641909858334
11530,11433.219948668306
12000,11884.456477634165
12620,12466.723227525978
13020,12906.381376771682
13000,12904.169689215702
13050,13001.20771239819
12941,12939.094529210972
12350,11143.292487276953
14000,13917.252165514205
14237,14251.788998008604
14140,14152.808514083921
14150,14055.868511144354
13900,13885.454065864411
13740,13426.825527341887
13770,13764.752806863864
13500,13040.178339709975
13100,12561.302791326485
12750,12313.65567382285
12250,12271.296546293515
11900,11931.068867643004
11700,11737.934918331792
11500,11545.01041151187
11500,11532.87445234015
11220,11227.404295262702
11685,11666.758855186454
11970,11920.86095185795
12320,12276.342874381784
12550,12499.018185618148
12730,12673.755018547996
12120,12099.491416141227
11883,11890.155655182845
11425,11466.150878690763
11692,11692.757794328343
13430,13075.021173651912
13125,12837.233629836119
13010,12583.8309557082
12840,12415.744008338077
12488,12275.91368856065
12317,12278.914910218147
12039,11901.490638299987
12015,11372.952653659602
11470,10778.592503416921
11150,10261.464467365422
10670,9589.502477510106
10330,9087.197090579837
9960,9130.586134267924
9874,9287.201044870208
10170,8896.891118936674
10200,9207.58000211988
10205,8532.035337370398
10358,8833.404077097435
10637,9010.545569658014
10943,9732.647698647936
11114,10565.398229204278
10464,10152.140511103145
9709,9725.464892226635
9384,9074.616801934733
9937,9338.688465713129
11243,10463.15165666755
10996,10312.935987809522
11003,9809.654058090313
11009,9679.319417622199
10782,9595.054939711572
10658,9509.76929644282
10348,9166.493374596657
10203,9440.874709364605
9732,8746.837585305324
9568,8486.492956464723
9109,7596.882610412147
8799,7909.011504894065
8785,7828.97809159283
8574,7589.2456228246265
8724,7831.885945689473
8839,7864.348146476354
8892,7743.881489010611
8883,7349.966376152193
9208,8362.57074108873
9989,9092.994998188356
10686,9499.934846006412
9886,8464.282158707705
9714,8794.393288014922
9453,8554.277173589013
9342,8411.813875126627
11082,10142.322583516703
11265,9942.2797173268
11087,9696.250062550764
11134,9745.6258833953
11329,10592.10937093442
11292,10934.379354074195
11075,10551.267929241176
11098,10448.998526130486
10636,9574.59124057667
10231,9283.051706438666
10010,9347.987301559358
9632,8672.926870624135
9431,8478.726442888481
9122,8281.665231312665
9666,8985.030624689389
9790,9492.277305574262
9946,9818.686060226537
10146,10090.339785270908
10668,10585.72977781608
11199,11009.585161462488
11719,10407.736794784789
11623,11537.655334300214
11638,11562.355882846496
11348,11333.635228694959
11424,11416.643875793741
13250,13223.200453977235
13400,13392.897860610025
13480,13474.103036954963
13330,13325.321852050658
13050,13055.642418741092
12850,12864.855810303092
12550,12569.797371690605
12180,12213.647044842928
11790,11775.995301237816
11300,11297.205374603971
10970,10981.416522015108
10698,10718.780703455704
10523,10551.58250285154
10402,10434.630866838212
10595,10613.801279228232
10910,10895.437497825646
10990,10928.76061088029
11250,11162.675065461248
11850,11759.028985688696
12250,12142.173255959897
12400,12317.577794389612
12500,12430.536270823422
12550,12286.319425428808
12450,12294.835636363374
12300,12227.468058516708
13800,13794.844382180843
13850,13858.849832739095
13820,13825.168883973678
13720,13729.548010266564
13550,13569.915870798748
13250,13314.592982607006
13020,13054.54909273953
12800,12852.46508749999
12400,12408.446384011158
11900,11916.6364188891
11450,11479.053178947295
11220,11189.842941318966
10950,10993.959266483653
10700,10649.54679542566
10950,10849.622715509995
10900,10861.111711024469
11180,11102.19541710424
11525,11104.23408441051
11900,11427.767948158347
12300,12069.169196176696
12650,12464.345106493036
12700,12469.978255622857
12650,12485.718414412555
12550,12374.594712919814
12500,12444.27664940778
13950,13825.943128000261
13970,13933.313614624829
14000,13926.636688802439
13950,13912.389950014116
13750,13790.825073262773
13530,13573.476777409447
13150,13193.364472760037
12750,12807.24058134887
12380,12386.350261394262
12060,12074.18040994781
11510,11536.770169670555
11125,11162.015733147367
10770,10811.56253799098
10626,10673.809042373054
10860,10898.313042849677
10920,10924.231436817348
11190,11153.93471882294
11350,11250.932424733115
12000,11862.932094872955
12400,12204.7423385162
12600,12288.824297006744
12630,12369.401191272937
12670,12314.686281759412
12415,12207.165855649451
12350,12125.76672693847
13700,13578.5071678645
13900,13766.352587903422
14000,13863.429513118443
13900,13866.779629272824
13770,13811.530797716536
13620,13668.33959488534
13500,13560.44928946775
13300,13378.817095978548
12900,12928.594307046758
12350,12381.500352884179
12100,12137.128637771464
11650,11690.336779029905
11400,11443.339681020303
11200,11251.627299128977
11250,11290.417995845135
11300,11303.286655337082
11350,11323.496265597307
11750,11662.232980406956
12100,11985.920139876242
12400,12311.48175002554
12600,12509.826408677633
12630,12601.155752482373
12670,12562.866089426188
12415,12423.478167311183
12350,12366.047780508903
13600,13590.461344359173
13900,13878.033790897649
14000,13910.271924987992
13900,13909.138563610046
13770,13824.509196325609
13716,13774.121778356286
13550,13622.086266450784
13400,13486.981809471175
13000,13040.108454404726
12450,12489.698885804546
12200,12252.009585664853
11750,11800.256167694282
11500,11555.36629230094
11300,11358.866869287544
11350,11399.536285820639
11400,11417.874910316768
11500,11482.413775347257
11900,11823.008213048892
12200,12120.095998007773
12500,12292.554176619366
12600,12468.157953187841
12730,12635.354796254334
12720,12348.896950128474
12450,12221.126247989632
12400,12353.505112798932
13500,13499.264138246526
13800,13829.777302270631
13850,13911.177178823855
13900,13970.718240080796
14000,14057.838530613575
13800,13859.357316582798
13600,13670.831646690427
13400,13489.742456537444
13100,13139.458475711748
12450,12479.408467208825
12200,12239.087427602977
11750,11785.79741342218
11400,11433.677611230687
11200,11240.288250327296
10630,9914.700192722092
10490,10337.059151129997
10280,10269.860157116653
10302,10252.552915025884
10484,10432.559456165854
11199,11121.446282535457
11806,11716.370551051592
11066,10994.54206695674
10970,10874.107114139166
10515,10321.283356695256
10190,9983.044844622427
12178,11921.64890841979
12302,11966.558107306111
12286,11845.254210994832
12263,11921.70617716094
12301,12204.297930558987
12310,12146.624901509598
12222,11922.301743001022
12100,11949.409375511634
11600,11346.482902725067
11250,11102.574956822858
10839,10595.037682391303
10432,10265.790714108014
10211,9879.460653585336
9970,9888.608347230671
9984,9964.17301052884
10087,10075.8348368717
10171,10098.555981146961
10216,10087.5151037113
10739,10284.626304146652
11305,10963.902118109132
11700,11314.746204237294
11800,11435.147143726179
11850,11733.781159487608
11500,11456.852232512832
11900,11827.63559000796
13100,12683.271614159306
13150,12860.35568028031
13180,12986.556373494528
13024,12959.032038505473
13195,13032.07208930634
12850,12666.159139381078
12550,12270.725333434622
12200,11972.680796462115
11700,11322.626419155356
11500,10991.369859869927
11159,10485.441389752381
10591,10129.997209682891
10439,10325.82894421156
10205,10168.767449677363
10462,10451.19666867383
10542,10537.34585609456
10855,10820.516237657714
11090,11023.768362362101
11550,11459.60912490579
12100,12008.49034267749
12225,12143.490822253549
12050,11916.452894860016
12010,11981.0325905741
11880,11891.165852387741
12050,12077.873321652829
13350,13384.094393096042
13400,13413.992710002298
13300,13313.299945012659
13250,13261.239324300514
12950,12966.885340684325
12648,12670.53798976581
12348,12376.829619545362
12100,12151.939869887303
11600,11612.802623477517
11400,11417.869521261913
11000,11022.655291416464
10489,10518.475759694658
10214,10250.270175984979
9945,9987.984437457437
10316,10346.157358215252
10293,10284.753554428687
10712,10663.778665924623
10977,10893.069984122012
11395,11294.453739674404
12050,11940.218476081795
12300,12213.420552159034
12150,12001.838683401671
12250,12177.638956962444
11760,11722.683357962122
11870,11884.405465214
13200,13215.66164517157
13350,13355.523671235387
13360,13364.592160075103
13230,13236.722585952053
12900,12914.236755554692
12538,12561.444835491622
12375,12404.440717634985
12162,12203.763533157822
11720,11709.787941440596
11110,11111.741435986929
10702,10717.032121709932
10375,10366.789376334938
10133,10165.261718489404
10034,10071.312113771124
10468,10491.532378319547
10595,10578.847467983016
10633,10574.80606355098
10926,10841.503120066893
11261,11176.05594368317
11963,11862.988905032966
12140,12037.886540324413
12065,11987.630183063313
12109,12033.42727967017
11670,11676.260539608415
11710,11657.644008211486
12820,12830.778967498414
12730,12737.043957145503
12570,12577.714556641626
12227,12237.585287503041
11902,10935.226803378
11696,11553.42835787819
11241,11273.772899429227
11140,11183.433723896022
10419,10414.489103776748
9397,9408.817185431983
8717,8748.565166009394
8575,8611.112625728816
8506,8542.921050088054
8435,8438.814138559559
8926,7928.06643131722
9295,8530.43837400573
9486,8954.427534017887
9712,9005.546622335845
10077,8870.91957291763
10719,10348.019421857269
11124,10983.671084874655
11080,10956.607677675864
11078,10315.827299504337
10813,9893.130062913388
10923,10670.235799518032
12580,12558.391864406898
12301,12274.774398145702
12012,11991.12436902905
11835,11819.043974120548
11700,11692.936210289865
11316,11317.842879344626
11114,11121.37932989766
10822,10844.291707070124
10332,10308.370797484664
9926,9915.584422785909
9503,9505.555372416131
9197,9210.05978265479
8983,9001.423779347422
9024,9044.56029661978
9428,9430.067124094696
9803,9762.106682007212
9918,9831.515879980956
10688,10554.221839168375
10688,10545.744120669635
11095,10965.380867201457
11420,11315.305860882367
11275,11163.88158761504
11247,11145.738314428207
11078,10980.80702120374
11187,11175.683508922286
12630,12611.789657170208
12393,12374.449982316493
12145,12132.200748437672
12026,12017.076838616216
11785,11789.090062545354
11228,11243.308406598493
11121,11142.031885314751
10805,10839.160333341963
10342,10325.41784018185
9760,9754.396779546023
9381,9389.244868452304
9016,9034.322552436002
8867,8887.976230509059
8669,8694.719739055394
8766,8773.958813964331
8866,8829.861804818667
8752,8672.256628316998
8637,8536.630462124675
9020,8900.852236382823
9603,9467.668264839796
10436,10300.689374374453
9590,9373.98485574092
9450,9381.058628538936
9050,9027.03899003069
8960,8956.12583775422
10899,10882.59685224505
10719,10695.655387696723
10708,10684.149513877966
10638,10614.667054331352
10556,10541.62770475219
10439,10427.778900448564
10321,10312.391100105437
10106,10107.990226360263
9627,9593.818201113943
9257,9232.986001920712
8843,8832.360809782287
8500,8498.920714272
8415,8417.137929420467
8390,8398.1943482908
8725,8714.054102432672
8908,8848.927436861064
8990,8898.250919097809
9041,8916.49117695574
9561,9415.635179507939
10293,10134.694731794152
10750,10601.258674165565
10533,10409.208311104252
10708,10388.363284270577
10449,10316.699297663028
10777,10766.148436639254
12330,12313.697346181561
12270,12250.268887406019
11946,11930.884439400976
11733,11724.086149244013
11463,11464.762540275691
11208,11218.814557730744
11001,11017.94077699838
10662,10693.43420526427
10097,10079.905298646245
9726,9719.955088548066
9304,9311.946748897804
8970,8987.029824737241
8759,8780.727031431918
8857,8745.712863623023
9371,9374.808695213387
9740,9695.66096772184
9914,9832.654339791892
10131,10019.458889274996
10556,10423.522892559715
11126,10986.113730395928
10975,10847.324307743573
11150,11058.295710360035
11100,11047.919105545112
10860,10837.747650122856
11100,11099.458703797107
12450,12455.081941151228
12350,12342.538498448368
12195,12186.230484726346
12073,12069.688402775071
11790,11797.748956732303
11524,11539.709392309436
11087,11110.59999054825
10820,10859.475072857815
10246,10241.45367160191
9882,9888.470401642473
9486,9505.124498384976
9128,9157.502096970384
8891,8821.95078487781
8908,8809.970983537914
9378,9360.811260074406
9658,9626.00410160666
9826,9758.741615821738
10156,10056.091762638891
10760,10634.796637184594
11300,11198.93068052069
11350,11238.897853448176
11150,10899.763018443107
11140,10923.903182169186
11000,10961.167899023494
11300,11313.126371367158
12550,12570.285032010888
12250,12249.278915296345
12380,12379.829433758054
12360,12361.313581424449
11993,12003.198910301726
11709,11729.862213524097
11292,11320.500412861522
10475,10463.367525401554
10082,10081.477446919152
9559,9578.386793818747
9362,9387.045225358223
9198,9227.175601423758
9238,9273.41072795663
9821,9837.868949035448
10011,9981.056452317662
10152,10087.299330468368
10271,10178.132524231925
10694,10575.414752130422
11200,11116.051108462463
11500,11403.45931834714
11300,11139.748157546812
11350,10858.387765675849
11150,10568.625086299362
11500,11218.52488163959
12650,12466.304879117299
12505,12504.355062093699
12139,12141.05993885301
11876,11881.676191740076
11518,11495.817116404029
11310,11256.911299957887
10881,10903.897636311482
10576,10409.860673073581
10229,9466.80802013089
9663,9115.980193889949
9379,8878.735325704212
9117,8759.298735984557
8836,8040.807854182542
8870,7671.204846688424
9516,9117.468047407172
9760,9658.606116833611
9874,9702.753557356813
10016,9916.483718898002
10501,10172.215798535184
11037,10738.457527597462
11182,10973.405073475498
11022,10440.508404680115
10999,10526.50438354215
10888,10491.381871370038
10925,10612.20798790376
12414,11854.456885379579
11968,11443.76843384239
11857,11338.159445427242
11670,11257.855512913335
11422,11258.121019969485
11050,10590.27868765424
10647,10126.797500582885
10496,9510.10320045929
9914,8334.087112544414
9506,8003.872266028356
9123,8246.756214665296
8748,7677.9474757687985
8778,7674.535567840989
8893,7651.959065672685
9276,8394.011975751497
9616,8863.8463228059
9738,9335.30850294574
10025,9438.788616374548
10340,9863.569236411427
10905,10629.258041569681
11180,10777.97951647297
10968,10615.31394954003
10870,10532.126116390942
10700,10402.501865396018
10798,10446.912757665277
12251,11688.39579137531
11705,11347.45050402783
11533,11283.159069910796
11449,11066.119083447404
11060,10859.501304434081
10735,10306.4045394927
10379,9989.470373536527
10099,9486.41888473876
9627,8760.232222784178
9215,8323.909473498179
8955,8077.302357895762
8679,7739.800773153327
8400,7224.582093235602
8351,7350.121302056268
8370,7562.7415813560465
8624,8055.246854129831
8413,7774.825296775698
8329,7593.985436136921
8628,8071.350970132354
9308,8906.134878812547
9912,9627.586993352794
9119,9021.304342985433
8810,8484.110086053002
8562,8273.114789776015
8783,8535.904789860779
10277,9816.217501204643
10055,9555.740059286949
9873,9340.099412420714
9853,9287.843164909054
9892,9401.451891722267
9671,9253.733526432788
9392,8741.537310281852
9121,8278.49153870123
8719,7942.037386179093
8347,7747.465176569154
8093,7197.07186181904
7926,7207.405080739131
7630,6881.581862250957
7799,7122.429336637784
8395,7771.47192975667
8597,5301.648175928937
8552,8262.914611032307
8293,7947.812658411578
8741,8428.556218310214
9431,9240.592674487732
9663,9553.547966769873
9585,9493.863058918987
9188,8921.990605424824
9265,8835.396672441884
9894,9470.478078082428
11246,10748.528371241304
11009,10716.18295554573
10736,10481.925444265591
10638,10386.706111007981
10411,10067.012447329984
10068,9665.697401737825
9646,9218.70109369834
9358,9011.581011581646
8753,8425.352103191568
8489,8203.734820119254
8203,7792.200187382132
7931,7461.914042344523
7794,7429.539732500236
7938,7675.55767453143
8397,8323.164731426097
9104,9061.849649335349
9105,9028.924914116928
8997,8889.940290566235
9306,9173.842009699398
9858,9717.640495667589
10173,10040.61749309272
9777,9669.625859575586
9643,9579.252204468648
9500,9169.17416673757
9727,9477.488069093963
11186,10997.145668610636
10727,10505.254113713563
10571,10353.620171329463
10462,10316.127037747585
10126,10126.805428065394
9733,9744.64361404568
9282,9302.908074292505
8961,8927.236782833468
8495,8416.282005554562
8033,8032.321022445804
7868,7878.176314455518
7537,7555.717186555358
7425,7444.561041602549
7724,7741.862698151501
8376,8372.652306026048
8604,8561.319552887853
8735,8653.949462807028
8728,8616.151436994056
9213,9080.835055520498
9704,9553.790002614676
10045,9908.422250427924
9649,-21454.640164379824
9593,9491.795621902082
9378,9114.21989365679
9652,9366.176140036772
10934,10747.726718821032
10690,10194.584930246132
10531,10242.799726469644
10433,10114.70217805262
10125,10125.217465042342
9687,9494.2572667735
9228,8737.764328300587
8917,8611.575462245984
8431,8279.954054538104
8088,8014.15695747694
7869,7670.554656513569
7659,7501.595537116902
7562,7438.353343847652
7679,7623.455373866535
8598,8589.933041222004
8832,8774.431949155902
8990,8892.318766206019
8976,8845.82232582627
9197,9044.187410284998
9599,9450.791313185147
10017,9882.879579070594
9857,9742.512004788925
9584,9432.714805564718
9556,9524.449452876055
9635,9621.019499815746
11273,11251.544473186568
10727,10706.528002848676
10486,10470.569110299599
10321,10310.603692546654
10204,10203.523025403007
9789,9799.097828787595
9260,9280.274231452948
8954,8988.656100576303
8622,8605.607067785772
8272,8262.815640605204
7938,7941.347517232753
7721,7732.571193447873
7657,7669.116623623893
7761,7770.885520314601
8435,8426.539897968009
9023,8958.796511828024
9039,8936.99138089874
8925,8795.31365438633
9310,9162.890081123269
9693,9542.140135171547
10139,9997.442579055876
9728,9601.631845463235
9681,9595.202140169564
9516,9481.824950665778
9911,9892.303275845565
11087,11065.370637648844
10734,10713.440623310164
10684,10667.376361776289
10577,10562.915702940478
10121,10119.123468373924
9819,9829.333812599985
9273,9292.789686589109
8938,8971.086313801643
8586,8567.303646919969
8263,8252.491162967806
7922,7923.819719531026
7637,7646.653260216516
7499,7511.068143585258
7731,7740.739127716741
8475,8462.004286825446
8979,8815.925153209131
8930,8835.001991024943
8967,8840.527875776383
9336,9189.856481861383
9875,9718.790386695426
10095,9950.33762307469
9739,9630.458955552762
9550,9481.343075851764
9234,9135.438366922577
9790,9772.050635783005
11166,11037.74902262688
10589,10494.657137697912
10421,10365.800834622994
9918,9906.94357316336
10178,10175.420377809776
9706,9711.638779426034
9272,9287.621811970057
9149,9176.298332171336
8441,8417.817560684598
8122,8108.7405928853295
7844,7569.896558406723
7569,7337.2894583488505
7321,6853.3367566617635
7259,6790.970887765903
7564,7049.806675251029
8009,7729.2429744779665
7620,7372.8385905053065
7663,7346.837913576912
7869,7709.822371928397
8530,8383.262196207954
9132,8953.039704338104
8046,7769.334958527263
7577,7378.1362055080235
7395,7234.545178596948
7836,7818.82980501095
9183,9156.587751274401
9036,9005.338612476688
9006,8978.332652701296
8945,8915.70014003092
9015,8991.545907206477
8683,8667.95106289534
8451,8440.153387178345
8291,8292.23559115187
7996,7958.954790338939
7472,7442.677755640048
7232,7180.95786533176
7017,6802.4360605226275
6915,6635.47080871142
7161,6880.969020436955
7773,7512.410039113632
8324,8064.784716283623
8325,8203.13829948959
8136,7751.904681876791
8541,8264.77263288628
8993,8853.883070937865
9437,9307.402095243951
9091,8985.661599640916
8933,8873.897993193666
8735,8710.127619139039
9350,9331.688983283686
10353,10329.309279970137
10471,10446.232807835651
10318,10296.219903451554
10148,10061.512342273414
9947,9941.794175369987
9522,9526.912142498364
9008,9022.637426693535
8768,8796.433263852814
8374,8353.082259598566
7892,7881.0800948462
7704,7704.807796091802
7452,7460.662122831647
7309,7285.0856614352215
7549,7421.4693649327155
8178,7900.633454847858
8777,8461.014620347545
8877,8665.532350697584
8755,8620.674411004155
9016,8660.376507267527
9361,9129.819399291748
9718,9612.70324502773
9399,9314.263344011313
9002,8951.751675875574
9007,8988.463792498707
9615,9566.533453988533
10624,10432.233800031037
10312,10290.366905891546
10092,10074.574291749506
10020,10005.61912639885
9762,9758.426449025857
9444,9383.3172694815
8996,8944.139024524962
8666,8456.80231341494
8190,8006.867780381393
7745,7536.0660186128225
7477,7144.040874750284
7268,6738.826422488007
7125,6357.070526185122
7449,6746.753321467035
8175,7657.1074295788285
8679,8294.059627295062
8512,8237.719288430964
8432,8128.832425278315
8775,8309.670609169225
9398,9159.143558487554
9357,9234.495781695461
9238,9141.376708822685
8889,8763.756727703352
8864,8632.940693001754
9405,9146.21542731025
10545,10416.551669803233
10222,10164.07285583084
10184,10161.984647299727
10139,10120.675423558427
9774,9767.510231768632
9478,9483.161567126255
9008,8953.20025163171
8530,8321.332869749254
8022,7697.075175096754
7764,7174.792878918262
7472,6928.599283971312
7256,6753.361321292012
7150,6783.6500280840955
7517,7249.046798647849
8210,7958.460367380313
8909,8647.978654066726
8824,8701.10694103028
8664,8543.18498639768
9006,8862.419553564836
9465,9316.442848370667
9521,9375.56265962227
9264,9151.854672102041
9138,8999.211880325562
9155,8985.367499466394
9469,9414.168395477303
10676,10583.2251792677
10440,10413.98196198089
10134,10111.450552175605
10010,9925.259004801068
9891,9883.983398660275
9491,9495.019890354302
8961,8975.560581014197
8620,8480.353020797744
8083,7894.231702369158
7701,7692.5042839841435
7384,7148.924538689947
7234,7005.823108208344
7131,6867.645711770943
7439,7137.263967874091
8184,7792.3261759638035
8770,8540.737336303459
8853,8757.202070996454
8899,8763.560348701965
9118,8927.323074974367
9652,9495.429200423638
9797,9640.321289935753
9192,9080.52325416064
9133,9053.74695542886
9130,9093.91935997226
9409,9385.609461922772
10666,10535.232838384292
10408,10175.555439769487
10289,9924.133260478073
10050,9586.973402074133
9892,9541.958403920764
9466,9366.559496071472
9008,8680.516227347518
8687,8407.766719664054
8125,7831.28228120051
7788,7538.088650409095
7453,7112.576617209186
7239,7008.174030445323
7235,7037.106195005575
7480,7483.078961494437
8203,8186.097461213922
8880,8823.710306968787
8823,8727.900461426778
8708,8572.208084018572
9092,8936.724620380894
9675,9514.696528520573
9988,9836.238891379486
9576,9386.949662224826
9408,9321.759333396994
9192,9152.164970471997
9631,9603.20659447021
10800,10767.546968677405
10497,10465.932897032812
10399,10372.622783214363
10212,10188.37221795223
10031,10018.107693721904
9496,9496.533260705064
9216,9225.404339824283
8889,8913.274867196946
8384,8361.75130796398
7995,7982.448620474845
7585,7587.235741519296
7437,7445.873247841942
7303,7312.815191227746
7319,7328.275418436479
7605,7566.437574749686
8091,8036.221466179242
7965,7870.207042225081
7766,7651.626461351274
8201,8020.431189689492
8936,8679.798651081996
9360,9180.642282344892
8168,8059.333232008219
7769,7635.9290455536
7640,7540.4776035467075
8099,8015.896319977004
9335,9309.570910188213
9340,9309.69370563007
9366,9335.716716282132
9338,9307.840980086914
9285,9263.52811662382
8987,8973.080684296041
8709,8701.44145734203
8271,8210.169345696726
7994,7862.865863661496
7521,7501.519824140217
7328,7319.032333782974
7064,7028.860159115825
7121,7120.335083614897
7367,7366.797602851524
7980,7963.8887436967225
8537,8470.054865250177
8353,8268.098651895963
8328,8217.408859851495
8765,8639.573258115688
9424,9284.205085119724
9743,9624.727470996222
9337,9248.139008429445
9078,8717.632281418524
9001,8777.496534016476
9497,9176.083985359946
10812,10683.582775448755
10227,10202.883549753205
10136,10117.116733857709
9945,9896.00633757194
9872,9663.296639887792
9557,8914.899383909733
8971,8412.27857438086
8648,7933.465989443866
8221,7420.205978609643
7867,7142.471600914903
7524,7052.463622436645
7244,6779.695597838513
7262,7068.890420407191
7668,7641.071976163011
8612,8597.336408172108
9036,8983.307410839618
9094,9005.303784494095
8972,8843.805891076525
9327,9171.151870094043
9875,9717.00708071495
10054,9898.48315900916
9631,9519.56405932409
9575,9496.681858407952
9303,9274.08896719832
9716,9695.921973013828
10745,10723.585473761119
10695,10673.075727075384
10341,10324.02037727198
10306,10292.954256890156
10093,10088.760584885727
9579,9588.560003017352
9079,9098.551190695724
8691,8728.142359655527
8301,8294.08066420486
8046,8047.423743998539
7777,7790.842918742486
7552,7572.798443239371
7433,7453.348960698097
7617,7632.332944800142
8441,8438.821477041018
9026,8984.095515327697
9074,9002.954072515826
8824,8729.317478711757
9052,8917.596546127103
9603,9472.684171447403
9964,9849.298133843024
9461,9360.220031912137
9134,9077.331545364079
9117,9095.133275511123
9474,9465.466216832836
10749,10732.360246924987
10554,10537.280264800254
10391,10377.011709598544
10274,10264.140498520386
9960,9962.842150930059
9372,9387.992484804185
9099,9123.4593586716
8758,8795.22746499231
8274,8260.348777173393
7849,7844.974981036487
7565,7573.853663011819
7394,7409.4152036186915
7279,7294.631276717087
7307,7319.57050633446
8296,8288.492642601821
9010,8954.661614730965
9105,9009.002258277336
8938,8817.066961739554
9265,9125.441884052343
9920,9761.311044762428
10029,9886.094216663529
9553,9437.480333115596
9136,9062.616414317155
9292,9264.66059951919
9450,9437.431928249616
11049,11027.536988006468
10494,10472.447092877868
10329,10312.8467090807
10226,10214.230957146487
10182,10181.046161955888
9574,9583.560778331383
9103,9124.547608881734
8719,8755.63482156249
8283,8270.50872519306
7835,7833.161691874653
7594,7603.033460280746
7416,7432.365864268699
7375,7393.340996142448
7660,7671.898018883122
8356,8349.86900847746
9074,9029.506200327367
9051,8980.075544206022
8878,8776.375736838952
9100,8970.089740830812
9595,9461.744940542922
9968,9845.169544293904
9392,9298.222724662011
9192,9141.887990247662
9183,9164.266787271383
9510,9499.026889053363
10889,10868.521553310142
10381,10361.358574950975
10245,10229.3910995937
10230,10215.429363785375
9960,9957.770281063009
9495,9504.51027254613
9059,9077.391195026403
8633,8666.692620082516
8213,8198.255662581036
7760,7753.571991116147
7509,7515.084359311002
7306,7318.154911720859
7202,7213.584235728615
7546,7553.388855040339
8192,8183.2428844813385
8843,8801.921210739543
8959,8887.785145556314
8853,8755.597376007376
9143,9022.691673258161
9596,9468.080968471588
9973,9851.356827078445
9517,9414.310576447628
9147,9087.891695531915
9147,9121.950624913188
9538,9517.423462539247
10745,10719.941166617267
10423,10398.38841511562
10265,10243.838387395183
10201,10183.306574842743
9820,9814.566125679023
9466,9471.960126614096
8938,8952.623959924105
8571,8601.039146980782
8252,8230.993569603976
7908,7895.338409221213
7422,7424.388333445461
7163,7173.2179091034495
7194,7202.221462665098
7217,7224.838755416258
7468,7463.661796197873
8073,8032.986960344686
7953,7884.653402770429
7839,7744.660025246387
7951,7823.085561550267
8679,8539.416046092692
9404,9262.47952986098
7690,7586.249524369132
7354,7300.398565482194
7207,7189.332173273853
7596,7583.9812586137095
8930,8907.916597805493
8897,8869.04794835176
8858,8829.481576102055
8850,8822.56022460564
8777,8756.69805699998
8410,8398.943007002512
8036,8031.185307745513
7739,7746.451512151405
7209,7180.030551587247
6950,6929.614157443098
6701,6691.818933770927
6460,6456.456937438694
6403,6399.651316083066
6810,6804.651025744273
7467,7444.137701939313
8029,7971.267120798662
7843,7752.647758271374
7586,7474.4242575813005
7889,7751.655462486047
8463,8310.125221848515
8916,8773.89986929338
8446,8330.547857400306
8237,8168.088347861756
8291,8261.363919034913
8920,8896.456780147691
10236,10203.497026798263
10007,9975.149347030187
9943,9914.900110250255
9820,9794.816820316539
9565,9551.791556784494
9069,9068.399429377192
8653,8662.549444365275
8107,8133.968941587194
7774,7750.67825242204
7377,7363.055385263754
7135,7134.162050268449
6934,6939.979015740492
6833,6838.040500974223
7148,7150.563088037301
8019,8004.239135232116
8751,8705.094648304028
8974,8895.788215768867
8655,8552.58483325071
8821,8700.283853250086
9411,9278.310245364883
9809,9681.67236784537
9172,9073.433802612795
8870,8812.80772708005
8884,8860.552561052595
9208,9191.611729604097
10201,10178.504532488181
10105,10081.277183520222
10088,10066.210497790767
9956,9937.717430532835
9689,9682.9546177902
9304,9309.885389325766
8629,8648.349243016051
8152,8188.4218737060655
7813,7805.347304626346
7306,7308.643887977401
6984,6998.756954769814
6837,6858.28169064521
6809,6828.817497833707
7058,7073.883412328463
7635,7635.737405838494
8624,8587.21940793929
8693,8633.149987189783
8626,8549.181975314856
8892,8800.151230160496
9380,9309.071814612293
9775,9711.706239224008
9255,9202.73622566915
8945,8922.239735638363
8856,8777.818591366908
9280,8959.740608823216
10267,9908.005492483002
10036,9812.780731685496
10069,9779.296315795655
9909,9486.490929815069
9706,9260.389174647107
9191,8792.99398723073
8700,8245.874412595083
8246,7875.062254217488
7787,7436.634433576242
7522,7315.710098202924
7144,7154.659241656408
6998,7014.53557418271
6955,6970.703874467004
7384,6953.061729693302
7992,7647.712354367192
8792,8288.8608274305
9014,8628.668938980354
8804,8486.293801478692
8978,8125.467124048069
9549,8268.04641634054
9734,8728.92893554799
9236,8627.422900352381
9029,8393.81618760661
8836,8302.938314704712
9281,8687.159105889681
10406,9636.857671625608
10312,9062.628285131343
10107,9338.019680813886
10028,9025.794112379173
9874,8610.449781129513
9350,8542.265582410968
8712,7814.199163173887
8249,7775.669934236251
7914,7356.6303354321735
7485,6152.63885264476
7222,6037.364381030551
6960,5579.166417299965
6771,4776.621234311641
7288,5390.343505418581
7931,6869.2114563157875
8660,7880.139571942545
8777,8251.402396641433
8623,8014.352942435659
8844,7994.346408913203
9155,8177.478768457122
9598,8722.201611793045
8978,7987.3085468187965
8681,7633.917813133685
8669,7451.401689084724
9021,7437.967631751478
10162,8843.010963276598
10096,9320.439293655227
9923,8638.648695333974
9835,8451.672706696148
9104,8079.482008782628
8628,7480.342321734879
8232,6588.296556135532
7714,5986.501711227363
7464,5540.030512418893
6983,5480.465953916163
6826,5433.725204708275
6734,5106.680040687658
7168,5776.239688883146
7736,6332.349406435527
8447,7628.493549751362
8756,8502.265186061924
8737,8538.410038309452
8820,8637.443950870193
9207,9096.24329395337
9645,9521.930916904133
9263,9158.303768885962
8782,8615.895595227672
8597,8329.108649587819
9075,8720.36313908051
10354,9913.605122059063
10083,9573.811567773137
10019,9308.516764649223
9930,9289.551899463188
9722,9196.475658682126
9237,8997.549314472366
8782,8315.004091412855
8359,7464.914929707167
7678,6702.9199909353
7362,7116.64623111364
6932,6596.164644207173
6835,6403.828863794967
6590,6090.193465176844
6932,6701.8835225593475
7029,6618.235631048956
7735,7226.119515205492
8020,7747.732810869438
7932,7833.264870363131
8080,7918.965807441252
8609,8468.004916534479
9396,9252.794207211926
7960,7845.507310986228
7384,7286.715253100636
7299,7242.165609847341
7653,7568.48330805331
8931,8496.877142089725
8879,8405.578656242227
8869,8462.886154856293
8876,8469.6351337206
8753,8253.663745492613
8405,7779.221432089002
8142,7115.133670165444
7669,6556.599718615298
7325,6243.0530669243035
6858,5547.5928076401
6565,5674.616559237819
6325,5647.798428211762
6258,5715.288307416362
6724,6146.07158470998
7389,6728.227978683319
8283,7890.781173357476
8375,7982.312776724519
8245,7860.799040561005
8360,7947.280706889136
8976,8615.29211016427
9382,9029.49470605324
8999,8719.531892861129
8590,8513.73834315515
8370,8341.523158318678
8968,8845.98188592034
10123,9414.460737986916
10043,8788.764899184513
9933,8613.347432218487
9875,8354.519515409884
9596,8326.099039367346
9140,7644.117936349136
8649,7233.452407972704
8283,6746.980417658802
7643,5958.637967545191
7295,5961.849117366683
6930,5610.68637578026
6709,5363.555782716915
6617,5883.656931674279
7055,6726.195744812616
7751,7472.220915124555
8462,8277.491159839057
8631,8507.181616988872
8650,8423.573526475991
8843,8519.981175868761
9450,9186.260997051115
9828,9673.210524680715
9287,9160.64501049545
8902,8790.863332240138
8574,8541.817437584337
8839,8791.585585630368
10291,10132.43314004067
10064,9528.925578208855
9943,9342.528746271768
9805,9310.983681847487
9636,9254.952148527498
9249,8912.924173506783
8747,8319.362801922067
8221,7641.815009634438
7826,7306.384061117474
7413,6767.146077006067
7208,6199.024466902699
6676,5983.565049395296
6569,5911.13724335572
6620,5995.052435594618
6940,6643.244863232698
7354,7184.6597362443135
7355,7276.311753116197
7293,7180.650913540905
7542,7404.332616542663
8054,7904.207992704454
8573,8425.40321190258
8078,7956.706546358809
7356,7285.481749328531
6964,6942.8953472930225
7296,7289.790571258894
8653,8636.649419980075
8591,8501.06773972341
8560,8401.984207287227
8556,8363.687348414494
8433,8145.528081824601
8204,8060.425393307894
7811,7504.530121643812
7481,7256.587348473012
6828,6555.2702215815
6535,6031.284611023171
6259,5767.806054636246
6118,5666.200876987064
6024,5641.506165868823
6405,6055.254329313057
7324,6991.493322508403
8343,8133.581753705117
8725,8602.888387824352
8642,8467.132693533482
8923,8763.905022223766
9387,9221.47487894017
9765,9605.021950643571
9158,9030.171258438411
8975,8790.875135211201
8762,8688.445714105394
9051,9024.620342846327
10205,9970.70244506577
10320,9913.41070971228
10048,9576.778996840481
9953,9589.203564936406
9651,9367.13630695162
9308,9240.198780481544
8776,8685.864643126773
8360,8357.096029479822
7782,7664.952736180809
7459,7250.65499607199
7199,6968.63171884523
7037,6406.099407712195
6975,6241.983412584309
7411,6399.711138871912
8012,7153.6759972280115
8785,8325.963835072707
9007,8819.226685034519
8780,8664.865656150843
8924,8781.341908701499
9480,9331.098523340095
9807,9683.047175935408
9312,9209.565814188685
8898,8826.555932789837
8788,8653.36287131302
9243,9121.363216881655
10422,10018.717555164396
10454,10116.752164726122
10213,10083.039319297579
10111,9714.224958814648
9806,9114.030007015965
9520,8771.666540945353
8862,7887.4547584277825
8505,7172.824309648362
7981,6908.218960888038
7600,7047.638866632772
7327,6718.26381977913
7143,6540.302516074894
7031,6257.340090144271
7501,6995.173654779847
7972,7928.321010288144
8787,8635.004378772095
9067,8740.672526461149
8884,8562.494223918058
9142,8868.235994992729
9782,9417.323507754945
9810,9332.469988023004
9407,9120.095084800741
9240,9128.522311251349
9044,9005.341937510102
9357,9267.259318780558
10513,10041.450142342315
10350,9878.382788181902
10089,9621.182685695301
9985,9692.040886666131
9826,9780.70526986543
9292,9226.813403792501
8982,8483.480067594204
8498,8015.762219020622
8036,7608.591430402685
7684,6992.133954804598
7298,6584.86255990585
7148,6477.677525032429
6989,6521.219857033691
7200,7038.653030899432
7331,7089.488088170503
7980,7906.274962355762
7966,7893.181618774455
7824,7724.941513831192
8076,7938.884861427861
8792,8657.622361184596
9235,9108.348591978807
7873,7777.161526599882
7392,7332.3831651820165
7176,7155.019716254981
7696,7647.482805045756
9067,9007.04509246986
9144,9112.64553943234
9042,8976.881277601202
9053,8988.281772246064
8964,8806.001500354505
8674,8660.14225399286
8229,8156.0311640046475
7884,7689.902041421454
7466,6621.879804185873
7126,6392.366705608913
6818,6266.490851309848
6600,6226.1178623268615
6512,6410.457163710055
6879,6878.463129118551
7391,7311.504204213465
8143,7866.392090320313
8177,7845.558081567236
8220,7945.330194879587
8391,7609.821080995303
8792,7735.8205051301575
9132,8287.700394490612
8659,7961.144469533669
8604,7941.830993902768
8592,7136.833218876153
9084,7393.591892840347
10229,9553.413235625103
10282,9741.373446698075
10163,8943.505734737577
9911,9003.46316915332
9763,8219.534899088354
9763,8297.441494516233
8796,8127.335842579023
8417,8039.399031250046
7840,7108.788872778143
7530,6569.9568623705945
7340,5948.241131392064
6981,6246.056355117172
6909,6787.528676384547
7328,7339.817587426822
7778,7777.064171929293
8696,8394.186573055373
9127,9036.11478838016
9070,8989.563313006869
9222,9072.616028458559
9688,9548.385838213422
10073,9738.010104240124
9556,9005.971434069312
9009,8640.37693232403
8935,8638.879638706672
9265,8741.541375127461
10614,9980.46522779779
10285,9105.911370679285
10195,9224.373197383979
10169,8826.228715779278
10055,9229.731055607424
9329,8725.153343624108
8880,8151.383800818216
8337,7115.258891605522
7913,6579.982778433921
7660,6028.57214194154
6945,4989.841589125957
7126,5755.600968141142
6988,6568.610599121017
7396,6804.301910944804
7882,7309.440751363398
8313,8278.578593108754
8929,8849.075708261727
8899,8784.304139759126
9050,8913.87640796415
9411,9262.280210394092
9972,9827.502559108847
9450,9294.89655143941
8877,8666.086484229862
8818,8720.59938421057
9099,8984.398935617332
10454,10164.612225086825
10376,9879.419029353126
10167,9604.222345409726
10228,9530.907355185409
9824,9344.459387814082
9344,8946.727109881162
8855,8571.305084557425
8431,8060.03562795293
8022,7498.446968890692
7535,7025.808753719975
7311,6470.4904263428125
7063,6230.641947879248
7010,6176.305698818965
7382,7260.472946760453
7910,7777.409853158677
8563,8524.935709278348
8823,8703.00901600617
8864,8678.668095729217
9081,8936.410037689124
9563,9408.554596449465
9906,9758.02046188563
9459,9341.76630576489
8963,8722.873389043387
8825,8692.959622626942
9209,9126.02638661707
10482,10424.948215644272
10396,10371.569137006649
10383,10323.57750369383
10073,9952.851477483451
9935,9484.333241978413
9318,8881.968759687896
8889,8430.493501664307
8454,7977.242757105762
7908,7520.18586254914
7489,6839.242499470287
7231,6492.056466666889
7039,6748.963439121318
6910,6925.927740564565
7150,7164.3793319010565
7689,7588.291774843927
8548,8239.37072443594
8959,8515.078381848605
8863,8690.140655179155
9151,8981.182693900395
9712,9507.16863658593
10027,9852.07432544469
9456,9311.009859826865
9163,8948.998153285733
8879,8680.908831770079
9089,9003.098188611611
10341,10112.460883654292
10205,9631.632225286634
10064,9427.647481426942
10033,8887.56331124968
9760,8865.682502549625
9283,8332.39550217278
8945,7596.053216162447
8390,7331.281175520524
7938,7103.692680696543
7554,6491.488467448043
7272,6153.405938196334
7070,5857.065547134056
6950,6112.342838985978
7404,6324.222808779292
8014,6815.848564657392
8804,8244.270948481797
9153,8483.538353836399
9101,8808.850030050819
9155,8832.35407482975
9856,9525.165527809724
10096,9907.809335857335
9470,9238.72179991181
9112,8757.41542021155
8900,8421.126641669072
9192,8354.152377073564
10424,9035.457335884443
10254,8932.948847835865
10255,9071.914484658852
10071,8992.670955986072
9879,8677.269743461626
9528,8199.735659266704
9011,7183.437408341866
8542,6526.526551539409
8025,6338.1005610560815
7604,5858.358676356942
7430,5458.036071945998
7183,5219.08496106783
6981,4880.206899238827
7256,5187.484217025512
7329,5318.311484885021
8280,6534.36833685969
8145,6635.724705328135
7786,6863.983157183444
8021,7209.514827367425
8937,8143.023942389376
9293,7991.748830838966
7904,7146.487992937236
7288,6954.200169231635
7132,6971.72247896366
7620,7572.82116858066
9033,8703.450207470554
9091,8788.012412687229
9025,8653.999469417804
9011,8640.809533159618
8934,8639.0506713565
8585,8334.398581401992
8252,8010.0181145441275
7971,7675.615926061168
7332,6798.472751462189
7121,6595.706828044923
6765,6353.564203677513
6547,6314.227115785125
6518,6113.302284492516
6884,6580.63281238859
7381,7130.225245388576
7888,7634.3173914760355
7975,7864.797604229362
7835,7735.479362828543
8191,7934.817959527281
8685,8518.99557298676
9169,9049.116915900298
8799,8700.673091139575
8490,8396.253531370894
8648,8586.413702234377
9032,8943.17438433974
10220,10056.222636000277
10411,10244.056201517225
10206,10109.346831992752
10072,9979.895534334395
9914,9765.21764436609
9296,9229.452772922454
8946,8889.673443166983
8415,8377.455497706766
7930,7877.662285631895
7492,7349.355350046972
7264,7270.174770783647
7028,6973.790275912842
7009,6954.30657719549
7340,7317.157500548505
7785,7785.984669063576
8889,8852.120522902002
9178,9103.238135152971
9152,9038.019914236367
9262,9124.117297590747
9900,9685.642173120781
10154,10013.066616097623
9633,9451.80114987594
9359,9081.42074576192
9079,8710.00998827436
9391,9206.953564164256
10424,10029.328224052715
10501,10206.33694612455
10286,9858.505940372579
10175,9853.554345031216
10000,9656.612246715944
9657,9221.627289449874
8998,8644.59096832848
8666,8124.852537053032
8006,7390.322304320434
7663,6717.616579085063
7370,6130.383284149976
7180,5470.475822478209
7106,5702.321426573681
7581,6208.1482021804795
8064,6641.257223356061
8916,8033.706673706406
9395,8811.667297689304
9141,8765.74502216851
9339,8699.694655989488
9932,9313.99968900465
10094,9452.036058911799
9812,9367.428795448322
9367,9001.158300251747
9152,8959.736066519032
9380,9199.806420585197
10613,9847.967608304301
10486,9481.331762046531
10463,9765.85604259033
10283,9794.288921573763
10001,9557.901113075512
9652,9256.012724920809
8980,8561.268851218516
8552,7845.21981392503
7978,7087.128752213925
7617,6669.139260633159
7364,6291.691895321339
7152,5813.626911035684
7101,6407.9867529966405
7485,6482.962827361406
7909,6927.796282514622
8759,7676.340044573522
9385,8651.184019866547
9172,8551.716755289935
9402,8861.078717839559
9913,9181.13479658323
10162,9353.529801769357
9672,8681.067506475272
9291,8168.760033120532
9018,7970.658481680921
9287,8727.476350570254
10380,9611.750010403124
10266,9800.332366797127
10316,9819.370696764418
10228,9733.503214999893
9962,9683.118742893706
9574,9240.485417946908
9122,8561.017536646892
8480,7529.766049904932
8104,7418.186552062966
7669,7061.480965034348
7351,6654.056498096377
7082,6120.834008110465
6952,5922.346116830604
7382,6860.339428197833
8038,7671.133014092795
8896,8496.73809281579
9335,9191.11885989561
9048,8955.726407174894
9272,9125.231901659781
9764,9608.127203219565
10087,9788.897265667936
9531,8903.0875546566
9201,8915.538918409664
8829,8574.86172311322
9175,9063.802997267516
10336,10050.92502897466
10118,9659.198480200417
10107,9786.505189583366
9970,9720.646128985354
9829,9451.362964411981
9430,8825.200931219937
8898,8272.147745702669
8514,7903.510782387092
7795,7377.827616701285
7440,7068.004445974113
7119,6929.663741168492
6919,6396.847957466061
6826,6711.021281368535
7344,7291.245449840215
7903,7699.389167891125
8890,8693.513892257133
9477,9400.78476276952
9480,9177.23010302858
9665,9240.10978540628
9971,9605.644799956923
10143,10051.780386553886
9753,9666.67316261948
9395,9345.63053714742
9156,9100.79277084739
9308,9191.000659965073
10393,10308.75608526566
10500,10036.792488045166
10426,9860.77490154329
10336,9775.497598813632
10022,9538.50584517483
9604,9031.699407977738
8976,8382.104466621218
8420,8016.184231875472
7860,7410.35336157662
7478,6971.917840551378
7283,7094.036095058585
7069,6888.494228708214
6844,6730.911565498367
7008,7029.719578866713
7040,7054.603403755798
7757,7745.044256793823
7976,7937.0354383493905
8147,8081.330987090653
8371,8273.889188057625
9449,9329.943352374752
9993,9863.00882658034
8382,8282.392092294676
7622,7572.470393554241
7395,7382.070307180422
7689,7680.478886174357
9084,8827.107269104554
9218,8851.059127943601
9213,8946.655289762737
9170,8769.549976875911
9204,8910.31957575737
8681,8126.746655432309
8141,7532.129960240853
7909,7349.751932165006
7293,6766.980764206574
6929,6717.605033516967
6716,6720.523431514828
6407,6420.288622335676
6330,6344.345942901564
6776,6789.901470967871
7271,7272.354858611098
8210,8184.561335824749
8657,8603.552277886833
8645,8573.433154705894
8846,8745.54661500728
9445,9330.526066642287
9699,9577.892506376196
9450,9333.880235353083
8850,8777.175668964952
8600,8572.34616833196
9060,9046.213529182925
10420,10401.084153986263
10440,10420.582768940898
10410,10391.955684754601
10150,10134.965368938725
9968,9962.829968346136
9439,9448.032356516147
9065,9050.34292451602
8515,8382.96479465657
7952,7808.755752683934
7453,7322.552398378657
7253,6999.539603404438
6908,6698.092823596538
6874,6731.6259334371525
7378,7367.860782531512
8001,8009.454010794519
8952,8930.2380074019
9348,9293.351446635954
9411,9316.18012994626
9432,9312.939310301026
10052,9887.777107001133
10261,9799.270934480934
9858,9646.779684918816
9304,9114.929727739349
9147,9126.221780767728
9314,9306.466101177228
10844,10829.70289679999
10547,10426.259681950249
10586,10401.428145188105
10427,10211.68772583641
10309,10069.718674664113
9761,9363.927668395072
9023,8471.318537617133
8756,8221.129497382894
8321,7744.179235540058
7666,7408.672142619802
7355,7385.0809557466655
7143,7181.033924803299
7081,7117.083439935975
7533,7564.352764087475
8381,8392.323701622596
9339,9302.309638643612
9531,9458.293441947411
9296,9205.936509614827
9424,9313.382764224503
10000,9883.695454023562
10350,10198.439885661222
9851,9594.560738252112
9558,9334.022248887863
9262,9247.784527578879
9443,9438.61764908059
10786,10780.999470667637
10752,10743.031349330824
10510,10504.266241824156
10554,10550.089447520742
10155,10160.497539748965
9655,9675.553168977385
9158,9189.894461906844
8638,8686.009522710747
8154,8156.877992046101
7589,7603.6560146461
7567,7591.906333147321
7320,7351.533474731255
7151,7182.93268592744
7778,7802.34900460112
8366,8372.554033821783
8960,8901.090902981468
9545,9414.315240273652
9167,9052.499604145283
9523,9382.639155824745
9991,9871.537987567484
10354,9839.077377924896
9813,9346.00567819993
9382,9088.080942110446
9213,9053.27874621783
9512,9503.844392665138
10508,10498.704812117443
10731,10718.793519072644
10587,10574.069416457416
10498,10489.65733768213
10267,10268.90950473048
9764,9778.45338620706
9163,9191.55086639475
8697,8743.11636579185
8228,8227.39869113286
7832,7806.258337164558
7526,7546.9797307178105
7267,7229.027499250462
7238,7230.891823105156
7572,7560.676861332537
8179,8155.668006984612
9126,9078.488791344513
9715,9683.553164915062
9473,9428.381934548135
9498,9443.725582906909
9980,9774.724979096873
10042,9788.922983666742
9452,8638.367316267855
9355,8809.292257755942
9119,8596.758009039719
9359,8943.954582497463
10508,10086.741178083863
10707,10313.869782804686
10488,10300.679341032868
10454,10236.162683886248
10167,9892.947882541299
9895,9769.297620413374
9182,8932.465182711705
8741,8679.532909317913
8024,7610.434933119028
7581,7043.42635831437
7367,7045.365915840324
7266,7052.071931037242
7157,6840.941527583316
7669,7551.521427039588
8352,8286.467094450207
9608,9409.803592532391
9359,9053.568817450458
9582,9190.618846170168
10170,9759.77725243542
10431,9942.689308626854
9955,9574.795314897356
9439,8956.872723148545
9075,8713.10776489786
9284,9078.780454561456
10510,10225.211209972114
10689,10259.105492452136
10480,10120.834317932375
10427,10103.788579352722
10239,10026.769284115144
9956,9717.96793148076
9322,8825.172906475014
8880,8025.83712609533
8303,7268.236325050882
7988,7338.1763494855095
7575,6393.994693403503
7190,6224.240543958511
7119,6259.30366926345
7366,6639.847990833118
7423,7031.434477128203
7797,7570.503452689389
8380,8083.748983822974
8212,8050.890751850669
8450,8320.3042061796
9017,8872.074604387028
9725,9577.332965973526
8252,8138.315526002761
7528,7466.270410827385
7283,7266.210698855261
7697,7623.943933271065
8914,8730.339008993127
9185,9061.89808224467
9352,9189.496376570229
9305,9209.785237394171
9204,9184.196199155704
8912,8901.850820308899
8543,8507.110100839696
7999,7845.30834093506
7544,7287.03005690297
7183,6559.73931062242
6974,5987.859492033058
6748,5871.2017115640865
6594,6161.058097021054
6970,6843.873867006701
7531,7359.523694427242
8576,8465.998939566813
8856,8666.830185089631
8651,8533.006531196388
8800,8654.670519013647
9404,9243.95251660663
9782,9630.429123801923
9607,9380.163260563979
8966,8818.627264372122
8739,8706.118960017015
8937,8928.826022490008
10600,10584.80111436946
10725,10702.951805741563
10472,10453.219968843629
10410,10395.48660595922
10280,10275.935725636518
9681,9689.879621359662
9298,9319.479754553111
8762,8801.399806639176
8190,8183.197096636273
7771,7775.664105662827
7458,7475.715840214038
7177,7204.768503767148
7217,7243.740621090896
7536,7559.784484117532
8324,8330.279319020534
9300,9265.139755846822
9744,9665.806321450873
9513,9417.681412264557
9651,9538.368231170098
10040,9913.232045793626
10452,10317.842353811742
9955,9861.13520838244
9531,9446.1110576227
9398,9104.796894852945
9510,9335.053221304672
10766,10450.870248761668
10975,10654.501666385235
10657,10372.474738089057
10599,10488.228039143105
10460,10462.87339802496
10043,10056.587743617903
9429,9454.26479970333
9005,9047.85862337755
8491,8493.081127509173
8008,8022.646117235572
7776,7803.6539277025395
7505,7540.7758563934985
7495,7530.447822793967
7784,7745.310594665014
8668,8576.331828657945
9384,9222.029455679356
9778,9644.117093184208
9634,9540.392911071096
9743,9594.273112374103
10182,10062.523593375801
10418,10303.9728236757
10130,9967.90835085447
9738,9408.64225853249
9527,9442.775382529418
9713,9576.229057857552
10767,10729.490963831362
11155,11147.725442614552
10765,10759.518420573764
10715,10713.693875401912
10640,10647.856460014584
10065,10085.857303796287
9480,9512.868544896248
9093,9142.368696587337
8508,8509.91976740098
8069,7912.050858481785
7674,7293.105140049645
7517,7244.5225722552805
7469,7059.280732202467
7854,7471.437914482267
8664,7756.308357792664
9358,8379.368296277293
9854,9350.925963363567
9675,9281.45145787912
9710,9262.901969526389
10242,9648.281812398563
10465,9840.193476587834
10210,8716.845726484167
9740,8317.50365739452
9513,8503.934835766267
9714,9097.188154347825
10701,10148.231171038027
10901,10310.632244679691
10772,10114.56126472443
10725,10239.552500707676
10458,9781.385743257779
10125,9119.799863891516
9427,8127.691097432484
8966,7481.572222870347
8415,7360.263393060433
7967,7060.974481177415
7687,6690.824374799522
7426,6335.286064003947
7365,6273.40652684887
7908,6570.344128196441
8542,7257.126306063402
9363,8480.24972396413
9682,9062.271656859535
9496,9048.208168532143
9576,9174.358943538715
10149,9777.471570119926
10434,10166.197146545735
10046,9938.131369474851
9788,9508.027619686998
9347,9080.867661159362
9468,9326.324731119934
10577,10227.258886569274
10893,10469.032966428073
10879,10589.807821955632
10769,10483.380138353557
10658,10348.423451021255
10054,9793.03702132676
9529,9246.410049379148
9064,8798.908920157442
8553,8307.842299460486
8061,7759.716049084473
7750,7428.848961193251
7578,7332.916820336403
7525,7447.606445552485
7927,7741.047786299882
8704,8500.692747361321
9539,9435.868705570763
10025,9948.461935028943
9795,9690.069162171172
9890,9754.219579449524
10341,10199.520179828138
10662,10526.268288598516
10328,10209.179726749102
9999,9922.875823262348
9603,9533.266794224228
9746,9704.739463192362
10790,10646.12905716702
10940,10788.441391333514
10888,10737.431175669068
10828,10577.391395374489
10510,10306.51517993386
10131,9803.457071447629
9482,9165.880367320213
9002,8670.464112462265
8446,8102.477025315213
8111,7880.185660878036
7861,7573.863608972872
7623,7307.581501445116
7469,7324.4000408010315
7748,7770.810299086315
7881,7894.257737677579
8469,8450.450363151711
8792,8744.368087752908
8589,8503.904236505878
8751,8639.755092319818
9463,9227.910768038339
10194,10065.962769345017
8653,8541.919522539942
7983,7861.608211565355
7523,7341.078613538581
7820,7515.098402062384
9419,9068.540536127162
9583,9291.328803257304
9601,9374.73539803155
9553,9464.15104807409
9566,9552.009685131481
9246,9241.5272923357
8814,8785.054662137023
8363,8351.97666105544
8052,7902.380187840893
7410,7236.433939680752
7219,6887.480776020391
6991,6665.857957379224
6992,6733.579045422293
7443,7182.815492195126
8184,7874.442669477476
8889,8477.06286816901
9123,8775.405770581392
9143,8790.141009791847
9094,8850.48180067851
9767,9370.495386065846
10141,9860.784763865038
9681,9562.3472142351
9179,9076.393487877653
8910,8613.09102796877
9394,9043.838554414824
10505,9915.754644894414
10799,9796.377278198921
10720,9481.591732069666
10620,9451.951079258397
10423,9911.601456644597
9970,9710.295943921346
9514,9095.466598098088
9050,8511.676109746286
8445,7624.432067042101
8085,7377.668345519291
7785,6681.405118183983
7595,6362.403539675145
7429,6536.939658051548
7960,6756.248358860032
8798,7713.216952038979
9769,9081.91281930112
9827,9165.907115090957
9730,9105.669877947676
9773,9088.552114937967
10060,9296.993685604299
10590,9942.100005413584
10183,9557.656669308111
9888,9268.984248884328
9600,8957.830848403111
9614,9167.761641691402
10675,10296.844108407873
10985,10532.490669669205
10824,10372.247847464074
10794,10447.54144414754
10601,10367.828507754164
9952,9630.965399249537
9605,9260.555367161774
8438,7622.442675768862
8096,7090.264721575128
7754,6590.137908944078
7551,6190.314728833695
7521,6163.820343697954
7964,7147.734795161607
8748,7540.78232685162
9613,8735.288395772395
9662,9266.666176159299
9751,9521.842133469901
9782,9529.575985208745
10376,10210.99600334703
10543,10341.526480509996
10227,10117.464389367407
9749,9410.514542278474
9573,9316.358396862099
9759,9665.08457658924
10637,10607.992477925885
10966,10894.024974545882
10864,10722.941607231207
10748,10575.872467685653
10475,10415.136671466902
10086,10106.538359007049
9608,9399.265284990654
9015,8317.645535889576
8412,7839.067909412526
8134,7605.200272493512
7717,6860.883089720496
7554,6636.7804777875135
7357,6268.697315895267
7713,6687.520407897517
8696,8264.238630243986
9591,9194.688080188655
10088,10000.895662725019
9877,9797.912071806073
9912,9799.495042921686
10032,9907.381459475295
10607,10383.822433650705
10276,9973.71403834305
9727,9330.681065073924
9631,9237.807636881365
9719,9173.597642866345
10667,10223.205425863085
11067,10719.038323759763
10930,10616.06600068885
10867,10624.506025801558
10675,10511.819627792456
10162,10012.053755247878
9598,9392.2320973829
9109,8751.208541905464
8527,7849.279029608221
7944,7041.235318244344
7772,7052.163779770158
7624,7114.30380661548
7573,6925.675272337874
7762,7382.155413627899
8657,8328.692754275951
9550,9054.815418595026
10075,9697.410482403042
9910,9545.64410966176
10060,9477.73989395257
10420,9795.796180472058
10700,10167.4656398419
10275,9658.68225319796
9700,9284.467309237665
9520,9065.587514516972
9750,9202.836075596135
10870,10080.007460187851
11070,10343.920824601893
11100,10202.158830538965
10920,10025.544864248517
10780,10203.538267598762
10136,9581.476163693764
9636,8850.367179686238
9083,8551.436357493778
8460,7849.476977685217
7835,6931.030587444907
7733,6771.502764576861
7384,6804.444116041447
7313,6291.684520178426
7841,7050.164366032449
8592,7886.810441674443
9520,8723.08412105542
10200,9758.196385193849
10210,9878.44314796614
10318,9938.90166306195
10540,9897.390790696118
10870,10120.275829965023
10320,9790.261384005345
10026,9526.07108195934
9701,9167.846122746556
9855,9270.991770424313
10615,9929.041136962116
10890,9827.344571671138
10810,9643.895804718755
10870,9909.111327630237
10540,9485.746447016189
10132,9192.065507905472
9667,8977.556634955554
9219,8411.347213645216
8463,6793.210981413945
8028,6336.282703696218
7691,6184.032653405236
7457,6195.205708023046
7222,5482.4816887964225
7296,5997.99599613029
7395,5953.40500162262
8149,7124.570119004942
8709,8375.836422306093
9030,8804.626678798753
9187,8862.760600202595
9695,9284.256773524625
10392,9807.267678343978
8826,7583.098486898471
8217,7355.668283779978
7787,7333.560559876067
8125,7680.131085618333
9225,8364.13082422401
9734,8215.894469835825
9657,8305.68878275386
9613,8467.622802183954
9592,8727.103313243075
9353,8189.559077034383
8985,8102.581085016045
8407,7373.188199721691
8062,6823.237983663598
7521,6429.865039658207
7266,6323.125163962106
6993,5820.628874015858
6968,5762.362165280297
7452,6278.513653984099
8080,6655.624737924254
8993,7607.959940779937
9484,8683.08190635631
9479,8819.01545980825
9555,8657.402392703061
9905,9354.57125126425
10436,9838.243309750906
10118,9612.612389337994
9367,8567.220514929792
9233,8771.3998110541
9351,9210.008138680756
10616,10404.070363515872
11028,10605.252044580084
10844,10047.661841610989
10748,10228.13920626936
10536,10027.8949091758
10007,9306.93568981535
9605,8781.991461841671
9053,8656.01921892381
8455,7570.438010249331
8079,7137.316789058725
7722,6897.13517319363
7606,6106.854082854446
7447,6594.113978781315
7858,6592.775884193366
8749,7158.994529325604
9780,8389.224591408438
10294,9270.848541850073
10058,9136.079031242236
10093,8908.31777787995
10588,9800.825396191245
10786,10006.557291743356
10272,9552.153603840856
9917,9103.682199347397
9459,8552.020866259922
9438,9032.081091435466
10741,10333.470133980036
10968,10486.491177877506
10916,10501.686731087393
10821,10476.512892820854
10604,10408.622322544586
10040,9925.062640656552
9524,9249.96742219866
9008,8515.05423064874
8481,7809.761071497677
8159,7566.531378498128
7917,7334.970934541692
7633,7162.240265800956
7600,7129.17514551102
8029,7755.545441322109
8871,8578.155063935385
9877,9443.152064443078
10272,10065.372484194857
10003,9744.250735756694
10202,9886.99568129105
10596,10366.99007120137
10999,10873.213533902726
10550,10242.949579488564
10000,9736.931767292166
9670,9554.159420677319
9900,9730.747923883297
10670,10539.132432341084
11025,10921.988170155968
10990,10955.725913451797
10800,10803.014329939628
10650,10663.523854582236
10112,10138.461886615954
9657,9695.128298869284
9300,9354.78892003595
8651,8660.150905981976
8315,8332.852125950532
7828,7861.061364198419
7697,7670.33259984814
7668,7706.467868547579
8069,8101.239885868737
8795,8812.186706491764
9670,9649.8369813569
10270,10219.447346399522
10250,10162.039539909067
10370,10256.636378069763
10830,10705.582354242935
11160,11031.226551697775
10870,10762.574195909438
10090,9992.555308558678
9660,9538.38740130716
9970,9970.659866264368
10740,10743.602496255877
11180,11178.268594386542
11020,11018.64827091913
10880,10882.43823518519
10764,10777.035512462799
10228,10253.269217750272
9687,9723.268621692789
9156,9211.721205437578
8430,8441.396233108611
8240,8261.498839748365
7825,7790.488541322096
7630,7329.926509288341
7501,7198.767911600527
8008,7393.297101553331
8840,8684.815214848708
9734,9268.940116513637
10309,9874.656801305915
10264,10070.853476497401
10418,10231.004825820131
10810,10440.843657651265
11122,10789.39043249323
10600,10393.0976668964
10150,9753.475382980369
9780,9522.852285532363
9940,9664.729736305993
10980,10808.0698603104
11140,10930.094877485677
11090,10913.172289776772
11020,10981.148940873654
10741,10711.990821658386
10233,10252.365316951056
9625,9657.782231791152
9132,9185.573961182565
8543,8275.803092088929
8175,7816.727763340749
7930,7449.194141954126
7695,7254.496778010593
7595,7085.536841064524
8140,7962.941473525547
8960,8936.293995868795
9815,9790.041366015908
10433,10378.311312089485
10200,10125.331878721188
10315,10226.044531571446
10811,10709.164388067486
10986,10849.36120117712
10491,10375.992897054057
10192,10069.104047402274
9857,9840.23271457337
10006,10000.173677141845
10800,10800.662435484523
11225,11222.978580842486
11050,11048.177349654241
10895,10897.959641948055
10741,10751.201601976809
10295,10316.122409193744
9749,9781.467857753338
9341,9389.562615013017
8794,8792.90915147343
8366,8377.337721290101
8043,8067.983372243198
7758,7791.630052197144
7654,7686.367963982571
7789,7820.219550086844
8103,8121.043359159598
8717,8709.89334545434
9142,9113.65625417654
9200,9148.053340612028
9420,9327.296853374217
9910,9774.09844939585
10600,10386.195236182102
9006,8847.18764804914
8542,8459.64271024805
8184,8136.709545517393
8310,8210.77708426923
9332,9296.741443679723
9682,9673.955869260179
9805,9792.257258563759
9769,9755.119967249904
9665,9656.958217698964
9434,9435.119332070217
9038,9046.78696227438
8614,8638.086229549948
8150,8137.123543120397
7726,7722.7395097733115
7390,7399.47901130408
7208,7224.0376347420315
7076,7092.664729508001
7444,7458.101752022018
8180,8180.682288190891
9026,9000.409186560642
9533,9490.416374140084
9618,9554.71582796281
9805,9707.64145160748
10325,10204.66267365611
10521,10401.32793017741
10330,10195.295107772012
9994,9790.765128259452
9718,9654.62786210996
9661,9586.443820404844
10720,10612.181250468075
11385,11304.250337228872
10994,10950.335495872117
10894,10889.439042075403
10738,10741.16034765718
10312,10327.987641444091
9800,9828.083210731405
9214,9259.123727221362
8676,8674.595413559211
8348,8358.211532561447
8091,8113.72763618124
7849,7879.6252691129075
7652,7683.889235370058
7989,8018.856027837595
8870,8883.809119481048
9670,9562.544368476421
10200,10175.21682814169
10184,10141.065412619266
10328,10252.221178908072
10728,10637.434319611468
10989,10880.332476939137
10725,10527.930323716275
10363,10233.56346359443
9917,9758.377216187686
9852,9748.347162238806
10535,10535.920975878245
11229,11158.707759148561
10878,10841.733752053353
10844,10811.478634699886
10483,10493.705869197103
10138,10160.17464081107
9776,9774.612957342422
9350,9296.11618283236
8863,8732.4693165934
8308,8188.339579098947
7948,7843.527844619697
7722,7489.675850187047
7525,7463.590328355879
7702,7704.9154075083625
8043,8035.605852730996
9052,9048.179805887012
10127,10091.504323914669
10200,10117.811322372188
10256,10133.946506839067
10770,10598.628134917326
11238,10831.233711618945
10930,10195.1679854869
10500,10110.068145700145
9975,9089.889300913896
10003,9114.071141481953
10820,9732.71565586546
11380,10254.705953835084
10990,9729.198850927367
10960,9738.705465521805
10675,9291.49066335755
10321,9015.949904831883
9741,9092.530354658516
9359,8352.64191832529
8746,6944.781851361506
8259,6537.247833724147
7948,6103.0320929157415
7794,6604.620895410428
7713,6592.869196600378
8096,7007.955490615486
9016,8044.386552360731
9915,9310.88259354483
10422,9949.027914327831
10348,9985.437552707563
10241,9644.350193479626
10932,10290.577561544585
11074,10327.513831064067
10560,9837.796864408207
10255,9639.872322355783
10073,9841.245103753607
10015,9773.84323484252
10756,10419.872210988346
11480,10969.63982668052
11158,10680.244222576745
10917,10616.13950456465
10706,10616.4705280189
10441,10464.510689892719
9954,9986.990359838794
9416,9468.502009815811
8959,8963.886449018775
8407,8422.977665110298
8088,8084.036858955247
7874,7877.059649943507
7781,7749.185539111177
8065,8027.664868145016
9080,9092.232019400879
9580,9560.42298359946
10390,10337.978832405768
10460,10373.797591403712
10590,10471.90071927497
11010,10540.006664844599
11350,10817.111240821385
10819,10305.941235035583
10509,9965.703144223367
9993,9527.330032768166
10134,9828.505052192611
11100,10730.149710005417
11635,11396.654804770262
11489,11387.375638129888
11341,11345.71477962396
10942,10955.810829747814
10500,10525.025237048005
9865,9901.310343700243
9280,9333.598785789807
8813,8818.316735966986
8282,8299.078108685208
8231,8259.567934008892
7985,8019.236954811675
7825,7859.776791410317
8258,8286.748877042353
9163,9074.044130002809
9608,9490.479603651533
10584,10505.09141947555
10499,10380.571552876985
10740,10616.474808091461
11248,10968.805641054274
11420,10737.161511038474
10945,10480.058757201814
10700,10143.945284769561
10200,9857.726379592827
10170,9827.659182176687
11000,10731.973918721427
11620,11278.928034874247
11550,11209.18618573649
11315,11183.32978528537
10920,10865.706257861713
10550,10577.06584478902
10093,10130.948935463995
9524,9509.702477630195
8879,8717.076920812044
8483,8022.190498454521
8186,7567.83220892309
7952,7273.885101094258
7903,6985.3039109815145
8155,7608.262697467453
8447,7719.155030020604
9278,8674.38271412635
9392,9080.557270195983
9264,8847.623482077168
9402,8614.203366053609
9860,9090.725280906892
10423,9894.547780220644
8865,8123.625613460998
8401,7978.501109565492
8157,7611.881645793873
8223,7678.020846059602
8827,8254.033376011124
9910,8984.676088995833
9857,9368.684377775207
9810,9186.93468382628
9736,9083.564926484025
9384,9147.903788878817
8853,8456.827950117387
8578,7890.304986342231
7999,6323.310052706571
7546,5607.539476367871
7253,5837.171686443813
7018,5880.499884534847
6901,5081.357680588416
7281,7298.323703992359
8313,8310.249497470802
9079,9030.211073904502
9373,9282.567862898904
9652,8940.404958995841
9845,8085.902307174951
10143,9016.228027556888
10535,9184.71696109577
10085,9065.213345258806
9760,9158.399894429218
9555,8526.08615353853
9509,8719.458548493463
10386,9721.525558741312
11275,10074.786060428212
11085,9952.241745657531
10867,10181.735648952666
10762,10358.209326056454
10175,9684.323125026533
9669,9188.45616452646
9125,8526.155343157357
8495,7543.407196155839
8179,6896.806221245788
7768,6365.249161985746
7502,6006.030568996822
7519,6123.993576821813
7901,7215.269412145662
8975,8339.930147727135
9920,9307.102412020095
10400,10118.393464173836
10330,10016.429452613354
10420,10048.964623850607
10810,10633.195066351422
11080,10874.04559686314
10656,10168.387465831936
10148,9666.0692252539
9785,9553.756335250884
9821,9618.957850115721
10650,10418.060648995197
11374,11135.34435262003
11076,10836.546942962537
10966,10865.896084698641
10695,10572.593653207652
10310,10234.46162836675
9684,9688.123541167777
9268,9119.343765639267
8533,8274.953446389967
8180,7727.059353756733
7906,7365.6960173749485
7755,6878.335069548961
7537,7035.88783263507
7989,7719.744951319364
8995,8773.653350855238
9880,9649.388315594475
10385,10147.564978227645
10295,10127.088582932825
10340,9943.807649276016
10770,10358.203978596319
11060,10756.53655319109
10760,10303.66750976828
10370,10025.736488043307
10005,9533.572841544039
10000,9591.596585140018
10830,10322.759560530223
11420,10841.147616490856
11130,10687.677297311799
10900,10702.689822438226
10737,10753.512442542793
10382,10409.023291821446
9733,9771.680765013789
9399,9456.121702768665
8755,8764.797643929778
8263,8250.070555887984
7875,7808.308535261291
7724,7767.626686956521
7719,7657.923141233214
8072,8106.160697740225
9045,9059.819664916167
10020,10000.402352489169
10265,10151.132950013645
10352,10275.847712123623
10547,10432.675071897786
11060,10928.454115125489
11380,11245.3309242769
11000,10885.762698297078
10480,10414.45212812065
10210,10149.093110309721
10170,10035.268700272085
10870,10774.97720869986
11650,11617.604089558798
11300,11302.872576173255
11150,11156.989413409017
10936,10951.965485652916
10442,10469.859552573089
9876,9915.911104052993
9392,9449.830959435136
8823,8833.087036555291
8221,8243.765092589918
7978,8014.232470935224
7827,7868.798189275713
7813,7853.357662324379
8031,8065.9291219870765
9080,9094.940955478947
10030,10013.041934441553
10550,10512.40476259671
10330,10256.56114447236
10620,10490.616515957649
11010,10860.716086990922
11440,11291.866889576548
10965,10808.897947173908
10825,10744.536892648754
10405,10368.06079494229
10266,10194.023789489194
11138,11102.941630435407
11870,11829.27118265579
11620,11612.63530537838
11470,11467.569841651959
11305,11314.481280442636
10701,10722.956225433656
10281,10315.129452569836
9665,9717.662848319473
9087,9093.335767563289
8771,8786.797628994918
8498,8525.784562697187
8242,8277.720025212018
8223,8259.132699260565
8520,8550.61600576866
9343,9358.334333057224
10128,10112.582182524755
10710,10666.098371962613
10825,10745.098232495562
11035,10914.931836736267
11443,11295.030201623667
11750,11614.082099546516
11370,11245.717566743278
11005,10900.166333057745
10750,10539.433017568312
10690,10479.55707356806
11330,11059.365824928122
12070,11864.099243473105
11660,11421.142851512097
11520,11286.109582272004
11350,10820.642494878237
10920,10605.158705780932
10500,10262.55769921541
9994,9706.315065582472
9275,9281.157024380609
8797,8711.549179497137
8695,8552.997228835076
8540,8575.524464566979
8391,8392.195894184175
8246,8282.51445592736
8730,8719.756131748276
9367,9341.355997318973
9423,9353.345700745747
9290,9182.140193547966
9537,9403.486567486376
10203,10053.436429980935
10606,10386.084427220148
9145,8784.273435100486
8786,8503.822653520678
8676,8402.829542807962
8698,8595.820401920408
9150,9155.781332900217
9865,9864.358867731244
9666,9661.352522869502
9569,9565.462215123935
9217,9222.230170179333
8919,8931.832272667814
8574,8593.785171238234
8145,8179.922177857932
7532,7533.417724597951
7148,7155.712479013777
6988,7003.693573875326
6952,6868.252592095561
6920,6836.460760931663
6935,6952.667033817272
7278,7282.885319160437
8107,8065.102726516316
8292,8207.338398058746
8235,8115.695927219026
8547,8394.197327432128
9054,8851.630106504548
9611,9419.76219295005
9573,9303.614204077589
8986,8720.849325219404
8592,8372.799619653775
8748,8561.481176001465
9780,9425.722530672065
10317,10059.506302041653
10170,9946.332881443268
10077,9892.10734316998
10074,9931.800192172173
9730,9733.873657146652
9287,9301.437884667002
8759,8791.685867896453
8315,8300.037366740085
7998,7991.870372260713
7695,7701.496625062755
7514,7527.827743388269
7474,7489.889815507771
7914,7928.553466365121
8940,8933.40882689034
9728,9677.227311326675
10304,10225.51160517664
10274,10165.454284391042
10370,10223.901749161489
10875,10714.274055840622
11295,11103.82871918697
10760,10220.223197397227
10620,10267.607612740658
10397,10049.758557405947
10257,10245.687833005222
10764,10627.668460631707
11739,11734.012897041888
11279,11275.479389745267
11190,11191.173667001756
11046,11057.878621055483
10556,10581.110424493978
10076,10114.490265060762
9527,9583.166785268226
9029,9042.97878531706
8529,8554.757211488532
8352,8253.527236715589
8101,8043.666669798029
8061,8104.922476571693
8509,8546.983741737786
9565,9275.256989155872
10640,10582.024265994929
10770,10441.85095952137
10772,10645.722023583327
10810,10614.64071877854
11380,11175.761177512431
11380,11214.05777365384
11214,10927.46113134292
11051,10573.146642755532
10744,10476.358561333338
10727,10592.515570518419
11178,11121.419802040897
12170,12007.40458426834
11940,11776.23895382844
11840,11714.073036007663
11530,11552.137282342359
11010,11043.958150344935
10422,10469.138560322466
9831,9896.121914808467
9259,9277.311874045132
8854,8882.20915189962
8586,8626.79274576364
8484,8530.366849240581
8356,8401.24126374013
8636,8675.682285471621
9680,9664.130025572184
10739,10680.4586807405
11008,10950.995390483917
11008,10919.809067799182
11160,11046.022744729176
11623,11501.783010350931
11965,11845.886821694023
11616,11515.261206458023
11275,10969.085584637472
10992,10892.857683609487
10771,10707.420713145963
11660,11637.381414423346
12210,12080.526884583971
12090,12028.247452547175
11760,11771.956914709825
11590,11545.380740136692
11325,11359.075808473928
10740,10786.566207918228
10303,10366.3580056922
9664,9679.422872447292
9049,9076.587684327233
8857,8895.96492202142
8619,8665.276842089474
8579,8352.535273276557
8765,8431.807127403288
9970,9786.36686833621
10890,10495.610890942864
10885,10697.529210104913
10870,10698.91031067659
11130,11035.201611216238
11190,11081.9733854277
11658,11481.390062536364
11311,11159.677971299934
11121,10987.477436175317
10858,10766.821083618237
10825,10830.55270878167
11303,11315.276331032845
12312,12316.427152252734
12068,12071.848163804661
11908,11917.692374847533
11714,11733.525495783906
11170,11202.925628889945
10809,10849.884865491942
10185,10243.660862068175
9694,9705.862971972907
9105,9126.423743408304
8753,8788.040786572377
8533,8574.647588616654
8520,8459.239699535663
8844,8673.344065014917
9680,9627.622238477226
10657,10460.066883452775
10965,10766.702791926204
11020,10827.831947322578
11050,10957.091030026997
11590,11489.016704438855
11860,11781.693531951265
11460,11385.667843441253
11155,11040.989047084979
11035,10810.844082402306
10860,10761.118437858593
11520,11358.0160122882
12315,12282.807030093718
11935,11936.785815045838
11725,11732.015838438972
11496,11513.081611341851
11085,11112.035185821485
10142,10121.136343559647
9727,9727.216038968854
9317,8987.198109333487
8989,8842.556111786016
8641,8367.799189422183
8634,8192.683825366574
8684,8483.915147570915
9142,8862.706577194796
9550,9503.6371287439
9625,9571.915866332442
9540,9459.187037706715
9740,9639.128330888694
10191,10078.255963527798
10645,10524.453543693897
9565,9090.453342883118
9055,8826.509356913444
8857,8494.445550076358
8781,8687.96168729585
9429,9342.05113240141
10578,10470.648228519134
10445,10333.477144592918
10423,10345.755867479878
10422,10417.268294324153
10207,10208.077630214506
9808,9820.052516126165
9586,9609.723330092958
9065,9053.249048267366
8574,8573.87943366254
8278,8256.570659605566
8083,7896.744034235325
8120,8001.394659069809
8344,8359.923906121378
9153,9153.248355528674
9785,9751.628991120668
9680,9622.206719951699
9550,9474.803431277067
10000,9898.962438237368
10600,10415.231409598091
11040,10724.053844080387
10551,10325.807462285418
10291,10147.415469274507
10002,9687.956945543612
9838,9272.646196814756
9983,9556.700222977652
9200,9019.17116536398
9269,9157.833944590704
9654,9606.742813233679
10297,10280.219493693045
10316,10335.489590585532
10071,10095.074827189397
9813,9850.700650780283
9353,9307.321098086957
9066,8995.089654402776
8731,8400.340045747098
8503,8009.047140535187
8391,7693.968877895778
8682,7674.41693012971
9765,9043.888980556421
10356,10089.46628085079
10257,10183.906429601497
10058,10007.507703873662
9920,9858.851652043453
10257,10067.876339302655
10665,10400.327831403069
9963,8939.695483153107
10280,9789.236752594721
10290,9660.54159430576
10330,9909.860607483284
10945,10378.544827056736
11910,10998.572032309508
11810,10928.202774502712
11630,10815.57278270099
11307,10842.625736350457
11026,10537.370713698667
10377,9932.20148940991
9990,9833.479716208125
9394,8819.70158589664
8821,8224.964593298415
8609,7854.152763119788
8405,7554.906279121645
8336,7758.706301783983
8623,8107.872569457588
9634,9202.070022343472
10340,9732.185628159468
10730,10421.161729083626
10640,10466.822845470166
10900,10086.742970574778
11450,10690.846555877
11600,11024.654520010852
11456,10920.885758692233
11210,10650.939826908118
10984,10607.892935630163
10880,10577.78598247706
11360,10900.462870728206
12280,11643.27175461565
12120,11481.254638919188
11945,11107.950421565249
11550,10825.182720649444
11160,11163.740695831119
10665,10709.52285348972
10135,9890.803787431012
9585,9089.804787864532
9150,8186.717082281475
8850,7729.768199114393
8650,7571.226030138241
8510,7806.912434115662
8960,7942.877675272517
9970,8898.655188415854
10485,9472.969151501282
10870,10429.562904633382
10830,10706.295005540174
10992,10744.555801451323
11430,11276.220401543029
11770,11520.630665982493
11450,11115.34935806675
11455,10747.139163917118
11080,10034.385143423642
11060,9938.25165863666
11725,10304.497511836755
12658,11198.270545791846
12328,11000.417565404416
12187,11376.537961515618
11822,10308.45196155816
11250,9818.735459790161
10752,8788.297293100222
10378,9281.32976468963
9772,8491.32506293375
9316,8658.596172138265
8859,8284.166394309343
8729,8093.520707138738
8547,7979.0468076772195
8832,8293.139094782146
9800,9344.963877575108
10550,10322.29538016348
10763,10323.12283089754
10742,10449.675751003073
11051,10456.319083019323
11427,10242.230392688583
11850,10981.919128112077
11528,10733.313914424696
11295,9781.656519124135
10985,9548.391015877822
11000,9972.489271218581
11580,10702.13052778316
12500,11754.481264537033
12330,11749.775464195218
12165,11523.827705003354
11975,11821.055001338336
11551,11273.302454328797
10804,10366.348241796202
10213,9964.717256292906
9614,9114.432980570415
9235,8472.917270212067
8807,7853.261348907085
8544,8177.9762388058625
8431,7860.932395244254
8969,8358.12482983124
10050,9553.942251152506
10650,10144.370335783558
10870,10497.04133938373
10850,10414.495757681228
10970,10555.199978017768
11570,11451.49014307977
11760,11636.252579481685
11410,11104.640027279682
11400,11017.825434484366
11080,10772.952722099342
10790,10316.313520404019
11690,11662.901293051222
12460,12425.540670271546
12130,12129.390037995403
11940,11945.661459684747
11710,11724.533233407099
11319,11346.63515806598
10968,11005.040735052662
10332,10386.424659623419
9857,9830.645989240475
9425,9101.902811867383
9101,8860.00836300946
8831,8258.320818261845
8727,8050.905250595007
8926,8380.274896280776
9548,9296.25290346998
9930,9915.58226023237
10017,9841.12487719062
10110,10007.467176412825
10300,10135.95530935319
10890,10309.523078536056
11470,10923.063175879182
10350,9930.21753802615
10050,9489.195375382542
9900,9442.009472842099
9675,9375.341093663978
10355,10026.032622707227
11350,11008.585630850801
11270,11059.760060971104
11160,11155.120613390558
11065,11067.901077204726
10815,10825.080826147423
10299,10216.09138157916
9898,9694.25676596066
9469,9329.056164379668
9053,8922.848063645379
8878,8861.142698493002
8547,8436.06585629888
8392,8384.419236304373
8839,8860.826835511525
9825,9827.442715229801
10405,10371.18838424773
10348,10279.072305760928
10337,10244.596680978028
10634,10484.936196811432
11341,11069.49102045383
12025,11759.906812659836
11913,11594.775516262827
11929,11778.44102899851
11726,11481.5677168585
11482,11376.482418285632
12056,12025.286405991996
13454,13446.92387303283
13258,13249.109284517064
13062,13060.027033117502
12744,12753.870290267063
12649,12670.877406344709
12098,12131.40072773579
11457,11510.417193880101
10769,10777.836570186144
10495,10514.154446640357
10897,10924.181673808893
10919,10950.67414845731
10070,10108.949761032532
9388,9436.336291569896
9370,9412.447713373567
9978,9948.107232318174
10736,10697.22036458809
11250,11176.734533370938
11894,11792.5212934222
12459,12340.19792582517
12617,12497.96883275388
12529,12422.445815710984
12280,12210.707780922825
12270,12232.526150122832
12250,12248.99303796685
12180,12199.652900663386
12850,12865.363102693906
12555,12570.068373886155
12780,12795.668088223043
12695,12714.448816214794
12569,12595.32348274783
11910,11948.60519387812
11292,11350.594407394492
11023,11038.199634687639
10636,10653.236251587847
10931,10952.29713799957
11314,11338.764011846562
10355,10394.057752159646
9611,9669.627446873303
9925,9975.479571500804
10380,10387.57205137055
11101,11073.651020139885
11750,11671.6533238382
11936,11833.899716136577
12349,12234.912232253566
12746,12537.079635631038
12521,12315.378970469807
12241,12103.420124019318
12149,11499.551970879773
12213,12182.40067785918
12233,12259.968948313272
12887,12910.172843448532
12667,12688.46338223846
12651,12674.357770214872
12533,12561.928341596496
12398,12436.738330907709
11964,12012.664154761696
11468,11531.343493995002
10965,10980.832208106382
10503,10524.407298919226
10704,10727.714137302377
11354,11379.3137482015
10163,10203.858308463658
9305,9363.991293073603
9568,9617.844692084596
10256,10256.948220621536
10992,10944.279708862876
11508,11418.900101937881
11746,11632.17950559783
12028,11904.390392549834
12418,12053.10354888178
12452,12095.928527881104
12371,12015.653585664979
12250,11894.488835672466
12336,12294.81486433437
11986,11937.739847921022
12565,12551.444929353924
12518,12501.305740630538
12360,12277.21244560918
12315,12137.372899572485
12146,11737.965373344801
11661,11433.102102675562
11138,10995.321323185733
10636,10513.467842038272
10297,10315.6554871476
10601,10617.947193329008
11059,11080.643503585445
9950,9988.170957377317
9171,9226.726680731092
9433,9476.683131207166
10064,10053.806104226232
10823,10756.730424967574
11236,11128.550354492683
11306,11172.761637708136
11689,11542.005163996062
11656,11103.206530328493
11776,11477.060888198634
11647,10905.500829500394
11900,11437.312176953666
12099,11576.108524542407
11737,11512.064196284224
12391,12402.913529545516
12434,12442.352042363633
12292,12302.217178244402
12299,12315.256689709779
12178,12202.157614474552
11625,11659.741650429693
11064,11117.756235556964
10549,10553.79292808981
10250,10258.571201880795
10448,10457.542307273041
11152,11164.385331588015
9916,9944.400774600883
9120,9167.294993045636
9376,9410.722543029888
10147,10131.068176433826
10810,10740.279403261007
11111,11002.922744465981
11325,11189.095510533425
11515,11304.09830219423
11940,11627.60163552875
12105,11879.04562289599
11885,11788.24326720949
11985,11724.163532569433
12054,11973.421205068618
11686,11629.954085333835
12245,12256.18453360148
12224,12233.833513116148
12168,12178.003667210713
12026,12043.138979364216
11894,11919.037221289913
11535,11569.020544391304
11038,11088.848570971248
10554,10556.041245427794
10117,10125.172478632803
10234,10242.230232197666
10934,10809.613695816686
9720,9645.039739670012
8860,8872.367667236233
8665,8701.973292895444
8897,8888.433854520541
9284,9231.302884121065
9716,9618.508434021092
9950,9825.202789780278
10514,10372.833771582329
10878,10702.520063796876
9741,9317.878872242294
9926,9236.351075998631
10136,9581.237640275234
10639,10422.5008644255
10696,10666.428219633937
10810,10814.054850392637
10970,10970.30356525713
10884,10883.397345989164
10968,10971.234795295371
10930,10936.86865286971
10509,10523.413721095529
9990,10019.924492761962
9424,9419.837779854868
9087,9087.48651801009
9397,9393.845304903985
10082,10080.204825034569
9083,9097.483314714755
8359,8393.179712524323
8540,8566.522327021916
9236,9214.976380671578
9959,9890.256757311749
10260,10268.9064696644
10743,10604.775831556155
11075,10888.498374718663
11484,11243.768418086343
11734,11343.12668479046
11677,11105.222188634802
11541,11077.887152930876
11886,11731.358932067438
11849,11854.486237318924
12293,12297.836179288777
12267,12271.859222538176
12280,12285.945483833872
12270,12282.226950944983
11735,11760.03503719575
11461,11497.390743592347
10963,11017.552891329973
10588,10593.7795117851
10162,10173.913580665914
10468,10480.375805066542
11129,11143.913574379603
10103,10132.388876953626
9195,9245.115294170751
9473,9512.79659217044
10097,10093.545288530458
10891,10839.04564789986
11449,11365.655303083167
11851,11730.342906827922
12219,12053.413739435884
12528,12050.98537234959
12659,12096.393697893462
12593,12044.07098507503
12441,12026.33323869166
12535,12256.558471311393
12099,12117.43703065308
12604,12520.354236700554
12763,12777.978934971803
12758,12772.064724627027
12738,12761.801336517869
12575,12606.289295791674
12141,11945.365088179838
11660,11548.134948994582
11057,10939.545694585877
10610,10294.528427744193
10807,10117.480020980081
11396,10709.879348508617
10128,9356.697930990365
9467,8509.707759271543
9858,8785.344484580326
10462,9683.567285147832
11201,10614.1257432924
11604,10771.011569783004
11950,10269.717365166003
12381,11232.986127947743
12747,12112.94689120722
13047,12869.52786097597
12909,12761.247855884776
12696,12214.580984417884
12881,12574.501776471465
12585,12269.110928892398
13034,12853.221108158254
13138,12988.781743127722
13088,12972.497921930133
13102,13027.866009934749
12830,12765.213928872508
12377,12151.55681507427
11859,11141.1757558655
11303,10026.401873515515
10864,9253.60471951065
11070,10277.643955489983
11521,11110.2072342551
10653,10664.434796614052
9717,9780.268670813773
9964,9985.955749496814
10415,10427.965735773225
11039,11012.472083491426
11680,11621.894846232717
11945,11549.01965895103
12140,11631.23644005305
12700,12017.947281446062
12960,12142.939389727868
12970,12087.870922405196
12830,12255.794240336469
12890,12415.69367098953
12600,12250.325784567893
13216,13239.195225223186
13245,13264.064519803924
13229,13247.181676513665
13283,13307.710093763644
13079,13111.41954353303
12621,12663.452207496728
12120,12183.333328735407
11650,11665.372883212221
11291,11242.539895247519
11348,11234.454807009955
11747,11706.102258375002
10711,10754.726516364499
9836,9897.945910873252
9863,9918.47763013122
10590,10603.132804863963
11370,11338.477127743685
11963,11893.350102038927
12106,12014.993116676029
12609,12435.222582120728
12950,12566.328551443517
13135,12732.42310570092
13090,12683.419425643597
13020,12854.70223845584
13018,12955.640139764531
13064,13086.501604154255
13507,13527.721570679729
13594,13611.1307593335
13440,13458.342157513887
13628,13650.662151311742
13401,13431.540789572837
12833,12875.183306261652
12391,12449.17942381034
11930,11700.287141680878
11634,11649.577277137567
11810,11826.910725208536
12033,12057.883010690664
11133,11003.05342034256
10221,10010.51653796753
10498,10074.849385921836
11055,10803.76754557791
11659,11372.074761596403
12195,11723.106065614364
12445,12244.198920053459
12935,12344.173710321962
13420,12656.438742280941
13480,12485.751294582427
13635,12646.568841294651
13570,12655.312715688839
13650,12528.686656152779
13659,12623.250312050706
13841,13078.232825420055
14156,13357.539172622386
14332,13359.468258372552
14420,13418.56986713322
14021,13166.570264690892
13684,12601.643586964992
13395,12771.15576529703
12823,12526.117376284554
12501,11358.096153474864
12680,11575.863453200172
12605,11783.067098495434
11709,10598.295769389186
11066,10618.110566908834
10671,10222.072457030388
10875,10679.246399312213
11210,11150.68659827162
11285,11094.634898923265
11585,11531.916178409416
12270,11954.593260209322
12770,12363.44687335533
12097,11954.0785395008
12228,12110.149903665751
12523,12227.741969492596
12627,12604.04139334323
12730,12623.656056469466
13642,13288.866493863761
13658,13160.685833969772
13739,13204.1941597834
13902,13338.09026333402
13897,13235.103729597144
13633,13316.772180804457
13178,13047.554776604204
12505,12239.226832097902
12372,12143.193679768998
12433,12379.682271223512
12794,12746.53322831512
11873,11906.863536626597
11195,11249.755324466141
11222,11239.598560487217
11634,11660.846259250357
11779,11780.320154197481
11972,11961.044443109226
12243,12208.19394476914
12738,12657.568437475813
13295,12940.069484395026
13870,13582.227754769243
13910,13685.959501842539
13870,13613.353870130275
13910,13622.429826993059
14080,13982.904129511206
15120,14812.542744582828
14980,14701.654639811255
15023,14744.527037591855
15375,15339.518592157016
15210,15249.432640601583
14835,14881.924354534949
13675,13656.630486024813
13246,13275.114557659548
13277,13039.040363430136
13481,13238.350081547047
12467,12204.669030619005
11907,11973.736158327963
11817,11883.549401191583
12275,12281.281514262853
12840,12845.707044672152
13265,13223.556766311103
13280,13221.40714238413
13700,13621.732035065019
14424,14143.189999670518
14680,14131.428234940005
14305,14005.50476113045
14330,13890.817961997067
14435,14263.509391562142
14400,14286.70822537115
15035,14845.509569034599
14740,14584.252732197336
14350,14298.79299048593
14571,14617.902558252576
14509,14489.877782105843
14075,14129.546851522155
14405,14477.020425883722
13480,13512.14145822589
13050,13091.11437943198
13270,13313.329706097345
13280,13331.592474612851
12420,12482.358960458465
11723,11766.359493160751
11721,11790.554319585597
12088,12119.23763752776
12630,12642.206746535509
13270,13243.752586567538
13355,13241.266685867675
13485,12986.013889102262
13775,13213.575347510334
14130,13500.919249887349
13490,12828.299409513858
13270,12966.78221385047
13340,13343.016200735161
13423,13474.501531359705
14272,14318.782624072817
14236,14281.154998638749
13991,14036.009915430393
14492,14536.738396060198
14228,13903.091932353822
14304,13875.715556049876
13980,13571.558331965483
13410,12851.276483981648
12940,12966.065095865515
13225,13222.260387005692
12869,12734.768069551417
12120,12003.090096590233
11366,11333.135961148168
11409,11231.48926968188
11962,11743.363202868568
12450,12319.534504572395
12900,12658.98855231892
12835,12671.661511893033
13370,12993.489875164802
13405,12788.595511643558
13645,12976.7957698221
13785,13184.426850227026
13925,13462.045607779379
13775,13556.853201928772
13841,13644.451836540615
14390,14260.380438528431
14411,14279.892125988637
14400,14367.790916921822
14568,14607.420006367243
14320,14361.981583925914
13862,13911.554343644908
13555,13624.611087397374
13041,13169.123550329627
12760,12783.39581908026
12870,12695.480514657413
12881,12814.187100046202
11978,11926.646343411514
11151,11220.415724159982
11161,11218.693421635682
11756,11764.964521186472
12394,12354.253216151024
12950,12873.853244397236
13140,13037.155609462774
13440,13331.2138215553
13785,13400.806603512623
14000,13490.271281336747
14100,13666.502276873154
14170,13603.317978717634
14200,14008.725448312132
14300,14234.776812467378
14730,14763.529343897459
14750,14781.819018730854
14720,14749.56610223517
14580,14548.490732125854
14590,14636.829718232068
14360,14412.70172637425
14130,14197.17651390529
13645,13660.506658233324
13290,13311.287564187998
13420,13449.549822646197
13530,13564.637715904555
12640,12689.746705160567
11929,11997.10831520713
11972,12030.8070789642
12461,12491.997968718404
12761,12758.839320708354
13170,13148.79968607763
13275,13238.948487249567
13505,13169.379472662351
13740,13374.419246263486
13700,13468.770472195694
13385,13069.913781713789
13300,13184.221900166744
13400,13440.681659229516
13422,13469.593504940462
13495,13543.206613870678
13599,13643.430211069652
13565,13609.169971197873
13807,13850.622510998659
13639,13686.124047518668
13394,13410.93027466461
13130,13193.857337247278
12575,12554.344240425873
12275,12257.727862663198
12425,12410.870798453041
12535,12561.196908940514
11445,11485.654428618724
10755,10812.869707698035
10505,10559.563833111657
10525,10560.51412003635
10846,10858.913852200934
10988,10960.859068987924
11065,11040.656223186463
11539,11510.461640055302
12088,11665.611710305777
10684,10127.32190460263
10943,9852.969012468413
10768,9526.02945826243
11055,9686.326293589727
11365,9832.549525549486
11711,10275.317646344758
11619,10486.228546844335
11716,10372.688963563798
11948,10196.35657080872
12002,10181.223684710818
11837,10052.031458221027
11526,9923.07415933321
11004,9090.73250579638
10603,9001.688913103339
10874,9579.99138387791
11151,9963.398938676708
10161,9702.003774316896
9361,9364.182655032093
9559,9592.636580770608
10216,10218.963139211784
10735,10726.174192825507
10654,10521.118206543866
10746,10638.108637087582
11020,10838.032018149106
11300,10473.104693829739
11563,10285.198758407882
11345,9226.428965023342
11448,9388.783811092539
11693,10366.528771342539
12009,11280.570212402818
12334,11743.181642349113
12451,11685.91580392453
12491,11689.447372852766
12568,11838.609437907035
12483,12440.14326779673
11881,11710.22280285955
11621,11669.517284768244
11111,11109.665234285849
10765,10700.522720353581
10929,10698.258314047547
11223,10759.063732793522
10116,9772.716801806335
9314,9125.464906733603
9476,9441.971739726008
9955,9954.807345324927
10755,10714.170291546412
11502,11416.475349765737
11754,11646.417771108447
12300,12142.077665629824
12498,12394.26631594329
12665,11647.072154648662
12578,12173.15707327245
12471,11861.761784391672
12519,12242.071031626227
12685,12497.880580433848
12872,12685.870495871768
12859,12807.789859153734
12922,12938.056731287852
12962,12915.30792321149
12844,12635.374044296921
12616,12413.189207277435
12047,11792.593152890033
11456,10922.772736328545
10990,10328.137626787626
11363,10771.301737943806
11355,10534.319347740173
10334,9872.474371114255
9454,8911.564843655215
9615,8886.200253773559
10244,9738.167600679772
11174,10681.308613860678
11572,10833.461796431237
11798,11065.36252923144
12345,11907.37637496361
12731,12225.121694495509
13015,12250.466394691588
13013,12041.569949371085
12836,11736.77732103343
12907,12290.474283250089
13094,12671.993880412352
13127,12879.30398449667
13340,13157.321276198174
13128,12640.748345001008
13178,12764.560312183095
13076,13007.74614359668
12741,12749.525310930949
12305,11921.463032742819
11831,11025.228010320103
11393,10148.981990799675
11754,10786.791260945505
11745,11127.088841079494
10496,9899.983770232322
9802,9327.583262374128
10066,9711.142525147381
10826,10551.717069616907
11375,11123.09696126673
11940,11541.570479251284
12251,11721.18021563517
12734,12398.426787201282
13048,11997.089095382104
13253,12180.137930939014
13302,11853.170490241802
13205,12379.904279063612
13261,13018.30435976731
13438,13424.764399568692
13727,13747.50712022014
13867,13887.444917289802
13300,13337.602059897567
13627,13657.21276977743
13649,13683.006760259508
13018,13028.664914163384
13013,13071.186451757667
12344,12354.137498664455
11851,11868.288704720573
12091,12112.906693552177
12098,12131.511921621854
10888,10944.9208470831
10220,10293.582745890872
10234,10291.26327005036
10398,10412.859151985158
10987,10957.968226154248
11537,11468.558435653847
11926,11828.656683079284
12360,11845.83624972451
12847,12289.570104116718
13169,12184.844018981083
13144,12292.180862653515
13143,12837.588932287905
13283,13080.142521344078
13410,13159.661798549107
13943,13792.181260884601
14126,14043.946246909816
14003,13987.40358672951
14278,14299.264478403966
14091,14120.518036966187
13752,13787.152965461912
13489,13539.42158730769
12901,12905.124667130598
12478,12487.789600169463
12643,12659.780547429
12553,12582.69843101406
11545,11592.160358403497
10622,10689.566580991363
10834,10892.965848639731
11278,11298.15224863157
12040,12017.753777543578
12762,12703.430744274357
13318,13127.175813274083
13943,13637.070078399089
14296,14090.786061808947
14483,14119.80009783387
14384,14269.895814026968
14225,14105.543098818149
14109,13989.76049236882
14049,13780.91490793141
14851,14817.01258359192
14791,14822.824967367858
14851,14881.22136253514
14876,14911.612889245233
14806,14848.54793940808
14627,14674.646855645962
14292,14354.205500735517
13787,13805.582800193908
13274,13300.103568802475
13421,13454.33365997382
12944,12989.154744301231
12122,12186.987797587073
11148,11232.030002937576
11117,11190.82588595892
11241,11278.51475468112
11581,11574.491110068611
11890,11841.669247110618
12318,12239.164700135987
12878,12547.447125716702
13303,12728.920238150156
12863,12166.767030123476
13390,12621.400288281997
13390,12620.813016826847
13427,13379.063056651745
13795,13828.993844277851
14436,14465.088323551277
14792,14813.75312275445
14749,14666.80512366226
14989,14602.778598556673
14744,14429.715249076737
14660,14250.047783350888
14576,14041.715579197304
13996,13563.112208451363
13561,13102.538480832012
13693,13174.66578873149
13492,13530.320730314015
12785,12806.461228207494
11676,11446.902673580804
11404,11474.968747696734
11293,11298.186405720047
11569,11567.095716284715
11851,11647.581345180592
11991,11788.79294350687
12201,11783.532901375456
12535,12151.667897777643
13080,12667.072221977374
13270,12818.531656969088
13070,12622.91047285595
13150,12807.476294006048
13530,13308.46631868057
14330,14203.553170030804
14315,14319.994819124986
14164,14201.846709868878
14350,14391.391092311427
14210,14220.001984179642
14148,13853.092164634429
13968,13751.846074013343
13500,13266.838098091568
13082,12955.021609952328
13365,13209.822566169463
12992,12983.207307347408
12186,12126.917376736517
11161,11158.535613920798
10835,10766.459714708893
10734,10707.686330758173
10929,10937.397776991915
10854,10843.25059343582
11109,10947.656801255835
11428,11186.033394520295
11974,11620.132598897842
12403,12015.145764287518
12398,12036.924048243505
12273,12147.414620622669
12302,12129.500153951376
12682,12656.764689936432
13041,13079.518032820339
12838,12875.667394118274
12670,12707.03098270524
12628,12669.707733039992
12710,12751.625851946577
12715,12755.493241180302
12670,12719.872523844104
12405,12405.247725008106
12066,12067.664911249507
11665,11679.34018896837
11279,11304.866519444138
11159,11195.349548684368
11030,11075.684985405089
11359,11395.1464443978
10839,10855.625640448561
9783,9803.54472052644
9702,9703.719262039202
9976,9957.031013459546
10274,10232.867330669109
10556,10237.441165165254
10763,10456.16667248717
10662,10308.149503249962
10421,10128.83948967811
10119,9986.958907261342
9752,9672.136851503
11796,11801.145162150306
12050,12076.008124606737
11990,12014.808596091763
12231,12256.835935138195
12300,12325.124778739384
12422,12444.890305067813
12342,12371.067013131977
11850,11823.89800683309
11440,11423.529938762815
11113,11075.405581610425
10564,10571.110132202026
10474,10485.03112249765
10060,10076.969523055974
10037,10051.908412704972
10430,10430.190644610622
10356,10342.63573030377
10236,10203.767843767868
10280,10126.512762802395
10573,10383.301772331259
11165,10864.204216284823
11550,11119.295559139495
11469,11018.946911617868
11168,10756.298339205903
10732,10560.416102544128
10380,10389.848659080424
11847,11878.28390606493
12564,12581.420196092768
12576,12587.840131179368
12453,12470.242794801106
12713,12730.22026364649
12634,12651.539844649235
12641,12668.100514919108
12204,12179.122519216184
11840,11825.14965747757
11630,11629.4898102979
11336,11343.72515998984
11126,11141.748848237581
10803,10829.978836705603
10635,10652.542518782637
10624,10625.00961431417
10594,10584.081731645583
10503,10447.365748189588
10470,10403.374535774266
10921,10730.39593993231
11418,10845.751009352243
11752,11252.50560661258
11623,11168.27451973624
11323,11041.34239194978
11032,10927.163367209538
10640,10689.435922067802
12603,12632.969458970978
12903,12920.099605004521
12874,12890.649065249112
12886,12905.342744422353
12949,12970.629031658451
12931,12952.81179081895
12779,12814.360550705369
12466,12447.452376921925
12105,12094.012704801366
11795,11795.65393925217
11490,11499.984108939756
11325,11341.332020303284
10795,10824.754407274928
10735,10754.175012715921
10717,10709.06305122382
10659,10621.311684975022
10821,10754.368767117641
11024,10936.83469222545
11320,11219.25240109403
11720,11448.254494230992
12020,11663.617170492973
11921,11589.399906881546
11626,11268.79213886991
11362,11252.780873801035
11015,11057.882085106876
12858,12886.807741013456
13118,13134.394657962743
13077,13091.808480492844
13032,13051.188315189309
13016,13038.10972295676
13069,13091.991724557362
13061,13091.684237413923
12701,12678.411274906492
12391,12376.526195223809
12028,12026.315795611077
11672,11680.142874572884
11490,11507.111488363109
11133,11160.353698830633
11009,11028.982236906893
11036,11032.0038648493
10788,10784.841312640237
10871,10837.290150466895
10971,10926.168368531327
11479,11422.96279732318
12189,11839.131853970928
11694,11505.894626377292
11491,11300.948464544159
11093,11003.875542394537
10899,10867.373814151339
10847,10891.616576717845
12664,12691.352872010446
12859,12874.368971206692
12933,12945.640533354892
13033,13049.39714609741
12899,12917.512657167219
12999,13017.374614966695
12952,12978.38287380831
12698,12685.304554977618
12301,12296.364508466118
11966,11974.806762497044
11677,11694.659746147736
11389,11413.88502101978
11011,11047.344958807693
11096,11118.161839561486
11305,11295.808590304528
11596,11554.752074918233
11737,11675.787355889144
12071,11976.61894040952
12603,12328.037296435725
13096,12822.362315033293
13277,12885.107450137693
13354,12932.335367078322
13035,12758.459541334088
12662,12557.02003221264
11502,11527.243157536424
12775,12827.941756093336
12184,12234.968241510473
12240,12291.342523888403
12893,12942.35265501824
13146,13191.060535276396
13234,13277.255452355736
13355,13406.461615625607
13130,13128.118626455362
12650,12657.836848042698
12300,12321.107907253994
12110,12139.76614468989
11900,11935.842267947575
11450,11496.090036168905
11629,11660.948777776826
11806,11802.489930340482
12296,12256.76479626376
12575,12506.0986607462
12933,12836.93876751305
13378,13269.40754588537
13879,12952.278673193241
14152,12796.970471039145
14177,13228.76113530813
14120,13621.60479177851
13728,13682.814485667346
13164,13214.052686559564
15020,15034.494840483727
15075,15115.415119477686
15045,15082.238324972888
14764,14808.74481331836
14269,14288.718967336064
13567,13595.248668816515
11520,11611.383352941155
11069,11123.443039877817
10870,10929.318691641165
10363,10432.7202095375
9661,9743.740217919902
9267,9357.626379733982
9392,9483.307851049447
9795,9863.4454911032
10327,10320.100624865387
10682,10661.967388937457
11263,11202.578633668021
11800,11708.400775134642
12598,12487.056203052929
13196,12774.505715065668
13530,12948.55595231654
13670,12847.841133294405
13720,12835.099526214572
13320,12611.463199504586
13010,12349.780194750854
14800,14365.440555963727
14720,14139.236272705526
14580,13491.472562849194
14570,13728.883803878109
14355,14168.669076330807
14323,14019.373422876568
14273,14119.213121011491
13848,13645.917041308458
13341,13357.617525794609
12932,12970.109408815757
12464,12516.086072737948
12390,12448.834766986862
11984,12052.856177882968
12208,12257.236695083633
12485,12505.027807095561
12780,12762.876922055799
13450,13402.637405202415
13910,13836.266835661727
14100,14037.157679012289
14450,14380.829849611026
14550,14125.118007998037
14650,13744.38146018214
14480,13617.177213892806
14250,14092.53185470486
13720,13778.669720397324
15320,15373.484662172159
15460,15505.355461332769
15480,15523.156054421965
15500,15548.882149539284
15385,15439.738138396853
15250,15310.414130794528
14950,15031.592799829825
14500,14534.949371278428
14200,14169.276498808958
13570,13314.616230965941
13210,12691.52977023559
12750,12343.031321419305
12390,12467.991711413095
12600,12655.100019870319
12765,12415.476787074076
13100,12506.950282535405
13520,13411.486577842705
13950,13590.67673769854
14350,13656.501076640267
14530,14154.395121473844
14740,14655.890896032499
14700,14671.250193601532
14630,14439.705175721181
14400,14312.678226037351
14100,14162.800282634162
15600,15625.540103323765
15850,15892.886384468333
15850,15891.847705033517
15880,15923.77412225625
15680,15729.960273266388
15430,15486.039724251626
15280,15352.953165702067
14840,14862.278854299595
14430,14292.252294946058
14080,14056.531437141824
13750,13226.656262719716
13450,12798.971748877499
13150,12609.540050659287
13140,12889.248137221031
13195,12885.775271577826
13295,13172.016760697372
13660,13586.51208576656
13870,13844.504103731582
14200,13967.464143593152
14298,14111.834400891781
13330,13220.582644155586
13740,13561.138310820465
13440,13410.226363921905
13023,12607.539744564714
11171,11156.882799354447
13087,13026.321814861605
13585,13607.980141098331
13539,13592.504321105594
13553,13608.099325561805
12930,12991.562218666997
11973,12044.496553178738
11195,11044.902740190042
11040,10969.512231204697
10903,10833.734632233356
10836,10838.77432888879
10641,10408.621009179153
10380,10251.380469207656
9912,9960.531494713523
9846,9875.686462705904
10038,9969.430046224326
10420,10250.791706681124
10720,9526.04118885959
11199,10636.338346580216
12094,11475.824039399773
12709,12168.31094158666
12232,11685.429925700217
12421,12339.249649793168
11975,11925.497378079002
11706,11711.284759514981
11572,11454.927797448145
13491,13221.08152460196
14123,13601.121471618775
14040,13651.880264423427
14147,13767.798394102312
14119,13989.018475135596
14061,13771.029448317426
13749,13608.9498394614
13344,13304.854378721973
12989,12890.30996992015
12614,12632.6429793842
12288,12316.955056686276
11846,11886.705639895306
11363,11417.78042354101
11575,11611.858127768826
11830,11822.843676470067
12220,12179.904261913764
12430,12407.607902495824
13000,12909.167832016888
13340,13250.633703465797
13500,13408.386005150765
13790,13168.664993142454
14000,13556.533556214337
13800,13523.405324208366
13700,13602.31945397438
13660,13648.837863291625
15060,15111.12862286343
15160,15202.171148536883
15260,15300.605642496143
15350,15390.700281401325
15300,15345.698641284554
15200,15251.3553064909
15000,15068.535779796075
14570,14763.972501154687
14250,14273.263519321228
13680,13718.308633783166
12720,12776.117912061725
11925,11998.757277384193
11136,11222.334538506602
10338,10318.243054755556
9713,9764.527153118403
9881,9897.160602590264
10681,10530.90392031351
11217,11142.924652666738
12244,12154.875363328176
13245,12743.197453195495
13585,12853.148926652899
13730,13162.607564821545
14110,14103.45846446069
14030,13874.677189385224
13550,13590.336089764376
15000,14897.680826406573
15280,15267.824241461167
15380,15399.066577218386
15120,15144.513952875302
14970,14999.79517389249
14870,14902.29101024249
14820,14860.986960385864
14240,14236.272731943653
13740,13748.409889950122
13300,13326.869444922457
13050,13091.530803893218
12670,12722.788680402788
12079,12149.695642091143
11914,11978.295360942942
11827,11872.34720602959
11738,11747.086402717458
12080,12057.72465000948
12294,12246.188406443882
12878,12512.207165564054
13479,13050.742250361523
13410,13369.451831093873
13457,13353.964153569468
12852,12856.207264776542
12249,12266.981001431648
12007,12079.493690732172
14065,14115.868588380425
14240,14280.528329635657
14365,14403.758965037898
14550,14592.764995903035
14410,14455.043471580051
13620,13672.96696178473
13040,13075.227853591397
12020,12041.713500078858
10991,11027.493965303933
10435,10485.525266613422
10224,10281.652025031113
9820,9883.3787669827
9666,9701.52474300697
10257,10068.11134529921
10763,10307.226492263957
11432,10870.21652525965
12245,12091.51855896584
12800,12629.421746828342
13780,13519.542798540246
14100,13558.848037705033
14105,13366.900796128903
14300,13759.236475615488
14333,13684.764929411145
13946,13683.941008931932
13413,13444.289753160741
15447,15470.79323906112
15641,15650.863974641794
15429,15438.744909465058
15309,15194.248955525749
15094,15056.410120157441
15024,15062.23426228909
14711,14700.051902326199
14214,14161.50163794166
13745,13776.189835912217
13312,13224.339372126973
13003,12964.286383292849
12786,12585.557253433632
12221,12096.387076816756
12404,12431.080700196713
12470,12492.414241736386
13050,12999.954699866918
13570,13422.499783343583
13790,13723.492547931644
14100,14038.772335523485
13960,13928.40072457086
12745,11906.233323639051
11273,10259.278190941499
9060,7930.565527214283
9799,9178.813281437597
10644,10083.510119300903
11924,11686.488499162268
12450,12367.925046731008
12468,12481.020191328698
12625,12638.411115173081
12640,12686.216890943897
12532,11249.436415977714
12314,12163.984948244246
12032,11860.854295546567
11497,11333.060460937908
11026,11045.133136646418
10739,10695.949475571255
10332,10229.127482883308
9881,9783.887111246062
10368,10119.345528324382
10312,10302.072785091628
10776,10734.803313855504
11129,11074.45808952882
10977,10912.818933105966
10339,10241.93436925669
10389,10105.964873584295
10049,9641.249609222938
10136,9626.076162871746
10284,9712.096154241284
10170,9920.13349104181
10537,10538.53606013998
12043,12062.834842660614
12157,12166.720732590205
12070,12078.877518518319
12060,12071.788716448504
11752,11666.845443738082
11545,11119.140099034008
11352,11378.76718320712
10950,10924.366351720382
10550,10535.398955030832
10165,10025.655052016584
9895,9595.078455171973
9725,9363.307597773795
9375,8982.249379900972
9610,9301.992937874747
9649,9602.541851946688
9781,9455.507287761433
9888,9560.121339167545
10263,9538.088439206545
11044,10302.214088671404
11528,11204.259668081351
10399,9983.753736678846
10286,9844.024105371307
9693,9322.5952987613
9552,9503.997020956705
9881,9832.438496999628
11564,11568.945429389954
11820,11812.47630632363
11681,11671.764261669421
11740,11736.245506251364
11737,11736.571613487547
11645,11647.270658269437
11432,11445.794015922758
11020,10725.492781620045
10464,10078.75192753995
10133,9761.654485926138
9807,9444.725598699506
9687,9023.932808957506
9519,8416.677972405058
9858,9859.041853623274
9994,9888.426028588106
10464,10258.733886146743
10667,9824.105290130841
11170,9457.411581286953
11968,10506.38615519464
12337,12215.720013519367
12292,12108.029630698718
12061,11991.353785252852
12298,12250.740007290746
12135,11993.111699366174
12210,12223.815020971218
14230,13991.341610987867
14500,14253.814495584676
14335,14194.333887352117
14304,14306.867285428354
14081,14058.45587016896
13720,13639.018712703764
13620,13553.85928121829
13150,13004.611990678677
12780,12510.271943097305
12280,11720.073008719457
11910,10852.024532381773
11689,10539.531474213385
11241,10406.471304965497
11539,10760.27943901439
11464,10292.354831912251
12141,11007.381156577401
12617,10888.445742790285
12900,11824.92342311572
13420,13332.2305368776
14080,13515.464668072607
14150,13929.679686619342
14375,14054.228519834744
14200,14121.437333997232
13775,13667.913793052101
13720,13592.522794844483
15175,15037.035633134605
15730,15511.327689533697
15700,15514.487625942562
15750,15336.852964198348
15450,15045.280785621086
15400,14934.918248609523
15300,14880.15984625191
14650,14463.609490386498
14250,13939.82294286654
13700,13234.494872045661
13250,12763.398114519772
12790,11666.430360374305
12060,11459.75967466316
11920,11788.634241330605
11118,11188.39120956514
10208,10125.402952794046
10669,10339.09803137825
11671,11597.783558242205
12430,11991.5209024131
12820,10585.211519287292
12780,12666.578516432737
13180,13167.46501256998
13090,13104.21022675135
12920,12967.488639789019
12680,12603.816179741563
14770,14807.440145324417
15085,15074.44960450703
14970,14889.404629388824
14990,14882.202216420119
14750,14680.502546036456
14475,14442.320775971522
14390,14436.187186871033
13720,13685.94048817211
13350,13255.939203801277
13000,12987.778267456084
12600,12597.231049549488
12380,12316.77328991546
12015,11656.267044783308
12284,11923.496153308985
12155,11985.97263332922
12482,12063.771442264198
12900,12312.273862929716
13237,12266.90888718262
13679,13074.225480099922
14107,13261.983422474856
14320,13487.745819060827
14560,13631.571808596775
14254,13540.025476627252
13830,13394.108599947813
13670,13417.09856084475
15150,15096.580012130325
15775,15688.836136755832
15750,15512.55028429292
15730,15602.075002287398
15620,15157.777794148893
15440,14912.73675738912
15220,14811.421237067065
14500,14247.847521099424
14000,13555.174707975719
13740,12970.153325684303
13460,13108.384808091943
13270,12652.64396134932
12780,11864.859173611098
12880,12294.909939577232
12640,12276.020420188617
12780,11851.994553299228
13065,11558.434284388077
13455,12396.823446559458
13835,12292.286795155662
14120,12485.296099097603
14120,12393.170742815106
14280,13128.517875200409
14500,13693.324591424971
14150,13654.585273938692
14000,13622.08859373394
15800,15173.623111610446
16000,15466.469118607623
16025,15555.439185115523
16050,15415.535470725812
15980,15179.809461520683
15870,15516.418335857325
15780,15440.277606609521
15260,14939.46151596733
14850,14470.889919409641
14480,13739.25775416081
14150,13350.486963652704
13770,13048.135460680038
13240,12595.392297820687
13050,12635.07054239663
13160,12859.9560586657
13405,12017.181121171376
13820,12355.70992984105
14515,12988.84323992665
14730,13156.012068841788
14955,13500.129311005923
14980,13808.3236640518
15050,13901.19291216449
15125,14219.757745569914
14650,14091.777169425273
14275,13769.079333320286
16150,15461.983790221417
16510,15842.174296271944
16350,15954.790783535642
16270,15813.59572415505
16230,15677.141978897926
16110,15558.385410026196
16000,15256.989789164425
15690,14759.460938805587
15310,14557.713131918616
14870,14336.641402468256
14470,14255.18541966963
14100,13587.76553245755
13480,12707.728844835816
13040,12736.295513413479
12840,12593.448309242332
12690,12179.819261795237
12570,11916.883004850017
12970,12307.197024839517
13520,12313.908929614941
13980,13113.632431701688
13525,12765.010501196946
13940,13512.279930228342
13795,13199.390295335565
13195,12610.66038412483
12730,12430.9270972839
14670,14218.254627735834
15580,15247.480783427109
15430,15297.01885332644
15690,15151.910351188752
15640,15477.156864321863
15600,15504.604818601842
15500,15381.095863762901
15150,14824.147168679665
14620,14404.899762660873
14220,14120.397920992102
13880,13483.00112378814
13750,13188.960205624648
13340,12859.498688642687
13140,12515.17843139452
13010,12738.166385930377
12850,12112.25840100454
12770,12419.422333139733
12960,11965.57545964506
13550,13028.191732007239
13980,13661.62839352054
14040,13811.367937987867
14420,14280.874696571213
14710,14699.620207326818
14780,14772.347030488188
14200,14195.019510280948
15150,15228.038157436891
15850,15990.338258528976
15900,15956.087425477817
16000,15973.090359181886
15950,15708.492464041916
15466,15175.818576647667
15470,15078.060244356664
15050,14529.545168673434
14500,14226.303387527765
13582,13596.586784659365
13004,13064.742716307721
12781,12644.169356509057
12532,12161.63590777791
12567,12114.19219071495
12480,12478.32807413343
13000,12793.702107256835
13370,13308.015114314783
13930,13885.905633086208
14480,14038.607538113949
14810,14483.055538628993
14820,14583.021465784917
15050,14916.674105672846
14750,14676.476385374262
14530,14384.779951619079
14300,14371.553257339123
15670,15659.755313083726
16050,15996.317490441383
16000,15990.043140630129
15950,16000.253355540543
15780,15840.576835157666
15750,15812.249703323243
15700,15771.753261608454
15240,15268.9657622128
14880,14921.869743559262
14120,14180.376273963995
13420,13495.249610935862
12950,13034.826841186536
12090,12187.43148716866
11596,11688.947931227975
11180,11256.561270698538
11403,11440.002384263
11385,11381.073161409397
11683,11641.713207628818
12231,12195.184321882509
12115,11570.148738609802
12210,11871.459273096447
12365,12090.634078557438
11820,11576.09138598674
11600,11679.85353756013
11260,11340.62943323037
12636,12700.678476820176
12820,12870.844261334514
12692,12739.523463827703
12682,12732.320314801702
12600,12649.56203586221
12270,12319.238148657885
11885,11943.349245738882
11340,11343.87925303245
10517,10531.395550947767
9906,9936.809295698438
9638,9607.98533229392
9058,9105.827365856065
9106,7081.719513061122
9559,8574.45804866685
9930,9654.490966811489
10656,10165.283858081017
11435,11292.037072635838
12191,11990.038264830782
12784,12641.298383213707
13110,12852.846592227968
12960,12538.20668366773
13080,12551.81794777227
12950,12335.853334931628
12410,12009.529066920988
12450,12373.100621751386
14069,14080.783278059895
14163,14168.411557018513
13932,13941.922429028784
13785,13803.785470388599
13692,13718.783501134454
13408,13374.425016421152
13237,13286.019782619544
12590,12595.32267041513
12145,12131.749413760097
11800,11837.548184005398
11440,11492.909504854448
11245,11304.67306530652
11185,11245.68606304126
11290,11332.730246509716
11530,11529.086311740632
11878,11841.567174071148
12473,12371.633259188806
12968,12760.367789127391
13420,12964.99386433021
13710,13228.531582642516
13125,12917.975972066863
13030,11406.71818801446
12890,12766.267809363479
12310,12355.34613794767
12175,12224.742447783094
13937,13972.471731991369
14158,14184.130032168978
13974,14003.034229801906
13919,13955.245515865037
13480,13526.041604998796
13125,13176.570128597774
12955,13020.026716075085
12600,12508.857244963168
12100,12120.217434561928
11810,11843.648144661393
11460,11502.546011511564
11160,11207.919733433193
10590,10643.211880371895
10299,10333.137089758144
9998,10000.726019615007
9936,9896.098411808027
10034,9958.781005199966
10422,10337.958945925577
10974,10861.337356569587
11176,11034.653267989868
10542,9869.164667690762
10041,9382.545127334157
9705,9700.806366055956
9106,9149.314546294225
9009,9060.872953120148
10939,10968.846980598577
11383,11394.672941813844
11369,11375.26107541344
11428,11438.808232570686
11241,11255.58100493997
11077,11092.49873066234
11108,11129.308126538961
10670,10637.662969810986
10386,9848.412491102717
10052,10035.900670998955
9662,9654.595866561063
9454,9455.461653197253
9271,9174.876304767193
9685,9662.69168346752
9904,9852.075117316457
10163,10062.63891256176
10323,10206.772740582674
10946,10786.355219607187
11680,10827.164226156216
12360,10872.228309488579
11690,10801.254892991708
11940,11767.239183129483
11650,11529.764478727502
11300,11294.861216010278
11235,11249.138274611993
13144,13142.796115114037
13676,13665.231456661466
13622,13370.028293015981
13647,13608.539150805847
13441,13377.14020601905
13490,13395.379558924717
13458,13409.88274135091
12927,12912.968355605122
12348,12347.892100617304
11947,11624.244390868971
11534,11360.916958426056
11347,10943.846303540686
10969,10672.678472102714
11304,11220.756502083495
11414,11394.697947922432
11739,11685.42373488113
11998,11913.496478709842
12436,12163.342141306151
12706,12403.941793609414
12640,11976.51633779602
12411,12163.525608350188
12721,12397.860429933342
12825,12541.842404248211
12759,12615.510899832334
12524,12570.068294845187
14162,14196.662988685219
14874,14892.422721874562
14886,14902.022073944103
14769,14793.334979979329
14060,14095.087542919671
14274,14311.569133944087
14146,14193.860347731777
13515,13515.587195434153
13216,13193.88424753721
12758,12751.558796770336
12318,12289.839283589885
12115,12095.517541831223
11795,11640.940432503896
11956,11784.040768605866
11974,11968.95190573324
12558,12481.735223366948
13076,13002.696433258352
13360,13253.19351837829
13684,13563.91591981534
13826,13221.877293686635
13250,12818.420323933822
13300,13011.119108432555
13090,12899.708112397888
12900,12567.32000086412
12730,12381.236382611245
14520,14561.303052966981
14820,14848.461575951744
14538,14567.509005223405
14489,14530.440269430903
14217,14262.512074192193
14172,14152.867058231983
13916,13909.285528790422
13472,13385.119709332981
12933,12891.160125298033
12648,12586.158366123953
12316,12297.682055330451
12041,12029.498914566215
11719,11540.16140679337
11960,11996.871368711618
12041,12036.9333501705
12541,12498.456588660352
13049,12498.777848301457
13435,13266.360727956533
13890,13549.243105002726
14110,13824.070927920817
14080,13782.209700046315
14300,13822.936173501052
14010,13662.004739219414
13680,13547.165613023619
13350,13337.283162280422
15080,15122.98919211925
15550,15548.287976188953
15210,15243.872357598186
15180,15223.561565462074
14980,15030.50484728667
14825,14879.287952353781
14580,14648.295051334771
14260,14245.575300884877
13815,13741.184496287555
13380,13145.055687127047
13015,13071.071857192346
12670,12735.441827246064
12230,12298.909369482717
11900,11960.973995703123
11920,11948.448665770775
12510,12520.109823825003
12780,12775.447398415838
12695,12640.320917335817
13085,12684.197177557171
12615,12072.881887095169
12425,12054.39942882418
12594,12150.972876884927
12374,12161.511669367294
12251,12239.313148031622
12436,12493.517253036105
14115,14089.19532348156
14725,14617.630070696254
14525,14553.127751709875
14377,14411.436325530163
14127,14167.407291190324
13882,13926.40009469837
13802,13854.941301773815
13118,13120.024940708001
12744,12756.155400878946
12422,12446.237407101213
12103,12136.551380218785
11874,11914.027872631796
11524,11569.534426025688
11808,11830.182039008478
11869,11847.544044587243
12542,12479.616435196218
13084,12999.747416771876
13525,13415.682044074416
14000,13854.26800958427
14375,14099.759425589236
14310,13877.179523538336
14400,14067.074958577285
14390,14204.747244089265
14140,13958.035898623017
13700,13675.47058289386
15200,15233.575250176033
16070,16092.831548364062
16120,16152.972670439714
16100,16128.40486554182
15870,15909.321423574642
15820,15863.349330258567
15820,15876.66098317095
15250,15260.820074254956
14700,14723.346195790142
14090,14129.699126389287
13700,13754.071613020733
13500,13563.291043809255
12970,13036.40797502441
12990,13037.410219997868
12844,12850.555354952874
13260,13232.112117320507
13770,13676.413950489004
14321,13868.995756455814
14895,14598.855948853503
15185,14686.412400045814
15210,14629.962699033804
15220,14603.506969618003
14980,14449.277361618375
14670,14316.120808016065
14220,14051.228133759327
15760,15646.868974505833
16000,15573.318279513463
16000,15779.413540454301
16170,16188.267883972538
16150,16203.63286963608
16050,16105.029720588915
15880,15946.384832073432
15420,15437.759808912735
14770,14802.004144930514
14350,14397.231985573115
14020,14076.405250138612
13570,13636.740898940418
12070,12150.948885609068
12100,12167.316797829755
12211,12238.236450653683
12221,12207.754081073734
12680,12631.243331669892
13033,12820.078543476091
13556,13366.896944412316
14000,13443.86290977359
13730,13045.446639218295
14100,13379.50881686989
13700,13127.166376494315
13480,13085.973506926464
13050,13045.897947212983
15050,14896.997056271826
15800,15560.320674794079
15920,15705.569953701302
16200,16225.81944194128
16230,16257.20260329833
16330,16359.065866863337
16180,16221.613509628285
15820,15826.737471684963
15380,15396.299750546532
15000,15028.930989738994
14440,14482.355415930451
14230,14289.994230040125
13710,13781.056271879008
13550,13603.569119760687
13480,13501.21775728992
13410,13402.185254047017
13700,13666.56454130383
14260,14068.05647977275
14460,14022.489133737385
14650,14155.649458310607
14750,14405.733949006662
15000,14758.0856625001
14900,14663.545610907957
14700,14569.64916918156
14650,14638.308752431778
16100,16150.933482281987
16700,16741.693505062787
16850,16918.99087451529
17000,17064.11946854932
16700,16766.15342015761
16750,16820.39314942772
16690,16766.521587429706
16550,16575.97068817794
16300,16334.266820234636
15850,15898.47367413668
15450,15509.046580888593
15200,15268.67820289631
14300,14378.684864716113
14000,14063.398207688735
13850,13884.034146213027
14000,14003.662479458158
14120,14095.776673097671
14570,14527.496408645395
14950,14862.2783099292
15380,15022.669768453234
15820,15439.825005841667
15700,15120.299152849588
15030,14760.41861276907
13980,13924.740843504038
12756,12832.563503214073
13990,14093.068326720062
14990,15071.820043409149
14945,15016.25484462922
15044,15116.925633008068
15130,15203.644842992366
15270,15341.292577479759
15050,15125.674997482238
14693,14719.344163194353
13943,13979.196212951136
13284,13071.952217326394
12919,12705.528729067295
12706,12500.312320162055
12174,11771.271613405843
12130,12165.708433303407
12070,12113.932259916492
12240,12170.49716632707
12720,12237.190976604545
12850,12805.999485136934
12965,12923.911963504112
13360,13317.443475348384
13420,13383.390807942633
13850,13823.932701406104
13704,13699.071737609198
13247,13296.32109216358
12904,12904.062485538208
14464,14382.061359968531
15342,15380.249421707787
14906,14943.485800254246
14987,14893.395753955589
14730,14708.026062501282
14880,14759.739191313714
14800,14688.248745709545
14190,13961.999623897911
13580,13501.256043906162
13290,13054.131393360067
13030,12939.110391029573
12895,12914.044323941564
12460,12185.122276213802
12570,12524.208048955868
12700,12666.318136133363
13200,13062.356690633316
13500,13415.189063648068
13730,13056.25050543822
14540,13985.051197458492
14810,14240.70670151843
14640,14175.908631742452
15110,14850.586801969399
15210,14941.818051933755
14570,14480.147814281554
14140,14174.203057156854
15480,15542.559908348077
16040,16061.203977300705
15950,15931.11422042529
16060,16113.589180078427
16000,15952.623720246389
16000,15857.219487113038
15850,15692.571160163745
15600,15460.125089169018
15350,15115.15043832683
14920,14766.58735932122
14470,14225.121162985113
14280,14110.768651760265
13650,13317.019336318826
13770,13665.947681092794
13550,13488.300596707912
13540,13559.870882200354
13820,13753.052450722866
14150,13796.224682839706
14290,13982.966543186816
14620,14141.01987219672
14450,13974.506520126677
13730,13174.475477119315
13580,13108.102890103128
13680,13512.025695903925
13690,13741.156578210648
15050,15121.54234590711
15780,15840.64494227336
15800,15754.703204963473
15950,15737.516546491159
15820,15745.078540818831
15620,15685.958119964107
15405,15475.877015279973
14970,14986.847175526367
14520,14477.106440093368
13590,13630.800085266123
13255,13304.796256634483
12887,12741.417282125956
12515,12441.406950277607
12440,12394.530619878096
12429,12265.820625732198
12850,12869.209933331565
13170,13165.867770724208
13405,13358.549624477646
13645,13254.498754507531
13840,13130.796957937655
14150,13126.718987129254
14310,13318.32587621352
13930,13542.600002832609
13470,13144.528824249977
13070,12663.74518163765
14480,14333.82817205331
14830,14739.560676795383
14620,14594.377546813048
14920,14521.422890389294
14520,14534.678254762239
14640,14690.24208900953
14600,14284.388177529105
14150,14158.4785097553
13700,13549.635751326026
13510,13167.363179261849
13320,13087.597776733872
13040,12780.43283231802
12420,11895.551387240432
12220,12086.493678528062
12120,12137.632759245753
12250,12242.737130981695
12371,12359.69898548945
12563,12536.36969798285
13316,12900.987709901357
13773,12511.432823310948
13501,12370.577049889756
13910,12791.489461408335
13525,12403.969070599982
12956,12314.803762059244
12176,11789.898909262103
13810,13553.256436050318
14077,13603.601534792351
13661,13288.417093064318
12914,12760.77523896542
12400,12461.504661391085
12656,12610.776783609694
12533,12218.715638772117
12329,11803.43052089941
11534,10982.609080007274
11360,10955.036370372265
11219,10955.025058793097
10802,9999.988823057203
10304,9678.57716128865
10329,10203.780490938232
10714,10387.14884276674
11542,11100.365629381286
11996,11680.434865187784
12468,12387.246732869593
13200,13089.266372659087
13575,12975.749451759093
13600,11808.168795614774
13490,11309.604771595867
13096,11207.96434503507
12939,11222.174659303302
12728,11604.712274610538
13914,12781.268255345994
14219,13386.497343901949
13822,12861.689969013922
13415,12776.66253083765
12348,12029.18740106863
11599,11157.566228960171
11493,11266.56502142746
10939,10869.712385588882
10839,10875.147691366914
10928,10833.118079084357
10615,10358.010663690882
10314,10371.615141560174
10232,10289.81477176268
10685,10712.728644004019
10970,10967.463107683901
11545,11506.44572051018
12110,11085.326631087002
12470,12036.78216716267
13085,12699.14276419262
13690,12743.712805545052
13890,13227.7630429553
14130,13684.642121931138
14020,13677.398541818862
13735,13394.888310280608
12980,13002.532175764847
14340,14356.287452691475
14750,14725.827210193518
14650,14594.339706019691
14310,14134.241368108844
14030,13699.189200216299
13700,13513.74963968262
13630,13594.313905288811
13430,13450.303724741556
13080,13108.268565381113
12780,12823.239679917184
12520,12574.913890559787
12160,12222.96444540811
11770,11838.439451917124
11785,11844.159405685994
11760,11791.817414706065
11760,11783.872708188399
12380,12367.72816054069
12830,12535.292358003666
13120,12144.98804788703
13050,12114.186822640622
12860,11824.136955995244
13030,12094.099853732034
13100,12355.654209420309
12830,12295.531366780499
12640,12288.767575441972
13950,13893.023772880246
14775,14805.60025841886
14610,14640.424771713475
14725,14659.511370546585
14490,14261.84715336941
14415,14190.340157736733
14320,14003.943384381542
13680,13141.423416066937
13280,12581.591970179172
13000,12382.132790912174
12795,12390.945872044102
12565,12099.853159921498
12283,11789.11663396864
12277,11909.672082894725
12220,11519.484255980497
12490,11165.129480202391
12690,11785.611768073528
12780,12200.197076756092
13040,11985.502996616775
12789,11093.000896678346
12490,10947.310264445852
12830,11125.26597587937
12120,10799.770757865128
11950,10538.10106787287
11870,11567.212866065169
13070,12889.285141906208
13406,13180.752470514497
13390,12919.31122076898
13320,13127.963401468445
13100,12638.975957055573
13130,13043.720658785707
12870,12658.301862890072
12430,12269.201851267062
12035,11879.631396682984
11785,11809.579214702182
11675,11330.57783418113
11540,10687.711736527452
11270,10763.541989583275
11575,11121.802904580825
11765,11208.181909460758
12155,10863.146755279291
12710,11783.012213109432
13035,12595.619221642879
13645,13169.363612027786
13755,13625.090845826284
14010,13931.919958700297
13930,13739.93721272856
13035,12819.848794918165
12680,12201.099648265033
12644,12111.15655974523
13935,13394.72195547113
14310,13284.385305058011
14193,12825.360105304866
14090,13277.777900801757
13615,13151.118129756253
13170,12886.058983222632
12910,12502.944124757909
12875,12720.083589169524
12660,12408.411616754724
12180,12111.251936611514
11855,11898.271491939364
11750,11798.781686565826
11215,11264.965973524999
11650,11372.580127799347
11780,11196.011444183598
12095,10232.04291375739
12760,11887.544066591163
12880,11895.134382864693
13375,12214.898521432171
13585,11940.519518580038
13560,11430.241980932642
13540,12204.284457386846
13620,13363.517200010256
13420,12850.722942039047
13150,12910.026113481197
14620,14474.155066734424
15280,14988.650456003306
15050,14589.490188033193
15120,14976.154407978545
15100,14453.420543673878
14950,14515.901684460383
14730,14376.372939820261
14310,13767.873623922373
13930,13296.964616957157
13500,13019.08913733227
13240,12667.776608335713
13060,12564.79155107194
12160,11908.848100300249
11902,11466.62815111814
11552,11441.368553179862
11743,11742.182527480907
11979,11947.84076913824
12257,11948.173962045958
12614,12601.792853404575
13054,13051.825905195998
12265,11904.214623307922
12440,12294.531767221073
11920,11964.9486481842
11678,11735.124161821946
11562,11589.325628019358
13380,13285.678255080951
14185,14107.381888460717
14166,14049.162066186957
14080,13797.47797721301
13990,13507.331136209508
14050,13841.13228008551
14250,14115.548752546196
13680,13511.0766266954
13180,12917.680957635097
13020,12767.835328845813
12760,12411.987662612717
12550,12006.050769217383
12080,11679.734356898542
12140,11864.137359067245
12200,11926.718693995394
12410,12359.445264561931
12630,12590.010015636111
13010,12922.051250204764
13350,13267.180550955323
13680,13609.761022788876
13635,13575.806189184597
13750,13744.786543495578
13625,13603.785043082291
13210,13266.096578109577
12910,12975.406941534733
14460,14512.310026183444
15225,15263.198396233405
15300,15336.70499696879
15400,15441.958681978038
15275,15320.681192064698
15210,15258.745670991852
14950,14809.550738250142
14690,14570.060612098096
14170,14024.69370092738
13920,13685.975293305766
13650,13391.307229078315
13400,13048.28181259564
12840,12662.753302483883
12967,13008.632969913571
12940,12949.484034714988
13510,13495.285493104124
13640,13608.859095119533
13870,13783.197403804224
14310,14016.433499870449
14480,13621.205118798072
14260,13319.787304571399
14280,13825.955702911626
13880,13663.968217833008
13760,13753.613710725902
13400,13307.593000275796
14950,15013.767918685691
15500,15550.321954578925
15120,15169.636345737537
15235,15289.591059998405
15060,15118.751469702544
15200,15261.210161147093
15200,15269.147893278729
14800,13773.94104322457
14300,14235.849760975234
14000,14049.679780681592
13650,13708.171856028392
13420,13486.672033491688
12820,12896.077345296064
12850,12911.522339974057
12750,12788.377673326977
12950,12975.057158602547
13200,13210.344973661004
13700,13577.172434504715
14080,13807.746661997844
14260,13959.39073088942
14200,13925.733009718228
13970,13819.816765735568
13680,12494.961438343244
13510,11932.091223838957
13100,11506.755465638902
14700,14457.991536077352
15060,15013.233427418629
15050,14625.665518548358
15130,14983.497587216352
14670,14462.599751095602
14550,14515.132894872771
14400,14307.902187526217
14000,13755.931857558735
13700,13734.637336213344
13300,13345.44226520917
13150,13203.206991771378
12940,13000.145595136839
12550,12611.998054211845
12520,12568.237273232822
12540,12549.051428553135
12885,12848.862688549872
13310,13242.493787898446
13650,13524.094668208043
14230,14148.347538908423
14560,14472.1409273434
14760,14572.18054651043
14970,14580.198784700056
14920,14403.270647432237
14720,14032.059133833098
14120,14107.671879596934
15350,15411.536394913419
16070,16020.668606996234
16120,16135.406711456966
16420,16135.301719411716
16350,14674.894710850564
16300,14495.506158964647
16290,15724.274692371739
16000,15040.022067448022
15360,14345.043754688297
15020,13813.141548676018
14680,13176.182629347019
14400,13280.324614407189
13700,12349.839042121619
13660,11884.354638627068
13200,12153.769466529127
13500,12395.080493549904
13800,12229.12829887968
14140,12266.887849006725
14500,13149.121791299292
14760,13760.407861096173
14750,13430.885100731111
14800,12650.73244881297
14375,12214.888623133531
13600,11505.416115082064
12869,10916.547891667578
14750,12619.409128563224
15430,13317.255726573509
15450,13329.768604625602
15800,13748.865867538934
15530,13552.103550482054
15490,13788.20799987874
15280,13587.549179176405
14780,13244.60792720761
14230,12223.039927594526
13780,11716.81183111918
13450,11566.92596655671
12920,10872.924441140633
12050,9908.022788510683
11670,9592.899359258394
11060,8965.89281534482
10745,8584.329576814811
10770,9073.888859289164
11015,8859.926643421524
11310,9114.294999009011
11236,9059.454463611673
11050,8866.582392805669
10710,8553.650227011785
10560,8420.713554664591
10178,8046.677099313616
9851,7718.239214269022
10713,9144.777351073042
10776,9195.475972785629
10608,9053.30439296272
10290,8228.001003119853
9901,7839.970108049358
9698,7634.956709393918
9444,7419.852452801878
9016,6900.67938067766
8649,6535.97943415901
8250,6145.640074098851
7625,5530.5289256309225
7372,5283.319997649019
7297,5210.0585388168965
7380,5528.871063282721
7490,6884.804246270946
7629,5926.103804724206
7996,6039.47767409566
8789,6643.513088762702
9414,9361.132390807008
9850,9617.292448742155
9716,9120.015661429245
9983,9079.775575370622
10086,8163.125548493743
10233,8143.659943215289
10509,8437.231797887775
11691,9681.641397726573
12537,10958.737046660674
12670,11159.813981838248
13299,11146.720522978263
13088,11114.211389874625
13209,11344.00289334721
13241,11525.019365124565
12598,10473.664681535525
12211,10067.82007188248
11936,10187.52775862067
11812,10553.721113588672
11567,10727.764354102437
11382,11265.418663766508
11611,11054.160899703396
11831,11827.13636665957
12102,11064.41656770403
12405,11618.420753280792
12492,11330.187314273902
13111,12263.423962320488
12789,11965.410432024477
12418,10863.895836682219
12534,10948.803501645478
11608,9701.935815637626
11376,9664.630289406616
11959,10348.781988699622
12955,12493.722409486247
13730,12917.61311789768
14250,13459.95201975277
14695,14380.455332964808
14700,14081.392216728984
14662,14111.890464275253
14550,13811.976810600612
13700,13048.969295031278
13150,12272.353021087629
12750,12090.095643206792
12420,11667.682927833881
12250,10959.226483831048
11720,10332.811824749328
11786,10661.52424582019
11801,10969.070108035528
12241,10306.839884514595
12432,11442.043156465723
12635,11757.611086087996
12878,12548.456819340787
13044,12083.334671894405
13058,12380.873941059828
13114,12701.129060619744
12764,12795.072775119763
12363,12176.297915628644
12358,11871.530591672461
13104,12814.731126155695
13503,12623.581136240842
13332,11492.870227875806
13631,13187.633641932103
13749,13778.694553982617
13769,13593.145241866641
13728,13120.015060275453
13169,12347.095965895842
12760,12186.82671031098
12379,12057.403694739733
11969,11043.820869531708
11207,10874.251436135848
10702,10481.542799182165
10593,10506.163571738856
10385,10307.923021168892
10987,10971.59471408126
11516,11201.96597277806
12117,11758.789511406685
12798,11990.386824409165
13258,12063.08007075089
13331,12322.908360022526
13513,12868.816995756788
13388,12912.275794465371
13078,12911.590097787375
12715,12677.173102185367
13957,13474.695934785763
15100,14093.997794301344
15005,13721.54756392869
15030,13853.23591077467
14500,13399.831985703064
13479,12663.357263148995
12439,11715.999503555462
11775,10801.492552208529
10991,10200.382596574798
9973,9305.174489480543
8908,7929.890889925108
8827,8060.866180965368
8908,8036.290413767358
8982,9046.939736047803
9410,9431.670832179427
10084,10064.418854379464
10820,10383.004474895542
11411,11000.84044336143
12041,11839.418112660482
12558,12187.945162201726
12797,12465.992867231129
13017,12788.554792911473
12858,12678.782536063554
12425,11737.6614972178
12110,11334.28300125751
13475,12447.226608637995
14104,12856.465381706845
14193,13007.780519976808
14306,13126.579799184308
14205,13173.006117613473
14170,13454.707135265582
13855,13462.990251158575
13300,12251.484041618078
12750,11584.380771084067
12225,11560.579566650831
11708,10854.41813450731
10957,9673.592707522004
10098,8898.294258017328
10105,9316.445433866302
10567,9678.391878449267
11231,10001.358549824265
11371,10301.008500164451
11795,10024.123236991481
12186,11897.989132391274
12542,11954.850735453932
12477,10342.599095602614
12518,11244.036153264486
12408,11976.791797590071
11871,11611.058361741463
11626,11248.257129685015
13070,13058.270302594306
14121,13817.992452071645
14053,13607.77816567888
14038,13668.953849447815
13943,13576.809522757416
13839,13510.797938144216
13554,13512.823735872309
13159,13099.937031109188
12859,12605.030459935979
12603,12227.025348235067
12256,11553.626193505812
11966,11515.672060154495
11063,10417.493344441844
10828,10307.567283211896
10714,10581.114801374059
10624,10199.63962846526
10813,10591.480361551246
11141,11071.574549824538
11485,11438.260557309892
11815,11392.728466369634
11751,11320.831781831277
11436,10476.414941610277
11080,10416.863058287934
10615,9952.641478656806
10521,10120.02650197962
12091,11573.534783962748
12879,12445.960081513696
12955,12549.518226431921
13231,12860.47818033896
13123,12616.947001593235
13145,12980.953144689192
12931,12708.492894497831
12628,12319.993143408414
12201,12001.246424393215
11838,11422.666145837164
11410,11028.224960055708
10998,10799.319643667
10280,10150.530226961482
10006,9942.049569959905
9952,9758.019464459157
9842,9638.104454200497
9773,9333.424877917696
10064,9959.868833238128
10431,10332.242011924227
11319,10812.206435318758
11086,10881.251414375276
10673,10586.499426495404
10324,10160.698919910334
9937,9747.028894561656
9770,9666.578852969182
11547,11564.038685770702
12351,12350.566590855562
12219,12211.632438780143
12427,12421.743310140186
12390,12351.13455068459
12596,12590.167332447894
12507,12473.188904014605
12298,12259.168466861003
11899,11834.511745972417
11623,11605.798194705476
11350,11343.00855202182
11092,11096.735615068796
10677,10689.448614173065
10544,10512.620057149597
9805,9782.586532312711
9253,9227.362793105804
9290,9223.556437655829
9372,9296.552804636047
9697,9523.785881290925
9769,9366.221891365967
9841,9188.352243336725
10210,9650.765988825
10491,10160.828282170087
10435,10242.193832521483
10545,10569.5918641346
11661,11677.181852833159
12556,12557.177264459544
12778,12771.489903665413
13105,13099.450430497971
12991,12986.62697249998
13052,13049.172316990358
13044,13048.581717846784
12665,12617.673098965312
12378,12338.331890458152
12015,11988.510943822119
11677,11661.582292124083
11400,11394.516617178244
10827,10828.810523122602
10830,10819.846345717126
10719,10680.146710060539
10837,10777.510649031956
10844,10777.483582034956
10838,10760.43179643697
10607,10551.047090816483
11563,11298.628218379788
12129,11785.00810264247
12099,11828.714190933242
11859,11550.340357645695
11271,11112.594051559052
10538,10479.582593612653
11850,11886.733704657938
12729,12748.58128875466
12845,12855.803387579308
13223,13234.755415183783
13346,13358.379508324873
13497,13505.954639281163
13465,13483.275953648532
13350,13319.860827223893
13170,13146.440391948236
12875,12864.230904165324
12580,12579.64191718691
12300,12311.159535447818
11484,11500.622309307666
11509,11510.550512005786
11399,11365.623361132239
11247,11195.514568407894
11272,11194.093210696037
11211,10917.484846634115
11385,10917.518319237344
11659,11332.436951607044
12021,11933.163836808373
12086,12024.161816254675
11989,11968.609319833606
11447,11474.783975486276
10940,10995.59782515706
12354,12400.701361917483
13090,13121.957754193088
13400,13423.8765150265
13920,13943.439186990978
14050,14070.436087250777
14235,14219.800370604218
14290,14280.030086782273
14000,13968.500226727034
13750,13725.215179426237
13370,13359.307456972823
13150,13147.99101780786
12930,12938.236866592591
12194,12207.866158250406
11996,11995.634706688461
11787,11757.07377275863
11642,11584.07704557425
11635,11469.820620844863
11539,11116.15039570347
11761,11166.290853821563
12295,11323.394611593092
12509,11633.247838324874
12602,12303.433393844392
12403,12081.303789547175
12072,12102.743362787958
11377,11433.181920227018
12660,12714.198429993005
13280,13324.443901468783
13340,13374.955422411658
12950,12987.93516617983
12250,12295.87889427699
12120,12167.93239041469
12180,12027.704984536485
12140,11791.115190245382
12240,12095.038066577203
12130,12093.377103625733
11980,11879.417814715911
11810,11682.45261056909
11031,11044.231297796028
10862,10625.276508106557
10828,10731.198846038214
10863,10799.74977210227
11075,10979.44270766826
11139,11033.142569580388
11679,11351.232804400057
12318,11856.225670129104
12702,11603.708084158803
12685,12294.264092539532
12586,12503.30379029844
12161,12020.676686471736
11407,10852.857588788316
12390,12286.95749922331
13215,12959.550949590212
13406,13073.646455730755
14055,13523.16646923641
14085,13554.146223402899
14400,14106.402615575927
14370,14221.275055557264
14110,13943.565894882959
13850,13417.134493464557
13620,12993.485045471793
13295,13017.742238341292
12960,12593.699512620471
12228,11834.77951797474
11884,11517.046730579792
11882,11719.660877176728
11695,11623.85991590532
11787,11740.194004238692
11932,11501.344936084868
12277,11844.847591705431
12641,12370.082109717705
13031,12667.017180602725
13089,12791.610052613838
13042,12707.276035909143
12543,12010.738104947173
11874,11653.375069707388
13230,13208.421025062125
14230,14259.636762656486
14320,14338.143746545888
14770,14790.060495054076
14880,14692.85976284074
15080,14892.152516315371
15080,15069.898788633902
14850,14823.072010078584
14550,14529.59552074959
14270,14261.526692742997
13850,13850.964021920048
13680,13691.182998275039
12976,12995.11022863573
12639,12644.324710964294
12445,12424.110317178493
12156,12118.578161600526
12068,11997.653726177607
12226,12114.031285761866
12523,12030.854281239912
13322,13184.131071221222
13048,12684.189019260535
13275,12772.431688366967
13194,12794.243027810851
12801,12382.741931886409
12162,11876.02946074684
13338,12979.656189772242
14600,14021.761641034007
14750,14602.645435230708
15290,15006.227186890894
15410,15123.862271874306
15490,15477.96504693816
15650,15676.576266609845
15410,15095.040100103939
14880,14879.921616671509
14730,14603.19667349368
14460,14407.344636543436
14100,13720.05254240419
13230,12760.05412220101
12980,12981.689081372013
12835,12833.431020709073
12712,12711.56477091914
12986,12882.447039767965
12850,12813.62796712181
13301,13295.223721714807
13781,13739.902422056195
13898,13847.732930047234
14123,13747.588589296052
13950,13515.855537817235
13573,12809.210152717998
12689,12257.088556211322
14085,13949.089623045764
15007,14649.558573365808
15182,14882.711646910644
15487,15255.380117820205
15521,15392.167346353111
15617,15351.327445685663
15725,15566.524804313278
15350,14799.786354668573
15120,14438.597398074031
14665,14371.08063466685
14346,13787.110571300946
13929,13518.792772137625
13376,13145.766855091784
13013,13015.59215641981
13078,12788.8248219574
13319,12938.412042014605
13631,12988.962332071143
13779,13019.76963116426
14143,13450.965900586118
14069,13546.406048290497
14091,13135.395467877446
14065,13412.921823651952
14210,13896.409053092686
13722,13361.137484163308
13097,12694.688554714872
14370,13860.440929457578
15100,14369.278091043056
15300,14561.425102792185
15640,15240.365993327017
15460,14959.396932884534
15585,14846.080370443236
15490,14723.673386006223
15262,14565.400136937376
14790,14051.296087664
14550,13823.75065479755
14217,13704.341554808889
13923,13113.128839533649
13079,11633.030411604514
12970,12122.530683975958
12646,11910.87755302694
12876,11318.670793778329
13155,12095.764889078073
13569,12193.762886384342
13816,12608.014129768537
14226,13298.173893378444
14125,12405.190954606429
14344,13480.961605189532
14296,12734.0009217501
13747,12221.479496593773
12870,10763.030020653234
13990,12492.331638581309
14939,13390.170852614834
15034,13190.201418653702
15035,12904.591946610431
15000,13039.722176736552
15130,13645.36040641469
15205,13861.092024295785
14650,13253.752463257519
14115,13171.366427435543
13719,12822.283038005262
13280,11950.245639983066
12698,11313.655241132357
12062,10687.679953145249
11805,10259.268704267502
11745,10835.524067255057
11896,9978.781470452177
12290,11765.853143126102
12443,11395.420855577713
12826,11545.742183193786
13139,11310.915063944161
