Actual,Predicted
11175.0,11530.239
11000.0,11147.348
10785.0,11031.445
10370.0,10842.809
10313.0,10462.985
10420.0,10586.763
10865.0,10733.685
11279.0,11101.204
11570.0,11429.333
12149.999999999998,11566.292
12139.999999999998,11843.159
12099.999999999998,11765.462
12119.999999999998,11952.63
11850.0,12058.963
11670.0,11972.988
11385.0,12051.215
12680.0,12136.426
13850.0,13661.056
13695.0,14300.969
13950.0,13838.712
13734.0,14132.339
13421.0,13742.595
13143.0,13391.536
12850.0,12978.63
12650.0,11886.923
12300.000000000002,12781.958
12099.999999999998,11285.141
11900.0,11592.113
11250.0,11330.403
11320.0,10967.875
11250.0,11152.251
11900.0,11214.53
12050.0,11831.442
12230.999999999998,11901.937
12526.0,12251.533
12849.0,12511.679
12792.0,12765.2295
13136.0,12698.748
12750.0,13182.837
12450.000000000002,12903.852
12149.999999999998,12798.19
13450.0,12885.717
14100.0,14553.672
13940.0,14443.221
14040.0,14236.998
13600.0,14168.013
13500.0,13601.794
13300.0,13369.97
12900.0,12339.045
12650.0,12265.946
12500.000000000002,12399.422
12300.000000000002,11990.863
11800.0,11856.13
11200.0,11463.444
10900.0,11085.266
10900.0,10984.555
11250.0,11125.455
11600.0,11445.444
11800.0,11617.749
11500.0,11898.385
12050.0,11643.171
12050.0,12107.277
12149.999999999998,12013.701
11900.0,12268.074
11650.0,12216.962
11380.0,12165.501
12780.0,12218.448
13850.0,13690.023
13700.0,14249.413
13700.0,13824.421
13500.0,13788.589
13400.0,13436.285
13100.0,13160.708
12700.0,12392.332
12450.000000000002,11937.063
12199.999999999998,11797.736
11700.0,11529.613
11500.0,11236.282
10900.0,11150.123
11100.0,10764.512
10900.0,11018.517
11450.0,10835.168
12050.0,11479.633
12350.000000000002,11632.737
13050.0,11891.608
1300.0,12452.086
13200.0,12291.712
13300.0,12454.366
13100.0,12671.134
12700.0,12200.032
12650.0,12178.843
13900.0,12546.34
14000.0,14204.723
14100.0,13633.386
14400.0,13545.76
14200.0,13778.96
14200.0,13192.406
13700.0,12757.264
13200.0,11806.971
13000.0,11598.905
12850.0,11413.4795
12650.0,11271.945
12450.000000000002,11133.311
11900.0,11015.52
11950.0,10605.823
12000.0,10671.712
12400.000000000002,10903.51
12600.0,11084.868
12900.0,11242.662
13300.0,11535.274
13550.0,10867.297
13700.0,12881.839
13850.0,12704.667
13750.0,12638.422
13400.0,12483.16
13100.0,12592.621
14200.0,12904.191
14600.0,14472.957
14800.0,14210.535
14999.999999999998,14355.164
14899.999999999998,14622.957
14800.0,14203.714
14500.0,13304.433
14000.0,12887.826
13650.0,12041.437
13500.0,11835.956
13350.0,11690.09
12800.0,11580.099
12500.000000000002,11154.979
12099.999999999998,11184.246
12199.999999999998,11200.288
12300.000000000002,11251.722
12400.000000000002,11228.596
12300.000000000002,11603.134
12800.0,11498.103
13000.0,12200.017
13100.0,12196.02
13300.0,12326.444
13100.0,12496.64
13000.0,12133.56
12650.0,12449.86
13650.0,12661.0
14050.0,14279.113
14050.0,14369.795
14125.0,14291.222
13825.0,14343.127
13700.0,13924.931
13400.0,13404.459
12900.0,12587.329
12650.0,12016.405
12550.0,11789.504
12350.000000000002,11618.37
12050.0,11325.177
11750.0,10977.0205
11250.0,10977.145
11350.0,11094.583
11240.0,11147.519
11450.0,11006.555
11650.0,11253.04
12350.000000000002,11551.418
12700.0,12133.617
12550.0,12278.591
12900.0,12088.46
12600.0,12150.622
11700.0,11774.546
10587.0,11753.828
10791.0,11507.816
10392.0,11978.97
10963.0,11405.605
11974.0,12115.184
12560.0,12931.698
12730.0,13036.496
12700.0,12876.816
12550.0,12684.699
12149.999999999998,11922.123
11750.0,11421.9375
11650.0,11383.486
11470.0,11382.609
11100.0,11217.679
11125.0,10878.626
11225.0,11099.301
11350.0,11207.039
11550.0,11221.173
11800.0,11517.445
12300.000000000002,11939.42
12050.0,12369.253
12099.999999999998,12062.339
12169.999999999998,12418.549
11880.0,12359.223
11350.0,12130.62
10682.0,11833.152
11013.0,11530.105
1067.0,12019.062
10775.0,11454.451
11886.0,11687.355
12410.000000000002,12886.501
12750.0,12857.999
12700.0,12634.8125
12450.000000000002,12392.326
12000.0,11935.375
11700.0,11593.603
11300.0,11414.6875
11087.0,11029.602
10674.0,10973.394
10730.0,10618.267
10800.0,10793.506
11150.0,10835.4375
11650.0,11142.712
11800.0,11438.687
12000.0,11633.689
11950.0,11657.092
11775.0,11532.088
12300.000000000002,11579.921
12000.0,12081.076
11400.0,11627.174
11000.0,11316.827
12249.999999999998,11318.423
13150.0,11649.047
12975.0,13803.963
13267.0,12853.762
13141.0,13749.674
13200.0,13275.659
13100.0,13262.63
12600.0,12811.852
12000.0,12298.086
11650.0,11913.883
11400.0,11421.14
11100.0,11185.157
10700.0,10974.188
10560.0,10633.867
10570.0,10536.156
11080.0,10647.045
11200.0,11218.299
11600.0,11171.062
11800.0,11552.293
11950.0,11789.609
11840.0,11952.402
11900.0,12026.678
11800.0,12031.937
11550.0,11966.937
11395.0,11785.395
12810.0,11945.924
13540.0,13612.842
13355.0,13801.934
13332.0,13494.701
13080.0,13432.577
13250.0,13051.934
12661.0,13062.756
12600.0,12611.502
12199.999999999998,12246.579
11900.0,11704.667
11400.0,11554.282
11300.0,11121.642
10825.0,11064.143
10861.0,10627.867
10930.0,10828.74
11600.0,10897.552
11950.0,11448.627
12249.999999999998,11478.0
12600.0,11646.802
12400.000000000002,12041.703
11460.0,11960.904
11650.0,11719.93
11900.0,11809.836
11700.0,12097.925
11290.0,11946.194
12506.000000000002,12131.612
13508.0,13507.474
13479.0,14022.397
13596.0,13686.412
13373.0,13771.656
13450.0,13484.27
13100.0,13012.087
12800.0,12679.95
12400.000000000002,11805.256
12199.999999999998,11741.075
11950.0,11481.863
11700.0,11370.054
11150.0,11257.995
11100.0,10716.275
11500.0,10896.711
11900.0,11327.295
12300.000000000002,11374.116
12500.000000000002,11790.439
12730.0,11930.01
12700.0,12196.044
12400.000000000002,12002.859
12119.999999999998,11955.058
11780.0,11882.69
11600.0,11789.759
11900.0,11746.61
3375.0,12458.678
13839.0,14173.063
13688.0,13828.141
14168.0,13882.734
13839.0,14242.436
13800.0,13669.164
13500.0,13234.013
11479.0,12553.915
12600.0,11653.368
12400.000000000002,11253.292
12199.999999999998,11139.804
11600.0,11136.374
11700.0,11013.51
11700.0,11065.604
12300.000000000002,11118.841
12450.000000000002,11064.906
12850.0,11105.435
13050.0,11599.577
13050.0,11969.69
13000.0,11963.58
12900.0,11919.365
12550.0,11938.762
12099.999999999998,11861.719
11850.0,11920.229
13500.0,12130.284
14100.0,12864.433
14050.0,14704.709
14250.0,14008.11
14200.0,14318.737
14000.0,13988.775
13350.0,13205.697
13050.0,12131.341
12950.0,11762.38
12500.000000000002,11727.703
12450.000000000002,11442.851
11900.0,11370.812
11650.0,10796.1045
11050.0,11021.898
11250.0,10839.45
11350.0,11133.512
11650.0,9797.205
12350.000000000002,10812.373
12850.0,12179.259
12375.000000000002,12276.382
12400.000000000002,12121.467
12375.000000000002,12094.546
11950.0,12300.601
10975.0,12240.483
12291.000000000002,12017.519
13620.0,13893.766
13830.0,14479.315
13860.0,14315.065
13850.0,14220.041
13600.0,13938.649
13700.0,13099.49
13200.0,12730.902
13000.0,12010.057
12700.0,11742.998
12500.000000000002,11582.494
12300.000000000002,11485.001
11800.0,11444.253
11400.0,11247.846
11200.0,11289.248
11000.0,11162.903
11300.0,10975.816
11600.0,11456.526
12069.999999999998,11688.457
12249.999999999998,12290.81
12400.000000000002,12400.382
12700.0,12646.457
12800.0,12349.447
12700.0,12385.2
12259.999999999998,12299.857
13380.0,12783.49
14150.0,14685.322
14200.0,14435.477
14500.0,14263.211
14450.0,14464.833
14450.0,14283.435
14250.0,13335.093
13600.0,13010.178
13400.0,12200.833
13250.0,12043.062
13100.0,11845.674
12900.0,11763.604
12300.000000000002,11729.435
12149.999999999998,11204.797
12099.999999999998,11324.25
12400.000000000002,11171.25
12600.0,11335.376
12800.0,11374.938
13250.0,11743.173
13300.0,12259.657
13400.0,12197.321
13500.0,12445.552
13300.0,12550.66
13050.0,12387.61
12500.000000000002,12288.624
13900.0,12884.866
14500.0,14359.166
14400.0,14214.269
14600.0,14153.534
14550.0,14532.359
14200.0,14347.145
14000.0,13587.594
13350.0,12912.673
13300.0,12342.893
13250.0,12220.801
13200.0,11872.54
13050.0,11869.339
12199.999999999998,11742.219
11620.0,11379.563
11500.0,11433.894
11850.0,11292.507
12050.0,11645.494
12300.000000000002,11624.433
12536.0,12008.443
12700.0,12268.211
12750.0,12502.065
12550.0,12444.346
11900.0,12138.752
11500.0,12377.218
11100.0,12348.895
12498.000000000002,12335.904
13299.0,14001.5205
13310.0,14210.384
13395.0,13979.602
13389.0,13938.266
13350.0,13726.084
12950.0,13456.159
12400.000000000002,12326.972
12199.999999999998,11759.184
11900.0,11572.404
11500.0,11421.979
10900.0,11235.425
10064.0,11005.289
9793.0,10292.764
9532.0,10138.177
9435.0,9958.29
9344.0,9973.075
9407.0,9948.248
9530.0,9991.349
9824.0,10243.422
9831.0,10608.311
9656.0,10608.706
9281.0,10415.029
9133.0,10125.886
9059.0,10285.519
10173.0,10282.761
11357.0,11470.583
11476.0,12228.661
11566.0,11967.77
11668.0,11959.149
11624.0,11940.419
11524.0,11756.616
11283.0,11549.363
10657.0,11214.82
10090.0,10559.464
9701.0,10024.638
9139.0,9675.826
8067.0,9151.549
7744.0,8217.781
7678.0,8128.4346
7589.000000000001,8136.698
7422.999999999999,8082.4023
7723.0,8010.119
7917.0,8417.457
8157.0,8633.516
8454.0,8823.084
8181.0,9100.052
8112.0,8710.285
7785.0,8710.497
7884.0,8447.685
9070.0,8814.45
10147.0,10032.252
10265.0,10790.483
10301.0,10550.377
10543.0,10517.478
10355.0,10677.831
10127.0,10342.125
9830.0,10082.893
9315.0,9720.109
8974.0,9162.632
8687.0,8832.549
8667.0,8551.156
8280.0,8493.277
8429.0,8146.044
7955.0,8405.332
7361.0,7919.6772
6901.0,7458.629
6672.0,7237.369
6715.0,7146.127
7045.0,7280.2026
7368.0,7685.545
7624.0,7928.5366
7867.0,8113.3423
8048.0,8368.698
8136.0,8641.636
9441.0,8866.63
10564.0,10306.4795
10682.0,10976.685
10896.0,10755.944
10904.0,10936.155
10761.0,10763.507
10544.0,10568.254
10046.0,10298.861
9773.000000000002,9770.973
9438.0,9479.431
9288.0,9105.043
9093.0,9016.904
8658.0,8814.665
8445.0,8477.44
8467.0,8307.109
8343.0,8389.833
8000.0,8202.18
8251.0,7945.743
8674.0,8343.509
9391.0,8792.192
8944.0,9574.122
8157.0,9001.917
7521.000000000001,8375.195
7219.0,8018.282
7423.999999999999,7956.936
8667.0,8394.201
9392.0,9750.513
9504.0,10057.871
9482.0,9972.791
10059.0,9823.915
10066.0,10359.594
9747.0,10095.41
9544.0,9703.733
9128.0,9675.097
8925.0,9058.579
8675.0,8929.37
8613.0,8700.114
8256.0,8667.86
8178.0,8340.847
8071.0,8363.236
8086.0,8226.742
8019.0,8323.82
8180.0,8369.195
8701.0,8560.413
9026.0,9193.731
9044.0,9387.463
8647.0,9328.221
8141.0,8944.249
7954.0,8559.842
8297.0,8495.982
9308.0,9140.861
10460.0,10186.061
10582.0,11040.157
11031.0,10738.235
11198.0,11245.972
11058.0,11133.708
10700.0,10876.131
10400.0,10357.989
10115.0,9977.564
9790.0,9707.296
9580.0,9377.816
9275.0,9247.786
8930.0,9010.954
8850.0,8784.631
8900.0,8834.298
9050.0,8927.644
9300.0,8998.59
9430.0,9338.391
9658.0,9567.102
10130.0,9904.867
10450.0,10440.305
10058.0,10599.126
9690.0,10088.168
9070.0,9855.453
8784.0,9468.313
10059.0,9532.614
11130.0,11116.266
11347.0,11716.349
11720.0,11663.773
11876.0,11951.417
11739.0,11895.018
11622.0,11641.53
11180.0,11414.968
10661.0,10986.245
10181.0,10625.705
10034.0,10067.648
10007.0,9923.449
9464.0,9907.507
9324.0,9471.696
9337.0,9446.74
9433.0,9490.032
9567.0,9609.555
9821.0,9797.092
9951.0,10096.351
10053.0,10282.837
10306.0,10455.772
10331.0,10558.874
10035.0,10557.904
9723.0,10464.583
9460.0,10253.296
10679.0,10240.786
11914.0,11646.514
12121.999999999998,12528.304
12454.000000000002,12382.462
12388.000000000002,12594.898
12605.0,12300.467
12449.000000000002,12479.71
12094.999999999998,11912.759
11740.0,11556.373
11246.0,11209.939
11114.0,10755.468
10733.0,10724.848
10134.0,10391.612
10050.0,9904.618
10064.0,9955.163
10272.0,10060.592
10450.0,10220.636
10615.0,10429.222
11051.0,10736.358
11406.0,11203.971
11535.0,11543.502
11765.0,11653.76
11650.0,11769.97
11110.0,11702.002
10543.0,11270.508
11601.0,11211.463
13242.0,12593.645
13225.0,13935.723
13440.0,13416.642
13465.0,13573.334
13660.0,13498.998
13500.0,13432.29
13068.0,13131.91
12524.0,12523.133
12132.999999999998,12002.756
11850.0,11639.767
11591.0,11402.044
10989.0,11152.16
10741.0,10675.7705
10573.0,10557.283
10582.0,10512.474
10884.0,10585.481
11222.0,10942.173
11510.0,11261.025
11764.0,11562.102
11849.0,11824.517
12139.999999999998,12098.878
11899.0,12519.246
11217.0,12396.593
10646.0,11816.799
12086.999999999998,11601.755
13010.0,13416.177
13419.0,13777.342
13555.0,13952.727
13220.0,13876.491
13650.0,13485.424
13300.0,13494.448
12800.0,12820.048
12600.0,12048.202
12350.000000000002,11801.734
12149.999999999998,11578.56
11900.0,11522.533
11100.0,11342.453
10745.0,10738.213
10721.0,10662.829
10896.0,10668.827
1293.0,10857.434
11265.0,11291.958
11699.0,11304.803
11601.0,11755.697
11187.0,11688.075
11267.0,11484.845
10940.0,11743.449
10764.0,11420.404
10255.0,11409.833
11566.0,11164.752
12879.0,12754.492
12962.0,13655.152
13087.0,13309.736
13196.0,13357.449
13215.0,13388.745
13040.0,13101.647
12800.0,12739.082
12400.000000000002,11906.6455
12149.999999999998,11510.42
11750.0,11340.862
11650.0,11089.697
10730.0,10984.41
10267.0,10329.324
10103.0,10212.658
10176.0,10084.823
10162.0,9101.776
10216.0,10560.75
10746.0,10397.945
11242.0,11004.614
10946.0,11400.637
11039.0,11124.396
10779.0,11406.48
10058.0,11287.572
9739.0,10713.492
11069.0,10796.441
12337.000000000002,12397.92
12611.0,13180.782
13049.0,13057.816
13059.0,13276.927
13343.0,13146.65
13220.0,13221.519
12780.0,12745.9
1245.0,12354.392
12099.999999999998,11773.208
11794.0,11370.266
11599.0,11264.571
10824.0,10996.0205
10850.0,10378.232
10900.0,10642.026
11150.0,10645.755
11400.0,10918.45
11489.0,11119.993
11800.0,11391.938
12300.000000000002,11777.645
12192.999999999998,12203.553
12545.0,12224.094
12490.000000000002,12728.112
11940.0,12659.342
11229.0,12307.167
12516.0,12022.729
13931.0,13822.425
14055.0,14670.773
14085.0,14342.96
14087.0,14338.777
14150.0,14265.69
13900.0,13892.247
13250.0,13248.724
13070.0,11172.908
12950.0,12894.177
12750.0,12163.597
12500.000000000002,12199.867
12050.0,11914.546
11723.0,11684.85
11610.0,11573.798
11753.0,11532.636
11865.0,11756.006
12500.000000000002,11915.453
12600.0,12210.208
13020.0,12422.153
13150.0,12589.618
13250.0,12667.001
13100.0,12688.462
12900.0,12507.024
12500.000000000002,12623.0
13400.0,12988.824
14550.0,14481.93
14600.0,14707.245
14849.999999999998,14533.117
14600.0,14766.278
14500.0,13867.489
14300.0,13869.376
14000.0,12977.492
13700.0,12598.509
13150.0,12469.331
13000.0,11549.443
12900.0,11484.479
12800.0,11691.474
12600.0,11588.624
12500.000000000002,11451.687
12650.0,11482.502
12800.0,11693.605
12850.0,11895.479
13200.0,12030.276
13500.0,12600.418
13600.0,12653.363
13650.0,12698.067
13300.0,12860.893
13000.0,12578.603
12219.999999999998,12764.512
14000.0,13144.787
14150.0,14571.657
14180.0,14487.216
14765.0,14793.204
14300.0,14915.714
14300.0,14290.281
14300.0,13901.385
13700.0,13492.209
13500.0,12731.052
13350.0,12500.058
13150.0,12338.862
12950.0,12266.637
12300.000000000002,12167.521
11886.0,11944.129
11923.0,11906.969
12400.000000000002,11977.997
12800.0,11751.073
13150.0,11995.476
13400.0,12232.367
13300.0,12640.212
13200.0,12689.342
13550.0,12686.805
13400.0,12950.894
12950.0,12574.888
12950.0,12765.243
14150.0,13034.003
14600.0,14380.663
14557.0,14489.008
14920.999999999998,14819.856
14899.999999999998,14960.257
14700.0,14723.686
14550.0,13958.194
14000.0,13375.808
13800.0,12510.222
13500.0,12201.519
13400.0,11936.137
13200.0,11948.463
12950.0,11843.965
12650.0,11661.369
12400.000000000002,11776.888
12400.000000000002,11926.115
12750.0,12303.263
12900.0,12542.636
13350.0,12665.045
13300.0,12957.647
13400.0,12960.505
13500.0,13223.173
13100.0,13505.912
12700.0,13194.841
12159.999999999998,13209.069
13370.0,13115.418
14550.0,14668.083
14580.0,15212.19
14780.0,14965.214
14657.0,15083.971
14650.0,14782.966
14550.0,14241.243
13850.0,13629.785
13750.0,12487.54
13450.0,12255.139
13250.0,12018.625
13150.0,11849.861
12800.0,11901.707
12600.0,11675.801
12600.0,11476.92
12950.0,11320.221
13250.0,11691.225
13350.0,11788.558
13500.0,12051.638
13600.0,12408.862
13650.0,12537.435
13700.0,12735.14
13500.0,12802.711
13300.0,12642.391
12550.0,12773.943
13900.0,13395.47
14750.0,14836.877
14899.999999999998,15154.084
14869.999999999998,15071.281
14720.0,15031.019
14700.0,14698.044
14250.0,13985.336
14000.0,13421.255
13750.0,12877.527
13600.0,12579.183
13350.0,12404.951
13150.0,12294.019
12570.0,12172.5
11558.0,11791.791
11340.0,11696.951
11075.0,11555.132
11037.0,11385.313
11179.0,11430.43
11796.0,11728.311
12197.999999999998,12318.681
11739.0,12600.158
11852.0,12161.789
11564.0,12370.395
10993.0,12106.067
10622.0,11739.252
12089.999999999998,11792.756
13457.0,13527.182
13316.0,14327.226
13870.0,13697.012
13890.0,14285.263
13980.0,14043.125
13600.0,13927.132
13300.0,13249.098
12800.0,12991.178
12600.0,12443.3545
12300.000000000002,12019.215
11950.0,11817.67
11600.0,11485.379
11400.0,11177.14
11400.0,11166.68
11650.0,11151.718
11634.0,11423.727
11931.0,11725.239
12339.000000000002,12062.527
12430.000000000002,12523.401
12470.000000000002,12445.51
12850.0,12866.474
12800.0,12956.711
12249.999999999998,12788.05
11520.0,12467.39
12636.0,12354.542
14206.0,14072.486
14398.0,15065.752
14545.0,14766.194
14396.0,14911.841
14480.0,14606.711
14150.0,14231.126
13550.0,13484.414
13250.0,12740.415
12850.0,12513.68
12700.0,12392.955
12400.000000000002,12204.973
11800.0,11948.37
11850.0,11438.8125
11700.0,11645.51
12000.0,11469.18
12400.000000000002,11669.28
12385.000000000002,11970.527
12680.0,12260.166
12933.0,12781.513
12842.0,12931.201
13151.0,13012.246
12750.0,13375.742
12450.000000000002,12819.198
12030.0,12922.774
13245.0,12960.9
14450.0,14610.704
14480.0,15189.146
14485.0,14829.099
14480.0,14840.309
14250.0,14747.84
14100.0,14357.3125
13650.0,13651.225
13450.0,12537.048
13300.0,12604.489
13200.0,12226.4
13000.0,12161.124
12000.0,12014.685
11950.0,11740.189
11875.0,11863.89
12350.000000000002,11758.451
12450.000000000002,12217.911
12775.0,12190.276
13000.0,12581.655
13300.0,12765.236
13300.0,12870.208
13600.0,13016.072
13500.0,12980.724
13060.0,12938.414
12700.0,12786.506
13650.0,13339.871
14875.999999999998,14826.95
14999.999999999998,15499.486
15066.000000000002,14979.588
15060.000000000002,15131.563
15050.000000000002,14704.496
14700.0,14136.979
13900.0,13363.295
13700.0,12534.613
13500.0,12398.464
13400.0,12211.665
13100.0,12179.072
12750.0,11968.693
12600.0,11862.674
12600.0,11894.898
13000.0,11816.145
13100.0,11987.272
13200.0,12107.691
13500.0,12392.112
13600.0,12675.032
13650.0,12996.956
13700.0,12992.292
13600.0,13067.004
13300.0,13128.377
13300.0,13024.292
14350.0,13482.3125
14999.999999999998,14842.809
15100.000000000002,15281.236
15200.000000000002,14998.34
15250.0,15172.897
15150.000000000002,15067.212
14949.999999999998,14038.621
14500.0,13576.678
14350.0,12959.562
14100.0,12847.432
13950.0,12526.727
13700.0,12450.833
13250.0,12317.906
13100.0,12061.844
13150.0,12069.345
13450.0,11870.298
13550.0,11976.856
13700.0,12160.656
14200.0,12349.0
14200.0,12916.373
14150.0,12904.305
14200.0,13087.466
14100.0,13127.334
13800.0,13085.571
13900.0,13226.037
14600.0,13557.07
15450.0,14712.415
15550.0,15171.01
15600.0,14891.89
15500.0,15152.147
15450.0,14839.349
15200.000000000002,14492.788
14800.0,13902.866
14500.0,13171.789
14400.0,12796.14
14300.0,12791.752
14100.0,12610.478
13850.0,12616.201
13600.0,12379.353
13600.0,12253.357
13650.0,12199.764
13900.0,11972.432
14150.0,12271.05
14250.0,12498.513
14200.0,12716.061
14150.0,13040.514
14200.0,13025.047
14100.0,13361.488
13800.0,13356.626
13400.0,13581.653
14500.0,13827.031
14999.999999999998,15311.784
15100.000000000002,15196.809
15499.0,15235.848
15530.0,15787.853
15450.0,15377.127
15150.000000000002,14856.93
14700.0,14057.799
14500.0,13286.549
14400.0,13111.486
14200.0,12887.405
14000.0,12713.973
13500.0,12573.081
12950.0,12306.936
12600.0,12306.688
12350.000000000002,12013.951
12199.999999999998,11993.498
12249.999999999998,11931.594
12491.000000000002,12084.457
12600.0,12856.209
12325.000000000002,12851.575
12600.0,12687.529
12500.000000000002,12996.9
11950.0,12994.48
11250.0,12593.426
12600.0,12366.582
13580.0,13942.569
13740.0,14449.7295
14344.0,14379.504
14450.0,14851.677
14600.0,14612.189
14000.0,14685.677
13600.0,13230.097
13300.0,13016.205
13000.0,12877.762
12900.0,12649.9795
12099.999999999998,12690.734
11990.0,12126.582
11900.0,12005.619
12000.0,11920.569
12174.999999999998,12035.799
12500.000000000002,12204.703
12800.0,12536.6875
13200.0,12876.848
13340.0,13094.858
13550.0,13066.013
13530.0,13545.868
13450.0,13662.421
12600.0,13838.432
13870.0,13159.7
14949.999999999998,15126.866
15100.000000000002,15352.734
15300.0,15264.283
15370.0,15451.81
15600.0,15310.824
14300.0,15018.787
14500.0,14253.548
14200.0,13160.913
14100.0,13006.689
13900.0,12796.896
13700.0,12714.338
13200.0,12647.741
13100.0,12541.584
13000.0,12439.616
13200.0,12373.08
13500.0,12547.078
13700.0,12889.729
14100.0,13144.605
14250.0,13473.753
14300.0,13434.619
14400.0,13658.254
14300.0,13895.006
14100.0,13893.506
13500.0,13985.124
14800.0,13855.567
14999.999999999998,15256.431
15100.000000000002,15220.566
15300.0,15148.805
15250.0,15333.824
15150.000000000002,15150.004
14750.0,14449.046
14100.0,14249.886
13900.0,13588.865
13750.0,13506.974
13600.0,13185.0625
13400.0,12977.901
13000.0,12895.899
12900.0,12656.688
12950.0,12691.088
13400.0,12620.403
13500.0,12827.633
13700.0,12872.605
14200.0,13239.502
14250.0,13756.794
14050.0,13796.975
14250.0,13208.352
14000.0,13721.857
13800.0,13615.998
13600.0,13746.42
14700.0,14254.207
15450.0,15327.826
15400.0,15527.068
15550.0,15301.442
15500.0,15564.372
15300.0,15310.288
14949.999999999998,14946.488
14600.0,14103.267
14300.0,13721.981
14000.0,13450.417
13800.0,12979.823
13600.0,12916.406
13300.0,12941.057
13200.0,12774.378
13250.0,12662.395
13350.0,12732.112
13500.0,12744.503
13700.0,12736.415
14200.0,13219.234
14300.0,13446.389
14250.0,13646.746
14350.0,13814.839
14200.0,13839.397
14000.0,13872.783
13420.0,14050.241
14570.0,14120.029
15500.0,15431.842
15280.0,15459.002
15520.0,15316.796
15500.0,15755.965
15500.0,15467.113
15350.0,15074.497
14849.999999999998,14380.881
14500.0,13670.337
14250.0,13399.408
14100.0,13212.955
13750.0,13043.075
13400.0,12867.592
13000.0,12728.9795
12800.0,12644.533
13000.0,12616.996
13200.0,12762.706
13600.0,12918.007
13900.0,13309.587
14100.0,13615.967
14050.0,13933.651
14150.0,13871.6875
1400.0,13946.43
13600.0,14030.506
13100.0,13822.209
14400.0,13826.098
15300.0,15467.465
15200.000000000002,15629.917
15420.0,15285.908
15280.0,15637.722
15250.0,15192.18
14849.999999999998,15108.845
14200.0,14179.562
14000.0,13305.443
13800.0,13066.246
13750.0,12772.7295
13550.0,12805.102
12650.0,12508.725
12500.000000000002,12287.764
12525.0,12127.261
12800.0,12161.531
13300.0,12412.03
13650.0,12895.346
13800.0,13047.188
14000.0,13407.818
14050.0,13697.725
13900.0,13612.205
13840.0,12482.845
13530.0,14290.507
12850.0,13666.071
14389.0,13850.937
15200.000000000002,15513.251
15160.000000000002,15486.394
14999.999999999998,15392.43
15150.000000000002,14581.45
15150.000000000002,15234.921
14600.0,14642.67
14100.0,13615.868
13900.0,13327.484
13750.0,12780.158
13250.0,12624.318
13150.0,12576.508
12300.000000000002,12491.169
12069.999999999998,11976.979
11679.0,11849.572
11426.0,11665.47
11611.0,11569.819
11800.0,11761.726
12117.999999999998,11975.675
12600.0,12312.123
12214.999999999998,12912.063
12460.000000000002,12515.77
12224.999999999998,12932.276
11640.0,12711.351
11159.0,12273.672
12760.0,12380.102
13800.0,14119.357
13780.0,14473.705
14300.0,14158.863
14350.0,14669.663
14390.0,14458.027
14330.0,14425.639
14000.0,13881.796
13500.0,13528.044
13170.0,13035.122
12880.0,12677.125
12740.0,12462.272
12189.999999999998,12359.0625
12199.999999999998,11901.449
12040.0,11999.307
12199.999999999998,11801.108
12300.000000000002,12124.337
12320.000000000002,12190.177
12656.0,11693.801
13158.0,12622.53
13142.0,13220.622
13463.0,13231.525
13332.0,13651.959
12935.0,13540.981
12505.000000000002,13444.379
14165.0,13515.636
14989.999999999998,15306.219
14999.999999999998,15258.091
15175.000000000002,15368.877
15200.000000000002,15428.791
15100.000000000002,15361.803
14899.999999999998,14970.284
14400.0,14008.498
14100.0,13462.602
13800.0,13044.917
13400.0,12831.714
13300.0,12387.556
13200.0,12493.616
13170.0,12454.086
13180.0,12505.413
13400.0,12363.716
13650.0,12289.858
13850.0,12508.152
14150.0,12839.814
14500.0,13477.051
14490.0,13657.703
14550.0,13857.871
14450.0,13918.043
14200.0,13925.754
13700.0,13851.855
15200.000000000002,14311.518
15350.0,15990.994
15400.0,15412.791
15700.0,15541.379
15700.0,15840.542
15650.0,15467.192
15450.0,15373.885
14700.0,14173.379
14500.0,13682.735
14350.0,13512.874
14300.0,13140.719
14000.0,13122.199
13700.0,12977.255
13500.0,12812.109
13550.0,12785.232
13900.0,12785.536
14300.0,12674.581
14550.0,13153.342
14750.0,13558.531
14500.0,13873.555
14670.0,13376.347
14150.0,13956.175
13850.0,13570.739
13400.0,14031.733
14949.999999999998,14080.015
15100.000000000002,16099.068
14999.999999999998,15303.138
15220.000000000002,15290.818
14899.999999999998,15565.821
14849.999999999998,14921.348
14800.0,15087.111
14400.0,14107.901
14200.0,13957.63
14100.0,13452.838
14000.0,13351.608
13900.0,13226.684
13500.0,13195.695
13300.0,12841.272
13450.0,12670.758
13550.0,12768.335
13900.0,12750.519
13500.0,13141.587
13300.0,13094.709
12400.000000000002,13368.353
11970.0,12594.1455
11814.0,12748.943
11870.0,12800.651
11248.0,12985.368
11299.0,12560.872
13291.0,12956.586
13970.0,14904.817
13950.0,14832.543
14050.0,14626.86
13900.0,14482.07
13800.0,14225.249
13800.0,14000.297
13450.0,13837.778
12650.0,13048.905
12350.000000000002,12536.999
12249.999999999998,12350.139
12000.0,12299.148
11500.0,12035.53
11430.0,11597.702
11500.0,11719.331
11768.0,11820.503
11950.0,12130.458
12129.999999999998,12126.563
12350.000000000002,12244.416
12580.0,12316.765
12590.0,12563.244
13000.0,12707.485
12800.0,12998.779
12300.000000000002,12702.187
11900.0,12638.056
13850.0,12665.827
14500.0,14770.789
14600.0,14809.713
14550.0,14724.559
14500.0,14590.091
14350.0,14549.491
14150.0,14306.496
13700.0,13706.377
13100.0,12856.985
13100.0,12501.344
12800.0,12418.564
12500.000000000002,12274.312
11800.0,12087.403
11700.0,11506.538
11670.0,11664.369
11850.0,11591.629
12199.999999999998,11831.05
12600.0,12160.961
12900.0,12548.593
13000.0,12834.57
13025.0,12855.455
13100.0,12806.217
13000.0,13035.019
12417.000000000002,12955.659
11912.0,12757.951
13950.0,12807.045
14670.0,14921.674
14573.0,14708.119
14841.999999999998,14790.193
14550.0,14994.364
14500.0,14515.853
14200.0,14355.295
13600.0,13269.709
13400.0,12745.052
13200.0,12487.637
13000.0,12224.55
12800.0,12068.848
12050.0,12014.746
11550.0,11434.172
11300.0,11280.425
11100.0,11200.938
10907.0,11094.256
11110.0,11160.845
11689.0,11512.739
12219.999999999998,12015.721
11350.0,12416.705
10920.0,11682.943
10388.0,11560.383
10267.0,11243.51
10230.0,11353.506
12344.000000000002,11653.112
13083.0,13842.583
13044.0,13835.923
13395.0,13624.452
13501.0,13881.157
13650.0,13770.372
13461.0,13783.327
13000.0,13389.157
12730.0,12798.424
12320.000000000002,12475.718
12129.999999999998,11988.78
11900.0,11918.265
11380.0,11723.39
11130.0,11301.642
11132.0,11226.958
11720.0,11247.906
11930.0,11803.739
12199.999999999998,11937.108
12650.0,12207.555
12800.0,12654.339
12600.0,12674.239
12720.0,12660.028
12450.000000000002,12802.668
11970.0,12496.213
11653.0,12461.687
13524.0,12561.329
14207.0,14708.983
14171.0,14466.762
14217.0,14415.289
14100.0,14438.213
14000.0,14173.856
13650.0,13732.27
13200.0,12849.509
13000.0,12437.753
12400.000000000002,12281.123
12000.0,11909.501
11520.0,12035.388
11250.0,11646.098
11050.0,11476.744
11150.0,11310.181
11300.0,11564.809
11340.0,11660.015
11520.0,11700.583
11850.0,12035.152
12159.999999999998,12299.805
11960.0,12501.546
12050.0,12312.857
11875.0,12554.231
11800.0,12366.703
11590.0,12381.872
13125.0,12554.552
13600.0,14228.495
13500.0,14071.849
13640.0,13918.77
13572.0,13926.572
13600.0,13820.327
13250.0,13429.349
12450.000000000002,12922.023
12000.0,12263.56
11700.0,12080.888
11200.0,11630.904
10700.0,11095.603
10177.0,10812.315
10335.0,10514.5
10491.0,10786.512
10750.0,10955.83
11087.0,11114.162
11200.0,11553.642
11550.0,11624.623
11600.0,11937.505
11148.0,11945.169
11294.0,11644.462
11063.0,11887.423
11070.0,11686.411
10820.0,11722.098
12461.000000000002,11665.34
12669.0,13403.717
12711.0,13051.33
12729.0,13120.415
12469.000000000002,12979.087
12172.999999999998,12645.613
11915.0,12335.953
11378.0,11951.286
10981.0,11456.496
10679.0,11029.529
10461.0,10704.973
10186.0,10492.634
9643.0,10255.182
9525.0,9836.827
9714.0,9862.843
10024.0,10135.911
10410.0,10500.316
10634.0,10789.765
10921.0,10944.932
11301.0,11217.852
11341.0,11536.248
11496.0,11639.029
11158.0,11827.613
10862.0,11494.363
10590.0,11316.863
12491.000000000002,11324.061
13253.0,13327.769
12963.0,13484.459
12846.0,12992.845
12787.0,12858.53
12717.0,12747.151
12634.0,12576.898
12001.0,12426.39
11500.0,11720.149
11400.0,11220.624
10990.0,12282.715
10616.0,10421.549
10366.0,10464.838
10285.0,10279.916
10552.0,10349.086
11080.0,10644.724
11549.0,11097.964
11975.0,11429.985
12257.999999999998,11877.211
12600.0,12227.986
12650.0,12435.072
12800.0,12565.83
12550.0,12635.483
12000.0,12524.543
11650.0,12187.77
13400.0,12313.336
13900.0,14298.361
13680.0,14023.465
13776.0,13896.261
13730.0,13919.721
13650.0,13782.205
13300.0,13611.012
12041.0,12662.186
12550.0,12217.497
12350.000000000002,12039.832
11850.0,11864.834
11730.0,11623.355
11250.0,11558.25
11150.0,11056.347
11075.0,11130.365
11425.0,11060.522
11800.0,11565.55
12084.999999999998,11910.952
12500.000000000002,12080.957
12650.0,12303.373
12700.0,12522.703
12880.0,12639.732
12560.0,12752.204
12099.999999999998,12698.776
11720.0,12463.706
13410.0,12528.096
14047.0,14477.983
13999.0,14377.697
14026.0,14233.212
13810.0,14212.462
13650.0,13913.093
13220.0,13520.688
12850.0,12551.851
12700.0,12303.969
12550.0,12056.451
12249.999999999998,11867.751
12149.999999999998,11751.841
11350.0,11700.911
11000.0,11052.9
10925.0,10949.6045
10650.0,10971.573
10698.0,10829.861
10939.0,11012.184
11396.0,11262.977
11773.0,11667.525
1182.0,11928.092
11248.0,11438.591
10672.0,11691.143
10465.0,11235.22
10107.0,11279.552
12491.000000000002,11180.502
13205.0,13817.459
13095.0,13637.255
13333.0,13435.848
13396.0,13580.024
13510.0,13514.405
12402.000000000002,13332.19
12750.0,12338.4375
12500.000000000002,12051.917
12259.999999999998,11709.754
12050.0,11437.816
12000.0,11319.065
11300.0,11304.274
11100.0,10820.914
11000.0,11061.112
11300.0,10901.699
11500.0,11291.728
11900.0,11396.698
12199.999999999998,11929.779
12300.000000000002,12090.578
12325.000000000002,10900.869
12300.000000000002,12895.676
12050.0,12245.455
11640.0,12488.895
11485.0,12117.373
13385.0,12581.877
13889.0,14577.79
13910.0,14231.401
13835.0,14239.959
13695.0,14124.264
13370.0,13959.905
13130.0,13311.009
12520.0,12919.1
12139.999999999998,12376.46
12060.0,12081.107
11420.0,11939.643
11240.0,11292.507
10850.0,11261.599
10750.0,10949.77
10690.0,10898.1
10900.0,11136.537
11100.0,11276.305
11270.0,11559.17
11660.0,11745.114
11671.0,12114.798
11639.0,12036.135
11952.0,12074.833
11837.0,12384.295
11370.0,12232.995
11228.0,11976.948
12826.0,12332.487
13665.0,14088.561
13618.0,14258.21
13365.0,13993.674
13202.0,13688.726
13075.0,13542.818
12850.0,13224.62
12274.999999999998,12975.785
11900.0,12443.38
11650.0,12214.621
11475.0,11704.048
11240.0,11540.225
10700.0,11239.054
10800.0,10820.879
10790.0,10984.748
11235.0,10962.214
11600.0,11396.867
12139.999999999998,11732.492
12550.0,12250.042
12600.0,12420.607
12500.000000000002,12415.311
12850.0,12532.994
12550.0,12914.529
12279.999999999998,12759.559
11880.0,12688.595
13740.0,12633.782
14200.0,14665.578
14090.0,14349.793
14100.0,14238.231
1400.0,14175.47
13950.0,14004.005
13800.0,13501.555
13400.0,13092.605
12900.0,12619.9375
12600.0,12200.342
12400.000000000002,11998.931
12249.999999999998,11829.415
11550.0,11689.202
10927.0,11189.124
10875.0,10996.046
10791.0,11001.364
10906.0,10976.391
11189.0,11195.06
11476.0,11499.864
11896.0,11781.492
11841.0,12237.59
11701.0,12206.334
11502.0,12174.395
11222.0,12171.874
10907.0,12010.633
12981.0,12040.617
13455.0,14229.045
13398.0,13861.898
13904.0,13728.949
13850.0,12564.076
13800.0,14545.566
13780.0,13662.457
13000.0,13591.442
12570.0,12698.594
12400.000000000002,12268.09
12000.0,12040.73
11900.0,11688.325
11630.0,11624.436
11520.0,11452.283
11665.0,11406.866
12030.0,11553.858
12450.000000000002,11817.101
12650.0,12207.207
13000.0,12117.798
13100.0,12384.01
13050.0,12692.009
13200.0,12761.539
12850.0,12848.585
12650.0,12794.021
12450.000000000002,12899.364
14230.0,13197.3
14650.0,14763.895
14650.0,14519.235
14750.0,14575.357
14600.0,14591.119
14600.0,14187.196
13650.0,13849.264
13350.0,12631.206
13250.0,12590.401
12950.0,12254.525
12800.0,11970.108
12600.0,11918.805
12249.999999999998,11800.341
12000.0,11659.763
12199.999999999998,11602.107
12450.000000000002,11567.187
12600.0,11737.192
13000.0,11937.557
13400.0,12186.418
13600.0,12401.023
13500.0,12582.3125
13650.0,12482.958
13350.0,12410.194
13050.0,12766.526
12900.0,13068.332
14350.0,13694.1
14600.0,14832.819
14700.0,14753.193
14849.999999999998,14857.349
14800.0,14824.246
14650.0,14369.603
14500.0,13996.88
14050.0,13517.94
13750.0,12807.513
13650.0,12494.88
13350.0,12411.672
13050.0,12228.897
12500.000000000002,11969.746
11600.0,11694.591
11550.0,11504.628
11100.0,11506.753
11050.0,11060.502
11000.0,11214.973
11453.0,11372.466
11864.0,11960.505
11734.0,12367.304
11970.0,12292.812
11903.0,12718.627
11420.0,12627.912
10740.0,12285.122
12825.0,12017.351
13650.0,14280.817
13750.0,14283.101
13957.0,14231.332
14100.0,14314.564
14150.0,14344.154
13775.0,14050.084
13500.0,12975.401
13300.0,12607.431
13150.0,12318.541
13000.0,12147.105
12800.0,12082.931
12400.000000000002,11808.69
12050.0,11467.96
11850.0,11268.685
12050.0,11280.309
11993.0,11423.091
12111.999999999998,11870.352
12365.000000000002,12168.178
12515.0,12609.215
12650.0,12734.533
12800.0,12811.284
12600.0,12687.172
12500.000000000002,12673.044
12223.999999999998,12821.019
14100.0,13300.253
14500.0,14880.337
14430.0,14465.602
14700.0,14587.143
14450.0,14666.887
14400.0,14397.3955
14200.0,13776.993
13900.0,13144.463
13800.0,12639.923
13700.0,12455.593
13600.0,12283.497
13400.0,12273.647
13100.0,12203.1045
12800.0,12020.447
12900.0,11876.228
13050.0,11984.709
13200.0,11737.75
13550.0,12185.618
13600.0,12689.879
13950.0,13044.681
13850.0,13309.574
14000.0,13184.833
13800.0,13369.925
13450.0,13417.822
13000.0,13734.956
14750.0,13812.968
14899.999999999998,15575.139
14899.999999999998,14926.755
15200.000000000002,15129.745
14999.999999999998,15316.614
14800.0,14865.082
14400.0,14187.384
14000.0,13628.172
13800.0,13347.105
13700.0,13247.761
13600.0,12962.627
13500.0,12849.171
13000.0,12751.031
12900.0,12597.813
12850.0,12209.316
13100.0,12016.266
13350.0,12343.035
13100.0,12716.512
13150.0,12923.497
13600.0,13306.658
13550.0,13356.661
13750.0,13391.882
13650.0,13302.911
13550.0,13393.383
13150.0,13574.91
14849.999999999998,14002.332
15250.0,15296.853
15200.000000000002,15003.721
15360.0,15123.1455
15200.000000000002,15179.23
15100.000000000002,14894.824
14800.0,13972.1455
14200.0,13737.183
13950.0,12997.417
13800.0,12771.785
13700.0,12604.011
13500.0,12512.29
13250.0,12410.619
13000.0,12257.249
13100.0,12208.499
13200.0,12280.963
13250.0,12348.046
13300.0,12613.709
13380.0,13131.304
13450.0,13536.47
13500.0,13691.176
13150.0,13822.171
13050.0,13414.683
12650.0,13511.443
12249.999999999998,13238.103
14500.0,13193.932
14450.0,15441.64
14300.0,14611.316
14513.0,14686.29
14300.0,14761.363
14150.0,14493.92
14050.0,14296.864
13350.0,13951.136
13150.0,13119.966
12700.0,12950.651
12450.000000000002,12470.913
12000.0,12294.386
11500.0,11924.138
11300.0,11609.396
11048.0,11518.071
11650.0,11568.808
11750.0,11883.37
12139.999999999998,12052.594
12600.0,12426.864
12730.0,12725.95
12638.0,12858.626
12701.0,12724.506
12600.0,13037.907
12320.000000000002,13012.026
11811.0,12827.713
13830.0,12839.722
14180.0,14864.145
14180.0,14514.742
14194.0,14536.061
13900.0,14383.1045
13875.0,14046.872
13600.0,13843.775
13050.0,13329.766
12750.0,12903.832
12425.000000000002,12437.371
12300.000000000002,12040.773
12050.0,11910.624
11650.0,11695.253
11460.0,11386.666
11500.0,11299.762
11650.0,11441.264
11800.0,11568.172
12231.999999999998,11981.484
12731.0,12556.213
12868.0,12917.218
12510.0,12950.852
12412.000000000002,12680.838
12197.999999999998,12692.304
12000.0,12554.933
11848.0,12521.641
13945.0,12770.164
14215.0,14916.441
14225.0,14406.066
13995.0,14491.226
13665.0,14128.838
13610.0,13879.269
13360.0,13707.432
12830.0,13152.848
12450.000000000002,12701.645
12050.0,12220.581
11750.0,11806.625
11350.0,11639.459
10750.0,11256.814
10257.0,10819.573
10188.0,10491.813
9846.0,10603.294
9794.0,10294.436
9912.0,10406.777
10484.0,10591.703
11044.0,11075.345
10376.0,11552.5
10186.0,10839.95
9642.0,10890.428
9580.0,10382.223
9705.0,10574.951
11768.0,10992.679
12246.999999999998,13038.68
12097.999999999998,12747.057
12277.999999999998,12517.845
12261.999999999998,12633.25
12229.999999999998,12541.698
12130.999999999998,12409.784
11651.0,12299.85
11286.0,11768.251
10978.0,11232.318
10566.0,10912.573
10283.0,10554.715
9880.0,10370.333
9748.0,10019.573
9901.0,10070.271
10150.0,10241.191
10059.0,10428.221
10444.0,10332.879
10904.0,10891.432
11303.0,11297.334
11377.0,11526.032
11496.0,11582.429
11310.0,11725.187
11037.0,11606.86
11093.0,11511.2705
13284.0,11951.241
13560.0,14161.467
13450.0,13486.924
13500.0,13539.314
13287.0,13485.219
13280.0,13239.999
13000.0,13169.143
12450.000000000002,12845.051
12000.0,12253.995
11680.0,11755.491
11240.0,11465.514
11100.0,11082.859
10775.0,11065.761
10650.0,10797.789
10550.0,10829.855
10930.0,10735.294
11483.0,11176.145
11738.0,11764.092
12365.000000000002,11905.655
12614.0,12629.384
12501.000000000002,12680.36
12715.0,12612.704
12505.000000000002,12997.417
12085.999999999998,12804.252
11756.0,12591.735
14300.0,12709.047
14350.0,15366.745
14340.0,14291.953
13875.0,14623.396
14163.0,13883.318
14000.0,14524.966
13700.0,13864.039
13150.0,13438.772
12800.0,12730.904
12700.0,12556.431
12149.999999999998,12280.082
11900.0,11960.918
11550.0,11855.707
11240.0,11592.096
11470.0,11319.85
11470.0,11664.35
11850.0,11565.971
12450.000000000002,11973.1455
12600.0,12061.716
12900.0,12238.888
13000.0,12639.53
13100.0,12717.348
12800.0,12887.419
12750.0,12954.307
12176.999999999998,13314.061
14200.0,13185.099
14490.0,15079.171
14550.0,14704.097
14540.0,14672.023
14400.0,14614.998
14400.0,14383.144
14100.0,14031.647
13650.0,13169.968
13400.0,12843.11
13300.0,12556.202
13000.0,12385.203
12600.0,12293.434
12099.999999999998,12168.27
12050.0,11790.933
11950.0,11907.09
12330.000000000002,11857.621
12700.0,12296.704
13020.0,12659.443
13382.0,13022.757
13800.0,13376.163
13550.0,13678.53
13600.0,13431.818
13530.0,13748.141
13150.0,13798.431
12650.0,13529.335
14600.0,13603.561
14800.0,15292.862
14849.999999999998,14671.9375
14999.999999999998,14881.493
14800.0,15180.191
14700.0,14823.088
14500.0,14143.015
14300.0,13767.698
14000.0,13300.973
13700.0,13027.852
13500.0,12942.326
13300.0,12763.181
12850.0,12706.234
12500.000000000002,12395.761
12480.000000000002,12316.917
12780.0,12393.076
13000.0,12618.515
13270.0,12835.566
13490.0,13238.185
13700.0,13394.247
13700.0,13636.495
14000.0,13569.765
13750.0,13843.903
13300.0,13648.368
13100.0,13461.54
14899.999999999998,14024.499
14899.999999999998,15402.398
14999.999999999998,15093.39
15300.0,15328.516
15250.0,15346.888
15200.000000000002,15127.364
14800.0,14543.267
14300.0,13852.051
14000.0,13238.469
13800.0,12932.454
13600.0,12862.639
13500.0,12772.092
12800.0,12763.999
12500.000000000002,12393.955
12750.0,12370.035
12900.0,12722.009
13000.0,12622.139
13650.0,12486.149
13800.0,13390.74
13700.0,13379.079
13550.0,13329.726
13600.0,13248.6045
13400.0,13210.938
13400.0,13290.677
13300.0,13691.642
14849.999999999998,13787.344
14949.999999999998,15249.896
14999.999999999998,14802.014
15300.0,15137.069
15250.0,15340.276
15100.000000000002,14879.242
14849.999999999998,14635.623
14300.0,13687.309
14000.0,13387.246
13800.0,12859.818
13700.0,12639.151
13450.0,12621.134
12900.0,12283.217
12650.0,11875.021
12500.000000000002,11788.61
12600.0,11746.788
12199.999999999998,11985.98
12099.999999999998,12070.159
12500.000000000002,12320.333
12830.0,12723.179
11950.0,13097.07
12129.999999999998,12360.187
11830.0,12863.949
11490.0,12597.997
11280.0,12504.893
13670.0,12591.284
13970.0,15011.782
14200.0,14459.347
14380.0,14747.4375
14450.0,14745.765
14400.0,14735.349
13800.0,14272.927
13650.0,12683.475
13350.0,12709.043
13350.0,12440.924
13300.0,12310.919
13100.0,12244.745
12600.0,12182.41
12000.0,12082.801
12099.999999999998,12079.987
12149.999999999998,12186.264
12300.000000000002,12083.408
12396.000000000002,12254.2295
12764.0,12640.965
13242.0,13122.249
13288.0,13473.981
13305.0,13415.462
13400.0,13535.216
13150.0,13740.648
12900.0,13590.739
14600.0,13739.865
14849.999999999998,15454.125
14889.999999999998,15044.349
15100.000000000002,15145.587
14800.0,15271.721
14700.0,14789.534
13450.0,14462.765
13000.0,12846.78
12350.000000000002,12272.466
11050.0,11925.8545
10900.0,11194.902
10450.0,11372.734
10470.0,10941.489
10670.0,10949.165
11250.0,11122.179
12069.999999999998,11643.666
12544.0,12379.218
13295.0,12699.044
13530.0,13359.161
13600.0,13547.97
13800.0,13646.586
13500.0,13572.709
13200.0,13623.594
12900.0,13835.251
14700.0,13489.887
14849.999999999998,15297.346
14949.999999999998,14717.625
15100.000000000002,14986.506
15150.000000000002,15132.014
14067.0,14801.456
14200.0,14519.159
14200.0,13679.715
13700.0,13321.405
13400.0,13371.57
13100.0,12759.833
12700.0,12589.038
12000.0,12242.521
11750.0,11741.7705
11550.0,11948.965
11800.0,11785.97
12300.000000000002,12127.313
12760.0,12623.193
13230.0,13033.625
13400.0,13367.253
13600.0,13524.632
13700.0,13702.004
13700.0,13505.318
13250.0,13603.822
13100.0,13556.476
14600.0,14034.295
15200.000000000002,15337.68
15150.000000000002,15191.85
15100.000000000002,15037.236
14999.999999999998,14643.501
14800.0,14444.64
14400.0,13870.375
14000.0,13334.918
13800.0,13065.677
13700.0,12811.433
13500.0,12703.136
13300.0,12515.911
12600.0,12494.882
12500.000000000002,12161.628
12600.0,12219.962
12900.0,12262.915
13000.0,12574.798
13550.0,12702.98
13900.0,13379.339
14100.0,13754.557
14000.0,13954.954
14150.0,13737.4375
13850.0,13763.078
13400.0,13294.415
13100.0,13737.293
14949.999999999998,13841.401
15250.0,15528.578
15150.000000000002,15151.199
15350.0,15087.95
15200.000000000002,15156.415
14899.999999999998,14768.683
14400.0,14219.8125
13900.0,13408.534
13850.0,12869.78
13800.0,12759.946
13700.0,12558.951
13400.0,12447.168
13000.0,12107.507
12700.0,11957.755
12600.0,12029.174
12750.0,12045.817
12800.0,12083.513
13000.0,12295.488
13400.0,12484.574
13500.0,12978.185
13550.0,13292.957
13600.0,13344.4
13400.0,13010.766
13000.0,13280.803
12700.0,13413.078
14300.0,13634.723
14400.0,14879.789
14600.0,14546.42
14700.0,14830.338
14650.0,14872.347
14600.0,14697.714
14450.0,14281.705
13800.0,13284.644
13600.0,12690.039
13500.0,12469.796
13300.0,12278.886
13100.0,12093.5
12750.0,11997.33
12199.999999999998,11863.923
12000.0,11891.848
12199.999999999998,11713.591
12600.0,11932.323
12750.0,12155.078
13200.0,12430.952
13300.0,12841.632
13500.0,12845.0
13600.0,13083.633
13400.0,12915.075
13000.0,12986.146
12550.0,13014.072
14000.0,13331.081
14300.0,14536.236
14350.0,14254.276
14500.0,14368.079
14500.0,14795.92
14450.0,14424.936
14150.0,14052.8955
13500.0,13264.742
13300.0,12603.08
13100.0,12435.56
12800.0,12168.991
12500.000000000002,11977.013
11700.0,11908.197
11060.0,11467.539
10570.0,11138.078
10296.0,10849.951
10335.0,10724.163
10430.0,10983.474
10585.0,11068.095
11191.0,11285.25
10753.0,11870.244
10764.0,11283.415
10423.0,11515.183
10372.0,11177.094
10312.0,11327.955
12667.0,11502.133
13009.0,13956.438
12987.0,13472.423
13300.0,13488.569
13280.0,13648.462
13280.0,13484.871
13180.0,13150.691
12600.0,12913.205
12199.999999999998,12459.952
11900.0,12003.761
11600.0,11694.173
11500.0,11425.843
11200.0,11356.772
10950.0,11137.443
10958.0,10963.15
11150.0,11066.459
11400.0,11070.989
11690.0,11275.935
12035.0,11612.778
12209.999999999998,12100.47
12420.000000000002,12183.9
12700.0,12494.917
12600.0,12450.103
12400.000000000002,12783.959
12279.999999999998,12757.854
14650.0,13373.173
14700.0,15333.069
14800.0,14655.903
14999.999999999998,14948.243
14800.0,15051.536
14700.0,14466.777
14300.0,14204.964
13800.0,13394.189
13500.0,12948.001
13300.0,12451.056
13200.0,12405.261
13000.0,12388.056
12300.000000000002,12330.258
12199.999999999998,11912.966
12149.999999999998,12045.686
12450.000000000002,12003.146
12920.0,12262.36
13070.0,12759.201
13350.0,12984.413
13550.0,13108.066
13700.0,13417.523
13650.0,13599.176
13150.0,13874.497
13000.0,13402.454
14949.999999999998,13488.439
15150.000000000002,15839.911
15250.0,14942.654
15370.0,15310.0205
15200.000000000002,15209.031
14999.999999999998,14883.642
14800.0,14689.482
14500.0,14175.269
14100.0,13601.508
13800.0,13362.989
13700.0,13001.373
13500.0,12854.184
13100.0,12751.723
12400.000000000002,12569.282
12600.0,12317.485
12800.0,12586.358
13100.0,12726.202
13400.0,13142.455
13500.0,13426.446
13800.0,13608.765
13750.0,13924.827
13700.0,13840.093
13400.0,13836.841
13200.0,13614.842
13050.0,13858.008
14999.999999999998,13983.906
15100.000000000002,15947.856
15175.000000000002,15278.239
15100.000000000002,15420.704
14999.999999999998,15111.58
14929.999999999998,14953.1455
14650.0,14539.58
14200.0,14127.399
13950.0,13663.685
13550.0,13344.202
13200.0,12902.796
13050.0,12810.421
12900.0,12574.387
12400.000000000002,12314.529
12300.000000000002,12232.4795
12450.000000000002,12267.764
12850.0,12364.381
13100.0,12918.649
13435.0,13118.927
13425.0,13361.28
13200.0,13446.269
13600.0,13381.819
13300.0,13815.958
13000.0,13553.602
12700.0,13526.4795
14600.0,13584.037
14650.0,15373.709
14700.0,14870.914
14800.0,15009.502
14770.0,14967.017
14750.0,14903.813
14450.0,14342.615
13800.0,14071.304
13450.0,13219.658
13150.0,12908.285
12900.0,12560.547
12600.0,12427.678
12050.0,12291.502
11750.0,11779.797
11750.0,11640.681
11900.0,11713.478
12300.000000000002,11820.936
12540.0,12287.801
12780.0,12670.19
13030.0,12831.923
13100.0,13125.525
13350.0,13378.446
13150.0,13530.181
12600.0,13464.34
12350.000000000002,13121.166
14600.0,13333.508
14750.0,15676.44
14800.0,14975.605
14829.999999999998,15068.534
14650.0,14947.45
14600.0,14723.739
14200.0,14386.051
13900.0,13924.079
13550.0,13502.5
13200.0,13007.328
12900.0,12679.322
12500.000000000002,12414.225
12000.0,12062.655
11875.0,11813.402
11725.0,11795.906
11850.0,11728.912
11852.0,11895.971
12347.000000000002,11979.268
12610.0,12486.656
12985.0,12778.887
12830.0,13137.822
12930.0,12953.135
12900.0,13197.389
12500.000000000002,13145.18
12300.000000000002,12928.159
14450.0,13209.285
14350.0,15347.398
14450.0,14527.2705
14350.0,14801.029
14370.0,14482.145
14450.0,14539.702
14250.0,14252.9
13750.0,13893.06
13400.0,13263.645
13100.0,12890.642
12800.0,12530.156
12450.000000000002,12281.387
11480.0,11995.606
11250.0,11540.446
10950.0,11165.1045
10800.0,10980.46
10700.0,10883.657
10927.0,10998.712
11455.0,11318.31
12111.999999999998,11885.693
11825.0,12525.501
12026.0,12121.153
11635.0,12534.672
11350.0,12073.498
11050.0,12117.922
13650.0,12215.082
13900.0,14819.281
13850.0,14145.499
14050.0,14196.568
14150.0,14282.01
14250.0,14253.277
14150.0,14129.456
13650.0,13702.573
13250.0,13177.248
13000.0,12660.631
12700.0,12429.231
12500.000000000002,12153.42
11950.0,12005.527
11950.0,11562.239
11850.0,11787.021
11800.0,11605.005
11900.0,11560.913
12002.0,11705.292
12675.0,12254.937
12800.0,12850.919
12975.0,12866.771
13225.0,13269.991
13275.0,13393.276
13075.0,13415.473
12900.0,13465.854
14849.999999999998,13930.558
15050.000000000002,15750.242
15100.000000000002,15148.608
15350.0,15337.865
15300.0,15386.858
15300.0,15113.561
14899.999999999998,14675.681
14500.0,13659.874
14350.0,13392.364
14050.0,13139.877
13900.0,12833.795
13750.0,12863.353
13350.0,12746.316
12900.0,12519.82
12950.0,12554.353
13100.0,12421.81
13500.0,12680.966
13700.0,13029.896
13950.0,13578.643
14000.0,13894.719
13850.0,13870.487
14000.0,13447.031
14000.0,13845.338
14000.0,13843.929
13750.0,14070.832
14899.999999999998,14479.959
14780.0,15622.155
14600.0,14966.243
13500.0,15271.2705
13550.0,13909.835
13950.0,14398.969
14050.0,14501.391
13800.0,14369.413
13350.0,13774.097
12950.0,13570.234
12700.0,12952.007
12600.0,12719.047
12099.999999999998,12622.309
11850.0,12219.539
11800.0,12094.711
12000.0,12078.257
12199.999999999998,12331.706
12800.0,12430.649
13080.0,13105.599
13150.0,13321.851
13100.0,13425.391
13150.0,13335.895
13100.0,13425.84
12800.0,13661.933
12700.0,13470.915
14450.0,13691.073
14650.0,15461.518
14500.0,14969.775
14270.0,15110.708
14180.0,14297.786
14100.0,14471.272
13600.0,14033.41
13220.0,13489.467
12900.0,13030.302
12550.0,12618.429
12249.999999999998,12283.904
12010.0,12045.137
11400.0,11839.957
11100.0,11410.5
11100.0,11283.425
11300.0,11299.106
11530.0,11412.985
12169.999999999998,11886.656
12630.0,12467.974
12625.0,12722.27
12380.000000000002,12762.382
12470.000000000002,12764.458
12320.000000000002,12869.435
11840.0,12831.474
12229.999999999998,12490.848
13500.0,13324.684
13700.0,14368.692
13890.0,14053.976
13715.0,14315.719
13460.0,14022.599
13400.0,13731.908
13100.0,13896.06
12750.0,12803.639
12420.000000000002,12711.935
11950.0,12284.467
11600.0,11797.766
11490.0,11591.269
11000.0,11412.819
10875.0,11003.738
10800.0,10947.497
10935.0,10867.621
11185.0,11067.094
11585.0,11361.932
11865.0,11864.993
12147.999999999998,12066.684
11660.0,12382.408
11363.0,12026.3
11187.0,12058.437
11226.0,12029.829
11927.0,12194.631
13250.0,13065.681
13190.0,14066.37
13120.0,13587.937
13070.0,13518.971
12930.0,13343.454
12740.0,13193.002
12550.0,12973.697
12139.999999999998,12748.094
11790.0,12168.464
11450.0,11701.943
11380.0,11310.164
11100.0,11283.536
10770.0,10995.734
10570.0,10731.613
10640.0,10593.729
11130.0,10715.197
11290.0,11205.749
11429.0,11363.759
11696.0,11591.589
12010.0,11947.177
11556.0,12090.801
10700.0,11625.545
10745.0,11045.259
10724.0,11490.603
11415.0,11527.532
12833.0,12442.522
12861.0,13590.965
12834.0,13113.825
12698.0,13147.356
12504.000000000002,12917.227
12350.000000000002,12722.257
12060.0,12472.796
11780.0,12180.833
11445.0,11849.392
11020.0,11360.692
10810.0,10960.465
10601.0,10822.299
10083.0,10600.124
9838.0,10125.871
9824.0,10022.388
9737.0,10095.442
9725.0,9981.434
9790.0,10026.645
10398.0,10132.409
10900.0,10740.077
10130.0,11078.169
9940.0,10269.358
9471.0,10584.284
9397.0,10223.804
10250.0,10419.11
11917.0,11400.455
12037.0,12780.653
11962.0,12327.14
12182.999999999998,12260.401
12233.999999999998,12398.538
12094.999999999998,12345.357
12084.999999999998,12155.702
11689.0,12112.183
11257.0,11669.946
10923.0,11059.284
10616.0,10766.605
10519.0,10524.839
10164.0,10489.976
9974.0,10172.409
9950.0,10156.084
10154.0,10141.687
10478.0,10328.036
10699.0,10614.879
10686.0,10875.917
10809.0,10921.806
10681.0,11184.135
10767.0,11099.957
10603.0,11263.3955
10664.0,11167.79
11515.0,11507.591
12990.0,12485.274
13240.0,13667.285
13195.0,13381.702
12973.0,13368.763
12802.0,13070.522
12676.0,12950.498
12457.000000000002,12712.801
12083.999999999998,12467.023
11780.0,12023.1875
11279.0,11600.99
11065.0,11203.915
10733.0,11004.922
10410.0,10787.53
10278.0,10545.643
10508.0,10520.95
10910.0,10800.724
11285.0,11140.253
11568.0,11486.6875
11824.0,11740.702
11971.0,12028.502
11596.0,12215.8
11384.0,11935.274
10938.0,11834.501
10771.0,11488.74
11433.0,11650.949
12790.0,12460.621
12734.0,13609.736
12852.0,13009.219
12622.0,13265.635
12625.0,12848.99
12350.000000000002,12957.801
12269.999999999998,12431.712
11950.0,12440.628
11600.0,12039.558
11220.0,11754.696
11000.0,11208.981
10900.0,10992.752
10480.0,10914.63
10540.0,10558.85
10660.0,10738.728
10967.0,10854.046
11476.0,11171.327
11829.0,11655.681
12261.999999999998,11911.256
12415.000000000002,12392.751
12201.999999999998,12499.624
12490.000000000002,12416.852
12350.000000000002,12720.062
11985.0,12630.304
12470.000000000002,12599.59
14120.0,13425.481
13870.0,14741.993
13850.0,13956.149
13760.0,14049.715
13550.0,13831.872
13500.0,13564.174
13200.0,13344.344
12850.0,13024.156
12300.000000000002,12635.563
12099.999999999998,12005.105
11700.0,11842.791
11470.0,11419.44
11000.0,11392.226
11050.0,11004.466
11190.0,11103.659
11500.0,11228.484
11850.0,11447.114
12130.999999999998,11857.351
12429.000000000002,12125.123
12754.0,12489.7295
12604.0,12823.633
13000.0,12769.435
13050.0,13327.28
12650.0,13320.548
12900.0,13204.646
14500.0,13741.541
14600.0,15190.014
14750.0,14839.049
14675.0,14967.864
14600.0,14761.532
14220.0,14569.336
14170.0,13971.425
13820.0,14007.509
13300.0,13410.227
12900.0,12852.538
12700.0,12433.12
12400.000000000002,12320.396
11800.0,12024.516
11600.0,11668.062
11580.0,11619.608
12050.0,11636.182
12069.999999999998,11989.122
12279.999999999998,11996.425
12690.0,12333.296
12780.0,12753.479
12880.0,12967.756
13100.0,13348.52
13060.0,13560.33
12650.0,13459.15
13200.0,13245.442
14700.0,14156.887
14760.0,15439.969
14899.999999999998,14981.372
14800.0,15124.603
14650.0,14888.053
14600.0,14705.215
14550.0,14488.077
14200.0,14392.044
13650.0,13815.694
13300.0,13125.007
13000.0,12828.342
12800.0,12581.778
12249.999999999998,12363.402
11550.0,11933.718
11480.0,11566.879
11265.0,11610.55
11565.0,11392.078
11810.0,11704.132
12315.000000000002,11953.209
12920.0,12488.142
12950.0,13039.263
13150.0,13128.493
13000.0,13460.132
12520.0,13358.796
13150.0,13187.902
14550.0,14161.928
14580.0,15297.663
14600.0,14808.167
14700.0,14955.864
14500.0,14893.117
14450.0,14691.095
14200.0,14429.921
14000.0,14101.606
13700.0,13749.844
13400.0,13217.577
13100.0,12885.469
12850.0,12609.135
12300.000000000002,12414.203
11550.0,11556.367
11320.0,11375.103
11270.0,11322.693
11300.0,11198.099
11450.0,11260.57
12000.0,11574.081
12420.000000000002,12195.782
11950.0,12517.452
12149.999999999998,12151.928
11550.0,12551.389
11200.0,11953.753
12000.0,12200.707
12908.0,13234.234
13140.0,13894.761
13485.0,13775.908
13430.0,14069.265
13650.0,13778.273
13670.0,13951.524
13500.0,13682.723
13000.0,13522.126
12600.0,12939.265
12500.000000000002,12366.346
12199.999999999998,12300.584
11500.0,11943.898
11290.0,11422.183
10728.0,11366.175
10340.0,11001.364
10425.0,10732.689
10500.0,10864.979
11050.0,10914.322
11450.0,11586.387
11850.0,11866.053
11660.0,12096.082
11980.0,12009.249
11800.0,12328.42
11600.0,12249.112
12830.0,12425.418
13820.0,13803.258
13730.0,14404.451
13900.0,14010.102
13650.0,14245.446
13600.0,13775.267
13600.0,13858.76
13330.0,13582.548
12950.0,13226.732
12600.0,13068.912
12300.000000000002,12455.685
12050.0,12201.995
11730.0,11946.175
11400.0,11699.814
11200.0,11408.52
11200.0,11290.935
11450.0,11238.196
11840.0,11372.665
12000.0,11841.539
12530.0,12162.078
12636.0,12705.293
12622.0,12798.702
12800.0,13114.0
12370.000000000002,13227.779
12109.999999999998,12906.574
13000.0,12941.009
14200.0,13976.925
14200.0,14931.695
14175.0,14472.963
14100.0,14407.331
13900.0,14323.502
13800.0,14122.727
13600.0,13756.703
13050.0,13456.788
12700.0,13062.649
12350.000000000002,12747.075
12149.999999999998,12250.425
11950.0,12005.395
11400.0,11863.764
11300.0,11407.527
11250.0,11458.68
11250.0,11455.571
11500.0,11579.086
11902.0,11790.033
12293.000000000002,12342.158
12040.0,12616.403
12520.0,12349.227
12800.0,13040.778
12550.0,13157.021
12249.999999999998,12940.652
13200.0,12962.703
14200.0,14062.566
14050.0,14844.267
14100.0,14385.955
14100.0,14453.79
13700.0,14276.944
13800.0,13775.746
13550.0,13723.075
12800.0,13253.746
12450.000000000002,12566.353
12099.999999999998,12153.287
11800.0,11761.575
11500.0,11502.511
11200.0,11362.643
11100.0,11135.194
10950.0,11148.537
11120.0,10969.685
11490.0,11276.347
11779.0,11643.441
12084.999999999998,12033.347
12099.999999999998,12227.4795
11596.0,12267.879
11720.0,11990.164
11350.0,12247.116
11120.0,12057.9375
12450.000000000002,12122.984
13360.0,13578.438
13100.0,14127.723
13075.0,13581.556
13080.0,13573.4
12810.0,13416.825
12600.0,13132.754
12430.000000000002,12655.255
12199.999999999998,12489.485
11550.0,12150.705
11270.0,11502.282
11020.0,11277.0205
10600.0,11040.793
10310.0,10668.156
10085.0,10505.228
10102.0,10339.218
10439.0,10458.828
20587.0,10833.332
10716.0,11023.587
11311.0,11233.081
11214.0,11719.991
10686.0,11564.448
10715.0,11196.214
10559.0,11277.253
10640.0,11168.086
11725.0,11508.126
12582.0,12703.121
12443.000000000002,13142.602
12421.000000000002,12785.96
12125.999999999998,12777.698
11930.0,12349.107
11595.0,12234.844
11310.0,11862.529
10855.0,11622.665
10386.0,11131.975
9932.0,10596.876
9667.0,10144.371
9372.0,9892.539
8825.0,9638.136
9188.0,9196.674
9614.0,9647.421
10070.0,10046.767
10438.0,11529.551
10602.0,10307.413
10985.0,10824.206
10836.0,11149.954
11037.0,10974.173
10618.0,11331.379
10478.0,10878.513
11298.0,10931.971
11300.0,11968.087
10976.0,11773.855
10954.0,11422.553
10795.0,11429.522
10446.0,11200.23
10236.0,10828.09
10234.0,10655.134
8008.0,10633.952
8981.0,8423.067
8947.0,9503.706
8873.0,9180.474
8769.0,9075.479
8614.0,8938.359
8295.0,8738.609
8238.0,8544.233
8281.0,8605.422
8368.0,8720.484
8693.0,8818.278
9326.0,9114.662
9911.0,9647.215
9539.0,10162.391
9362.0,9750.589
9068.0,9693.767
9057.0,9549.685
10117.0,9775.939
11189.0,10833.724
11326.0,11558.268
11316.0,11404.381
11396.0,11342.114
11306.0,11339.82
11235.0,11192.077
11175.0,11147.418
10563.0,10794.667
10302.0,10428.438
9963.0,10072.293
9728.0,9726.088
9330.0,9596.845
9296.0,9290.308
9215.0,9370.524
9703.0,9319.269
10120.0,9861.871
10319.0,10130.383
10336.0,10319.872
11030.0,10414.276
11528.0,11263.5625
11303.0,11544.872
11675.0,11318.149
11334.0,11922.801
11130.0,11499.16
12146.999999999998,11721.696
13458.0,12945.926
13206.0,13909.9795
13183.0,13176.015
13098.0,13342.184
12918.0,13108.869
12750.0,12961.745
12520.0,12499.024
12099.999999999998,12365.797
11650.0,11924.169
11270.0,11418.302
11120.0,11081.936
10850.0,10980.571
10600.0,10761.99
10344.0,10619.917
10368.0,10575.208
10718.0,10647.184
10996.0,10950.6
11427.0,11038.135
11991.0,11542.812
12031.0,12085.698
12065.0,12039.685
12087.999999999998,12340.366
12149.999999999998,12381.319
11798.0,12708.857
12900.0,12627.965
14060.0,14020.443
13841.0,14765.579
13875.0,14164.228
13630.0,14299.498
13489.0,13852.734
13230.0,13835.515
13030.0,13275.988
12550.0,13109.925
12099.999999999998,12675.118
11670.0,12290.456
11300.0,11718.115
11120.0,11350.613
10880.0,11215.374
10670.0,11040.323
10740.0,10907.745
10890.0,11077.443
11123.0,11134.283
11445.0,11413.021
11911.0,11772.638
12238.999999999998,12213.978
12229.999999999998,12503.194
12430.000000000002,12477.521
12279.999999999998,12812.449
12149.999999999998,12645.925
13200.0,12862.458
14220.0,14095.136
14191.0,14940.247
13912.0,14536.039
13880.0,14161.407
13600.0,14147.354
13300.0,13574.762
12830.0,13408.307
12229.999999999998,12860.459
12010.0,12188.635
11590.0,11948.419
11420.0,11524.688
11020.0,11432.993
10751.0,11071.695
10886.0,10972.533
11033.0,11161.446
11130.0,11271.178
11708.0,11332.704
12223.999999999998,11926.051
12437.000000000002,12430.843
12241.999999999998,12611.881
12427.000000000002,12479.68
12249.999999999998,12722.513
12020.0,12585.596
13250.0,12583.938
14085.0,14017.544
14040.0,14635.053
13835.0,14303.256
13643.0,14059.102
13498.0,13887.842
13450.0,13706.638
13265.0,13361.778
12750.0,13160.79
12300.000000000002,12504.394
12000.0,12097.516
117000.0,11751.406
11440.0,11509.999
11170.0,12038.326
10940.0,11843.175
10900.0,11849.875
11220.0,11907.514
11300.0,12152.54
11900.0,12264.663
12290.000000000002,12921.815
12425.000000000002,13219.929
12309.000000000002,13356.977
12450.000000000002,13446.899
12325.000000000002,13592.965
12099.999999999998,13630.629
13300.0,13824.506
14400.0,15060.554
14450.0,15709.848
14470.0,15570.514
14217.0,15548.401
14125.0,15276.49
13850.0,15196.413
13650.0,14769.109
13050.0,14353.101
12600.0,13801.061
12450.000000000002,13177.361
12199.999999999998,23700.697
11900.0,8651.675
11650.0,11709.739
11200.0,10951.2705
11250.0,10917.118
11480.0,11176.626
11550.0,11243.182
11980.0,11506.694
12129.999999999998,11954.632
12400.000000000002,12051.557
12700.0,12136.6875
12900.0,12534.839
12650.0,12217.391
12400.000000000002,12302.779
13800.0,12619.916
14200.0,14223.786
13950.0,14586.432
14000.0,14241.326
13930.0,14264.324
13700.0,14122.501
13450.0,13802.847
13200.0,13391.454
12700.0,13074.606
12249.999999999998,12557.037
11900.0,12003.217
11560.0,11638.677
11170.0,11357.916
10700.0,11037.393
10050.0,10650.206
9830.0,10277.018
9613.0,10138.11
9676.0,9995.51
10162.0,10127.767
10593.0,11309.578
11125.0,10759.986
10820.0,11457.198
10998.0,11104.458
10488.0,11602.454
10194.0,11196.8
11537.0,11364.096
12617.0,12833.718
12697.0,13448.372
12852.0,13239.581
12712.0,13322.743
12670.0,13027.559
12550.0,12884.911
12350.000000000002,12656.512
11990.0,12397.362
11600.0,12018.32
11090.0,11452.509
10890.0,10938.668
10465.0,10825.179
10105.0,10431.962
10012.0,10210.281
9972.0,10230.194
10166.0,10150.5205
10237.0,10307.545
10790.0,10402.985
11230.0,11004.371
11427.0,11391.099
11322.0,11574.387
11650.0,11701.712
11450.0,11949.422
11240.0,11933.961
12870.0,12145.078
13720.0,13944.431
13460.0,14224.123
13670.0,13740.167
13440.0,14011.629
5743.0,13562.786
13200.0,13606.58
12950.0,13056.722
12050.0,12740.266
11800.0,11917.451
11220.0,11629.05
11200.0,11020.55
10950.0,11114.335
10420.0,10865.637
10425.0,10423.91
10375.0,10636.713
10800.0,10523.941
11195.0,10873.8545
11570.0,11232.755
11975.0,11571.754
12069.999999999998,11937.897
11985.0,12030.667
12300.000000000002,12208.88
12050.0,12438.276
11950.0,12405.674
13400.0,12696.208
13870.0,14286.21
13852.0,14305.65
13811.0,14219.144
13471.0,14044.966
13315.0,12679.754
13030.0,14145.885
12680.0,13014.993
12000.0,12733.556
11750.0,12104.554
11400.0,11925.982
11000.0,11418.839
10650.0,11098.149
10270.0,10794.731
10320.0,10544.646
10285.0,10657.342
10447.0,10655.205
10809.0,10801.8955
11271.0,11122.235
11862.0,11548.078
12055.0,12076.454
11900.0,12224.447
12099.999999999998,12231.717
11850.0,12453.396
11775.0,12362.566
12600.0,12710.536
13450.0,13506.339
13742.0,14235.053
13664.0,14195.719
13391.0,13936.829
13224.0,13598.804
13060.0,13414.46
12450.000000000002,12971.239
12174.999999999998,12320.984
11600.0,12065.265
11350.0,11433.072
10800.0,11178.083
10530.0,10775.973
10200.0,10588.353
10185.0,10349.368
10270.0,10397.756
10540.0,10449.846
10754.0,10664.662
11407.0,10875.012
11800.0,11561.009
12050.0,11829.206
12119.999999999998,11975.949
11870.0,12206.649
11850.0,11732.946
11800.0,12021.379
13200.0,12219.102
13712.0,13724.268
13832.0,14365.189
13585.0,14160.702
13446.0,13798.993
13299.0,13653.647
13000.0,13473.811
12610.0,12873.351
12149.999999999998,12563.167
11600.0,12043.792
11170.0,11486.243
10800.0,11037.941
10600.0,10741.561
10220.0,10610.747
10222.0,10312.565
10512.0,10496.717
10638.0,10717.694
11040.0,10724.807
11485.0,11156.495
11833.0,11593.581
12043.0,11948.684
11650.0,12218.612
12199.999999999998,11723.454
11800.0,12212.954
11850.0,12002.906
13050.0,12611.734
13600.0,13808.822
13050.0,13550.273
13313.0,13377.893
13225.0,13755.848
13102.0,13435.642
12823.0,13317.734
12320.000000000002,12978.844
11870.0,12105.343
11300.0,11831.541
11045.0,11230.551
10533.0,11085.821
10339.0,10603.655
9946.0,10481.656
10150.0,10140.946
10156.0,10446.211
10435.0,10343.463
10861.0,10576.38
11036.0,10926.484
11503.0,11080.308
11970.0,11605.719
12050.0,11937.847
12149.999999999998,12090.551
11740.0,12222.052
11700.0,12046.458
12800.0,12458.412
13550.0,13494.615
13370.0,13749.968
13300.0,13720.394
12750.0,13525.762
12510.0,12931.781
12025.0,12830.202
11695.0,12269.694
11220.0,12009.552
11090.0,11434.445
10690.0,11192.698
10270.0,10668.329
9808.0,10339.363
9427.0,9945.379
9025.0,9698.829
9045.0,9366.598
8998.0,9414.0
9278.0,9305.706
9499.0,9575.517
10165.0,9792.2295
10790.0,10529.587
10340.0,11033.848
10310.0,10613.289
9950.0,10814.557
9543.0,10656.887
11350.0,10648.859
11780.0,12484.984
11570.0,12300.609
11450.0,12013.47
11600.0,11791.9375
11450.0,11927.782
11200.0,11579.971
10990.0,11298.769
10520.0,11126.96
10041.0,10419.005
9735.0,10204.328
9409.0,9785.524
9212.0,9518.2
8974.0,9394.613
9121.0,9207.269
9478.0,9427.396
10085.0,9649.253
10301.0,10132.256
10785.0,10185.098
11390.0,10777.132
11640.0,11382.272
11700.0,11494.825
11720.0,11708.602
11580.0,11868.2705
11260.0,11914.003
12650.0,12037.367
13180.0,13500.557
12970.0,13593.096
12672.0,13204.468
12520.0,12967.9375
12039.0,12808.806
11699.0,12284.834
11738.0,12056.392
11176.0,12076.027
10800.0,11354.603
10428.0,10911.419
10036.0,10499.659
9719.0,10182.634
9499.0,9949.825
9610.0,9840.244
9974.0,10024.123
10433.0,10312.191
10890.0,10595.584
11400.0,10992.774
11800.0,11331.94
12099.999999999998,11525.835
12000.0,11643.8545
12000.0,11724.992
11700.0,11893.164
11550.0,11895.0205
12099.999999999998,12206.224
12600.0,12838.538
12820.0,13375.404
12948.0,13317.888
12481.000000000002,13359.112
12259.999999999998,12695.538
12020.0,12646.794
11770.0,12290.898
11300.0,12019.298
10933.0,11597.873
10614.0,11333.827
10275.0,10803.29
9993.0,10463.039
9754.000000000002,10237.569
9886.0,10092.777
10311.0,10291.182
10635.0,10633.117
11090.0,10794.571
11390.0,11140.543
11850.0,11425.21
11800.0,11670.899
11400.0,11805.096
10881.0,11546.05
10436.0,11550.473
10571.0,11273.72
12143.999999999998,11679.627
11978.0,13235.725
11903.0,12541.152
11828.0,12578.322
11484.0,12332.533
11221.0,11907.551
11097.0,11653.483
11111.0,11503.841
10810.0,11378.587
10345.0,11010.25
9985.0,10454.116
9759.000000000002,10090.447
9370.0,9906.639
9178.0,9572.27
9157.0,9485.662
9316.0,9541.727
9321.0,9717.913
9389.0,9714.396
9784.0,9773.157
10238.0,10198.676
10512.0,10566.045
10257.0,10825.876
10123.0,10640.672
9711.0,10616.0
9661.0,10318.472
11093.0,10674.824
11269.0,11979.494
10987.0,11725.088
10998.0,11392.995
10726.0,11372.11
10572.0,10988.133
10333.0,10878.526
9983.0,10621.387
9748.0,10225.782
9207.0,10005.646
9125.0,9360.784
8867.0,9285.556
8563.0,8986.224
8504.0,8745.256
8745.0,8754.916
9153.0,8999.836
9709.0,9268.173
10023.0,9638.41
10599.0,9857.69
10768.0,10451.996
11125.0,10592.815
11264.0,11008.19
11450.0,11223.303
11075.0,11436.822
10850.0,11273.553
12410.000000000002,11489.476
12425.000000000002,13107.85
12249.999999999998,12610.741
12113.999999999998,12499.832
11864.0,12302.688
11494.0,12007.455
11172.0,11649.246
10963.0,11360.735
10511.0,11159.536
10148.0,10635.691
9876.0,10202.286
9558.0,9885.031
9404.0,9587.239
9206.0,9511.241
9445.0,9379.11
9685.0,9550.999
10055.0,9836.469
10194.0,10050.611
10900.0,10247.423
11289.0,10910.512
11560.0,11171.493
11440.0,11438.644
11560.0,11502.691
11360.0,11701.869
11185.0,11672.268
12450.000000000002,11913.896
12730.0,13172.953
12370.000000000002,13042.924
12370.000000000002,12606.606
12050.0,12658.428
11815.0,12179.38
11510.0,12048.661
11162.0,11746.112
10611.0,11402.132
10409.0,10860.85
10059.0,10524.245
9719.0,10079.975
9462.0,9792.0205
9042.0,9589.825
9005.0,9271.22
8976.0,9351.314
9000.0,9308.545
9068.0,9230.087
9270.0,9324.03
9860.0,9563.357
10336.0,10161.513
9831.0,10603.383
9697.0,10186.99
9377.0,10341.895
9208.0,10156.277
10983.0,10346.326
10967.0,12138.783
10958.0,11461.78
10894.0,11563.371
10771.0,11321.687
10711.0,11183.485
10422.0,11060.879
10235.0,10709.274
9817.0,10519.228
9506.0,10130.116
9203.0,9642.632
8697.0,9313.484
8560.0,8871.233
8411.0,8852.24
8694.0,8755.334
8907.0,9094.592
9166.0,9155.169
9263.0,9309.715
9717.0,9345.6875
10299.0,9912.271
10381.0,10455.449
10446.0,10479.106
10529.0,10740.805
10269.0,10946.692
10269.0,10864.002
11469.0,11325.928
11798.0,12489.869
11651.0,12316.808
11508.0,12090.573
11227.0,11895.588
10862.0,11556.119
10603.0,11195.006
10368.0,10992.677
9972.0,10695.448
9505.0,10313.195
9206.0,9710.362
8812.0,9405.114
8543.0,9067.984
8502.0,8892.445
8873.0,8951.1875
9000.0,9324.575
9589.0,9270.501
9682.0,9781.996
10190.0,9735.6
10675.0,10383.593
10897.0,10746.25
10759.0,11032.625
10714.0,10995.087
10409.0,11126.139
10516.0,11026.844
11825.0,11552.9
11566.0,12866.489
11408.0,11978.913
11291.0,12040.356
11130.0,11759.731
10686.0,11573.865
10434.0,11071.637
10219.0,10928.762
9715.0,10641.408
9279.0,10152.568
8961.0,9758.171
8700.0,9263.443
8517.0,8999.345
8476.0,8877.83
8840.0,8920.467
9244.0,9271.063
9504.0,9577.898
9838.0,9652.789
10228.0,9978.908
10823.0,10349.828
11039.0,10890.262
10814.0,11081.8125
10902.0,10989.19
10694.0,11252.225
10613.0,11245.196
11977.0,11513.398
11951.0,12823.36
11718.0,12306.724
11691.0,12095.983
11358.0,11994.179
10981.0,11531.79
10651.0,11184.957
10413.0,10872.979
9945.0,10579.6045
9523.0,10113.828
9216.0,9633.68
8951.0,9321.996
8702.0,9095.531
8643.0,8924.045
9000.0,8966.562
9380.0,9336.487
9682.0,9570.668
10119.0,9726.173
10493.0,10122.995
11078.0,10485.882
11611.0,11057.589
11352.0,11544.787
11479.0,11359.8545
11058.0,11715.557
10526.0,11443.505
11800.0,11368.3955
12466.000000000002,12695.034
12377.000000000002,12896.491
12150.999999999998,12636.729
11692.0,12328.522
11349.0,11828.65
10958.0,11590.434
10661.0,11202.767
10288.0,10900.141
9893.0,10650.541
9489.0,10067.407
9187.0,9685.997
9006.0,9426.336
8872.0,9305.294
9274.0,9238.862
9480.0,9653.662
9872.0,9714.173
10215.0,9993.315
10821.0,10252.811
11030.0,10850.322
11115.0,10987.569
11360.0,11174.084
11700.0,11628.218
11275.0,11604.232
12510.0,11871.403
12570.0,13203.619
12400.000000000002,13098.525
12410.000000000002,12834.64
12060.0,12782.581
11683.0,12291.232
11295.0,11940.702
11118.0,11537.209
10522.0,11382.028
10112.0,10731.988
9817.0,10245.706
9601.0,9900.366
9254.0,9688.8545
9243.0,9386.284
9460.0,9427.742
9699.0,9662.026
9910.0,9793.176
10446.0,9923.6875
10746.0,10389.627
11209.0,10658.383
11700.0,11193.865
11670.0,11326.229
11650.0,11480.477
11400.0,11669.2705
11170.0,11728.123
12650.0,11872.207
12520.0,13504.176
12420.000000000002,12783.0
12300.000000000002,12806.276
11900.0,12553.898
11656.0,12077.27
11444.0,11879.708
11168.0,11669.079
10614.0,11314.213
10327.0,10809.79
9921.0,10413.737
9607.0,9962.0205
9354.0,9667.445
9186.0,9482.401
9128.0,9393.83
9084.0,9393.631
8889.0,9306.121
9076.0,9091.407
9270.0,9289.67
9782.0,9523.039
10473.0,10129.047
9798.0,10800.246
9660.0,10064.472
9370.0,10218.397
9394.0,10098.256
11058.0,10537.7705
10919.0,12100.776
11000.0,11468.906
11040.0,11599.221
10965.0,11441.459
10823.0,11277.061
10630.0,11084.554
10376.0,10856.713
9814.0,10541.974
9538.0,10039.295
9265.0,9618.007
8998.0,9282.233
8834.0,9075.501
8659.0,8989.0625
9037.0,8897.495
9260.0,9330.403
9209.0,9409.301
9359.0,9254.1875
9731.0,9421.269
10302.0,9870.575
10751.0,10539.635
10566.0,10949.268
10700.0,10713.923
10620.0,11022.533
10630.0,11064.952
12269.999999999998,11471.026
12114.999999999998,13128.026
12015.0,12326.008
11874.0,12385.721
11573.0,12120.124
11220.0,11795.909
10948.0,11442.982
10844.0,11202.408
10127.0,11031.327
9683.0,10300.931
9382.0,9862.433
9120.0,9565.545
9036.0,9345.013
8894.0,9317.7705
9334.0,9237.79
9634.0,9746.699
9885.0,9844.555
10211.0,9994.018
10482.0,10258.6455
10908.0,10538.239
11000.0,11090.071
10850.0,11125.75
10890.0,11041.439
10600.0,11068.22
10783.0,11115.73
12196.999999999998,11823.715
11704.0,13121.318
11774.0,12019.235
11657.0,12388.363
11327.0,12010.688
10937.0,11676.208
10478.0,11291.141
10391.0,10910.198
9835.0,10799.824
9528.0,10264.759
9206.0,10004.457
8732.0,9535.653
8621.0,9061.586
8534.0,9015.477
8829.0,9017.762
9264.0,9331.387
9490.0,9691.542
9754.000000000002,9755.191
9849.0,9923.428
10465.0,10038.845
10900.0,10662.123
10520.0,11013.537
10450.0,10733.312
10360.0,10854.732
10320.0,11044.555
11741.0,11320.778
11585.0,12688.535
11277.0,12058.415
11210.0,11777.408
10803.0,11604.797
10565.0,11095.0625
10103.0,10845.908
9952.0,10368.669
9380.0,10191.994
9010.0,9581.318
8615.0,9228.572
8433.0,8836.358
8313.0,8709.969
8279.0,8617.803
8744.0,8656.92
8928.0,9129.368
9226.0,9183.449
9535.0,9368.697
9831.0,9583.998
10339.0,9907.997
10600.0,10439.355
10480.0,10482.4375
10290.0,10511.342
10015.0,10546.233
10090.0,10602.465
11175.0,11050.496
11253.0,11879.776
11042.0,11781.632
10850.0,11468.494
10537.0,11189.193
10126.0,10810.45
9851.0,10361.441
9586.0,10134.476
8991.0,9775.506
8619.0,9231.871
8347.0,8828.667
8125.0,8548.437
7970.0,8353.776
8017.0,8254.981
8405.0,8389.488
8880.0,8756.636
9076.0,9117.429
9231.0,9181.041
9597.0,9292.935
10250.0,9698.409
10376.0,9985.986
10170.0,10104.434
10050.0,10226.677
9812.0,10343.373
9994.0,10327.484
11315.0,10794.072
11204.0,12074.263
10985.0,11508.145
10889.0,11295.666
10562.0,11129.936
10206.0,10696.72
9794.0,10365.785
9497.0,9963.32
8958.0,9652.385
8581.0,9152.7295
8233.0,8750.466
8071.0,8398.244
7938.0,8261.403
8003.0,8178.1304
8632.0,8310.092
8828.0,8931.501
9125.0,8966.059
9246.0,9136.659
9526.0,9212.184
10048.0,9552.333
10457.0,10051.487
10192.0,10437.717
10106.0,10236.047
9949.0,10391.025
10040.0,10436.891
11740.0,10828.508
10798.0,12469.381
10699.0,10948.038
10414.0,11159.203
10413.0,10686.645
9957.0,10721.31
9721.0,10139.478
9550.0,9976.221
8984.0,9738.676
8453.0,9178.905
8249.0,8594.3125
8054.0,8399.985
7805.0,8225.818
7748.0,8054.3213
7848.0,8089.1865
7970.0,8186.9478
7737.0,8222.372
7817.0,7898.917
8062.0,8017.8228
8705.0,8291.993
9316.0,8948.476
8532.0,9499.079
8152.0,8725.177
7886.0,8680.431
8032.0,8673.056
9411.0,9198.251
9498.0,10381.31
9556.0,10052.583
9480.0,10037.623
9386.0,9849.599
9182.0,9652.561
8861.0,9417.863
8752.0,9081.01
8377.0,8929.002
8006.0,8558.963
7647.0,8097.9185
7377.0,7766.3564
7369.0,7556.0967
7492.999999999999,7637.145
7976.0,7791.784
8298.0,8276.126
8325.0,8389.6045
8408.0,8295.292
8892.0,8400.136
9414.0,8965.299
9869.0,9491.115
9706.0,9874.556
9581.0,9742.332
9533.0,9835.981
9669.0,10034.912
11207.0,10494.648
11015.0,12015.462
10842.0,11183.903
10729.0,11146.493
10532.0,10922.627
9941.0,10679.766
9628.0,10012.825
9332.0,9847.384
8948.0,9482.599
8429.0,9181.731
8191.0,8571.266
7839.0,8381.833
7754.0,8070.4585
7868.0,8093.1562
8339.0,8286.199
8715.0,8748.039
9082.0,8937.118
9217.0,9130.404
9616.0,9207.574
10201.0,9665.369
10638.0,10267.706
10338.0,10651.785
10176.0,10391.824
10000.0,10514.676
10020.0,10571.656
11680.0,10990.154
11196.0,12626.075
10981.0,11393.359
10746.0,11462.931
10497.0,11075.974
10180.0,10790.947
9647.0,10459.158
9297.0,9939.938
8841.0,9629.237
8447.0,9253.429
8314.0,8928.196
7914.0,8614.132
7806.0,8207.181
7927.0,8179.277
8451.0,8379.187
8923.0,8877.461
8978.0,9217.685
9192.0,9111.681
9489.0,9307.531
10157.0,9627.998
10531.0,10319.341
10204.0,10629.9375
10123.0,10397.933
9939.0,10529.305
10074.0,10558.542
11553.0,11056.417
11292.0,12397.243
11092.0,11631.564
11038.0,11450.546
10692.0,11296.558
10212.0,10827.09
9770.000000000002,10319.188
9537.0,9914.956
8972.0,9671.16
8567.0,9134.958
8342.0,8760.82
8074.0,8516.743
7882.0,8294.177
8007.0,8186.902
8557.0,8381.766
9062.0,8925.675
9150.0,9230.795
9451.0,9159.163
9799.0,9430.696
10298.0,9796.985
10650.0,10306.721
10355.0,10581.503
10340.0,10419.849
10100.0,10638.57
10140.0,10605.96
11657.0,11018.189
11210.0,12487.788
10890.0,11501.864
10855.0,11309.692
10540.0,11187.7295
10269.0,10752.654
9940.0,10480.219
9587.0,10139.738
9049.0,9729.544
8234.0,9262.383
8410.0,8456.549
8150.0,8660.027
8060.0,8348.74
8113.0,8339.322
8709.0,8467.915
9015.0,9047.492
9188.0,9162.124
9337.0,9202.48
9663.0,9312.129
10363.0,9692.36
10585.0,10598.134
10300.0,10567.609
10230.0,10307.948
10145.0,10433.42
10291.0,10573.869
11892.0,11083.926
11518.0,12562.554
11188.0,11636.116
11097.0,11468.618
11009.0,11310.308
10527.0,11162.077
10224.0,10613.759
9934.0,10388.724
9312.0,10040.703
8935.0,9428.65
8720.0,9088.126
8424.0,8830.918
8260.0,8562.459
8341.0,8473.904
8798.0,8644.2295
9380.0,9088.727
9485.0,9515.885
9339.0,9457.748
9677.0,9370.33
9805.0,9863.367
10205.0,9993.985
9927.0,10417.28
9814.0,10166.365
9682.0,10234.919
10147.0,10210.231
11088.0,10924.986
10759.0,11626.182
10552.0,10927.645
10495.0,10870.032
10255.0,10778.496
9739.0,10435.025
9502.0,9953.572
9227.0,9828.584
8827.0,9475.978
8229.0,9092.035
7989.0,8446.793
7610.000000000001,8210.378
7381.0,7845.039
6968.0,7718.025
6877.0,7400.7676
7046.0,7485.864
6845.0,7599.7905
6752.0,7315.581
6801.0,7286.4766
7098.0,7284.7075
7319.0,7634.8384
6243.000000000001,7903.123
5437.0,6811.004
4897.0,6448.2256
4789.0,6156.046
6107.999999999999,6273.879
6390.0,7483.0713
6607.0,7353.9717
6770.0,7454.1626
6897.0,7452.3
6922.0,7401.778
6834.0,7335.9785
6670.0,7120.541
6447.0,6880.3765
6179.000000000001,6679.9175
5946.0,6362.048
5748.0,6120.458
5719.0,5981.4907
5980.0,5990.454
6568.0,6296.784
7156.0,6846.294
7485.999999999999,7213.902
7677.0,7351.039
8075.0,7456.858
8588.0,7893.284
8741.0,8382.623
8729.0,8418.59
8829.0,8493.179
8769.0,8762.763
8862.0,8896.703
10596.0,9358.281
10373.0,11134.893
10057.0,10209.396
9907.0,10076.481
9907.0,9884.655
9483.0,9884.726
9008.0,9354.673
8627.0,8969.2705
8246.0,8602.695
7868.0,8344.435
7640.0,7891.9473
7426.999999999999,7691.3374
7338.0,7528.0005
7401.999999999999,7544.257
7942.0,7701.657
8400.0,8293.108
8716.0,8542.112
8815.0,8683.523
9074.0,8714.225
9557.0,9050.208
9898.0,9598.242
9406.0,9932.366
9649.0,9512.538
9419.0,10108.637
9538.0,9928.478
11033.0,10538.994
10761.0,11914.751
10535.0,10987.812
10455.0,10940.799
10275.0,10771.158
9872.0,10506.14
9537.0,10045.709
9086.0,9787.901
8477.0,9278.441
8222.0,8840.76
7911.0,8632.292
7710.0,8188.0947
7592.000000000001,7978.1904
7620.0,7935.0635
8165.0,8048.6655
8728.0,8606.22
8804.0,9001.47
8908.0,8909.801
9376.0,9000.971
9737.0,9513.947
10055.0,9827.666
9904.0,10119.464
9695.0,10113.47
9488.0,10015.159
9694.0,10079.022
11253.0,10600.128
11044.0,12010.381
10623.0,11258.157
10534.0,10895.222
10358.0,10781.775
10011.0,10484.769
9393.0,10108.51
9128.0,9454.269
8694.0,9227.273
8335.0,8841.164
8007.0,8480.471
7868.0,8158.513
7812.0,8076.1616
7884.0,8066.3296
8389.0,8217.845
8829.0,8735.821
9010.0,9011.479
8968.0,9040.106
9253.0,9001.738
9707.0,9337.127
9861.0,9831.028
9620.0,9930.364
9560.0,9818.195
9307.0,9933.755
9679.0,9842.093
11034.0,10551.3545
10694.0,11714.934
10560.0,10882.158
10306.0,10863.495
10109.0,10501.7705
9745.0,10301.081
9283.0,9847.048
9069.0,9443.512
8606.0,9221.349
8163.0,8790.189
7777.0,8333.111
7665.0,7969.608
7580.000000000001,7916.4365
7707.0,7881.5205
8324.0,8076.141
8820.0,8671.354
8680.0,8983.44
8653.0,8659.002
9002.0,8693.675
9457.0,9052.368
9720.0,9490.169
9598.0,9756.922
9346.0,9757.936
9143.0,9650.611
9234.0,9715.621
10696.0,10096.918
10424.0,11474.055
10327.0,10664.832
10090.0,10681.019
9914.0,10310.62
9556.0,10105.591
8988.0,9674.6
8682.0,9163.129
8388.0,8892.699
7951.0,8625.881
7556.000000000001,8144.325
7506.999999999999,7760.582
7341.0,7748.7783
7449.999999999999,7641.8267
8060.0,7836.072
8733.0,8427.8955
8546.0,8867.055
8581.0,8486.4375
8887.0,8576.321
9340.0,8904.632
9655.0,9323.186
9367.0,9647.6455
9257.0,9406.016
8919.0,9520.418
9268.0,9393.759
10409.0,10120.489
10397.0,11062.019
10264.0,10680.179
10184.0,10527.291
9827.0,10381.81
9354.0,9934.165
9042.0,9469.798
8748.0,9217.224
8251.0,8901.239
7854.0,8467.9795
7652.0,7995.866
7437.999999999999,7810.9385
7277.0,7605.402
7416.999999999999,7512.9126
7436.999999999999,7743.113
7804.0,7771.0884
7495.999999999999,8005.1636
7339.0,7566.671
7558.000000000001,7484.5337
8215.0,7778.079
8829.0,8448.535
7914.0,8974.385
7327.0,8075.7095
7278.0,7826.403
7582.000000000001,8137.5303
9061.0,8682.771
9047.0,10059.111
8960.0,9505.777
8981.0,9427.67
8804.0,9325.7295
8642.0,9017.641
8253.0,8848.353
7962.0,8397.455
7621.0,8112.5566
7146.0,7868.8535
7001.0,7292.4805
6838.0,7191.4097
6700.0,7078.984
6967.0,7046.322
7624.0,7363.9004
7988.0,8000.245
7389.0,8089.3594
7432.999999999999,7344.7173
7857.0,7599.144
8140.0,8064.7754
8566.0,8362.8955
8351.0,8726.681
8267.0,8494.039
8516.0,8661.929
8901.0,9152.563
10583.0,9734.067
10297.0,11314.441
10103.0,10292.79
9918.0,10329.103
9600.0,9995.101
9264.0,9682.821
8857.0,9315.629
8516.0,8941.423
7987.0,8614.041
7595.000000000001,8148.9634
7327.0,7763.745
7124.0,7523.671
7092.0,7367.912
7453.999999999999,7427.562
7913.0,7868.0513
8451.0,8228.054
8426.0,8504.834
8575.0,8280.777
8728.0,8484.491
9325.0,8665.199
9573.0,9372.079
9347.0,9529.546
9075.0,9443.953
9064.0,9456.061
9421.0,9755.431
10721.0,10462.686
10419.0,11554.779
10160.0,10685.117
10060.0,10592.639
9890.0,10386.32
9414.0,10145.126
9001.0,9603.504
8689.0,9266.792
8164.0,8912.453
7872.0,8501.052
7466.999999999999,8265.548
7329.0,7726.5957
7273.0,7618.921
7503.999999999999,7639.485
8136.0,7938.258
8559.0,8530.735
8579.0,8728.325
8460.0,8598.804
8930.0,8446.961
9553.0,8998.214
9859.0,9634.175
9490.0,9915.092
9400.0,9641.134
9258.0,9775.399
9620.0,9871.885
10831.0,10533.304
10646.0,11523.914
10455.0,10895.626
10438.0,10743.526
10017.0,10628.045
9678.0,10068.438
9166.0,9760.787
8871.0,9230.799
8427.0,8946.685
8020.0,8555.055
7698.0,8148.1543
7570.000000000001,7848.841
7507.999999999999,7782.757
7692.0,7782.197
8257.0,8050.7505
8750.0,8564.463
8680.0,8779.642
8840.0,8557.906
9106.0,8812.187
9651.0,9159.744
10016.0,9678.298
9614.0,9912.402
9461.0,9657.089
9320.0,9729.042
9788.0,9865.25
10847.0,10618.646
10715.0,11493.098
10586.0,10980.137
10298.0,10892.132
10009.0,10466.718
9651.0,10176.714
9277.0,9768.584
8920.0,9418.27
8446.0,9031.165
8069.0,8636.316
7768.0,8236.641
7583.000000000001,7959.352
7400.0,7816.1226
7676.0,7700.563
8095.0,8060.6953
8595.0,8394.779
8805.0,8758.16
8810.0,8810.192
8875.0,8761.934
9615.0,8968.233
9795.0,9697.301
9590.0,9717.189
9245.0,9632.785
9120.0,9450.297
9546.0,9660.909
10786.0,10333.269
10756.0,11385.126
10436.0,10928.324
10360.0,10609.566
10108.0,10520.737
9699.0,10184.024
9321.0,9782.58
8882.0,9459.865
8408.0,8988.688
8051.0,8626.047
7719.0,8220.729
7486.999999999999,7885.4355
7398.0,7706.1475
7562.000000000001,7705.0405
8141.0,7906.497
8770.0,8471.256
8968.0,8900.797
8894.0,8862.838
9210.0,8730.411
9608.0,9164.596
9692.0,9522.631
9580.0,9623.668
9387.0,9628.799
9180.0,9631.748
9284.0,9711.445
10725.0,10116.567
10506.0,11483.084
10312.0,10708.246
10288.0,10658.385
9946.0,10539.586
9598.0,10103.106
9345.0,9780.326
8821.0,9530.194
8521.0,8953.262
8127.0,8812.9
7908.0,8246.768
7615.000000000001,8043.8965
7375.0,7786.431
7382.0,7620.325
7449.999999999999,7717.404
7627.0,7816.99
7361.0,7912.8115
7330.0,7509.363
7585.000000000001,7494.3564
8306.0,7805.499
8808.0,8510.021
7860.0,8969.633
7604.000000000001,8139.172
7460.999999999999,8238.122
7629.0,8268.313
9095.0,8722.1
9203.0,10074.933
9138.0,9713.359
9199.0,9593.458
9032.0,9532.717
8710.0,9240.964
8444.0,8877.377
8160.0,8578.684
7689.0,8274.137
7377.0,7897.8145
7061.0,7479.0386
6903.0,7172.222
6874.0,7093.4424
7092.0,7137.8364
7517.000000000001,7397.3794
7931.0,7798.001
7770.0,8026.698
7874.0,7684.0996
8182.0,7920.4136
8864.0,8283.61
9135.0,9014.995
9000.0,9083.991
8711.0,8939.35
8700.0,8953.6045
9225.0,9199.675
10636.0,10111.895
10408.0,11335.145
10198.0,10547.724
10137.0,10461.721
9945.0,10296.459
9470.0,10014.164
9090.0,9480.139
8710.0,9166.777
8268.0,8742.623
7902.0,8407.354
7624.0,7984.9106
7382.0,7742.274
7314.0,7569.5986
7507.999999999999,7605.975
7985.0,7866.1465
8580.0,8296.327
8730.0,8703.494
8685.0,8602.824
9050.0,8578.14
9480.0,8994.367
9830.0,9379.082
9520.0,9755.57
9380.0,9527.737
9200.0,9675.548
9572.0,9833.415
10876.0,10509.423
10594.0,11665.693
10369.0,10852.277
10143.0,10756.9375
10006.0,10435.892
9589.0,10264.769
9075.0,9764.924
8741.0,9285.307
8198.0,8984.954
7875.0,8551.496
7624.0,8285.878
7423.999999999999,7897.9604
7224.0,7691.982
7674.0,7577.798
7887.0,8101.3657
8576.0,8332.83
8777.0,8927.256
8685.0,8930.113
9001.0,8788.097
9415.0,9154.997
9646.0,9573.719
9397.0,9772.336
9302.0,9627.74
9146.0,9694.581
9524.0,9759.272
10762.0,10408.535
10921.0,11465.739
10544.0,11228.899
10312.0,10725.92
10056.0,10486.077
9661.0,10141.072
9196.0,9688.552
8755.0,9226.234
8345.0,8764.581
8039.0,8448.457
7830.0,8177.169
7444.999999999999,7986.2197
7347.0,7637.6514
7675.0,7667.647
7972.0,8032.11
8531.0,8358.656
8658.0,8815.055
8708.0,8808.578
8970.0,8873.144
9039.0,9166.776
9558.0,9227.627
9252.0,9755.22
8990.0,9479.127
8883.0,9331.452
9452.0,9366.299
10838.0,10126.099
10243.0,11357.797
10245.0,10303.454
10209.0,10459.411
9760.000000000002,10287.081
9532.0,9746.927
8948.0,9549.116
8616.0,8927.962
8045.0,8668.627
7785.0,8173.6753
7528.000000000001,7957.328
7388.0,7679.331
7309.0,7582.6562
7408.999999999999,7583.0405
7738.0,7740.409
8565.0,8098.0605
8665.0,8820.782
8662.0,8728.797
8948.0,8667.936
9153.0,8955.784
9263.0,9191.232
9139.0,9374.265
9186.0,9381.218
9046.0,9512.36
9805.0,9506.604
10827.0,10477.77
10474.0,11161.217
10349.0,10532.747
10083.0,10466.347
9971.0,10105.175
9539.0,9991.644
9154.0,9508.906
8655.0,9187.495
8195.0,8650.395
7614.000000000001,8329.224
7333.0,7747.9004
7101.0,7512.998
6835.0,7337.684
6896.0,7146.761
7317.0,7292.8105
8125.0,7794.1763
8526.0,8467.744
8557.0,8711.157
8762.0,8712.625
9214.0,8937.736
9358.0,9363.004
8821.0,9440.865
8556.0,8970.226
8554.0,8876.166
8926.0,9062.45
9839.0,9537.922
9501.0,10257.53
9308.0,9651.063
9160.0,9546.406
8964.0,9342.897
8503.0,9085.8545
8139.0,8594.464
7717.0,8266.848
7390.0,7832.873
6936.0,7610.0063
6854.0,7125.3237
6648.0,7053.4424
6539.0,6835.025
6651.0,6787.6113
6755.0,6982.3657
7342.0,7147.0425
7324.0,7690.694
7147.0,7497.057
7410.999999999999,7274.5654
8019.0,7627.9
8503.0,8242.001
7481.999999999999,8635.878
7097.0,7601.96
6956.0,7531.2393
7275.0,7608.47
8608.0,8135.3223
8598.0,9335.216
8589.0,8927.391
8619.0,8886.676
8611.0,8812.853
8339.0,8689.106
7948.0,8344.746
7667.0,7971.229
7044.0,7684.921
6819.0,7157.8916
6645.0,6935.471
6458.0,6762.4546
6263.0,6625.9336
6501.0,6561.2017
7041.0,6878.467
7658.0,7451.0435
7645.0,7934.588
7557.000000000001,7770.1543
7755.0,7729.265
8067.0,7966.01
8408.0,8298.308
8030.0,8526.899
7852.0,8106.8296
7921.0,8130.559
8330.0,8398.947
9678.0,9036.496
9849.0,10294.031
9695.0,9970.975
9727.0,9789.243
9380.0,9809.324
9015.0,9309.014
8494.0,8985.298
8090.0,8463.549
7668.0,8093.7236
7266.0,7817.1523
6917.0,7383.1396
6770.0,7113.747
6672.0,7012.386
7030.0,7020.4688
7428.999999999999,7445.041
8057.0,7818.977
8315.0,8349.823
8242.0,8414.596
8342.0,8337.033
8640.0,8462.444
8800.0,8766.139
8684.0,8861.313
8450.0,8828.266
8275.0,8700.883
8638.0,8780.335
9773.000000000002,9458.58
9733.0,10484.342
9697.0,9998.102
9668.0,10015.899
9434.0,9852.16
9090.0,9548.89
8610.0,9148.339
7989.0,8692.251
7504.999999999999,8089.329
7184.0,7810.056
6914.0,7549.377
6764.0,7176.98
6576.0,7030.2764
6785.0,6952.922
7260.0,7259.5146
7997.0,7753.4775
8224.0,8390.232
8087.0,8479.055
8255.0,8302.963
8635.0,8514.434
8956.0,8859.654
8556.0,9091.393
8253.0,8640.883
8233.0,8488.144
8692.0,8713.884
9966.0,9403.446
9909.0,10545.874
9731.0,10133.13
9761.000000000002,9902.84
9505.0,9859.471
8966.0,9472.337
8559.0,8889.522
8153.0,8514.174
7495.999999999999,8085.075
7143.0,7571.0176
6856.0,7314.218
6685.0,7065.8345
6609.0,6938.8516
6817.0,6955.742
7218.0,7236.8667
8048.0,7674.954
8201.0,8376.156
8334.0,8298.435
8388.0,8333.204
8827.0,8375.666
9203.0,8861.354
8699.0,9185.846
8573.0,8742.076
8357.0,8889.401
8740.0,8945.413
9636.0,9617.41
10020.0,10353.357
10074.0,10438.308
9910.0,10344.845
9543.0,10056.289
8974.0,9598.962
8407.0,9014.085
7988.0,8492.782
7441.999999999999,8062.055
7123.0,7637.7373
6823.0,7342.0806
6671.0,7053.0786
6602.0,6950.691
6781.0,6960.756
7201.0,7184.4756
8053.0,7654.7715
8421.0,8364.736
8336.0,8505.849
8417.0,8311.591
9003.0,8448.7
9145.0,9070.699
8634.0,9103.687
8473.0,8724.117
8248.0,8758.905
8753.0,8772.139
10083.0,9525.46
9988.0,10738.203
9700.0,10240.301
9625.0,9930.716
9314.0,9800.494
8891.0,9368.992
8332.0,8921.49
7916.0,8389.8545
7322.0,8021.318
7049.0,7270.031
6834.0,7065.348
6562.0,6988.2275
6526.0,6790.618
6967.0,6846.233
7307.0,7327.2197
7838.0,7701.4443
8376.0,8158.478
8326.0,8461.483
8398.0,8271.562
8870.0,8433.067
8937.0,8866.6045
8835.0,9041.256
8441.0,8963.382
8304.0,8613.111
8842.0,8815.111
9911.0,9601.594
9787.0,10471.272
9690.0,10006.384
9537.0,9922.016
9371.0,9675.274
8835.0,9447.249
8236.0,8830.395
7990.0,8333.664
7415.999999999999,8111.133
7029.0,7623.982
6790.0,7237.0654
6567.0,6986.2485
6439.0,6801.6343
6555.0,6781.437
6651.0,6937.7666
7171.0,7067.1943
7222.0,7544.3086
7079.0,7393.798
7171.0,7197.325
7625.0,7360.844
8004.0,7796.795
7144.0,8164.616
6589.0,7350.5415
6514.0,7132.4697
6926.0,7393.1167
8466.0,8044.345
8342.0,9423.553
8333.0,8811.411
8434.0,8819.328
8401.0,8793.795
7956.0,8603.15
7549.000000000001,8045.2393
7202.0,7710.886
6786.0,7309.2446
6341.0,7042.21
6033.0,6531.0415
5912.0,6279.438
5848.0,6230.2603
6037.999999999999,6252.7427
6182.000000000001,6502.091
6677.0,6688.5703
6645.0,7085.9395
6602.0,6828.2334
6762.0,6790.1055
7199.0,7028.7935
7563.000000000001,7486.9614
7444.999999999999,7744.9937
6691.0,7668.732
6421.0,7079.5874
6706.0,7242.177
8192.0,7865.362
8159.0,9213.632
8102.0,8621.395
8097.0,8581.762
7866.0,8450.0625
7672.0,8073.2246
7296.0,7862.863
6927.0,7414.6094
6452.0,7033.5645
6169.000000000001,6678.7456
5921.0,6398.93
5693.0,6179.019
5635.0,6010.6
6110.999999999999,6047.8394
6638.0,6562.703
7556.000000000001,7024.1055
7877.0,7766.434
7969.0,7759.5703
8100.0,7756.248
8567.0,7916.7866
8770.0,8423.173
8499.0,8601.103
8003.0,8364.611
7908.0,8097.461
8238.0,8399.136
9638.0,9056.473
9648.0,10337.364
9580.0,9809.245
9365.0,9794.515
9116.0,9427.999
8736.0,9186.023
8190.0,8767.1875
7683.0,8241.521
7159.0,7764.695
6752.0,7446.2925
6490.0,7117.1963
6339.0,6755.673
6274.0,6627.038
6509.0,6658.7583
7092.0,6966.0405
8756.0,7589.1436
8176.0,9050.005
8059.0,8170.3506
8550.0,8106.803
8756.0,8608.127
9200.0,8765.866
8895.0,9235.678
8432.0,8964.949
8318.0,8720.114
8570.0,8913.671
10111.0,9424.501
9874.0,10824.387
9639.0,10097.804
9616.0,9881.458
9346.0,9772.571
8825.0,9381.06
8232.0,8822.552
7755.0,8247.398
7267.0,7794.005
6887.0,7430.439
6624.0,7114.2505
6367.0,6894.6724
6353.0,6702.2812
6765.0,6782.817
7267.0,7243.968
8013.0,7825.578
8347.0,8288.477
8272.0,8382.384
8459.0,8252.542
8790.0,8466.932
9165.0,8804.148
8812.0,9143.676
8498.0,8822.437
8346.0,8760.856
8769.0,8905.9375
10180.0,9638.695
10016.0,10869.734
9936.0,10233.593
9758.000000000002,10198.188
9373.0,9890.544
8926.0,9414.944
8443.0,8936.538
8076.0,8489.941
7375.0,8130.403
6996.0,7560.6294
6748.0,7225.9453
6577.0,7011.6675
6533.0,6876.509
6838.0,6921.4697
7391.0,7271.843
8237.0,7812.1777
8519.0,8481.448
8264.0,8478.082
8495.0,8158.434
9048.0,8454.907
9283.0,9012.356
8858.0,9205.307
8549.0,8863.43
8494.0,8802.33
8597.0,9048.2705
10093.0,9481.441
9924.0,10861.52
9838.0,10205.859
9734.0,10151.804
9443.0,9906.315
9025.0,9540.207
8448.0,9095.303
8067.0,8536.017
7490.999999999999,8161.3955
7098.0,7699.0137
6912.0,7310.5757
6667.0,7150.6
6620.0,6937.2563
6871.0,6964.873
7491.999999999999,7272.247
8289.0,7905.926
8526.0,8493.721
8463.0,8434.061
8755.0,8311.144
9235.0,8658.327
9544.0,9116.171
9086.0,9372.97
8749.0,8988.69
8560.0,8941.539
8919.0,9027.167
10145.0,9735.447
10061.0,10793.209
9889.0,10327.339
9696.0,10163.984
9542.0,9895.512
9099.0,9691.914
8609.0,9166.406
8094.0,8732.132
7596.000000000001,8204.543
7279.0,7853.189
7063.0,7461.6777
6827.0,7242.9355
6628.0,7030.4355
6836.0,6923.265
6961.0,7221.7363
7450.999999999999,7381.1094
7456.999999999999,7782.696
7415.999999999999,7570.673
7626.0,7523.1963
8173.0,7798.085
8733.0,8349.317
7377.0,8807.595
9635.0,7462.7305
6814.0,7492.267
7321.0,7682.215
8694.0,8458.171
8663.0,9654.862
8684.0,9171.464
8677.0,9181.079
8590.0,9051.548
8236.0,8846.632
7476.999999999999,8399.334
6871.0,7608.819
6614.0,7261.7
6411.0,6920.8804
6197.000000000001,6704.7856
6252.000000000001,6538.1724
6681.0,6654.4463
6843.0,7120.426
7543.000000000001,7221.838
7689.0,7942.966
7726.0,7859.1133
7969.0,7917.284
8475.0,8172.9824
8843.0,8677.301
8507.0,9033.579
8247.0,8551.898
8335.0,8809.884
8694.0,8571.797
9892.0,9215.452
9910.0,10452.559
9880.0,9950.896
9833.0,10010.093
9435.0,9871.315
9024.0,9414.522
7850.0,9045.645
8063.0,7774.2554
7475.999999999999,8377.751
7122.0,7624.1846
6831.0,7355.41
6718.0,7055.7964
6565.0,7031.0615
6939.0,6968.574
7382.0,7396.5
8133.0,7827.312
8559.0,8466.038
8557.0,8621.232
8748.0,8536.368
9141.0,8797.644
9494.0,9177.4
9027.0,9479.236
8565.0,9042.8
8466.0,8889.013
8881.0,9118.523
10203.0,9816.569
9985.0,10973.262
9958.0,10218.921
9940.0,10365.791
9662.0,10149.204
9148.0,9801.342
8570.0,9171.916
8079.0,8809.427
7624.0,8278.731
7288.0,8024.19
6975.0,7709.543
6844.0,7277.7773
6658.0,7143.145
6987.0,7058.965
7313.0,7465.554
7982.0,7799.439
8527.0,8399.694
8375.0,8725.885
8536.0,8442.435
9015.0,8654.976
9225.0,9137.093
8919.0,9283.989
8434.0,9023.477
8301.0,8745.891
8535.0,8927.803
9977.0,9408.921
9985.0,10702.641
9805.0,10254.993
9709.0,10063.162
9428.0,9869.761
8944.0,9477.054
8417.0,8945.642
7913.0,8451.215
7443.999999999999,7953.0825
7118.0,7635.7056
6841.0,7319.4736
6703.0,7072.427
6544.0,6968.084
6892.0,6909.141
7312.0,7314.775
8121.0,7734.341
8694.0,8451.063
8649.0,8756.323
8799.0,8577.372
9194.0,8773.665
9572.0,9156.232
9027.0,9496.333
8749.0,8989.853
8582.0,9008.298
8941.0,9065.264
10225.0,9719.908
10031.0,10860.127
10031.0,10224.302
9893.0,10297.644
9568.0,10002.621
9145.0,9616.967
8542.0,9171.84
8090.0,8579.864
7538.000000000001,8180.747
7248.0,7754.1196
7040.0,7464.593
6916.0,7256.624
6680.0,7151.8594
6943.0,7019.693
7548.000000000001,7361.776
8384.0,7974.567
8845.0,8670.645
8879.0,8847.955
9044.0,8759.573
9540.0,8932.125
9848.0,9465.293
9300.0,9672.233
8843.0,9221.021
8645.0,9047.093
8943.0,9155.713
10396.0,9749.426
10204.0,11066.313
10078.0,10406.949
9937.0,10356.024
9717.0,10100.98
9041.0,9817.452
8638.0,9090.036
8405.0,8819.956
7652.0,8549.811
7346.0,7885.798
7161.0,7593.3423
6926.0,7396.4463
6840.0,7174.5586
7068.0,7179.0356
7657.0,7477.323
8354.0,8074.466
9003.0,8626.053
9025.0,8994.253
9088.0,8827.287
9618.0,8947.427
9978.0,9494.523
8891.0,9751.253
8786.0,8809.39
8786.0,9112.978
9053.0,9257.001
10487.0,9840.399
10411.0,11120.551
10182.0,10565.931
10111.0,10396.515
9793.0,10271.709
9332.0,9831.858
8699.0,9405.609
8208.0,8856.784
7701.0,8391.133
7409.999999999999,8034.3203
7152.0,7661.424
6893.0,7372.941
6765.0,7150.135
6844.0,7098.4185
7062.0,7258.0576
7684.0,7517.6562
7754.0,8072.906
7805.0,7894.5264
7938.0,7883.9897
8465.0,8045.594
9033.0,8604.784
7685.0,8995.476
7176.0,7699.1978
7085.0,7705.7017
7460.999999999999,7894.495
8944.0,8587.31
8955.0,9933.489
8978.0,9428.8545
8934.0,9474.968
8925.0,9263.133
8582.0,9172.039
8040.0,8699.914
7701.0,8182.6616
7141.0,7869.121
6854.0,7433.064
6641.0,7092.747
6434.0,6870.98
6281.0,6726.99
6657.0,6672.5444
7139.0,7148.198
7861.0,7587.902
8083.0,8162.9497
8077.0,8118.6284
8359.0,8057.8926
8923.0,8411.673
9368.0,8995.2705
8772.0,9225.377
8643.0,8779.919
8343.0,8930.817
8717.0,8784.06
10239.0,9601.863
10262.0,10972.327
10056.0,10402.182
9993.0,10269.595
9706.0,10147.433
8625.0,9761.758
8168.0,8611.944
7601.000000000001,8467.522
7385.0,7936.8657
7123.0,7684.847
6791.0,7383.1196
6752.0,7099.773
7068.0,7144.617
7373.0,7513.8853
8422.0,7802.0605
8729.0,8861.465
8896.0,8846.246
8929.0,8956.619
9514.0,8904.941
9648.0,9508.096
9257.0,9565.756
8631.0,9218.48
8436.0,8893.758
8660.0,9031.549
10204.0,9480.348
10180.0,11212.163
9845.0,10448.679
9894.0,10215.571
9669.0,10285.489
9250.0,9896.771
8690.0,9395.811
8039.0,8903.165
7580.000000000001,8271.781
7259.0,9406.62
7010.0,8408.209
6733.0,7724.16
6598.0,7275.3213
6936.0,7143.0776
7232.0,7498.8135
8073.0,7896.036
8690.0,8697.153
8513.0,9190.927
8591.0,8868.303
9084.0,8961.779
9331.0,9428.266
9049.0,9473.744
8558.0,9092.646
8399.0,8685.45
8610.0,8819.623
9482.0,9380.009
9944.0,10240.603
9771.000000000002,10402.614
9763.000000000002,10002.149
9423.0,9865.526
8860.0,9323.26
8312.0,8651.31
7923.0,8044.2495
7473.999999999999,7645.6685
7023.0,7319.4263
6667.0,7097.2075
6550.0,6839.5337
6514.0,6806.0107
6900.0,6904.2324
7323.0,7363.3047
8143.0,7869.25
8615.0,8666.683
8819.0,8944.684
8896.0,8988.884
9294.0,9021.945
9599.0,9421.411
9110.0,9651.106
8607.0,9105.901
8482.0,8783.527
8628.0,8852.471
10056.0,9214.696
9900.0,10732.8545
9883.0,10133.1
9773.000000000002,10041.873
9621.0,9764.851
9015.0,9470.7705
8250.0,8716.165
7875.0,7957.892
7818.0,7631.566
7051.0,7192.482
6771.0,7111.725
6479.0,6933.0547
6464.0,6737.3784
6923.0,6855.5405
7467.999999999999,7396.755
8391.0,7980.8984
8959.0,8841.949
8922.0,9240.797
8985.0,9033.187
9287.0,9062.843
9548.0,9293.581
9079.0,9448.698
8840.0,8977.387
8472.0,8954.831
8658.0,8821.585
10131.0,9410.863
10109.0,10889.989
10048.0,10449.441
9988.0,10270.115
9669.0,10075.087
9156.0,9576.643
8563.0,8951.747
7966.0,8361.973
7494.999999999999,7798.8535
7090.0,7413.258
6820.0,7156.1104
6820.0,6952.3857
6481.0,7025.708
6844.0,6796.7925
7371.0,7268.8867
8416.0,7863.423
8848.0,8870.716
8967.0,9025.763
9107.0,8927.634
9508.0,9010.407
9766.000000000002,9425.36
9291.0,9622.905
8936.0,9216.298
8574.0,9085.544
8894.0,8999.88
10107.0,9715.207
10090.0,10891.908
9895.0,10479.69
9857.0,10171.709
9680.0,10016.528
9138.0,9675.714
8547.0,9000.712
8171.0,8402.476
7619.0,8055.8716
7215.0,7568.422
6871.0,7260.267
6686.0,6985.9014
6576.0,6846.6733
6751.0,6845.949
7090.0,7127.875
7762.0,7563.705
8133.0,8167.51
8124.0,8339.684
8120.0,8176.6235
8731.0,8164.9155
9230.0,8844.688
8021.0,9251.205
7479.999999999999,8064.4683
7265.0,7825.531
7569.000000000001,7933.595
8919.0,8559.548
9140.0,9901.39
9168.0,9710.573
9110.0,9581.801
8905.0,9357.669
8595.0,8979.303
8106.0,8562.889
7648.0,8022.5923
7062.0,7552.828
6700.0,7123.209
6370.0,6788.2476
6266.0,6524.402
6149.000000000001,6522.106
6518.0,6511.2593
6800.0,7018.6763
7709.0,7361.389
8197.0,8245.419
8193.0,8417.435
8165.0,8232.606
8712.0,8268.034
9219.0,8956.688
8757.0,9277.926
8077.0,8765.079
7633.0,8340.383
7805.0,8262.873
8828.0,8803.702
9113.0,9828.833
9001.0,9699.476
8854.0,9394.549
8843.0,9100.982
8335.0,8981.023
7702.0,8262.741
7195.0,7622.65
6578.0,7071.7705
6284.0,6654.623
6000.0,6499.149
5756.0,6291.7437
5740.0,6130.651
5808.0,6249.3716
5639.0,6405.658
6138.999999999999,6346.9883
6131.999999999999,6886.2236
5877.0,6652.9854
5813.0,6291.715
5979.0,6332.244
6791.0,6579.1533
6500.0,7405.8706
5497.0,6965.712
5192.0,6081.4487
5500.0,6189.199
7175.0,6812.351
7444.999999999999,8569.451
7467.999999999999,8207.929
7457.999999999999,8024.6445
7367.0,7831.6284
7012.0,7534.31
6322.0,7039.3926
5916.0,6240.267
5511.0,5873.794
5300.0,5544.6387
5075.0,5551.8228
4997.0,5305.279
5004.0,5270.641
5479.0,5364.01
6214.000000000001,5881.3364
7264.0,6651.3193
8292.0,7627.959
8290.0,8266.574
8283.0,8271.014
8810.0,8158.924
9187.0,8736.288
8632.0,8956.149
8303.0,8276.189
8016.0,8128.8184
8088.0,8136.274
9440.0,8595.416
9566.0,10004.624
9501.0,9765.785
9391.0,9529.3125
9199.0,9285.096
8714.0,8954.865
8044.0,8301.132
7499.999999999999,7613.289
7082.0,7100.4443
6784.0,6864.38
6439.0,6788.34
6332.0,6557.484
6272.0,6556.6694
6713.0,6632.014
7331.0,7219.4814
8217.0,7889.8687
8718.0,8758.313
8849.0,9026.897
8770.0,8979.679
9189.0,8879.173
9324.0,9343.555
9028.0,9363.017
8496.0,9016.0205
8222.0,8574.576
8529.0,8527.106
9698.0,9162.433
9746.0,10339.525
9759.000000000002,10034.434
9640.0,9934.467
9434.0,9682.159
8939.0,9320.818
8287.0,8701.535
7822.0,8026.704
7374.0,7611.483
6975.0,7301.213
6660.0,7042.093
6542.0,6807.9253
6495.0,6778.9473
6720.0,6856.88
7290.0,7180.937
8425.0,7830.5244
8776.0,8912.756
8681.0,9035.489
8849.0,8805.984
9280.0,8972.453
9516.0,9413.495
9010.0,9559.227
8726.0,8990.709
8493.0,8828.379
8670.0,8791.941
10077.0,9243.792
10086.0,10677.44
9972.0,10268.012
9509.0,10068.206
9616.0,9487.934
9087.0,9595.134
8589.0,8843.349
8065.0,8396.143
7622.0,7867.0713
7202.0,7575.274
6895.0,7256.5117
6716.0,7030.3047
6734.0,6932.387
7086.0,7060.493
7390.0,7497.9316
8563.0,7895.7285
8977.0,9004.667
9112.0,9166.116
9187.0,9202.12
9530.0,9303.312
9833.0,9621.899
9351.0,9793.403
8992.0,9324.81
8703.0,9066.851
8945.0,8956.009
10017.0,9501.074
10280.0,10544.28
10039.0,10487.14
9949.0,10075.273
9716.0,9989.536
9308.0,9615.736
8694.0,9153.092
8305.0,8532.273
7638.0,8198.159
7272.0,7627.7095
6987.0,7334.7485
6773.0,7097.576
6656.0,6991.4854
6950.0,6956.5186
6964.0,7325.396
7564.000000000001,7435.762
7940.0,8035.533
8118.0,8295.933
8295.0,8355.743
8852.0,8530.148
9589.0,9085.059
8111.0,9724.738
7545.000000000001,8053.311
7162.0,7801.2783
7539.000000000001,7625.091
8898.0,8322.716
9065.0,9699.354
9064.0,9440.127
9084.0,9396.77
8889.0,9260.19
8498.0,8914.725
7865.0,8427.168
7396.0,7769.0874
6889.0,7317.067
6575.0,6978.941
6358.0,6687.411
6167.000000000001,6533.312
6117.999999999999,6431.6904
6588.0,6523.3477
6991.0,7086.434
7686.0,7505.175
8392.0,8206.297
8401.0,8759.759
8510.0,8598.786
8914.0,8752.279
9247.0,9209.704
9101.0,9279.954
8702.0,9062.742
8323.0,8727.264
8807.0,8603.426
1005.0,9461.21
10286.0,10569.414
10189.0,10348.273
10126.0,10150.981
9926.0,9986.314
9152.0,9653.203
8486.0,8740.2705
8172.0,8183.192
7532.000000000001,7930.55
7159.0,7412.6606
6910.0,7180.8403
6672.0,6979.384
6652.0,6840.8477
7100.0,6972.9766
7685.0,7519.914
8755.0,8119.0444
9202.0,9196.219
9337.0,9352.526
9443.0,9368.861
9557.0,9471.612
9611.0,9570.211
9622.0,9604.146
9327.0,9608.728
8872.0,9357.018
9155.0,9179.944
9989.0,8710.25
10209.0,11182.623
10437.0,10543.485
10289.0,10823.953
10004.0,10391.947
9560.0,9986.315
8793.0,9463.343
8203.0,8709.102
7435.999999999999,8173.651
7177.0,7617.7974
7010.0,7555.183
6807.0,7285.225
6722.0,7100.7
7158.0,7115.65
7709.0,7671.888
8619.0,8305.524
9018.0,9170.821
9162.0,9415.674
9211.0,9432.505
9335.0,9430.679
9445.0,9551.086
9407.0,9632.45
9338.0,9536.027
8795.0,9471.13
8972.0,9055.378
10078.0,9487.9795
10368.0,10637.122
10262.0,10629.257
10077.0,10344.08
9838.0,10046.212
9230.0,9695.384
8647.0,8941.24
8260.0,8381.252
7647.0,7970.996
7314.0,7516.2466
7160.0,7387.56
6849.0,7309.7847
6811.0,7067.2734
7221.0,7172.349
7848.0,7684.0347
8867.0,8338.738
9238.0,9317.462
9370.0,9568.167
9630.0,9139.565
9800.0,9591.306
10070.0,9738.968
9789.0,9793.029
9364.0,9791.104
8916.0,9368.755
9207.0,9140.992
10212.0,9769.588
10517.0,10804.726
10354.0,10733.315
10388.0,10404.677
10086.0,10369.334
9357.0,9882.761
8823.0,9090.417
8240.0,8632.064
7665.0,8016.3555
7345.0,7629.346
7062.0,7467.3545
6834.0,7237.755
6792.0,7087.1113
7102.0,7165.8
7878.0,7572.8145
8749.0,8418.258
9362.0,9192.378
9294.0,9628.633
9477.0,9413.073
9843.0,9567.961
10047.0,9876.675
9691.0,9971.33
9351.0,9599.298
8993.0,9386.167
9166.0,9261.918
10190.0,9759.373
10501.0,10827.401
10515.0,10800.138
10401.0,10689.654
10138.0,10431.999
9485.0,10020.509
8765.0,9289.518
8231.0,8614.585
7713.0,8115.9165
7330.0,7749.1743
7021.0,7468.6973
6891.0,7192.37
6736.0,7149.959
7174.0,7101.986
7976.0,7672.35
8754.0,8477.526
9512.0,9147.534
9454.0,9689.027
9459.0,9458.71
9935.0,9469.123
10200.0,9699.745
9950.0,9799.818
9580.0,9621.208
9235.0,9497.473
9574.0,9583.269
10544.0,10206.349
10507.0,11147.73
10294.0,10773.526
10305.0,10505.022
9937.0,10442.347
9519.0,9884.961
8810.0,9432.691
8447.0,8701.127
7933.0,8417.417
7467.999999999999,7993.8066
7248.0,7586.976
7015.0,7433.7886
6937.0,7219.071
7203.0,7267.8394
7307.0,7635.192
8189.0,7768.5776
8434.0,8622.814
8599.0,8689.349
8556.0,8712.548
9087.0,8619.291
9620.0,9200.95
8586.0,9537.169
7712.0,8609.317
7392.0,8022.372
7737.0,8093.2305
8997.0,8772.0625
9530.0,9988.811
9495.0,10121.422
9502.0,9889.149
9339.0,9750.777
9031.0,9432.575
8460.0,9023.06
7930.0,8460.036
7314.0,7897.7197
6959.0,7444.3677
6729.0,7125.387
6579.0,6914.032
6485.0,6848.255
6832.0,6879.0146
7349.0,7312.0444
8092.0,7901.7144
8750.0,8587.358
9100.0,8808.496
9140.0,8813.619
9380.0,9124.553
9550.0,9164.501
9640.0,8886.406
9225.0,8940.975
8940.0,8871.544
8990.0,9294.383
10080.0,9733.736
10550.0,10429.158
10560.0,10195.466
10440.0,10123.896
9990.0,10017.564
9700.0,9682.761
9200.0,9545.325
8590.0,9001.666
8094.0,8398.449
7418.999999999999,8114.448
7213.0,7499.8643
6960.0,7437.134
6956.0,7233.198
7394.0,7385.9614
8071.0,7915.2275
8750.0,8619.818
9100.0,8869.988
9400.0,8780.449
9650.0,8898.533
9900.0,9144.129
10200.0,9508.846
9800.0,9684.061
9400.0,9279.731
9187.0,9319.1455
9330.0,9653.362
10500.0,9999.309
10700.0,10819.268
10550.0,10626.556
10276.0,10588.438
10190.0,10453.024
9645.0,10278.282
8957.0,9587.149
8324.0,8945.38
7749.0,8355.156
7340.0,7978.2563
7155.0,7742.6426
6937.0,7457.563
6942.0,7247.542
7311.0,7374.084
8092.0,7862.7876
8748.0,8665.293
9400.0,9212.881
9450.0,9421.308
9750.0,9504.991
10000.0,9754.694
10140.0,10058.608
9680.0,10053.837
9370.0,9577.897
9088.0,9465.232
9067.0,9418.711
10118.0,9728.424
10616.0,10762.447
10555.0,10952.823
10540.0,10675.864
10202.0,10567.784
9543.0,10040.503
9014.0,9230.775
8232.0,8814.294
7786.0,7973.8955
7294.0,7767.699
7001.0,7417.253
6886.0,7210.5483
6763.0,7190.2466
7067.0,7170.37
7837.0,7599.178
8950.0,8389.22
9300.0,9039.601
9350.0,9103.24
9525.0,9344.14
9975.0,9429.829
10200.0,9803.741
9980.0,10002.494
9670.0,9877.951
9164.0,9727.91
9282.0,9520.758
10340.0,9980.104
10713.0,11025.514
10589.0,11117.53
10565.0,10800.9
10275.0,10664.99
9873.0,10183.323
8597.0,9721.544
7854.0,8296.416
7501.999999999999,7937.197
7208.0,7676.1113
7023.0,7411.3135
6840.0,7272.2734
7210.0,7173.084
8033.0,7633.676
9050.0,8492.141
9450.0,9206.932
9700.0,9367.784
9788.0,9506.008
10009.0,9555.081
10337.0,9753.5625
9900.0,10196.262
9300.0,9779.389
9278.0,9472.354
9497.0,9678.856
10400.0,10016.752
10455.0,10782.076
10450.0,10923.354
10364.0,10713.587
10156.0,10538.956
9653.0,10238.756
8985.0,9619.982
8410.0,8893.905
7647.0,8338.899
7233.0,7719.5605
7113.0,7459.935
6975.0,7364.379
6843.0,7241.086
7249.0,7220.399
7962.0,7725.891
8832.0,8489.965
9350.0,9222.057
9700.0,9100.138
9800.0,9179.874
10200.0,9330.378
10300.0,9800.377
10000.0,9776.123
9600.0,9640.851
9354.0,9636.56
9378.0,9769.014
10450.0,10001.838
10692.0,11047.39
10375.0,11008.081
10331.0,10546.233
10159.0,10496.871
9624.0,10167.636
9040.0,9493.561
8329.0,8967.965
8114.0,8244.08
7624.0,8235.652
7353.0,7727.3394
7173.0,7499.6143
7047.0,7358.4834
7240.0,7329.86
7579.000000000001,7646.8516
8209.0,8040.001
8485.0,8573.243
8381.0,8738.213
8430.0,8553.76
9186.0,8593.338
9831.0,9357.15
8340.0,9883.002
7499.999999999999,8297.212
7281.0,7918.2144
7510.000000000001,8026.866
8557.0,8576.708
9061.0,9636.183
9227.0,9772.064
9164.0,9753.444
9141.0,9493.088
8765.0,9339.883
8193.0,8786.069
7818.0,8173.3247
7181.0,7863.8774
6852.0,7325.6675
6568.0,7048.3223
6494.0,6806.2188
6284.0,6853.9526
6640.0,6715.265
7417.999999999999,7216.136
8198.0,8016.7144
8829.0,8647.494
8770.0,9033.574
8850.0,8690.703
9230.0,8867.806
9550.0,9250.75
9250.0,9331.978
8950.0,9074.011
8500.0,9029.672
8630.0,8827.949
9920.0,9408.185
10250.0,10779.748
10288.0,10628.615
10213.0,10604.886
9906.0,10359.124
9490.0,9861.742
8804.0,9325.094
8282.0,8750.214
7791.0,8211.255
7469.999999999999,7915.325
7248.0,7645.5034
7077.0,7485.5146
6939.0,7340.731
7348.0,7330.5503
8060.0,7896.2314
9060.0,8635.552
9550.0,9392.885
9460.0,9531.122
9625.0,9318.815
10000.0,9543.149
10260.0,9949.063
9750.0,10152.623
9435.0,9679.43
8965.0,9623.258
9100.0,9427.978
10281.0,10043.841
10580.0,11301.247
10435.0,11105.148
10381.0,10849.856
10029.0,10703.246
9454.0,10190.078
8876.0,9541.188
8481.0,8996.925
7848.0,8621.949
7458.999999999999,8119.942
7257.0,7919.4146
7033.0,7580.8706
7013.0,7340.432
7391.0,7422.513
8039.0,7902.532
9110.0,8605.82
9565.0,9477.892
9361.0,9650.5625
9491.0,9300.888
9954.0,9502.911
10233.0,10006.436
9806.0,10196.112
9470.0,9851.762
9000.0,9653.3545
9264.0,9443.394
10425.0,10112.627
10717.0,11229.68
10534.0,11134.8
10423.0,10782.573
10177.0,10543.759
9512.0,10139.863
8957.0,9356.046
8461.0,8870.858
7863.0,8314.066
7579.000000000001,7864.672
7299.0,7723.7964
7126.0,7476.939
7021.0,7398.237
7474.999999999999,7405.5957
8300.0,7964.207
9225.0,8822.406
9628.0,9527.272
9725.0,9707.76
9820.0,9558.945
10100.0,9646.45
10400.0,9963.399
9960.0,10241.488
9550.0,9846.286
8973.0,9621.96
9344.0,9319.039
10215.0,10093.04
10715.0,10862.239
10485.0,11172.391
10332.0,10683.45
10063.0,10476.854
9540.0,10046.423
9040.0,9406.115
8560.0,8970.397
8007.0,8445.729
7729.0,8052.318
7380.0,7850.6978
7152.0,7531.199
7119.0,7371.036
7511.000000000001,7464.5825
8252.0,7967.5234
9250.0,8735.643
9800.0,9515.494
9800.0,9640.023
9900.0,9533.602
10300.0,9737.59
10500.0,10099.362
9960.0,9996.646
9660.0,9631.7705
9350.0,9777.866
9530.0,9666.95
10410.0,10073.641
10704.0,10966.569
10530.0,11034.562
10347.0,10691.069
10205.0,10452.347
9682.0,10206.354
8955.0,9591.027
8579.0,8892.088
7744.0,8588.465
7525.000000000001,7927.266
7223.0,7758.0356
7009.0,7513.3896
6958.0,7371.74
7429.999999999999,7404.9346
8270.0,7956.421
8840.0,8805.673
9490.0,9196.7295
9640.0,9530.633
9730.0,9457.724
10260.0,9601.181
10500.0,9981.766
10200.0,9927.704
9800.0,9883.612
9400.0,9636.643
9630.0,9780.07
10170.0,10191.67
10424.0,10760.425
10247.0,10859.414
10229.0,10483.75
10119.0,10418.653
9590.0,10138.3955
9004.0,9469.415
8707.0,8896.815
8091.0,8570.271
7732.0,8057.8633
7516.000000000001,7775.4004
7194.0,7592.858
7025.0,7322.005
7361.0,7291.652
7619.0,7770.529
8410.0,8046.8843
8860.0,8729.944
8750.0,9023.233
8740.0,8741.039
9290.0,8744.0
9660.0,9381.868
8400.0,9643.48
7930.0,8418.574
7567.000000000001,8225.219
7700.0,8169.688
8816.0,8579.904
9283.0,9782.021
9311.0,9912.248
9303.0,9744.07
9283.0,9610.048
8868.0,9422.648
8319.0,8834.908
7930.0,8283.681
7337.0,7863.7153
6979.0,7418.9707
6783.0,7075.3135
6609.0,6905.4204
6526.0,6813.29
6939.0,6878.0986
7515.000000000001,7401.248
8500.0,8043.1807
8815.0,8793.199
8986.0,8829.051
9124.0,8943.647
9562.0,9080.593
9689.0,9564.586
9415.0,9542.18
8835.0,9363.446
8780.0,8941.945
8780.0,9295.414
9649.0,9614.954
10550.0,10588.161
10407.0,11236.396
10308.0,10672.469
10025.0,10519.412
9588.0,10024.46
8918.0,9490.733
8461.0,8777.24
7924.0,8332.111
7495.999999999999,7927.592
7277.0,7582.2983
7085.0,7429.3223
7008.0,7299.036
7307.0,7353.49
8049.0,7764.409
9000.0,8611.71
9300.0,9278.756
9220.0,9295.863
9380.0,9068.331
9750.0,9309.025
9980.0,9673.465
9700.0,9910.612
9370.0,9716.801
8870.0,9583.681
8870.0,9358.505
9720.0,9736.677
10425.0,10739.045
10350.0,11108.918
10278.0,10728.778
10089.0,10581.279
9645.0,10222.205
9010.0,9601.246
8495.0,8949.761
7895.0,8493.05
7584.000000000001,8070.8887
7336.0,7931.679
7126.0,7592.4766
7082.0,7378.042
7557.000000000001,7420.7764
8350.0,8033.9395
9232.0,8825.4375
9440.0,9489.746
9700.0,9347.027
9800.0,9368.025
10150.0,9727.696
10250.0,9797.084
9900.0,9831.215
9650.0,9712.56
9370.0,9717.322
9240.0,9786.983
10260.0,9830.144
10600.0,11053.55
10550.0,10728.965
10465.0,10767.342
10255.0,10594.88
9690.0,10199.688
9196.0,9475.024
8701.0,9021.76
8003.0,8455.668
7590.000000000001,7914.987
7319.0,7689.134
7120.0,7502.3706
6988.0,7379.467
7305.0,7387.136
8197.0,7842.1025
8900.0,8743.204
9550.0,9264.301
9550.0,9389.17
9650.0,9337.667
9900.0,9513.267
10450.0,9550.473
9800.0,10046.792
9530.0,9757.45
9445.0,9652.2705
9490.0,9727.6455
10265.0,10005.603
10888.0,10856.98
10656.0,11312.694
10309.0,10800.015
10232.0,10366.19
9723.0,10201.619
9108.0,9552.465
8816.0,8942.5205
8269.0,8629.952
7881.0,8167.7446
7537.000000000001,7931.451
7321.0,7650.757
7294.0,7501.9736
7649.0,7599.809
8590.0,8083.4688
9380.0,8977.051
9800.0,9587.972
9800.0,9350.355
10000.0,9377.143
10400.0,9532.47
10450.0,9961.004
9900.0,9671.009
9830.0,9836.659
8470.0,9989.122
8800.0,8862.358
10290.0,9733.627
10980.0,11282.89
10820.0,11546.223
10550.0,11050.892
10500.0,10689.009
9780.0,10520.473
9130.0,9570.995
8697.0,9018.657
8119.0,8707.383
7717.0,8190.134
7435.999999999999,7870.06
7424.999999999999,7639.1074
7297.0,7678.87
7623.0,7635.7993
8615.0,8088.3223
9590.0,9049.071
10000.0,9735.961
9850.0,9716.817
10000.0,9462.164
10400.0,9756.434
10490.0,10105.437
9950.0,10072.9375
9920.0,9950.3
9530.0,9936.043
9440.0,9813.035
10250.0,10136.474
10850.0,11070.133
10540.0,11388.943
10370.0,10795.26
10125.0,10606.82
9640.0,10171.992
8938.0,9573.613
8688.0,8975.263
8077.0,8747.902
7629.0,8184.7754
7470.999999999999,7825.947
7241.0,7712.997
7165.0,7511.129
7302.0,7545.4316
7735.0,7800.0156
8290.0,8295.257
8418.0,8723.037
8386.0,8606.037
8534.0,8460.28
9108.0,8645.41
9670.0,9234.86
8040.0,9718.595
7700.0,8085.9404
7502.999999999999,8219.59
7546.000000000001,8260.986
8558.0,8603.878
9345.0,9765.645
9268.0,10123.269
9227.0,9782.97
9179.0,9600.219
8816.0,9366.306
8322.0,8818.018
7826.0,8324.545
7468.999999999999,7788.2305
6992.0,7595.5596
6849.0,7103.474
6702.0,7020.297
6604.0,6917.3657
7032.0,6949.165
7908.0,7496.503
8679.0,8418.285
9100.0,8938.817
8946.0,9047.752
9160.0,8766.823
9455.0,9104.0
9945.0,9419.865
9624.0,10148.792
9037.0,9595.811
8827.0,9080.857
8858.0,9210.866
9797.0,9603.116
10645.0,10735.391
10480.0,11179.37
10290.0,10649.435
10155.0,10415.101
9600.0,10155.643
9000.0,9381.069
8638.0,8860.208
8122.0,8566.788
7651.0,8135.938
7370.0,7764.5103
7202.0,7546.098
7140.0,7457.534
7467.999999999999,7517.3276
8470.0,8014.192
9400.0,8958.466
9700.0,9632.234
9550.0,9502.674
9770.000000000002,9254.7295
10150.0,9620.452
10440.0,10048.4375
9945.0,10307.355
9705.0,9897.083
9295.0,9958.835
9310.0,9779.633
10110.0,10193.49
10740.0,11102.661
10445.0,11371.428
10360.0,10741.4375
10210.0,10684.269
9650.0,10302.881
9030.0,9617.268
8750.0,9041.408
8173.0,8867.867
7749.0,8373.974
7444.999999999999,8108.578
7211.0,7705.225
7115.0,7501.7593
7433.999999999999,7502.602
8330.0,8008.089
9350.0,8891.552
9760.000000000002,9729.914
9655.0,9819.766
9827.0,8030.305
10150.0,9055.835
10300.0,10737.469
9875.0,10997.543
9600.0,10638.557
9200.0,10500.896
9200.0,10223.672
9930.0,10506.372
10900.0,11233.878
10760.0,11834.094
10520.0,11291.765
10260.0,10876.543
9750.0,10406.122
9075.0,9695.558
8760.0,9025.123
8098.0,8700.07
7763.0,8131.7334
7504.999999999999,7928.0337
7332.0,7720.3594
7288.0,7590.197
7662.0,7655.458
8500.0,8151.6753
9410.0,8975.134
9850.0,9645.6045
9920.0,9728.297
10215.0,9646.189
10407.0,9973.106
10635.0,10193.469
10240.0,10407.321
9980.0,10139.824
9670.0,6791.665
9570.0,10737.948
10275.0,10171.986
10930.0,11179.007
10770.0,11503.549
10630.0,11050.439
10400.0,10802.607
9970.0,10453.745
9330.0,9836.174
8830.0,9191.541
8304.0,8735.126
7644.0,8322.641
7430.999999999999,7782.2227
7459.999999999999,7634.5483
7733.0,7743.651
8575.0,8093.0386
9500.0,8884.767
9900.0,9714.665
9950.0,9685.929
10050.0,9401.363
10570.0,9927.086
10770.0,10400.237
10290.0,10634.441
10100.0,10151.052
9790.0,10165.264
9560.0,10007.059
10300.0,9951.134
11043.0,10882.505
10836.0,11550.937
10797.0,11001.112
10488.0,10931.269
9895.0,10447.627
9290.0,9795.386
8915.0,9188.996
8420.0,8920.025
8046.0,8446.85
7770.0,8161.6313
7604.000000000001,7922.9326
7491.999999999999,7826.152
7853.0,7814.763
9050.0,8330.785
9603.0,9408.447
10020.0,9844.481
10250.0,9860.887
10480.0,10030.033
10980.0,10240.981
11095.0,10746.186
10640.0,10821.411
10315.0,10496.601
10000.0,10325.7705
9820.0,10213.699
10320.0,10345.801
11040.0,11046.925
10580.0,11587.922
10590.0,10787.129
10560.0,10896.86
9960.0,10642.006
9500.0,9878.963
9100.0,9470.956
8721.0,9057.152
8282.0,8820.619
8042.0,8416.649
7776.0,8203.459
7699.0,7948.1978
7989.0,7986.198
6950.0,8396.369
7409.999999999999,7399.0723
8700.0,8004.484
9100.0,8681.1875
9450.0,9065.867
9800.0,9381.809
10200.0,9640.977
9000.0,10019.465
8665.0,8951.599
8430.0,8949.777
8360.0,8966.547
9000.0,9161.816
9850.0,9984.949
9925.0,10539.122
9840.0,10338.78
9760.000000000002,10139.268
9330.0,9937.4
9330.0,9319.273
8330.0,9104.129
8165.0,8504.42
7747.0,8281.8955
7602.000000000001,7815.5254
7324.0,7709.6924
7228.0,7483.7607
7635.0,7542.26
8410.0,7849.2275
9350.0,8679.206
9400.0,9555.455
9370.0,9218.188
9700.0,9309.778
10050.0,9652.83
10300.0,10003.498
9930.0,10174.398
9630.0,9859.407
9500.0,9826.081
9300.0,9949.445
10330.0,9984.811
11275.0,11322.259
11070.0,11799.217
10930.0,11240.316
10670.0,11085.036
10240.0,10656.799
9530.0,10175.254
9055.0,9348.573
8545.0,9044.716
8150.0,8616.958
7940.0,8290.788
7720.0,8105.629
7660.0,7936.267
7800.0,8004.051
8560.0,8259.059
9600.0,9066.02
10150.0,9767.175
10000.0,9800.701
10400.0,9670.002
10800.0,10132.006
10825.0,10529.421
10400.0,10480.26
10150.0,10240.154
9875.0,10393.328
9600.0,10342.966
10600.0,10353.969
11350.0,11703.264
11140.0,11907.084
11025.0,11475.559
10793.0,11330.562
10000.0,10941.847
9620.0,9962.504
9130.0,9784.487
8700.0,9182.106
8265.0,8970.723
7988.0,8691.002
7720.0,8280.887
7644.0,8015.104
7970.0,8025.8926
8950.0,8444.699
9750.0,9460.42
10150.0,9890.156
10200.0,10003.269
10500.0,10061.782
10900.0,10337.315
10920.0,10745.234
10700.0,10672.519
10340.0,10562.36
10150.0,10306.609
10000.0,10465.878
10650.0,10642.364
11600.0,11371.374
11450.0,12129.376
11240.0,11579.056
10916.0,11251.022
10400.0,10747.72
9770.000000000002,10142.065
9330.0,9558.279
8900.0,9166.048
8270.0,8864.622
8050.0,8375.469
7763.0,8215.38
7785.0,7997.524
8260.0,8123.9575
9050.0,8647.549
9900.0,9417.17
10200.0,10057.469
10300.0,10131.012
10550.0,10129.971
10870.0,10465.611
10000.0,10664.344
10360.0,9761.305
10100.0,10281.044
9950.0,10029.987
10100.0,10055.511
10763.0,10406.949
11600.0,11414.644
11364.0,11914.257
11247.0,11365.84
10800.0,11245.244
10200.0,10695.728
9844.0,9955.054
9345.0,9772.571
8855.0,9236.849
8399.0,8844.773
8083.0,8475.531
7855.0,8199.069
7627.0,8054.368
7759.0,7972.703
8118.0,8229.623
8924.0,8668.72
8870.0,9394.683
8887.0,9137.498
9220.0,9145.12
9810.0,9522.048
10042.0,9964.066
9826.0,10230.189
9197.0,9917.35
8492.0,9366.953
8407.0,8958.997
8907.0,9274.367
9940.0,9908.394
9893.0,10792.1875
9786.0,10359.207
9828.0,10127.072
9616.0,9998.446
8941.0,9662.351
8777.0,8873.63
8179.0,8783.307
7922.0,8191.354
7624.0,8012.079
7428.999999999999,7725.7114
7368.0,7577.9497
7522.000000000001,7597.651
8250.0,7819.1035
9160.0,8596.033
9245.0,9307.575
9289.0,9201.154
9589.0,9286.344
10067.0,9626.345
10307.0,10092.361
10027.0,10275.052
9793.0,9961.346
9199.0,9692.242
8707.0,9223.469
9429.0,9087.204
10474.0,10185.644
10598.0,10960.61
10495.0,10774.219
10270.0,10591.543
9893.0,10265.996
8869.0,9815.463
8488.0,8770.28
7699.0,8554.402
7397.0,7867.3804
7332.0,7627.698
7251.0,7556.977
7210.0,7491.4233
7449.999999999999,7508.975
7697.0,7833.954
8307.0,8122.591
8595.0,8643.498
8616.0,8706.868
8978.0,8653.283
9346.0,9081.606
9743.0,9432.984
8614.0,9731.204
8234.0,8606.224
8030.0,8482.371
7902.0,8460.775
8569.0,8656.245
9893.0,9575.434
9616.0,10713.462
9492.0,9938.158
9472.0,9825.234
9288.0,9658.679
8809.0,9297.816
8561.0,8769.429
8090.0,8494.196
7635.0,8133.9976
7431.999999999999,7674.3413
7281.0,7537.242
7133.0,7461.151
7351.0,7428.6353
8017.0,7750.21
8850.0,8481.151
9210.0,9088.765
8896.0,9123.87
9402.0,8774.169
9774.000000000002,9452.434
10155.0,9805.342
10129.0,10131.141
9777.0,10068.644
9478.0,9900.171
9451.0,9908.603
10223.0,10214.025
11132.0,11237.678
10845.0,11751.094
10756.0,11056.125
10642.0,11017.038
10244.0,10731.374
9692.0,10219.857
9211.0,9676.647
8815.0,9181.288
8313.0,8911.256
7852.0,8403.753
7678.0,8022.2505
7479.999999999999,7946.306
7438.999999999999,7837.3047
7867.0,7955.285
8670.0,8494.623
9135.0,9215.051
9374.0,9379.705
9725.0,9566.696
10066.0,9867.18
10211.0,10094.113
9987.0,10211.2
9712.0,10065.1045
8626.0,10048.467
9081.0,9130.725
9657.0,10177.098
10307.0,10684.964
9912.0,11112.348
9598.0,10367.757
9019.0,10111.714
8759.0,9384.194
8293.0,9198.889
7825.0,8609.93
7315.0,8149.034
6883.0,7745.603
6745.0,7424.029
6657.0,7175.6704
6606.0,7057.5635
6491.0,7041.3906
6611.0,7040.9727
7211.0,7270.0977
7717.0,7791.615
7716.0,8102.107
7891.0,8023.5493
8230.0,8189.06
8789.0,8589.325
8615.0,9076.104
8307.0,8915.5625
7848.0,8665.726
7927.0,8501.018
8700.0,8888.372
9551.0,9761.216
9419.0,10265.287
9309.0,9751.269
9326.0,9467.817
9175.0,9388.289
8645.0,9053.825
8437.0,8433.01
7840.0,8216.836
7593.000000000001,7649.868
7347.0,7569.2334
7213.0,7389.6763
7118.0,7334.468
7525.000000000001,7273.101
8304.0,7706.0874
9356.0,8466.271
9688.0,9370.171
9787.0,9432.86
10132.0,9372.883
10663.0,9756.181
10628.0,10351.045
10260.0,10239.93
1000.0,10005.185
9560.0,9957.43
9615.0,9740.497
10130.0,10218.612
11075.0,10935.708
10970.0,11655.136
10760.0,11160.264
10396.0,10904.494
9755.000000000002,10418.671
9345.0,9692.595
8971.0,9333.862
8514.0,8871.644
8175.0,8486.569
7933.0,8225.886
7735.0,7998.8003
7604.000000000001,7823.7534
7950.0,7829.305
8709.0,8299.387
9690.0,9061.272
10110.0,9786.927
10137.0,9814.973
10505.0,9758.158
10874.0,10225.802
11112.0,10546.229
10565.0,10797.353
10400.0,9277.6455
9944.0,10876.661
9834.0,10344.85
10537.0,10694.944
11424.0,11552.673
11275.0,12163.362
11027.0,11620.621
10777.0,11309.705
10328.0,10903.344
9769.000000000002,10403.571
9408.0,9846.703
8900.0,9477.795
8512.0,9031.967
8248.0,8651.908
8130.0,8391.397
7937.0,8317.765
8189.0,8229.226
8956.0,8604.96
9960.0,9397.812
10250.0,10145.891
10202.0,10050.149
10650.0,9965.134
11039.0,10469.843
11080.0,10807.304
10700.0,10804.594
10416.0,10674.11
10239.0,10615.06
10094.0,10704.104
10495.0,10877.827
11437.0,11527.903
11323.0,12220.275
11062.0,11753.843
10611.0,11425.085
10082.0,10866.239
9733.0,10320.168
9356.0,9986.229
8914.0,9520.03
8482.0,9232.887
8219.0,8724.45
8030.0,8499.698
7900.0,8315.187
8091.0,8233.724
8463.0,8536.936
9090.0,8842.903
9193.0,9279.188
9154.0,9162.688
9336.0,9053.154
9859.0,9283.361
10145.0,9864.972
8915.0,10076.254
8716.0,8961.856
8549.0,9230.319
8353.0,9305.362
8877.0,9362.906
10170.0,10111.327
10000.0,11244.213
9970.0,10693.656
9754.000000000002,10498.068
9451.0,10014.63
9019.0,9632.756
8845.0,9115.618
8319.0,8905.776
7787.0,8434.592
7646.0,7881.748
7495.999999999999,7807.607
7303.0,7706.6577
7657.0,7628.797
8521.0,8110.7637
9274.0,8985.715
9717.0,9478.995
9376.0,9608.272
9791.0,9039.869
10013.0,9713.602
10318.0,9892.865
10150.0,10173.529
10045.0,10120.556
9800.0,10266.303
9635.0,10260.586
10419.0,10437.357
11470.0,11542.126
11234.0,12194.67
11094.0,11556.17
10793.0,11360.861
10285.0,10871.186
9756.000000000002,10277.938
9493.0,9787.187
8922.0,9496.168
8548.0,8954.003
8299.0,8670.927
7957.0,8447.963
7913.0,8134.575
8268.0,8247.45
9250.0,8735.964
10150.0,9669.557
10320.0,10298.707
10270.0,10046.724
10700.0,9968.74
11040.0,10446.6
11340.0,10871.053
10940.0,11135.728
10730.0,10851.099
10550.0,10944.461
10400.0,10998.443
10700.0,11186.041
11930.0,11657.829
11500.0,12811.22
11460.0,11781.511
11065.0,11856.201
10400.0,11191.989
10072.0,10510.986
9799.0,10287.161
9393.0,9921.633
8977.0,9628.21
8466.0,9339.973
8226.0,8710.08
8132.0,8480.144
8220.0,8500.809
8808.0,8750.82
9733.0,9412.669
10234.0,10208.132
10096.0,10416.779
10172.0,10251.75
10701.0,10306.363
10860.0,10793.179
10400.0,10771.886
10525.0,10411.16
10400.0,10694.079
10190.0,1857.5168
10590.0,12609.653
11629.0,11712.749
11439.0,12565.283
11192.0,11879.349
10947.0,11462.918
10544.0,11047.703
10060.0,10541.068
9738.0,10018.327
9289.0,9643.585
8962.0,9246.685
8501.0,8991.41
8432.0,8567.971
8285.0,8580.67
8542.0,8515.319
9280.0,8904.001
10100.0,9602.548
10380.0,10156.889
10482.0,10169.207
10838.0,10262.263
11220.0,10630.284
11110.0,10958.9375
10760.0,10899.484
10736.0,10780.656
10552.0,11071.855
10530.0,11114.208
10890.0,11375.262
12040.0,11939.513
11790.0,12893.109
11640.0,12238.975
11221.0,11993.258
10720.0,11426.979
10220.0,10755.07
9951.0,10315.71
9372.0,10018.748
9018.0,9465.728
8635.0,9177.053
8469.0,8831.107
8334.0,8713.873
8546.0,8693.617
9660.0,9019.85
10235.0,9993.869
10240.0,10272.77
10370.0,10028.94
10745.0,10164.718
11060.0,10607.873
11240.0,10888.632
10795.0,11118.507
10630.0,10852.389
10500.0,10972.473
10310.0,11048.789
10695.0,11259.212
11800.0,11958.003
11530.0,12825.754
11269.0,12136.235
11087.0,11792.495
10675.0,11444.254
10242.0,10828.39
9635.0,10403.56
9233.0,9709.819
8845.0,9436.796
8559.0,9030.619
8272.0,8757.633
8254.0,8536.934
8453.0,8584.45
9540.0,8952.113
10150.0,9949.6045
10575.0,10191.19
10645.0,10343.977
11145.0,10347.15
11140.0,10838.116
11325.0,10848.889
10860.0,11063.297
10910.0,10852.281
10670.0,11177.801
10430.0,11059.261
10630.0,11164.312
11750.0,11661.28
11600.0,12578.946
11340.0,11982.631
11070.0,11727.396
10675.0,11319.417
10143.0,10833.778
9827.0,10305.102
9221.0,9966.617
8940.0,9379.1
8630.0,9132.893
8342.0,8793.241
8246.0,8539.392
8306.0,8547.5625
8825.0,8734.554
9145.0,9237.857
9125.0,9377.283
9050.0,9155.076
9385.0,9077.324
9803.0,9457.993
10300.0,9897.321
9125.0,10360.29
8981.0,9255.985
8861.0,9488.739
8459.0,9608.73
9275.0,9473.191
10535.0,10628.5
10280.0,11620.81
10390.0,10869.207
10248.0,10933.056
9980.0,10571.362
9615.0,10137.555
9150.0,9711.748
8735.0,9193.296
8454.0,8916.989
8223.0,8574.7
7865.0,8377.859
7897.0,8047.264
8010.0,8195.4795
8930.0,8424.348
9420.0,9350.812
9535.0,9440.884
9365.0,9309.118
9663.0,9164.783
10000.0,9652.222
10310.0,10063.197
10200.0,10311.128
10010.0,10335.135
10060.0,10347.78
9952.0,10650.997
10440.0,10951.713
11700.0,11565.81
11825.0,12670.409
11600.0,12212.142
11270.0,11879.323
10690.0,11424.832
10285.0,10662.475
9821.0,10323.363
9290.0,9811.325
8948.0,9392.557
8517.0,9066.148
8445.0,8638.678
8334.0,8699.491
8646.0,8629.25
9515.0,9126.1
10110.0,9910.653
10400.0,10123.217
10550.0,10133.288
10825.0,10262.409
11300.0,10593.076
11330.0,11132.464
11070.0,11169.174
10790.0,11079.982
10580.0,11096.166
10430.0,11200.261
10825.0,11370.793
12045.0,12052.557
11980.0,13188.469
11689.0,12483.542
11485.0,12166.921
10820.0,11732.99
10410.0,10905.402
9940.0,10660.266
9423.0,10122.759
8962.0,9790.992
8718.0,9451.854
8435.0,9082.271
8420.0,8782.115
8610.0,8827.215
9625.0,9103.143
10250.0,10096.095
10430.0,10434.264
10770.0,10321.788
10980.0,10575.309
11300.0,10754.168
11600.0,11106.772
11350.0,11447.165
11230.0,11293.573
11020.0,11411.436
10820.0,11428.133
11200.0,11483.718
12400.000000000002,12183.232
12300.000000000002,13183.817
12169.999999999998,12585.808
11700.0,12401.601
11440.0,11748.605
11000.0,11440.922
10500.0,10778.649
9880.0,10264.008
9625.0,9811.148
10050.0,9624.588
10395.0,9957.755
9378.0,10302.233
8575.0,9391.791
8674.0,8842.193
9310.0,9161.584
10050.0,9647.843
10600.0,10142.041
10975.0,10603.03
11415.0,10903.552
11725.0,11331.878
11950.0,11668.954
11900.0,11859.553
11900.0,11876.041
11700.0,12122.36
11960.0,12206.207
12300.000000000002,12810.206
12000.0,12921.321
12129.999999999998,12369.113
12149.999999999998,12499.186
11920.0,12337.201
11180.0,11963.35
10925.0,11069.097
10420.0,10876.3955
10120.0,10388.834
10620.0,10170.431
10850.0,10659.496
10050.0,10635.837
9260.0,9805.37
9410.0,9262.36
9960.0,9626.149
10500.0,10128.322
10880.0,10180.095
11380.0,10500.015
11900.0,11004.101
11950.0,11507.852
12050.0,11602.683
11900.0,11806.643
12000.0,11785.463
12000.0,12198.105
12199.999999999998,12513.071
12620.0,12933.461
12780.0,13213.946
12640.0,13185.129
12600.0,12901.183
12249.999999999998,12833.66
11910.0,12272.941
11500.0,11877.554
11050.0,11397.136
10700.0,11024.012
10870.0,10697.088
11300.0,10873.543
10680.0,11131.348
9900.0,10387.867
10050.0,9827.894
10570.0,10203.279
11150.0,10568.695
11500.0,10864.072
11950.0,11019.387
12300.000000000002,11484.527
12249.999999999998,11707.637
12199.999999999998,11633.651
11400.0,11717.679
11600.0,11458.37
11850.0,12078.379
11820.0,12377.467
12480.000000000002,12592.981
12576.0,13234.116
12425.000000000002,13031.651
12490.000000000002,12800.616
12199.999999999998,12793.368
11740.0,12355.546
11330.0,11756.923
10790.0,11407.812
10300.0,10894.786
10225.0,10424.332
10710.0,10384.428
10130.0,10698.897
9230.0,9946.009
8875.0,9282.837
9000.0,9192.096
9260.0,9357.646
9840.0,9536.353
10150.0,10110.821
10750.0,10238.756
11100.0,10757.409
10600.0,11017.006
11060.0,10504.91
10950.0,11252.759
11050.0,11281.681
11490.0,11614.088
12020.0,12301.022
12300.000000000002,12723.539
12264.999999999998,12750.228
12300.000000000002,12578.186
12199.999999999998,12497.321
11600.0,12253.742
11200.0,11468.248
10775.0,11184.351
10500.0,10782.274
10925.0,10392.595
10950.0,10905.317
10274.0,10665.061
9391.0,10032.243
9540.0,9318.686
980.0,9754.995
10350.0,10032.441
10800.0,10333.921
11200.0,10754.068
11450.0,11071.281
11550.0,11233.72
11900.0,11265.118
11750.0,11564.608
11700.0,11406.115
11850.0,11767.873
12099.999999999998,12349.608
12550.0,12791.337
12650.0,13397.979
12493.000000000002,13113.335
12800.0,12939.202
12490.000000000002,13142.67
11480.0,12541.605
10680.0,11299.465
9050.0,10710.938
9490.0,9396.591
10180.0,10125.523
10490.0,10554.967
9900.0,10635.959
9090.0,9820.693
9200.0,9255.102
9610.0,8558.009
10040.0,10382.553
10600.0,10290.103
10980.0,10802.464
11210.0,11039.213
11700.0,11244.883
11950.0,11583.006
11900.0,11867.208
11900.0,11928.237
11900.0,12245.589
12300.000000000002,12597.59
12700.0,13232.99
12830.0,13425.614
12900.0,13330.187
13000.0,13334.436
12800.0,13280.834
12199.999999999998,12799.442
11750.0,12004.872
11250.0,11421.502
10950.0,11253.186
11100.0,11189.59
11220.0,11204.6875
10470.0,11127.971
9750.0,10407.052
9750.0,9836.23
10200.0,10030.226
10950.0,10446.939
11450.0,11067.847
11700.0,11152.323
11900.0,11352.42
12099.999999999998,11633.005
12450.000000000002,11826.947
12400.000000000002,12098.438
12300.000000000002,12187.661
12000.0,12385.932
12650.0,12381.725
13050.0,13492.618
13320.0,13557.364
13420.0,13711.467
13450.0,13615.471
13050.0,13543.161
12550.0,12976.688
12149.999999999998,12286.413
11600.0,11929.141
11370.0,11392.959
11530.0,11281.34
11650.0,11443.754
10870.0,11411.909
10070.0,10633.247
10160.0,10056.032
10640.0,10307.104
11170.0,10848.405
11600.0,11235.664
11900.0,11492.772
12099.999999999998,11561.906
12224.999999999998,11623.948
12400.000000000002,11787.202
12249.999999999998,11885.221
11800.0,11886.306
11675.0,11830.919
11801.0,12479.43
11597.0,12648.165
11930.0,12369.56
11956.0,12712.112
12411.000000000002,12539.366
12278.999999999998,12911.553
11860.0,12498.306
11450.0,12002.4795
10898.0,11536.124
10759.0,11043.309
10732.0,10981.682
10335.0,10912.999
8972.0,10395.089
8117.0,9089.019
8133.0,8556.387
8440.0,8798.432
8930.0,9092.296
9470.0,9516.718
9550.0,9994.955
9980.0,10033.376
10300.0,10480.944
10410.0,10745.867
10515.0,10742.904
10390.0,10876.229
10330.0,10793.51
10364.0,10883.086
10470.0,10999.625
10600.0,11132.183
10589.0,11161.327
10668.0,11166.78
10518.0,11158.47
10113.0,10824.528
9752.0,10301.728
9432.0,9885.518
9228.0,9666.105
9626.0,9400.446
9829.0,9718.032
8745.0,9662.646
8058.0,8492.224
8194.0,8099.6323
8777.0,8431.921
9262.0,9032.519
9542.0,9353.819
10062.0,9508.403
10124.0,9983.693
10333.0,10044.844
10321.0,10478.167
10058.0,10495.488
10074.0,10391.972
10217.0,10659.407
10246.0,10931.809
10088.0,10949.027
9864.0,10745.662
9568.0,10473.949
9472.0,10144.693
9434.0,10008.544
9385.0,9796.2
9176.0,9704.112
8848.0,9374.403
8718.0,9066.459
8831.0,8949.546
9188.0,9006.078
8326.0,9171.092
7483.999999999999,8199.046
7249.0,7599.0273
7519.000000000001,7588.4946
7946.0,7902.02
8242.0,8205.912
8531.0,8362.623
9066.0,8661.141
9735.0,9226.383
8773.0,9891.151
9031.0,8892.051
8989.0,9479.004
9170.0,9545.344
9720.0,9942.627
10003.0,10515.857
10243.0,10633.756
10194.0,10704.185
10354.0,10481.799
10310.0,10585.399
9899.0,10408.766
9513.0,9894.47
9067.0,9493.743
8784.0,9170.686
9018.0,8837.94
9390.0,9115.879
8404.0,9313.061
7730.0,8197.531
8021.0,7829.7036
8633.0,8322.41
9319.0,8878.183
9587.0,9355.726
9915.0,9486.558
10399.0,9934.945
10685.0,10473.174
10804.0,10666.051
10844.0,10998.174
10728.0,11125.44
10775.0,11239.575
11064.0,11430.985
11160.0,11833.029
11281.0,11778.657
11061.0,11796.868
10791.0,11420.591
10375.0,11110.317
10011.0,10601.918
9995.0,10239.312
9580.0,10174.806
9043.0,9723.488
8510.0,9249.906
8981.0,8850.427
8268.0,9302.058
7652.0,8354.531
8034.0,8086.5
8536.0,8612.488
9067.0,9059.836
9711.0,9464.257
10022.0,9990.648
10526.0,10155.607
10976.0,10729.83
11194.0,11146.37
11300.0,11363.664
11328.0,11589.596
11177.0,11762.279
10790.0,11727.748
11100.0,11428.331
11263.0,11870.61
11093.0,11715.416
11215.0,11465.528
11124.0,11593.774
11030.0,11302.98
10572.0,11229.728
10101.0,10574.687
9929.0,10240.185
10123.0,10145.757
10302.0,10203.479
9176.0,10190.788
8513.0,9037.533
8779.0,8685.6875
9269.0,9119.3545
9878.0,9584.315
10323.0,10073.713
10743.0,10422.13
11228.0,10767.311
11529.0,11254.002
11870.0,12911.017
11900.0,11846.189
11890.0,11994.547
11850.0,11898.804
12219.999999999998,12055.584
12557.0,12747.38
12735.0,12921.4375
12812.0,12937.0
12925.0,12913.629
12198.999999999998,12887.112
11950.0,11998.451
11300.0,11669.215
10700.0,10955.996
10380.0,10623.567
10300.0,10389.612
10150.0,10377.168
9065.0,10085.326
8280.0,9091.317
7965.0,8604.657
8212.0,8513.523
8538.0,8833.419
8846.0,9044.79
9362.0,9322.014
9801.0,9881.241
10557.0,10292.019
10777.0,11020.403
10670.0,11089.218
10707.0,11056.576
10713.0,11333.3125
11096.0,11578.612
11679.0,12089.037
11915.0,12547.245
11763.0,12529.949
12106.999999999998,12213.132
11896.0,12407.527
11480.0,11947.394
10984.0,11439.164
10680.0,10828.543
10430.0,10550.879
10560.0,10262.199
10725.0,10377.282
9742.0,10367.763
9037.0,9436.368
9269.0,8952.59
9906.0,9372.139
10448.0,9952.26
10922.0,10325.181
11525.0,10683.363
11900.0,11173.001
12450.000000000002,11561.204
12350.000000000002,11991.35
12099.999999999998,11847.27
12069.999999999998,12319.106
12000.0,12513.993
11950.0,12610.482
11875.0,12615.76
11815.0,12512.143
11935.0,12359.821
12094.999999999998,12432.647
11712.0,12498.513
11381.0,11910.633
10887.0,11566.356
10721.0,11055.596
10923.0,10829.8545
10927.0,10960.57
10025.0,10907.012
9405.0,9909.103
9462.0,9466.938
9820.0,9695.558
10705.0,10022.001
11350.0,10807.391
11700.0,11238.47
11950.0,11433.554
12199.999999999998,11507.681
12500.000000000002,11911.604
12450.000000000002,12102.44
12099.999999999998,12112.006
11900.0,11970.545
11950.0,12470.281
12060.0,12589.552
12375.000000000002,12657.3
12500.000000000002,12898.925
12695.0,12871.887
12525.0,13019.81
12199.999999999998,12665.369
11940.0,12277.06
11470.0,11989.908
11230.0,11546.077
11380.0,11249.915
11280.0,11299.68
10440.0,11039.335
9493.0,10231.925
9590.0,9562.966
9725.0,9913.228
10175.0,10008.147
10330.0,10353.67
10765.0,10482.523
11250.0,10933.35
11710.0,11680.814
11220.0,11891.401
11420.0,11324.909
11325.0,11690.139
11475.0,11631.748
11900.0,11992.619
12750.0,12558.349
13000.0,13388.07
12990.0,13315.374
13250.0,13242.635
13080.0,13420.693
12730.0,13031.088
12320.000000000002,12564.376
11820.0,12103.27
11600.0,11740.066
11650.0,11430.016
11850.0,11427.666
11050.0,11513.825
10230.0,10675.719
10300.0,10248.96
10780.0,10596.691
11080.0,10951.269
11600.0,11163.323
11800.0,11381.187
12099.999999999998,11482.663
12600.0,11967.874
12550.0,11916.433
12650.0,11998.51
12500.000000000002,12015.496
12700.0,12366.6875
13150.0,12570.452
13700.0,13334.583
13800.0,13810.536
13850.0,13372.843
14050.0,13572.381
14000.0,13883.856
13900.0,13677.605
13250.0,13095.362
13000.0,12369.58
12500.000000000002,12427.006
12550.0,12158.011
12600.0,12318.496
11550.0,12038.61
9800.0,11177.161
7231.0,9909.096
5627.0,8021.335
7121.0,6908.509
8351.0,8918.272
9521.0,9513.55
10854.0,10472.292
11507.0,11534.227
12199.999999999998,11935.354
12506.000000000002,12510.791
12421.000000000002,12615.204
12350.000000000002,12584.125
12650.0,13135.733
13700.0,13604.042
13350.0,14114.334
13450.0,13532.466
13950.0,14021.197
13920.0,14408.368
13300.0,14056.752
12900.0,13025.676
12099.999999999998,12339.505
12300.000000000002,12026.537
12500.000000000002,12061.762
12400.000000000002,12031.447
11800.0,11738.524
11150.0,11375.7295
11000.0,10708.873
11200.0,10627.594
11700.0,11007.62
12249.999999999998,11370.7
12450.000000000002,11680.814
12850.0,11897.018
13050.0,12341.62
13270.0,12578.921
13320.0,12856.246
13250.0,13089.411
13200.0,13160.039
13430.0,13521.598
14350.0,13888.847
14380.0,14516.207
14350.0,14102.812
14650.0,14108.617
14550.0,14319.098
14250.0,13864.408
13750.0,13144.586
13400.0,12438.188
13200.0,12410.925
13300.0,12272.214
13200.0,12172.839
12900.0,12147.972
12000.0,11769.506
12149.999999999998,11419.988
12149.999999999998,11661.425
12249.999999999998,11345.432
12700.0,11567.528
12900.0,11948.023
13200.0,12030.953
13400.0,12449.467
13700.0,12493.896
13800.0,12568.401
13700.0,12787.859
13100.0,13030.377
13800.0,12505.803
14600.0,14326.377
14750.0,14591.319
14800.0,14513.226
14999.999999999998,14434.499
15100.000000000002,14372.574
14750.0,14504.085
14400.0,13290.16
14200.0,12836.367
13900.0,12871.368
13750.0,12670.32
13600.0,12608.953
12950.0,12526.306
12249.999999999998,12237.799
12149.999999999998,11881.825
12199.999999999998,11885.552
12600.0,12134.527
13000.0,11966.456
13150.0,12354.333
13400.0,12273.476
13550.0,12630.72
13900.0,12850.943
14000.0,13161.739
14100.0,13396.739
13300.0,13513.481
14000.0,13808.922
14800.0,14471.178
14949.999999999998,15107.496
14999.999999999998,14697.519
15250.0,14780.785
15300.0,14709.019
14899.999999999998,14689.64
14200.0,13770.782
14000.0,13062.317
13750.0,12908.189
13850.0,12718.03
13750.0,12724.885
13550.0,12509.752
12750.0,12338.935
12750.0,11907.282
13000.0,11948.811
13200.0,12255.999
13400.0,12193.366
13600.0,12424.308
13700.0,12327.997
14000.0,12619.667
14100.0,13011.947
14300.0,13240.933
14400.0,13389.221
14200.0,13674.263
14899.999999999998,13989.735
14999.999999999998,14842.779
15200.000000000002,15277.959
15300.0,15000.93
15500.0,14795.966
15400.0,15013.588
14999.999999999998,14839.543
14500.0,13566.739
14000.0,13132.431
13900.0,12925.946
13850.0,12680.261
13800.0,12763.101
13500.0,12735.623
13000.0,12363.352
12900.0,12109.267
12700.0,12181.591
12700.0,12116.656
12850.0,12227.242
12900.0,12203.275
13400.0,12376.439
13600.0,12779.161
13550.0,12991.815
13700.0,13080.444
13900.0,13344.003
13800.0,13719.121
13800.0,13981.713
14999.999999999998,14596.854
14899.999999999998,14947.28
15100.000000000002,14651.033
15300.0,14850.284
15150.000000000002,15029.81
14999.999999999998,14621.534
14400.0,13722.286
14100.0,13007.994
14100.0,13048.284
14200.0,12870.656
14100.0,12793.389
13900.0,12883.158
13300.0,12659.906
13000.0,12240.5205
13100.0,12154.802
13200.0,12163.607
13450.0,12184.638
13700.0,12616.466
14000.0,12589.487
14200.0,13015.737
14400.0,13314.754
14650.0,13773.428
14450.0,13921.083
14400.0,14002.612
14600.0,14191.891
15550.0,14964.866
15400.0,15484.9795
15400.0,14863.999
15700.0,15102.981
15700.0,15606.123
15600.0,15359.145
15350.0,14806.53
14999.999999999998,13561.889
14899.999999999998,13646.879
14800.0,13435.519
14500.0,13513.715
14200.0,13480.7705
13300.0,13238.227
13000.0,12533.804
13100.0,12655.6
13000.0,12531.771
12500.000000000002,12391.479
12350.000000000002,12052.186
12300.000000000002,12151.04
11500.0,12559.675
12099.999999999998,11937.919
12500.000000000002,12724.901
12500.000000000002,12864.394
12450.000000000002,13122.818
12850.0,13503.365
13600.0,13968.772
13840.0,14425.374
13720.0,14407.797
13850.0,14225.186
13700.0,14451.623
13650.0,13984.9375
13200.0,13606.621
12800.0,12910.101
12600.0,12941.891
12500.000000000002,12909.897
12300.000000000002,12546.767
11800.0,12277.451
10900.0,11825.144
10950.0,11054.391
11250.0,11263.273
11600.0,11413.461
11950.0,11506.405
12099.999999999998,11780.11
12199.999999999998,11938.901
12450.000000000002,11973.292
12099.999999999998,12398.021
11920.0,12267.734
11765.0,12519.814
11570.0,12509.197
11850.0,12534.595
12700.0,12921.225
12830.0,13678.805
12660.0,13444.174
12800.0,13152.085
12600.0,13243.817
12350.000000000002,12813.055
11500.0,12395.318
11050.0,11475.252
11100.0,11207.4375
10900.0,11201.048
9850.0,11026.415
8930.0,10133.149
8851.0,9275.853
8968.0,9386.476
9501.0,9477.07
9948.0,9948.282
10220.0,10255.499
10541.0,10487.089
11063.0,10848.966
11400.0,11407.748
11440.0,11671.093
11416.0,11925.836
11336.0,12055.486
11572.0,12098.129
12360.000000000002,12476.661
12650.0,13230.769
12527.0,13219.438
12729.0,12935.681
12661.0,13065.627
12397.000000000002,12781.419
12145.999999999998,12426.5205
11703.0,12031.949
11369.0,11551.884
11175.0,11242.6045
10975.0,11023.683
9836.0,10730.04
9170.0,9637.903
8844.0,9243.872
9002.0,9095.762
9172.0,9319.836
9544.0,9458.926
9817.0,9795.069
10049.0,10036.828
10497.0,10327.368
11043.0,10902.02
10932.0,11515.292
10678.0,11405.467
10593.0,11327.091
11023.0,11482.714
11750.0,12078.832
11948.0,12700.072
11946.0,12585.036
11771.0,12456.817
11674.0,12133.104
11552.0,11944.033
11430.0,11707.099
11049.0,11493.047
10605.0,11034.556
10098.0,10578.686
9634.0,10054.616
9499.0,9574.101
9255.0,9489.107
9517.0,9279.49
9132.0,9581.889
8472.0,9123.388
8439.0,8514.861
8624.0,8651.956
8894.0,8983.783
9176.0,9282.737
9366.0,9746.885
9355.0,10012.719
9035.0,10033.58
8774.0,9859.248
8722.0,9812.783
10424.0,9861.928
10705.0,11592.56
10707.0,11269.277
10929.0,11119.921
10952.0,11205.018
10758.0,11094.643
10527.0,10811.487
10166.0,10470.222
9770.000000000002,10083.214
9481.0,9643.601
9225.0,9333.838
9012.0,9120.768
8664.0,8932.393
8775.0,8683.625
8917.0,8765.868
8981.0,8533.103
9146.0,8778.169
9278.0,8894.766
9632.0,9055.674
10745.0,9496.707
10461.0,10731.11
10416.0,10335.27
9943.0,10542.588
9707.0,10263.032
9490.0,10320.305
11450.0,10412.432
11670.0,12499.64
11568.0,12008.398
11762.0,11859.997
11987.0,11948.349
11795.0,12040.338
11649.0,11702.775
11265.0,11524.891
10910.0,11048.683
10710.0,10641.751
10390.0,10362.003
10145.0,10088.876
9640.0,9954.259
9617.0,9567.368
9870.0,9742.949
9800.0,9901.611
9797.0,9735.022
9943.0,9800.289
10399.0,10047.7705
10854.0,10712.226
11230.0,11128.239
11280.0,11571.365
10973.0,11638.283
10644.0,11553.666
10205.0,11456.594
11844.0,11416.09
12510.0,13248.669
12650.0,13107.384
12700.0,13099.67
12500.000000000002,12991.766
12440.000000000002,12687.292
12244.999999999998,12494.426
11820.0,12161.797
11500.0,11687.832
11070.0,11327.876
10820.0,10877.887
10700.0,10745.802
10100.0,10602.121
10150.0,10017.173
10240.0,10258.098
10310.0,10239.319
10340.0,10251.99
10600.0,10263.776
11020.0,10639.092
11390.0,11127.942
11700.0,11575.886
11700.0,12027.272
11500.0,12076.358
11200.0,12047.734
10970.0,11895.657
12550.0,12065.357
12800.0,13743.622
12800.0,13255.022
12880.0,13246.187
13000.0,13148.122
12900.0,13152.464
12900.0,12846.492
12580.0,12861.902
12119.999999999998,12449.9795
11870.0,12107.579
11650.0,11693.983
11320.0,11489.973
10800.0,11151.463
10790.0,10740.488
10750.0,10868.481
11250.0,10786.301
11400.0,11011.969
11930.0,11155.735
12300.000000000002,11702.454
12750.0,12039.031
12800.0,12607.096
13100.0,12675.341
12900.0,13100.634
12550.0,12977.999
12179.999999999998,12842.75
13745.0,13029.695
13950.0,14500.621
13980.0,14156.942
14350.0,14151.881
14180.0,14376.393
14150.0,14015.476
14100.0,13899.868
13650.0,13578.017
1330.0,12884.788
13000.0,12624.004
12650.0,12237.319
12580.0,11936.293
12169.999999999998,11912.674
11950.0,11618.428
121000.00000000001,11463.2
12450.000000000002,11657.613
12800.0,12554.697
12900.0,12934.508
13500.0,13355.75
13750.0,13995.259
13800.0,14205.382
13875.0,14439.894
11900.0,14857.14
11375.0,13158.678
10794.0,13216.931
12199.999999999998,13149.255
12520.0,14535.198
12480.000000000002,14386.876
12830.0,14289.253
13000.0,14542.429
13000.0,14454.257
13050.0,14393.533
12600.0,14200.692
12400.000000000002,12280.509
12149.999999999998,13825.959
11950.0,13036.595
11900.0,12919.577
11600.0,12821.129
11420.0,12510.452
11560.0,23898.588
11720.0,8162.2427
12650.0,11574.009
13230.0,11845.595
13500.0,12591.4795
14030.0,12736.698
14100.0,13326.791
14200.0,13499.441
14050.0,13525.123
13550.0,13712.487
12300.000000000002,13479.732
12900.0,12723.015
12900.0,13599.6045
12850.0,13430.659
13100.0,13375.727
13500.0,13595.408
13600.0,13748.018
13800.0,13630.587
13200.0,13680.411
12900.0,12836.752
12650.0,12514.602
12350.000000000002,12212.682
11780.0,12021.396
11232.0,11671.867
11220.0,11310.147
11000.0,11406.871
11680.0,11003.306
12219.999999999998,11868.207
12850.0,12106.598
13240.0,12745.764
13830.0,13087.831
13940.0,13610.395
14260.0,13692.347
14300.0,14150.236
13650.0,14255.3955
13170.0,13786.908
14899.999999999998,13761.646
14949.999999999998,15614.69
14999.999999999998,15001.15
15080.000000000002,14987.458
14800.0,15073.904
14650.0,14681.005
14550.0,14518.447
14150.0,14168.139
13800.0,13515.242
13600.0,13203.407
13250.0,12955.53
13100.0,12683.36
12400.000000000002,12543.759
12099.999999999998,11921.577
11900.0,11804.916
11750.0,11706.6455
11780.0,11589.529
12099.999999999998,11708.008
12420.000000000002,12116.961
13270.0,12483.944
12830.0,13327.126
13090.0,12763.126
12970.0,13427.367
12750.0,13285.546
12300.000000000002,13310.413
13950.0,13202.209
14180.0,15058.896
14260.0,14632.067
14520.0,14791.965
14600.0,14856.88
14800.0,14635.296
14700.0,14492.451
14600.0,14631.455
14150.0,14120.895
13850.0,13507.715
13500.0,13225.337
13200.0,12980.573
12780.0,12785.509
12650.0,12471.263
12500.000000000002,12458.945
12620.0,12084.499
12930.0,12363.022
13270.0,12770.219
13800.0,13027.769
14000.0,13627.445
14090.0,13733.022
14320.0,14139.066
14400.0,14408.96
14000.0,14513.629
13850.0,14276.916
15400.0,14695.495
15600.0,16338.769
15450.0,15768.409
15750.0,15683.503
15500.0,15938.452
15600.0,15553.695
15500.0,15520.085
15300.0,15222.843
15100.000000000002,14480.492
14650.0,14326.122
14400.0,13861.293
14270.0,13920.095
13600.0,13772.778
13500.0,13130.593
13500.0,13275.447
13880.0,13259.727
14250.0,13668.622
14550.0,13871.824
14700.0,14329.496
15120.000000000002,14459.194
15150.000000000002,15054.92
15350.0,15112.629
15300.0,15445.755
14750.0,15311.56
14100.0,15042.184
15750.0,15148.317
15650.0,16802.896
15700.0,15997.786
16000.0,16347.918
15900.0,16413.844
15750.0,16079.437
15500.0,15946.082
15100.000000000002,15237.764
14849.999999999998,15117.372
14600.0,14778.773
14200.0,14284.93
14000.0,13990.137
13650.0,13805.172
13450.0,13555.853
13550.0,13412.246
13900.0,13246.744
14200.0,13459.315
14450.0,13710.594
14800.0,13965.047
15100.000000000002,14471.318
15180.000000000002,14609.641
15220.000000000002,14835.544
15150.000000000002,14906.072
14819.999999999998,15056.63
14600.0,14942.393
16150.0,15334.599
16400.0,16610.852
16500.0,16482.275
16700.0,16480.98
16400.0,16719.04
16300.0,16281.007
15900.0,15956.028
15300.0,15126.378
15200.000000000002,14700.061
14899.999999999998,14414.584
14600.0,14179.245
14500.0,13987.689
13600.0,14006.873
13600.0,13213.468
13700.0,13410.338
14050.0,13473.665
14400.0,13644.78
14450.0,13815.152
14874.999999999998,13950.811
14999.999999999998,14278.576
15200.000000000002,14415.286
15300.0,14787.575
15200.000000000002,14884.873
14949.999999999998,15036.143
14800.0,15013.967
16450.0,15186.888
16600.0,16905.822
16625.0,16444.18
16720.0,16436.975
16450.0,16579.588
16250.0,16137.89
16150.0,15691.061
15700.0,15060.462
15550.0,14638.122
15200.000000000002,14362.432
14849.999999999998,14263.394
14450.0,14063.539
14000.0,13732.581
13550.0,13463.352
13600.0,13213.018
14000.0,13291.8125
14400.0,13603.017
14800.0,13773.77
14999.999999999998,14128.435
15200.000000000002,14316.089
15260.0,14747.632
15500.0,14894.309
15300.0,15294.628
15200.000000000002,15218.845
14849.999999999998,15506.492
16420.0,15336.02
16500.0,16836.938
16600.0,16612.248
16774.0,16502.701
16600.0,16607.664
16250.0,16401.559
16100.0,15535.639
15850.0,15608.568
15700.0,14732.811
15400.0,14529.565
15200.000000000002,14183.7
14899.999999999998,14135.327
14000.0,13976.731
13800.0,13283.006
12800.0,13303.283
14150.0,13315.97
14750.0,13563.23
14500.0,14026.327
15150.000000000002,13699.545
15550.0,14560.545
15600.0,14892.989
15550.0,14936.176
15450.0,14886.25
15200.000000000002,15270.684
14999.999999999998,15072.0625
16550.0,15432.909
16750.0,16911.88
16650.0,16573.49
16620.0,16519.225
16600.0,16393.15
16550.0,16358.983
16350.0,15889.683
15950.0,15330.287
15750.0,14881.914
15500.0,14430.298
15200.000000000002,14141.728
14999.999999999998,13910.245
14500.0,13715.911
14000.0,13359.791
13350.0,13201.875
13080.0,12988.037
13270.0,12952.854
13530.0,13109.48
14180.0,13538.664
14400.0,14154.91
14200.0,14327.35
14550.0,14141.758
14150.0,14796.565
14250.0,14526.308
13550.0,14876.159
15500.0,14561.701
15700.0,16650.49
15750.0,16109.644
15870.0,16134.57
15820.0,16203.96
15700.0,16000.497
15500.0,15734.437
14999.999999999998,15091.964
14600.0,14703.566
14250.0,14031.073
13900.0,13789.199
13650.0,13661.486
13150.0,13454.03
12900.0,13037.425
12850.0,12845.453
13100.0,12811.591
13600.0,12888.908
13800.0,13313.574
14400.0,13534.157
14800.0,14155.789
15100.000000000002,14169.193
15200.000000000002,14519.083
15300.0,14564.329
15200.000000000002,14912.123
14949.999999999998,14858.689
16600.0,15261.951
16750.0,16716.383
16750.0,16417.969
16650.0,16432.879
16520.0,15970.6045
16450.0,15929.796
16150.0,15311.098
15770.0,14881.234
15470.0,14388.778
15400.0,13921.5
15120.000000000002,14006.609
15050.000000000002,13625.577
14760.0,13778.433
14450.0,13477.553
14450.0,13307.013
14650.0,13207.312
14849.999999999998,13341.427
15150.000000000002,13498.944
15350.0,13817.451
15500.0,13811.945
15800.0,14143.221
15850.0,14455.343
15800.0,14307.321
15700.0,14619.8
15280.0,14921.073
16750.0,15122.862
16800.0,16534.797
16700.0,16271.399
17150.0,16251.458
16900.0,16772.121
16850.0,16354.447
16600.0,15954.302
16200.0,15416.205
16000.0,15027.697
15800.0,14944.981
15600.0,14564.894
15400.0,14438.115
14999.999999999998,14315.667
14600.0,13905.262
14700.0,13642.74
14200.0,13844.028
14999.999999999998,12477.702
15500.0,13309.028
15800.0,13396.474
16000.0,13779.441
16100.0,13925.224
16200.0,13758.248
16050.0,14262.683
15900.0,14308.972
15500.0,14543.042
16750.0,15239.624
16850.0,16262.242
16900.0,16044.597
17200.0,16197.511
17100.0,16431.676
17100.0,16153.024
16900.0,15794.789
16300.0,15080.526
16100.0,14659.015
15900.0,14443.0
15750.0,14199.041
15600.0,14082.074
15050.000000000002,13987.405
14899.999999999998,13631.583
14750.0,13583.99
15200.000000000002,13433.74
15550.0,13836.919
15800.0,13901.167
16100.0,14330.182
16250.0,14751.463
16300.0,14731.364
16400.0,14961.512
16450.0,15157.794
16350.0,15364.759
15600.0,15447.1455
16700.0,15477.01
16800.0,17254.746
16850.0,17033.938
17000.0,17070.848
16600.0,17199.965
16700.0,16661.678
16450.0,16145.595
16050.0,15695.535
15850.0,15489.152
15650.0,14931.587
15400.0,14880.811
15150.000000000002,14640.093
1440.0,14430.922
14000.0,13917.047
13750.0,13321.987
13400.0,13355.149
12950.0,13090.603
13100.0,12977.759
13400.0,13432.929
13900.0,13593.331
14130.0,14256.716
14100.0,14451.814
13980.0,14486.253
13850.0,14653.654
13100.0,14649.657
15020.000000000002,14222.691
15600.0,16415.014
15630.0,16276.338
15850.0,16309.308
15850.0,16180.476
15800.0,16102.696
15700.0,15756.388
15600.0,14973.7295
15400.0,14554.737
15100.000000000002,14210.099
14500.0,14241.902
14350.0,13850.363
13900.0,12346.465
13900.0,13879.972
13850.0,13327.038
14200.0,13480.951
14400.0,13587.127
14700.0,13738.493
14800.0,14075.939
15200.000000000002,14030.189
15250.0,14558.123
15380.0,14673.306
15280.0,14775.121
14899.999999999998,14815.018
14300.0,14749.259
15700.0,14940.942
15850.0,16524.611
15650.0,16151.653
15500.0,16020.975
15430.0,15749.661
15500.0,15703.509
15250.0,15323.0625
14300.0,14728.779
13600.0,13896.226
13200.0,13275.236
12900.0,13089.723
12400.000000000002,12843.237
11900.0,12320.403
11600.0,11984.403
11580.0,11674.376
12030.0,11677.558
12410.000000000002,12048.717
12860.0,12352.912
13580.0,12820.573
14100.0,13555.49
13575.0,13986.16
13900.0,13568.616
13850.0,14140.436
13550.0,14125.476
12700.0,14006.977
14550.0,13558.673
15025.000000000002,15772.247
14772.0,15530.906
15075.000000000002,15323.022
15150.000000000002,15383.627
15150.000000000002,15399.879
14979.999999999998,15074.714
14100.0,14231.184
13950.0,13489.729
13570.0,13235.407
13450.0,13186.891
13200.0,13115.987
12820.0,12878.636
12600.0,12459.475
12700.0,12407.6045
13140.0,12617.741
13200.0,13085.794
13600.0,13138.69
14000.0,13650.201
14450.0,14005.759
14899.999999999998,14226.396
15250.0,14511.611
15050.000000000002,14461.001
14700.0,14571.728
14050.0,14530.566
15400.0,14726.526
15600.0,16396.178
14500.0,15891.391
14690.0,14848.88
14849.999999999998,15463.626
14750.0,15143.58
14200.0,15056.017
13800.0,14155.801
13100.0,14006.305
11225.0,13161.736
11195.0,11509.0625
11212.0,11846.013
10992.0,11786.86
11019.0,11568.535
10874.0,11653.6455
11616.0,11531.913
12057.0,12182.329
12577.0,12626.719
13260.0,13060.096
13680.0,13604.831
13730.0,14033.303
14000.0,14233.024
13974.0,14510.432
13850.0,14564.617
13050.0,14403.839
14400.0,13947.004
14350.0,15684.007
13700.0,14714.855
11850.0,14274.509
9835.0,12189.027
9168.0,10855.615
9832.0,10540.294
10276.0,11273.537
10499.0,11368.714
10324.0,11271.931
10271.0,10824.163
10061.0,10691.138
9606.0,10459.639
9855.0,10056.091
9831.0,10347.999
10377.0,10388.353
10642.0,10884.849
11070.0,11148.623
11237.0,11584.068
11100.0,11657.506
10252.0,11626.357
10289.0,10921.066
9331.0,11198.538
8997.0,10308.811
8883.0,10044.807
9522.0,10288.091
9409.0,10806.601
9027.0,10326.614
8983.0,9629.531
8648.0,9310.139
8182.0,8911.445
7818.0,8575.647
7787.0,8215.512
7423.999999999999,8278.195
7282.0,8001.8975
7295.0,7851.7227
7338.0,7806.46
7514.000000000001,7857.952
8093.0,8065.857
8617.0,8559.11
9186.0,8971.508
10022.0,9380.171
10680.0,10020.069
11356.0,10492.479
11660.0,11042.644
11985.0,11196.5625
12153.999999999998,11589.926
12271.999999999998,11787.769
11966.0,12111.893
11675.0,11888.115
13081.0,11831.767
13638.0,13365.99
13609.0,13422.012
13437.0,13214.805
13062.0,12919.52
13022.0,12473.084
12679.0,12491.447
12182.999999999998,12083.203
10882.0,11619.502
9756.000000000002,10411.4375
8588.0,9537.607
7685.0,8655.915
6874.0,8067.1055
7322.0,7502.0854
8154.0,8179.103
8793.0,9092.297
9501.0,9581.649
9895.0,10112.705
10663.0,10369.105
11145.0,11054.939
11109.0,11399.383
11258.0,11307.867
11156.0,11598.966
10950.0,11523.804
10744.0,11420.469
12480.000000000002,11508.511
12781.0,13410.423
12618.0,13101.26
12239.999999999998,12803.333
11981.0,12286.06
11947.0,12066.98
11695.0,11905.891
11194.0,11575.21
10864.0,11002.77
10538.0,10548.764
10182.0,10122.557
9974.0,9790.378
9604.0,9631.751
9995.0,9408.435
10123.0,9939.956
10765.0,9999.768
11454.0,10591.18
11711.0,11163.458
12240.999999999998,11423.317
12492.000000000002,12014.592
12615.0,12281.076
12600.0,12616.58
12300.000000000002,12722.534
11710.0,12606.357
11070.0,12124.007
12219.999999999998,11872.908
12487.000000000002,13183.876
12335.000000000002,13109.823
12153.999999999998,12750.153
12033.0,12491.924
11864.0,12351.436
11876.0,12110.747
11487.0,12047.709
10943.0,11537.073
10627.0,10902.669
10092.0,10575.271
9763.000000000002,10071.724
9410.0,9819.574
9307.0,9581.857
9080.0,9551.994
9216.0,9355.538
9591.0,9510.23
9906.0,9867.493
10725.0,10177.549
11370.0,10854.497
11130.0,11789.158
11333.0,11474.837
11119.0,11661.152
10746.0,11461.461
10238.0,11270.607
12043.0,11048.364
12552.0,13086.676
12609.0,12907.914
12787.0,12827.424
12633.0,12900.566
12772.0,12600.064
12619.0,12774.896
12272.999999999998,12428.958
11751.0,12074.784
11296.0,11376.516
10735.0,10931.698
10213.0,10487.779
9627.0,10139.781
9199.0,9700.486
8796.0,9423.438
8797.0,9138.238
9229.0,9253.653
10049.0,9615.319
10559.0,10597.573
11224.0,11041.111
11008.0,11690.263
11381.0,11479.159
11087.0,12028.305
11265.0,11584.557
10957.0,11999.321
12926.0,11863.334
13341.0,14159.431
13040.0,13659.41
12877.0,13328.966
12765.0,13086.815
12443.000000000002,12971.241
12369.000000000002,12558.528
11915.0,12473.492
11424.0,11868.926
11088.0,11319.041
10646.0,10991.878
10385.0,10583.438
10196.0,10397.262
10368.0,10213.434
10544.0,10407.888
11292.0,10484.723
11500.0,11175.052
12099.999999999998,10905.297
12500.000000000002,11951.564
12731.0,12376.264
12730.0,12730.71
12570.0,12789.99
12104.999999999998,12806.799
11725.0,12788.046
11825.0,12339.315
13604.0,13049.646
14202.0,14826.454
13975.0,14645.854
13840.0,14236.214
13500.0,14093.301
13390.0,13636.476
13160.0,13626.156
12551.0,13232.245
12197.999999999998,12708.378
12003.0,12455.45
11340.0,12045.012
11237.0,11362.788
10826.0,11365.828
10982.0,11021.833
11096.0,11237.35
11678.0,11342.096
12015.0,11840.184
12605.0,12093.837
12905.0,12654.646
13170.0,12925.218
13288.0,13317.902
13630.0,13526.443
13420.0,13783.268
13320.0,13731.308
12790.0,13864.205
14530.0,13631.149
15150.000000000002,15611.526
15020.000000000002,15495.364
15100.000000000002,13133.037
14999.999999999998,15885.986
14969.999999999998,14683.027
14575.0,14706.746
14300.0,14082.828
13870.0,13833.557
13600.0,13311.412
13330.0,13005.455
12900.0,12881.391
12269.999999999998,12526.515
12296.000000000002,12161.8545
12450.000000000002,12297.367
12800.0,12401.929
13180.0,12594.039
13350.0,13031.659
13850.0,13266.391
14100.0,13799.737
14300.0,13954.355
14450.0,14384.204
14300.0,14649.026
14150.0,14585.732
13400.0,14614.649
15140.000000000002,14273.933
15700.0,16289.321
15400.0,16049.63
15600.0,15592.812
15530.0,15793.256
15270.0,15485.98
15270.0,15137.718
14949.999999999998,14911.798
14750.0,14453.413
14400.0,14316.326
13920.0,13846.096
13550.0,13417.111
12950.0,13119.073
12700.0,12678.828
12770.0,12611.771
13000.0,12702.327
13470.0,12925.728
13840.0,13356.4
14200.0,13700.515
14550.0,14080.893
14750.0,14536.776
14949.999999999998,14795.539
14849.999999999998,14911.373
14630.0,15084.361
14000.0,14961.464
15800.0,14715.541
16100.0,16744.777
15950.0,16257.748
16000.0,16162.75
16000.0,16113.95
15900.0,15927.099
15750.0,15562.738
15600.0,15075.972
15300.0,14771.433
14929.999999999998,14476.037
14550.0,14326.519
14250.0,13966.539
13550.0,13686.449
13500.0,13097.243
13330.0,13204.314
13620.0,13055.443
14070.0,13403.579
14550.0,13730.327
14869.999999999998,14148.25
15220.000000000002,14493.5
15150.000000000002,14887.825
15250.0,14762.826
15350.0,14795.505
14949.999999999998,15041.023
14500.0,14839.753
15850.0,14965.758
15850.0,16046.812
15450.0,15700.752
15850.0,15618.338
16000.0,15810.731
15950.0,15680.963
15850.0,15592.903
15700.0,15393.615
15550.0,15016.511
15200.000000000002,14762.258
14600.0,14569.801
14200.0,14138.913
13350.0,13763.355
13200.0,13055.749
13070.0,13053.547
12930.0,12943.518
12970.0,12858.989
13350.0,13022.521
13770.0,13418.026
14240.0,13915.433
14000.0,14334.392
14175.0,14183.531
14400.0,14526.593
13800.0,14967.168
13250.0,14375.257
14999.999999999998,14305.623
15500.0,16215.45
15350.0,15929.533
15700.0,15805.501
15750.0,16146.665
16000.0,16023.773
15800.0,15776.009
15600.0,15456.6
15200.000000000002,15069.254
14700.0,14556.23
14350.0,14262.659
13880.0,14046.026
13000.0,13567.375
12580.0,12973.351
12199.999999999998,12823.87
12030.0,12461.894
11690.0,12389.164
11260.0,12145.542
11670.0,11894.487
11926.0,12630.628
12270.999999999998,12907.693
12601.0,13268.8545
12664.0,13575.487
12717.0,13646.551
12448.000000000002,13777.508
14216.0,13791.122
14628.0,15806.649
14350.0,15319.403
14371.0,15059.043
14120.0,15040.057
14108.0,14723.444
14127.0,14729.138
13800.0,14605.236
13220.0,13919.592
12920.0,13236.335
12700.0,12987.658
12520.0,12737.232
1945.0,12521.839
11890.0,11989.276
11900.0,11971.129
12430.000000000002,11998.097
12720.0,12324.235
13150.0,12440.7295
13640.0,13290.39
14000.0,13491.141
14000.0,13975.293
14100.0,13893.657
13850.0,14111.647
13100.0,13822.058
12099.999999999998,13346.462
13650.0,12878.431
14300.0,15017.697
13930.0,14860.341
13955.0,14364.779
13716.0,14453.208
13511.0,14129.754
13422.0,13983.085
12840.0,13855.89
12343.000000000002,13164.015
11913.0,12784.21
11493.0,12166.277
11263.0,11752.72
10691.0,10441.906
10813.0,11441.459
10884.0,11374.097
11417.0,11501.892
11849.0,11939.487
12590.0,12199.727
13030.0,12791.183
12569.0,13117.467
12425.000000000002,12845.674
12430.000000000002,12879.855
1290.0,12824.843
12380.000000000002,13268.228
12099.999999999998,12752.897
13707.0,12901.526
14376.0,14734.311
14135.0,14546.243
14170.0,14202.177
14035.0,14171.851
13990.0,13898.324
13970.0,13854.995
13600.0,13600.357
13300.0,13087.134
12800.0,12751.249
12300.000000000002,12255.7295
11870.0,11884.705
11388.0,11562.47
11354.0,11292.933
11436.0,11353.9
11906.0,11465.15
12588.0,11875.948
12981.0,12476.013
13300.0,12792.52
13770.0,13044.005
13844.0,13539.048
13962.0,13656.512
13943.0,12682.299
13455.0,14783.8125
13056.0,13913.265
14999.999999999998,14114.116
15500.0,16160.206
15585.0,15838.289
15585.0,15854.768
15368.0,15671.657
15550.0,15404.913
15450.0,15481.765
15100.000000000002,15130.257
14480.0,14639.985
14100.0,13934.092
13400.0,13571.562
12750.0,12931.627
11388.0,12510.326
10853.0,11453.219
10869.0,11229.279
11375.0,11372.002
11640.0,11874.274
12070.999999999998,12026.4
12640.0,12420.499
13200.0,12946.188
13570.0,13530.643
13700.0,13880.584
13730.0,13947.632
13480.0,14064.877
12950.0,13942.677
14720.0,13832.086
15300.0,15826.005
15300.0,15733.507
15550.0,15586.119
15450.0,15773.405
15500.0,15490.575
15500.0,15522.257
15200.000000000002,15089.129
14600.0,14608.876
14300.0,14029.385
13700.0,13654.316
13550.0,13077.548
12950.0,12987.367
12800.0,12430.273
12970.0,12448.985
13150.0,12594.494
13600.0,12716.39
14080.0,13118.048
14400.0,13680.2295
14999.999999999998,14008.538
15100.000000000002,14350.671
15250.0,14510.556
15160.000000000002,14714.331
14999.999999999998,14782.748
14200.0,14943.248
15600.0,14769.1
16100.0,16468.691
16000.0,16438.887
16400.0,16205.111
16040.0,16593.19
15850.0,16015.625
15650.0,15740.478
15400.0,15583.855
15250.0,15163.691
14350.0,14806.032
14350.0,14324.716
14050.0,13909.689
13080.0,13692.497
12480.000000000002,12796.817
12199.999999999998,12454.918
11970.0,12220.779
12320.000000000002,12023.641
12755.0,12546.731
13454.0,13011.287
14150.0,13790.089
13750.0,14328.319
14250.0,13998.738
14130.0,14817.925
13840.0,14611.729
12950.0,14535.902
14869.999999999998,13996.955
15410.0,16287.627
15380.0,15787.3125
15850.0,15867.143
15750.0,16168.484
15840.0,15833.836
15850.0,15892.505
15750.0,15585.62
15400.0,14924.928
14849.999999999998,14410.868
14600.0,14458.284
14525.0,14176.531
13550.0,14124.6
13450.0,13126.3955
12830.0,13311.326
13000.0,12628.461
13420.0,12948.692
13950.0,13440.423
14350.0,14062.469
14550.0,14453.294
14800.0,14765.629
14949.999999999998,15062.46
14700.0,15240.423
14200.0,15064.072
14899.999999999998,14848.527
14800.0,16325.5
14500.0,15551.665
14292.0,15452.505
14600.0,15451.888
15450.0,15685.285
15500.0,15293.503
15350.0,15165.831
15200.000000000002,14725.601
14899.999999999998,14407.851
14600.0,14413.892
13970.0,14070.263
13170.0,13915.155
12980.0,13083.435
12600.0,13226.799
12850.0,12762.191
12950.0,13026.105
12800.0,12995.269
13100.0,13062.191
13480.0,13437.561
13560.0,13782.449
13700.0,13733.785
13700.0,13773.093
13200.0,13771.343
12500.000000000002,13535.839
13290.0,13535.574
13560.0,14650.428
13230.0,14507.091
12920.0,14109.336
12785.0,13829.7705
12785.0,13875.531
12715.0,13827.454
12020.0,13549.764
11100.0,12680.829
9930.0,11982.424
8882.0,10644.767
8056.0,9880.023
7075.0,9166.354
6304.0,8372.463
5553.0,7754.1646
5271.0,7215.1133
4907.0,7060.9624
4890.0,6765.879
5323.0,6775.24
5399.0,7205.2764
5109.0,7177.71
4506.0,6866.515
3886.0,6298.099
3750.9999999999995,5672.349
3847.0,5531.368
4097.0,5627.05
4157.0,5797.637
4177.0,5624.0723
4554.0,5474.45
4553.0,5711.936
4369.0,5449.969
4240.0,5162.7812
3986.0,4834.9956
3880.0,4503.2705
3707.9999999999995,4485.743
3694.0,4295.0415
3651.0,4244.016
3748.9999999999995,4156.091
4025.0,4228.616
4692.0,4416.779
5649.0,5004.9653
6385.0,5805.2803
7292.0,6381.0264
8180.0,7167.149
8585.0,7898.125
9268.0,8282.334
9657.0,8772.753
10708.0,9094.088
10621.0,9885.695
10402.0,9929.803
11811.0,10015.187
12084.999999999998,11504.061
12038.0,11339.416
12451.000000000002,11245.385
12553.0,11587.316
12900.0,11491.539
13100.0,11488.362
13000.0,11505.471
12750.0,11281.625
12314.000000000002,11390.206
12080.999999999998,11029.962
11923.0,10931.707
11469.0,10861.308
11296.0,10573.318
11601.0,10608.44
11857.0,11091.698
11887.0,11320.554
12021.0,11430.12
12459.000000000002,11682.779
12689.0,12144.443
12848.0,12490.343
13025.0,12854.927
13520.0,13206.825
13000.0,13746.548
12390.000000000002,13143.3955
13900.0,12979.44
14630.0,14715.967
14500.0,14762.766
14700.0,14492.643
14770.0,14741.672
15050.000000000002,14690.547
15050.000000000002,14976.084
14800.0,14750.012
13850.0,11361.776
13050.0,13965.378
12550.0,12445.499
11980.0,12354.996
11416.0,11818.174
11253.0,11507.387
11380.0,11503.285
11870.0,11657.769
12244.999999999998,12063.897
12530.0,12333.676
13000.0,12670.336
13300.0,12653.905
13310.0,12812.02
13600.0,13224.472
13450.0,13504.86
12900.0,13244.864
12600.0,13197.555
14180.0,13329.53
14570.0,15078.092
14630.0,14815.348
14600.0,14915.335
14590.0,14797.663
14849.999999999998,14819.07
15020.000000000002,14840.574
14500.0,14852.224
13950.0,13946.131
13570.0,13342.211
13000.0,13040.922
12400.000000000002,12480.658
11600.0,12065.841
11300.0,11448.944
11100.0,11451.757
11140.0,11303.552
11320.0,11381.077
11400.0,11502.532
11700.0,11739.032
12360.000000000002,12127.118
12050.0,12720.142
12079.999999999998,12295.558
12040.0,12543.226
11700.0,12506.56
11500.0,12367.355
13190.0,12577.061
14100.0,14432.608
14100.0,14638.979
14200.0,14309.892
14250.0,14415.705
14350.0,14400.543
14500.0,14483.6455
14250.0,14369.87
13900.0,14034.955
13600.0,13341.632
13300.0,13053.754
13000.0,12770.253
12249.999999999998,12531.479
12199.999999999998,11947.808
12199.999999999998,12093.071
12550.0,11982.383
12980.0,12288.739
13300.0,12621.981
13700.0,12948.55
14200.0,13650.62
14050.0,14005.018
14200.0,13974.408
14350.0,14020.059
13950.0,14242.397
13600.0,13974.482
15150.000000000002,14320.462
15800.0,16037.672
15850.0,15964.498
15750.0,15780.216
15400.0,15842.383
15450.0,15338.402
15550.0,15382.894
15100.000000000002,15105.695
14750.0,14404.397
14350.0,14084.045
13850.0,13773.058
13650.0,13371.471
13020.0,13265.233
12900.0,12724.974
12950.0,12791.607
13300.0,12798.183
13600.0,13174.5205
14000.0,13366.253
14375.0,13566.103
14500.0,13979.259
14750.0,14335.376
14849.999999999998,14577.175
14750.0,14779.592
14500.0,14672.273
13750.0,14560.395
14949.999999999998,14540.939
15600.0,16146.444
15800.0,15830.874
15950.0,15900.394
15800.0,15902.434
15800.0,15576.198
15700.0,15615.954
15280.0,15284.274
14800.0,14855.04
14250.0,14803.777
13900.0,14062.947
13520.0,13720.826
12900.0,13374.296
12800.0,12912.735
12600.0,12990.117
12570.0,12823.7705
13030.0,12967.793
13400.0,13392.349
13700.0,13513.195
14100.0,13423.44
14250.0,13861.723
14300.0,14211.27
14200.0,14288.648
13900.0,14199.084
12850.0,14253.78
14150.0,13965.207
15150.000000000002,15514.439
15100.000000000002,15817.545
14999.999999999998,15689.206
14600.0,15408.172
14700.0,14879.514
14500.0,15023.389
14300.0,14277.404
1400.0,13924.701
13600.0,13752.274
13250.0,13207.702
12900.0,12962.815
12350.000000000002,12570.348
12099.999999999998,12150.414
12050.0,12063.943
12320.000000000002,12012.444
12780.0,12307.126
13130.0,12811.187
13650.0,13081.587
13740.0,13598.712
14050.0,13741.639
14550.0,14173.45
14306.0,14616.17
13300.0,14368.402
12940.0,13618.206
14335.0,13852.547
15080.000000000002,15497.725
14939.999999999998,15606.945
14949.999999999998,15221.782
14899.999999999998,15129.919
14819.999999999998,14954.023
14750.0,14671.599
14450.0,14558.649
14050.0,12669.477
13520.0,14002.931
13050.0,13085.113
12820.0,12788.37
12420.000000000002,12600.622
12450.000000000002,12239.066
12400.000000000002,12299.363
13000.0,12249.373
13180.0,12743.981
13520.0,12829.92
14100.0,13225.386
14350.0,13617.672
14470.0,13980.843
14700.0,14346.765
14800.0,14531.562
14500.0,14607.814
14100.0,14514.324
15750.0,14679.351
16150.0,16157.981
16200.0,16023.8955
16250.0,15947.097
16100.0,16210.718
16000.0,15820.136
15500.0,15690.089
14100.0,15255.028
13000.0,13968.643
13000.0,13016.983
12755.0,13175.884
12320.000000000002,12843.733
11580.0,12451.682
11120.0,11820.936
11105.0,11549.618
11600.0,11663.67
12365.000000000002,12037.743
12930.0,12684.034
13630.0,12815.181
13800.0,13631.613
14120.0,13853.055
14450.0,14247.452
14500.0,14722.672
14225.0,14746.416
13750.0,14590.607
14979.999999999998,14616.166
15725.0,15919.413
15700.0,16170.765
15700.0,15833.536
15800.0,15657.466
15980.0,15543.592
15950.0,15683.5625
15650.0,15174.578
15150.000000000002,14802.005
14700.0,14422.099
14150.0,13913.618
13780.0,13418.475
13000.0,13128.216
12700.0,12407.189
12249.999999999998,12343.168
12099.999999999998,11920.39
12400.000000000002,11804.252
12800.0,12082.59
13450.0,12619.613
13800.0,13262.814
13100.0,13673.975
13300.0,12930.935
12350.000000000002,13612.517
10769.0,13010.906
10490.0,11953.294
12551.0,12207.378
13516.0,14424.55
13646.0,14690.203
14093.0,14540.611
14200.0,14714.022
14330.0,14691.212
14225.0,14865.522
13891.0,14574.315
12849.0,14234.282
12589.0,12973.715
12442.000000000002,12810.769
12267.999999999998,12649.306
11851.0,12454.344
11610.0,12019.334
11280.0,11894.878
11475.0,11635.408
11890.0,11883.422
12550.0,12213.924
12850.0,12765.423
13035.0,13007.286
13400.0,13088.127
14050.0,13524.267
14100.0,13927.195
13950.0,13785.67
13800.0,13921.565
14949.999999999998,14184.821
15950.0,15604.352
16050.0,16011.663
16400.0,15797.814
16300.0,16102.282
16250.0,15743.041
16050.0,15789.01
15700.0,15509.821
15070.000000000002,14917.014
14800.0,14215.181
14300.0,14059.424
13980.0,13674.663
12900.0,13469.224
12830.0,12655.909
12850.0,12936.354
12950.0,12868.08
13450.0,13052.664
13500.0,13558.899
13850.0,13444.2295
14050.0,14102.793
14300.0,14414.057
14550.0,14718.236
14400.0,14898.9
13850.0,14737.702
13500.0,14385.391
15100.000000000002,14525.526
15650.0,16104.547
15800.0,16104.96
15900.0,16104.54
15800.0,16195.531
15800.0,16028.207
15700.0,15958.831
15350.0,15682.37
14899.999999999998,15250.716
14300.0,14899.175
13750.0,14132.477
13100.0,13640.722
12000.0,13116.841
11387.0,12240.1875
10963.0,12070.285
11581.0,11736.312
12311.000000000002,12421.678
12620.0,12960.604
13250.0,13118.145
13250.0,13678.511
13311.0,13676.2295
13695.0,13911.645
13865.0,14336.507
13510.0,14465.979
13143.0,14181.516
14426.0,14183.396
15150.000000000002,15730.349
15050.000000000002,15801.406
15450.0,15421.436
15080.000000000002,15846.855
15300.0,15145.659
15250.0,15474.134
14939.999999999998,15100.457
14550.0,14590.71
14250.0,14072.217
13830.0,13754.396
13520.0,13330.541
12750.0,13027.016
12830.0,12347.332
12900.0,12547.689
13350.0,12697.447
12600.0,13174.276
14000.0,13332.271
14550.0,13732.141
14800.0,14190.453
15050.000000000002,14458.903
15150.000000000002,14774.773
15070.000000000002,14996.258
14650.0,15103.415
14270.0,14847.527
15500.0,14793.189
16450.0,16186.1045
16500.0,16503.07
16700.0,16239.906
16600.0,16296.791
16600.0,16068.174
16500.0,15939.792
16100.0,15755.301
15850.0,15102.356
15200.000000000002,14768.545
14899.999999999998,14373.519
14600.0,14277.365
13800.0,13956.993
13650.0,13422.253
13250.0,13600.474
13680.0,13195.871
13920.0,13617.792
14020.0,13922.9
14500.0,13976.82
14899.999999999998,14354.116
14899.999999999998,14757.931
15400.0,14671.217
15200.000000000002,15239.314
14949.999999999998,14973.51
14250.0,15028.211
15650.0,14844.746
16050.0,16608.865
16100.0,16394.58
16450.0,16384.918
16650.0,16393.809
16600.0,16243.539
16300.0,16312.902
15980.0,15643.415
15400.0,15426.39
15050.000000000002,14736.991
14380.0,14689.985
14150.0,14005.391
13450.0,13887.162
13000.0,13286.3125
12750.0,13020.13
13050.0,12953.093
13350.0,13199.064
13800.0,13379.957
14400.0,13825.85
14690.0,14068.635
14750.0,14291.752
14700.0,14437.055
14070.0,14265.8
12552.0,14318.833
11410.0,13466.075
12815.0,12816.899
13950.0,14601.852
13760.0,15105.611
14100.0,14622.401
14350.0,15024.218
14325.0,15001.897
14300.0,14870.452
14100.0,14625.0
13920.0,14282.39
13375.0,13824.74
12770.0,13157.925
12325.000000000002,12649.8545
11350.0,12302.813
11075.0,11404.566
10800.0,11384.903
10682.0,11218.599
10832.0,11252.536
11182.0,11497.016
11929.0,11775.851
12629.0,12405.425
12340.000000000002,13049.909
12671.0,12710.225
12474.000000000002,13198.115
11917.0,12785.021
11620.0,12316.727
12998.0,12467.81
14057.0,14139.277
14320.0,14648.316
14510.0,14639.982
14590.0,14731.355
14819.999999999998,14732.192
14899.999999999998,14851.64
14600.0,14748.646
14050.0,14268.637
13700.0,13442.829
13250.0,13102.006
12670.0,12755.423
11880.0,12280.31
11075.0,11696.663
10854.0,11299.759
10941.0,11287.112
11002.0,11449.699
11345.0,11568.381
11757.0,12020.71
12065.0,12446.954
12367.000000000002,12612.747
12268.999999999998,13042.997
11765.0,12870.095
11435.0,12385.294
11109.0,12333.628
12391.000000000002,12225.694
13369.0,13852.31
13335.0,14293.325
13723.0,13952.494
13734.0,15214.896
13738.0,13700.163
13709.0,14290.15
13545.0,13863.949
12954.0,13639.845
12353.000000000002,12822.821
11867.0,12303.152
11407.0,13828.154
10454.0,10692.414
10020.0,10833.065
9956.0,10305.453
9737.0,10480.766
9748.0,10268.64
9865.0,10391.055
10337.0,10552.0625
10926.0,11037.054
11387.0,11636.823
11461.0,11985.845
11043.0,11902.929
10381.0,11493.471
10192.0,11049.701
11957.0,11332.757
12557.0,13364.951
12524.0,13169.5205
12872.0,13108.582
12838.0,13400.873
13032.0,13150.164
13104.0,13407.842
12881.0,13231.988
12389.000000000002,12862.484
12082.999999999998,12443.236
11664.0,11961.1455
11539.0,11515.241
10930.0,11384.492
10544.0,10829.024
9617.0,10567.487
9234.0,9767.078
8882.0,9634.671
8919.0,9495.868
9099.0,9660.637
9460.0,9950.093
10082.0,10348.553
10318.0,10851.591
10643.0,10942.224
10617.0,11246.537
10516.0,11247.308
11714.0,11375.11
12732.0,12656.24
12642.0,13243.962
12967.0,12857.028
12953.0,13186.231
13008.0,12986.091
13025.0,13004.505
12740.0,12874.275
12199.999999999998,12312.61
11790.0,11788.4795
11535.0,11399.3955
11350.0,11205.496
10530.0,11026.101
10110.0,10301.572
9691.0,10029.677
9490.0,9762.806
9066.0,9644.832
9027.0,9403.825
9241.0,9555.253
9679.0,9817.655
10172.0,10282.607
10085.0,10776.834
10000.0,10611.905
9567.0,10626.022
9094.0,10284.817
10493.0,10140.147
11387.0,11713.762
11370.0,12119.894
11633.0,11859.625
11794.0,12039.543
11879.0,12004.584
11819.0,12006.277
11580.0,11786.866
10990.0,11473.925
10758.0,10548.91
10538.0,10690.722
10434.0,10430.601
9487.0,10229.664
9315.0,9375.482
9072.0,9448.219
8846.0,9173.531
8627.0,9004.295
8630.0,8921.47
8773.0,9124.653
9155.0,9323.246
9078.0,9721.49
8771.0,9554.053
8439.0,9317.551
8131.0,9067.067
8058.0,8809.023
9345.0,8997.646
10183.0,10393.621
10159.0,10812.676
10636.0,10585.823
10711.0,11072.274
10814.0,10901.334
10809.0,10939.591
10510.0,10792.871
10172.0,10364.416
9891.0,9999.046
9583.0,9704.66
9237.0,9434.808
8415.0,9087.5
8415.0,8362.916
8396.0,8532.022
8675.0,8516.748
8920.0,8795.51
9029.0,8950.803
9352.0,9096.991
9424.0,9439.506
9406.0,9493.323
9250.0,9540.529
8990.0,9556.949
8634.0,9357.156
8641.0,9130.404
9937.0,9432.178
10534.0,10863.005
10701.0,10987.695
10979.0,11025.921
11140.0,11201.805
11156.0,11248.572
11147.0,11119.085
10906.0,11032.965
10576.0,10667.284
10260.0,10261.739
10030.0,9905.846
9708.0,9697.268
8961.0,9366.824
9110.0,8776.882
9103.0,9081.844
9185.0,9027.792
9313.0,9107.535
9512.0,9178.83
10199.0,9413.014
11150.0,10099.674
11059.0,11002.215
10876.0,10849.28
10543.0,10829.866
10081.0,10612.307
9751.0,10470.864
11074.0,10536.079
12225.999999999998,12126.187
12256.999999999998,12802.224
12815.0,12499.067
12900.0,12924.972
13100.0,12721.952
13040.0,12819.639
12930.0,12624.168
12600.0,12552.369
12400.000000000002,11968.99
12010.0,11826.991
11655.0,11540.562
10620.0,11222.484
10405.0,10354.195
10115.0,10469.771
10243.0,10205.626
10266.0,10407.247
10436.0,10437.319
10825.0,10744.058
11205.0,11325.956
11377.0,11600.289
11752.0,11807.089
11722.0,12264.31
11397.0,12167.83
10809.0,11989.483
12030.0,11770.597
13100.0,13440.544
12738.0,13894.144
13436.0,13226.09
13600.0,14107.545
13930.0,13804.136
13920.0,14091.8545
13700.0,13799.035
13350.0,13470.739
13200.0,12973.923
12753.0,12809.389
12581.0,12404.037
11468.0,12264.866
11109.0,11195.146
11393.0,11175.482
12019.0,11531.039
12303.000000000002,11950.298
12441.000000000002,12163.341
12719.0,12351.929
13235.0,12711.159
13542.0,13313.651
13410.0,13648.102
13640.0,13581.803
13077.0,14091.906
12015.0,13507.965
13306.0,12920.439
14200.0,14851.407
14200.0,14802.649
14510.0,14772.063
14450.0,15062.622
14650.0,14828.801
14700.0,15052.798
14550.0,14810.192
14380.0,14432.801
14100.0,14303.284
13950.0,13872.915
13550.0,13705.808
12024.0,13281.879
12134.999999999998,11959.049
12295.000000000002,12366.096
12750.0,12536.503
13100.0,12871.468
13125.0,13114.322
13500.0,13233.072
13450.0,13503.262
14000.0,13189.994
14100.0,13585.846
14150.0,13699.832
13800.0,13658.493
13300.0,13390.382
14500.0,13534.726
14999.999999999998,14808.412
14999.999999999998,14499.893
15200.000000000002,14495.204
15200.000000000002,14499.799
15450.0,14276.894
15400.0,14285.883
15150.000000000002,14106.546
14800.0,13675.004
14700.0,13023.2
14600.0,13030.015
14400.0,12926.144
13850.0,12522.241
13700.0,12348.547
13900.0,12518.113
14100.0,12604.661
14300.0,12634.171
14500.0,12758.75
14650.0,12972.491
14600.0,13107.194
14899.999999999998,13382.534
15100.000000000002,14586.332
14999.999999999998,13654.968
14700.0,14083.254
14100.0,13764.465
15300.0,13788.541
15400.0,15031.927
15500.0,14609.634
15600.0,14696.517
15700.0,14743.593
15600.0,14586.986
15450.0,14278.899
15200.000000000002,13853.03
14999.999999999998,13598.2705
14899.999999999998,13224.404
14800.0,13617.595
14700.0,13107.881
14400.0,12648.186
14200.0,12674.533
13900.0,12671.548
14100.0,12722.743
14200.0,12941.33
13950.0,13105.852
14000.0,13074.984
14200.0,13417.851
14300.0,13553.564
14300.0,13709.782
14300.0,13719.796
14000.0,13891.261
13800.0,13893.717
14999.999999999998,14037.114
15400.0,15089.351
15300.0,14922.376
15400.0,14729.223
15400.0,14899.386
15450.0,14732.024
15400.0,14522.138
15100.000000000002,14316.731
14899.999999999998,13682.265
14800.0,13419.667
14500.0,13244.664
14300.0,13095.689
13700.0,13043.222
13400.0,12814.936
13300.0,12683.176
13550.0,12732.109
13600.0,12893.365
13700.0,12957.078
13800.0,13177.225
13850.0,13643.858
14050.0,13529.168
14150.0,13670.449
14000.0,13667.711
13700.0,13938.382
12900.0,13999.824
14100.0,13785.0
14849.999999999998,15086.604
14600.0,14822.148
14800.0,14803.6875
14760.0,15175.069
14750.0,15094.397
14700.0,15028.332
14400.0,14566.501
14300.0,13919.892
14200.0,13700.863
13950.0,13459.304
13650.0,13430.106
12750.0,13153.74
12050.0,12367.685
11480.0,11939.679
11180.0,11635.359
11250.0,11494.403
11500.0,11630.959
11900.0,11788.614
12600.0,12269.984
12290.000000000002,13203.779
11900.0,12800.067
11465.0,12521.766
10990.0,12349.628
10680.0,11988.502
12229.999999999998,12008.65
13350.0,13719.054
13300.0,14013.355
13720.0,13749.146
13725.0,14119.389
14100.0,14018.0625
14200.0,13872.167
14000.0,13728.219
13850.0,13279.3125
13450.0,12940.316
13200.0,12501.9375
13000.0,12369.197
12099.999999999998,12348.87
11950.0,11833.055
11627.0,11944.452
11480.0,11816.782
11000.0,11715.231
10850.0,11428.998
11280.0,11550.398
11475.0,12086.385
11530.0,11958.44
11870.0,12125.436
11950.0,12456.498
12149.999999999998,12474.464
12079.999999999998,12760.711
13340.0,12931.419
13850.0,14457.131
14000.0,14238.191
14350.0,14447.22
14450.0,14143.612
14650.0,14173.929
14600.0,14062.965
14150.0,13580.534
13800.0,13098.819
13700.0,12904.309
13550.0,12727.088
13300.0,12557.344
12099.999999999998,12471.418
11800.0,11891.776
11900.0,11812.894
12199.999999999998,11978.534
12600.0,12225.911
12740.0,12664.8545
13100.0,12818.595
13250.0,12965.748
12950.0,12917.223
12800.0,12891.118
12030.0,12937.379
11950.0,12657.24
11710.0,12812.36
13260.0,12858.097
13530.0,14482.766
13390.0,13798.862
13493.0,14200.28
12925.0,14181.768
12393.000000000002,13524.054
12725.0,13148.329
13300.0,13496.161
13100.0,13217.896
12800.0,12993.952
11950.0,12774.52
11720.0,12276.142
11049.0,12016.98
11093.0,11440.608
11273.0,11646.589
11680.0,11852.21
11980.0,12202.467
12480.000000000002,12418.428
12880.0,12842.65
13100.0,13134.513
12700.0,13226.858
12850.0,12832.762
12680.0,13010.875
12000.0,12925.323
12099.999999999998,12432.121
13420.0,12933.869
14120.0,14192.065
14070.0,14466.479
14030.0,14301.484
13960.0,14088.741
13810.0,13931.876
13670.0,13859.028
13200.0,13602.991
12770.0,13038.725
12169.999999999998,12620.742
11970.0,11991.795
11740.0,11875.111
11350.0,11660.733
11180.0,11407.787
11150.0,11384.072
11640.0,11439.941
11960.0,11931.248
12370.000000000002,12279.091
12600.0,12610.493
12630.0,12802.453
12400.000000000002,12828.983
12249.999999999998,12703.146
11925.0,12587.257
11850.0,12375.62
11950.0,12519.826
12650.0,12783.11
13790.0,13584.305
13620.0,14417.783
13800.0,13851.849
13680.0,14084.951
13500.0,13754.116
13180.0,13546.954
12950.0,13151.38
12460.000000000002,12855.715
12119.999999999998,12241.681
11700.0,11938.674
11520.0,11565.704
111140.0,11465.653
11200.0,11156.326
11360.0,12040.356
11450.0,12231.412
11900.0,12405.6045
12249.999999999998,12938.472
12470.000000000002,13206.546
12860.0,13373.141
12820.0,13858.899
13180.0,13799.834
12810.0,13997.226
12510.0,13791.74
12129.999999999998,13803.0205
13330.0,13584.916
14350.0,15243.878
14150.0,15664.553
14250.0,15229.672
14270.0,15469.731
14240.0,15205.909
14080.0,15039.818
13580.0,14803.805
13220.0,14291.368
12720.0,13739.167
12330.000000000002,13155.015
12149.999999999998,12875.588
11500.0,23159.326
11525.0,8432.43
11520.0,11547.802
11730.0,11153.206
12139.999999999998,11649.345
1450.0,12147.651
12850.0,12409.985
12950.0,12783.906
12860.0,12897.271
12700.0,12960.636
12620.0,12905.475
12249.999999999998,12965.849
12099.999999999998,12717.27
13000.0,12806.196
14050.0,13871.835
14100.0,14606.194
14250.0,14343.819
14150.0,14394.365
14020.0,14180.221
13880.0,14007.879
13330.0,13703.666
12920.0,13052.576
12760.0,12561.754
12360.000000000002,12330.241
12229.999999999998,11960.521
11550.0,11850.861
11100.0,11281.493
10960.0,10974.977
10830.0,10981.04
10675.0,10940.173
10603.0,9667.1
11167.0,11497.425
11731.0,11584.716
11135.0,12151.439
11227.0,11493.939
10797.0,11793.53
10646.0,11366.921
10321.0,11452.554
11579.0,11305.827
13207.0,12838.0625
13229.0,14104.674
12974.0,13589.895
13028.0,13356.068
13096.0,13368.493
12700.0,13348.581
12450.000000000002,12780.405
12020.0,12316.925
11661.0,11847.365
11270.0,11613.959
12089.999999999998,11326.376
10978.0,12085.076
11185.0,10835.905
11775.0,11417.765
12030.0,11722.304
12189.999999999998,11830.46
12750.0,11973.915
12520.0,12599.555
12900.0,12486.556
13120.0,13134.081
12970.0,13325.752
12540.0,13195.767
12099.999999999998,12973.265
13450.0,12714.189
14650.0,14525.032
14650.0,15335.347
14620.0,14836.218
14660.0,14843.045
14430.0,14793.686
14570.0,14494.28
14120.0,14528.682
13840.0,13766.173
13350.0,13432.45
12880.0,12880.528
12630.0,12623.758
12164.999999999998,12585.806
12279.999999999998,12031.283
12540.0,12302.372
12807.0,12475.571
13148.0,12855.278
13580.0,13222.954
13820.0,13586.827
13875.0,13769.863
13100.0,14027.284
13700.0,13356.868
13500.0,14389.553
12950.0,14041.106
14050.0,13650.226
15150.000000000002,15221.793
15225.000000000002,15908.778
15400.0,15600.18
15300.0,15751.585
15225.000000000002,15477.035
15200.000000000002,15368.974
14999.999999999998,14988.417
14450.0,14658.292
14050.0,14454.451
13800.0,13877.247
13700.0,13577.954
12900.0,13522.278
12875.0,12824.405
12750.0,12932.585
12850.0,12879.037
13275.0,12935.603
13420.0,13408.926
13750.0,13596.47
13920.0,13946.2
14150.0,13961.274
14100.0,14023.061
14100.0,13990.354
13550.0,14249.641
13120.0,13971.648
14300.0,14052.928
15350.0,15460.879
15450.0,15555.802
15500.0,15500.009
15550.0,15585.415
15500.0,15383.023
15400.0,14910.361
14899.999999999998,14602.258
14520.0,14171.39
14150.0,13979.885
13900.0,13708.325
13650.0,13449.087
13120.0,13180.707
12900.0,12863.678
12890.0,12706.488
13020.0,12726.629
13600.0,12941.093
13900.0,13345.925
14100.0,13474.506
14300.0,13723.746
14100.0,13941.297
14200.0,13828.475
14300.0,14101.03
13900.0,14330.565
13280.0,14265.018
14250.0,14122.644
15300.0,15454.39
15200.000000000002,15800.335
15450.0,15532.4
15350.0,15714.33
15400.0,15412.904
15300.0,14931.647
14899.999999999998,14718.831
14600.0,14064.275
14450.0,13701.954
14250.0,13646.39
14000.0,13439.972
13200.0,13194.681
13150.0,12864.831
13170.0,12999.907
13250.0,12880.895
10750.0,12674.446
13720.0,11157.844
13800.0,13448.53
14100.0,12562.928
13900.0,12903.286
14200.0,12588.624
14300.0,13152.29
14000.0,13349.985
13600.0,13374.425
14500.0,13553.991
15400.0,14668.538
15100.000000000002,14833.089
15500.0,14441.535
15600.0,14965.654
15500.0,14683.462
15450.0,14385.502
14999.999999999998,14189.764
14899.999999999998,13530.6455
14500.0,13386.611
14300.0,13185.077
14100.0,13103.08
13800.0,12979.28
13600.0,12731.355
13500.0,12633.49
13800.0,12679.84
13900.0,12293.373
14300.0,12911.682
14750.0,13024.938
14750.0,13278.5205
14750.0,13314.572
14700.0,13352.229
14300.0,13512.2705
13450.0,13460.721
12850.0,13418.597
13650.0,13155.513
14300.0,14422.44
14170.0,14794.175
14350.0,14569.651
14000.0,14785.13
14200.0,14158.938
14050.0,14274.167
13850.0,14028.174
13450.0,13757.288
13150.0,13158.304
12950.0,12882.22
12700.0,12758.6
11500.0,12478.665
11080.0,11677.631
10824.0,11631.971
10775.0,11414.193
10950.0,11274.089
11400.0,11437.458
11900.0,11920.406
11700.0,12260.677
11650.0,11967.025
11350.0,12133.104
11040.0,12039.051
10818.0,12028.663
11922.0,11849.084
13350.0,13259.797
13355.0,14273.76
13587.0,13875.168
13627.0,14159.487
13900.0,13948.625
13800.0,14150.871
13320.0,13853.157
12920.0,13247.822
12580.0,12654.574
12380.000000000002,12274.382
12179.999999999998,12178.399
11580.0,12049.572
11620.0,11386.2705
11650.0,11522.265
12119.999999999998,11557.338
12400.000000000002,11906.822
12650.0,12079.008
13100.0,12478.131
13550.0,12844.726
13500.0,13355.684
13717.0,13393.281
13675.0,13850.158
13450.0,13808.371
12950.0,13897.558
13900.0,13701.166
15050.000000000002,15119.218
15100.000000000002,15505.105
15400.0,15247.466
15400.0,15593.937
15450.0,14908.358
15350.0,15072.872
14800.0,14516.338
14550.0,14213.581
14150.0,14045.755
13800.0,13530.472
13700.0,13281.922
13200.0,13224.899
12850.0,12889.68
12650.0,12756.925
12900.0,12636.694
13250.0,12860.783
13600.0,13124.584
14050.0,13439.983
14150.0,13945.782
14200.0,13972.29
14480.0,14170.758
14450.0,14512.041
14020.0,14464.801
13460.0,14566.893
14500.0,14372.365
15600.0,15798.278
15600.0,16182.088
15700.0,15816.125
15650.0,16112.499
15500.0,15777.23
15400.0,15560.8545
15200.000000000002,15179.112
14999.999999999998,14826.241
14700.0,14789.916
14400.0,14184.029
14100.0,14095.166
13550.0,13825.657
13450.0,13331.737
13300.0,13162.987
13500.0,13226.994
13750.0,13340.753
13800.0,13461.255
14150.0,13686.221
14400.0,13897.164
14480.0,14028.699
14570.0,14172.604
14500.0,14371.15
14270.0,14657.364
13620.0,14498.879
14600.0,14260.273
15650.0,15677.146
15750.0,15991.787
15700.0,15837.766
15600.0,15864.266
15700.0,15593.11
15500.0,15387.75
15300.0,15020.645
15050.000000000002,14642.177
14800.0,14275.259
14500.0,14047.496
14400.0,13875.163
13600.0,13685.664
13240.0,13088.393
13250.0,13132.088
13400.0,13112.707
13700.0,13254.791
13800.0,13569.157
14150.0,13588.356
14200.0,13828.479
14400.0,13825.819
14450.0,14023.33
14600.0,13901.103
14500.0,14241.434
13750.0,14277.771
14849.999999999998,14057.396
15600.0,15631.482
15800.0,15750.406
16000.0,15741.118
16050.0,15882.787
15950.0,15742.545
15650.0,15343.789
15500.0,14686.541
15200.000000000002,14368.01
14949.999999999998,13976.526
14750.0,13717.361
14650.0,13714.652
13650.0,13627.552
13550.0,12947.812
13250.0,13046.761
13050.0,12957.069
13300.0,12690.485
13220.0,13097.076
13750.0,13038.312
14150.0,13515.192
14200.0,13718.297
14250.0,13966.471
14000.0,14071.541
13900.0,14251.08
13500.0,14296.661
14700.0,14319.585
15400.0,15616.862
15450.0,15955.833
15800.0,15635.328
15900.0,16041.227
15850.0,15644.991
15750.0,15389.538
15350.0,14845.124
15200.000000000002,14510.148
14899.999999999998,14109.764
14650.0,13875.836
14600.0,13706.987
14000.0,13561.37
13850.0,13161.934
13870.0,13213.845
14250.0,13184.531
14350.0,13306.083
14600.0,13063.593
14700.0,13511.043
14899.999999999998,13465.788
15100.000000000002,13875.797
15300.0,14137.6045
15200.000000000002,14477.987
15100.000000000002,14594.934
14200.0,14730.593
15200.000000000002,14504.823
15900.0,15754.834
15800.0,16068.227
15900.0,15848.918
15800.0,16168.43
15600.0,15693.564
15500.0,15635.082
15300.0,15173.706
15100.000000000002,14752.847
14899.999999999998,14304.094
14700.0,14046.566
14450.0,13911.603
13600.0,13777.248
13300.0,13122.938
13000.0,13109.031
12600.0,12815.622
12650.0,12389.1045
12350.000000000002,12501.12
12700.0,12440.691
13150.0,13047.481
12800.0,13551.502
13000.0,13190.008
12900.0,13708.96
12050.0,13706.294
11450.0,12933.141
12750.0,12971.222
14000.0,14437.2295
14050.0,14879.526
14450.0,14643.801
14550.0,15016.161
14650.0,14735.835
14700.0,14762.855
14500.0,14692.829
14100.0,14216.641
13800.0,13593.252
13550.0,13280.753
13300.0,13116.256
12700.0,12907.732
12450.000000000002,12415.79
12099.999999999998,12370.682
11840.0,11921.266
11850.0,11936.439
11530.0,11944.844
12169.999999999998,11975.4795
12425.000000000002,12696.403
12550.0,12750.653
12570.0,13224.009
12380.000000000002,13209.246
11775.0,13203.0
11191.0,12893.704
12600.0,12744.782
13700.0,14536.437
13450.0,14852.421
13800.0,14357.19
13950.0,14669.365
14120.0,14519.996
14070.0,14515.725
13650.0,14375.265
13400.0,13664.932
13150.0,13322.652
12950.0,12994.292
12700.0,12794.508
11800.0,12624.086
11559.0,11844.979
11278.0,11842.593
11013.0,11505.706
10940.0,11254.582
10823.0,11203.72
11156.0,11162.382
11568.0,11778.086
11802.0,12221.716
11743.0,12472.584
11490.0,12423.017
10746.0,12323.308
10308.0,11804.082
11519.0,11922.138
12770.0,13426.007
13000.0,13979.035
13500.0,13817.953
13580.0,14323.986
13675.0,14122.812
13710.0,14150.888
13320.0,13983.484
12930.0,13363.062
12630.0,13079.64
12360.000000000002,12599.817
12149.999999999998,12323.478
11419.0,12078.465
10920.0,11449.567
10631.0,11133.8545
10608.0,10904.629
10489.0,10922.907
10593.0,10852.613
10665.0,11063.233
11102.0,11211.998
11094.0,11734.955
10921.0,11682.128
10818.0,11689.769
10403.0,11654.535
9765.000000000002,11321.226
11195.0,11026.354
12700.0,12777.691
12580.0,13640.782
12860.0,13112.451
13000.0,13367.457
13245.0,13328.402
13140.0,13501.42
12896.0,13084.553
12377.000000000002,12805.535
11983.0,12215.047
11788.0,11742.739
11481.0,11641.041
10685.0,11271.124
10607.0,10620.765
10542.0,10700.568
10597.0,10642.044
10660.0,10711.771
10722.0,10744.967
11119.0,10796.59
11582.0,11318.87
11640.0,11736.216
11869.0,12028.134
11513.0,12194.127
10800.0,11885.132
10496.0,11454.55
11975.0,11606.374
13090.0,13404.703
13249.0,13846.2705
13605.0,13729.865
13750.0,13958.593
13820.0,13944.9
13760.0,13841.015
13520.0,13670.111
13000.0,13258.529
12750.0,12620.725
12410.000000000002,12383.087
12087.999999999998,12061.63
11496.0,11770.329
11457.0,11302.326
11428.0,11402.335
11904.0,11378.643
12262.999999999998,11805.698
12700.0,12031.617
13380.0,12459.324
13570.0,13016.049
13570.0,13269.918
13820.0,13497.24
13600.0,13768.085
12454.000000000002,13560.54
11817.0,12780.91
13350.0,12815.93
14600.0,14622.219
14350.0,15206.002
14400.0,14663.923
14800.0,14719.568
14929.999999999998,15070.616
14979.999999999998,14863.6
14550.0,14752.458
14000.0,13963.134
13750.0,13406.988
13300.0,13140.382
13250.0,12718.599
12530.0,12724.104
12400.000000000002,12191.566
12450.000000000002,12146.889
12650.0,12205.707
13130.0,12391.03
436.0,12655.057
13750.0,13001.879
14250.0,13425.423
14425.0,13932.258
14525.0,13942.314
14275.0,14045.407
13650.0,13967.512
12882.0,13790.848
14250.0,13560.471
15175.000000000002,15249.12
15150.000000000002,15516.345
15400.0,15335.254
15350.0,15580.183
15500.0,15188.2295
15450.0,15375.976
15200.000000000002,15056.505
14899.999999999998,14458.411
14500.0,14056.846
14270.0,13600.715
14200.0,13477.287
13300.0,13394.697
13100.0,12571.117
12600.0,12710.083
12570.0,12221.869
12500.000000000002,12383.25
12600.0,10853.283
13020.0,13325.497
13570.0,13107.398
12940.0,13824.65
13320.0,13188.939
12750.0,13863.8
12450.000000000002,13235.477
11600.0,13306.327
13400.0,12691.528
14300.0,14985.307
14450.0,14931.862
14700.0,15041.972
14819.999999999998,15009.73
15150.000000000002,15070.774
15050.000000000002,15227.322
14500.0,14933.072
14300.0,14357.005
13980.0,13918.56
13700.0,13425.505
13600.0,13301.977
13100.0,13189.88
12730.0,12807.74
12750.0,12597.376
12950.0,12661.866
13080.0,12696.41
13100.0,12853.601
13680.0,12926.807
13750.0,13727.88
13850.0,13771.8
14225.0,14083.69
14000.0,14393.608
13850.0,14268.26
13000.0,14344.664
14550.0,13940.786
15450.0,16005.44
15400.0,16051.97
15500.0,15847.078
15550.0,15899.616
15700.0,15757.742
15800.0,15867.096
15450.0,15644.322
15100.000000000002,14828.624
14750.0,14396.606
14600.0,13976.04
14400.0,13963.364
13620.0,13792.731
13450.0,13173.461
13500.0,13249.929
13750.0,13271.558
14100.0,13431.55
14150.0,13655.616
14500.0,13683.224
14800.0,14165.013
14849.999999999998,14351.127
14899.999999999998,14392.154
14899.999999999998,14372.22
14300.0,14780.913
13600.0,14425.828
15100.000000000002,14565.299
15750.0,16122.065
15850.0,16194.331
15950.0,16105.345
15900.0,16165.406
15975.0,16019.1455
15600.0,16906.086
15400.0,15108.699
14800.0,15285.743
14550.0,14621.743
14250.0,14364.778
14100.0,14004.728
13800.0,13779.381
13500.0,13513.006
13600.0,13385.571
13850.0,13375.952
14250.0,13471.103
14350.0,13619.995
14650.0,13756.47
14939.999999999998,13981.545
15100.000000000002,14410.254
14999.999999999998,14559.053
14800.0,14610.511
14200.0,14674.159
13600.0,14274.335
15250.0,14313.617
15750.0,16177.583
15700.0,15871.725
15750.0,15844.397
15600.0,15852.698
15700.0,15597.538
15700.0,15210.993
15250.0,15140.463
14899.999999999998,14505.351
14650.0,14082.684
14300.0,13893.011
14000.0,13679.465
13450.0,13433.097
13400.0,12948.013
13250.0,13137.791
13500.0,12938.481
13900.0,13126.949
14050.0,13456.648
14370.0,13513.714
14500.0,13885.583
14450.0,14021.865
14500.0,14062.373
14400.0,14040.029
14100.0,14167.506
13500.0,14232.801
14999.999999999998,14148.245
15770.0,15780.874
15600.0,16043.314
15750.0,15829.415
15600.0,15857.538
15800.0,15542.57
15750.0,15351.219
15250.0,14876.255
14899.999999999998,14293.404
14600.0,14079.435
14200.0,13924.456
14000.0,13579.35
13350.0,13426.488
13400.0,12932.592
13375.0,13139.812
13700.0,13001.767
14000.0,13406.496
14200.0,13420.862
14400.0,13489.023
14600.0,13540.203
14500.0,13682.641
14750.0,14502.821
14450.0,13635.608
14000.0,14070.406
13800.0,13972.354
14800.0,14475.937
15250.0,15425.617
15170.000000000002,15426.918
15300.0,15331.905
15350.0,15564.732
15450.0,15510.811
15350.0,15381.861
14530.0,15134.346
14100.0,14353.074
13650.0,13770.323
13400.0,13463.621
13050.0,13142.736
12480.000000000002,12874.948
12279.999999999998,12469.3545
11850.0,12366.248
12300.000000000002,11886.736
12290.000000000002,12528.447
12279.999999999998,12645.064
12650.0,12579.97
12700.0,12832.536
12099.999999999998,12776.857
11919.0,12828.593
11480.0,13007.804
11175.0,12416.163
11014.0,12316.772
11948.0,12382.371
12374.000000000002,13371.345
12125.999999999998,13470.458
12362.000000000002,13075.283
12223.999999999998,13304.844
11962.0,12971.259
12480.000000000002,12641.405
12083.999999999998,13175.465
11573.0,12442.099
10967.0,11850.58
10604.0,11207.84
10277.0,10900.467
9849.0,10580.392
9524.0,10228.256
9533.0,9940.391
9462.0,10045.62
9552.0,9930.229
9606.0,10122.984
10003.0,10264.406
10657.0,10593.391
10146.0,11118.63
9851.0,10541.022
9607.0,10355.431
9607.0,10170.046
9462.0,10307.415
10993.0,10299.752
11788.0,12023.065
11746.0,12261.877
11816.0,12055.765
11816.0,12052.884
11797.0,11945.156
11843.0,11993.3125
11338.0,11884.579
10893.0,11313.206
10566.0,10718.6875
10099.0,10386.11
9444.0,10000.741
9668.0,9479.168
9928.0,9884.364
10472.0,10112.824
10773.0,10595.531
10953.0,10859.612
11489.0,11031.983
11910.0,11503.281
11529.0,11846.145
11377.0,11544.354
11168.0,11584.742
11234.0,11505.804
11011.0,11786.432
12502.000000000002,11552.959
13370.0,13451.875
13085.0,13794.294
13270.0,13224.972
13280.0,13385.506
13140.0,13287.723
13020.0,13123.797
12570.0,12999.433
12199.999999999998,12185.728
11840.0,11900.833
11380.0,11491.813
11150.0,11112.807
10830.0,11019.982
10730.0,10708.72
10985.0,10786.68
11820.0,11185.656
11810.0,11801.965
12060.0,11673.997
12620.0,12074.199
12910.0,12655.352
12750.0,12892.963
12740.0,12668.249
12079.999999999998,12847.086
11310.0,12466.863
10503.0,11975.28
12269.999999999998,11978.884
13150.0,13559.154
13100.0,13856.349
13090.0,13576.028
12990.0,13670.032
13100.0,13305.352
13010.0,13377.141
12720.0,13062.733
12330.000000000002,12777.767
11900.0,12433.183
11700.0,11797.509
11550.0,11602.796
10860.0,11447.461
10550.0,10873.311
10400.0,10851.224
10317.0,10832.844
10337.0,10758.42
10439.0,10728.382
10554.0,11020.642
10754.0,11432.596
10697.0,11594.299
9785.0,11548.463
8747.0,10673.702
8617.0,9818.442
10857.0,9898.209
11534.0,12464.063
11612.0,12528.121
12059.0,12350.454
12019.0,12655.702
12195.999999999998,12341.239
12092.999999999998,12479.159
11851.0,12178.161
11375.0,11864.894
11055.0,11298.416
10857.0,10960.177
10518.0,10795.482
10002.0,10514.957
9991.0,10021.221
10062.0,10081.005
10347.0,11103.23
10460.0,9975.349
10668.0,10421.503
11098.0,10598.944
11503.0,10953.868
11706.0,11455.943
11675.0,11775.217
11417.0,11818.673
10918.0,11711.741
10171.0,11466.129
12154.999999999998,11211.751
12919.0,13508.627
12879.0,13604.988
13064.0,13392.865
13178.0,13451.177
13250.0,13423.407
13350.0,13318.453
12900.0,13216.627
12550.0,12509.973
12199.999999999998,12145.541
11950.0,11779.311
11900.0,11551.326
11300.0,11488.55
11270.0,10993.411
11320.0,11094.689
11550.0,11100.928
11920.0,11285.632
12199.999999999998,11597.501
12450.000000000002,11931.493
12700.0,12295.732
12740.0,12649.826
12890.0,12685.342
12600.0,12858.2295
11980.0,12708.727
11260.0,12385.442
13140.0,12234.915
13800.0,14416.846
13730.0,14282.55
13790.0,14133.307
13750.0,14218.097
13840.0,14056.606
13800.0,14089.981
13550.0,13731.322
13100.0,13411.679
12750.0,12772.678
12600.0,12382.471
12249.999999999998,12275.955
11600.0,11964.955
11450.0,11391.799
11550.0,11430.517
11700.0,11453.081
12050.0,11642.52
12050.0,11861.0
12800.0,11847.656
12800.0,12835.866
12850.0,12709.568
12970.0,12952.946
12830.0,13012.092
12099.999999999998,12987.005
11500.0,12492.331
13080.0,12428.988
13750.0,14207.479
13510.0,14294.342
13910.0,13897.13
13700.0,14338.162
13800.0,13895.111
143.0,14067.121
13400.0,13789.437
13280.0,12925.094
12700.0,12721.5625
12420.000000000002,12042.274
12129.999999999998,11895.633
11350.0,11661.996
10850.0,11038.047
10830.0,10745.406
10650.0,10848.028
10620.0,10645.965
10590.0,10606.627
11100.0,10704.28
11770.0,11224.685
11113.0,11960.495
11220.0,11413.028
11040.0,11832.184
10560.0,11466.346
10196.0,11161.87
12249.999999999998,11295.451
13020.0,13565.426
13050.0,13398.106
13380.0,13386.206
13280.0,13641.59
13360.0,13305.116
13270.0,11732.59
13000.0,13970.862
12600.0,12887.591
12360.000000000002,12406.924
11750.0,12118.743
11860.0,11600.047
11180.0,11793.531
11200.0,11046.928
11100.0,11281.644
11500.0,11002.266
11625.0,11495.403
12000.0,11533.8545
12269.999999999998,12136.247
12575.0,12213.761
12700.0,12726.148
12770.0,12856.516
12520.0,13053.4795
12099.999999999998,12803.178
11700.0,12399.863
13230.0,12590.949
14100.0,14340.853
14050.0,14562.685
14130.0,14341.987
14030.0,14387.85
14040.0,14247.031
13960.0,14177.0
13730.0,13987.575
13370.0,13431.227
13080.0,13026.774
12740.0,12665.713
12410.000000000002,12512.329
11930.0,12191.769
11800.0,11900.321
11850.0,11862.804
12099.999999999998,12051.587
12420.000000000002,12306.35
12540.0,12662.967
12930.0,12731.559
13000.0,13107.731
12750.0,13105.808
12900.0,13090.562
12680.0,13255.46
12229.999999999998,12979.345
12025.0,12749.683
13650.0,13028.786
14325.0,14622.953
14475.0,14693.646
14500.0,14702.639
14400.0,14614.217
14350.0,14443.055
14250.0,14281.098
13870.0,13801.432
13750.0,13424.325
13420.0,13397.214
13150.0,13063.64
12750.0,12860.739
12149.999999999998,12525.236
12000.0,12129.11
12099.999999999998,12116.636
12330.000000000002,12226.493
12750.0,12511.065
13000.0,12731.505
13210.0,12907.213
13500.0,13097.734
13370.0,13234.284
13500.0,13316.372
13100.0,13511.306
12249.999999999998,13421.947
12119.999999999998,12896.073
14150.0,13232.875
14480.0,15240.204
14550.0,14817.416
14400.0,14854.884
14350.0,14607.279
14350.0,14572.005
14325.0,14298.875
13900.0,13854.049
13500.0,13482.026
13200.0,13235.66
12960.0,12908.489
12725.0,12691.176
12300.000000000002,12463.217
12219.999999999998,12184.181
12069.999999999998,12220.449
12460.000000000002,12118.18
12900.0,12406.823
13350.0,12624.325
13550.0,12954.179
13800.0,13082.43
13850.0,13348.936
14000.0,13580.653
13700.0,13502.138
13500.0,13320.248
13000.0,13520.539
14600.0,13620.901
14999.999999999998,14864.212
15050.000000000002,14883.357
15100.000000000002,14624.543
15050.000000000002,14617.577
15100.000000000002,14607.381
14999.999999999998,14094.982
14450.0,13759.948
14250.0,13305.109
14050.0,13270.744
13700.0,14009.766
13500.0,12766.555
12900.0,13017.858
12900.0,12362.399
12850.0,12570.136
13050.0,12539.978
13450.0,12661.597
13670.0,12778.693
14100.0,12851.156
14200.0,13335.408
14250.0,13416.432
14450.0,13716.067
14200.0,13715.947
14100.0,13637.453
13650.0,13833.423
15400.0,13789.483
15400.0,16346.224
15200.000000000002,14397.574
15450.0,15006.256
15400.0,15237.815
15350.0,15107.886
15200.000000000002,14881.253
14899.999999999998,14332.728
14750.0,13839.1455
14600.0,13621.952
14050.0,13449.728
13800.0,13416.275
13150.0,13221.121
13000.0,12823.571
13100.0,12817.473
13375.0,12835.116
13550.0,12965.691
13800.0,13084.443
14200.0,13364.869
14400.0,13603.98
14600.0,13876.446
14800.0,14102.148
14600.0,14394.644
14220.0,14237.736
13450.0,14180.061
14999.999999999998,14174.322
15350.0,15418.384
15250.0,15125.903
15530.0,14960.761
15500.0,15113.622
15350.0,14946.286
15200.000000000002,14805.532
14800.0,14401.205
14400.0,14016.193
14100.0,13451.528
13900.0,13309.1
13600.0,13134.639
12720.0,12960.912
11620.0,12467.252
11810.0,11763.866
11660.0,12245.524
11361.0,11892.212
11447.0,11798.171
12074.999999999998,11958.074
12550.0,12659.049
11900.0,13029.54
11909.0,12430.287
11621.0,12813.654
11315.0,12590.098
10787.0,12412.233
12625.0,12276.767
13525.0,14180.562
13450.0,14399.835
13725.0,14164.012
13820.0,14338.548
13900.0,14253.235
13800.0,14108.894
13450.0,13405.301
12950.0,13148.946
12600.0,12723.6875
12199.999999999998,12314.148
11950.0,12059.707
11300.0,11814.216
11400.0,11175.4795
11420.0,11600.333
11540.0,11458.776
11650.0,11431.086
11750.0,11495.344
12099.999999999998,11863.238
12450.000000000002,12226.966
12410.000000000002,12510.308
12229.999999999998,12540.003
11630.0,12624.579
11550.0,12367.625
11350.0,12462.359
13250.0,12590.911
13950.0,14615.292
13900.0,14314.27
14060.0,14220.563
13780.0,14273.4375
13750.0,13964.01
13900.0,13930.803
13400.0,13951.509
12750.0,13250.849
12420.000000000002,12423.567
12169.999999999998,12194.94
11700.0,11971.992
11270.0,11635.535
11300.0,11373.595
11500.0,11495.884
11900.0,11562.522
12050.0,11769.079
12350.000000000002,12085.494
12630.0,12586.831
12850.0,12781.945
12890.0,13048.409
12900.0,13072.764
12520.0,13058.582
12350.000000000002,12693.051
12109.999999999998,12891.147
13940.0,13028.523
14130.0,15162.968
14250.0,14325.036
14230.0,14600.476
14000.0,14347.894
14000.0,14172.299
13850.0,14246.554
13350.0,13845.747
12900.0,13305.211
12600.0,13005.148
12249.999999999998,12475.275
11850.0,12173.265
11400.0,11809.816
11250.0,11550.785
11170.0,11558.782
11520.0,11511.483
11450.0,11878.29
11840.0,11911.157
12199.999999999998,12328.164
12310.000000000002,12489.004
11910.0,12579.118
12000.0,12326.621
11710.0,12645.265
11430.0,12400.546
11300.0,12269.356
12820.0,12488.633
13450.0,13754.684
13100.0,14010.706
13450.0,13467.614
13030.0,13890.724
12820.0,13209.63
12750.0,13125.077
12179.999999999998,12920.791
11770.0,12247.219
11450.0,11845.809
11150.0,11503.115
11050.0,11216.21
10650.0,11126.92
10710.0,10776.544
10862.0,10895.335
11250.0,11037.914
11585.0,11355.635
11542.0,11788.333
11920.0,11779.355
12300.000000000002,12114.389
12320.000000000002,12423.19
12450.000000000002,12526.999
12420.000000000002,12717.76
12119.999999999998,12726.783
11730.0,12586.536
13520.0,12529.432
13880.0,14469.934
13815.0,14142.612
13890.0,14093.644
13610.0,13987.35
13480.0,13637.194
13220.0,13565.256
11900.0,13096.467
11420.0,10796.298
11770.0,11168.5205
11590.0,11476.175
11322.0,11573.347
10902.0,11270.154
10786.0,10990.779
10856.0,10982.878
10925.0,11110.633
11313.0,11180.435
11590.0,11601.493
11970.0,11754.331
12154.999999999998,12091.988
12139.999999999998,12381.343
12050.0,12416.107
11975.0,12394.667
11695.0,12339.298
11754.0,12171.86
13150.0,12634.033
13576.0,13916.127
13450.0,13899.105
13400.0,13512.507
13200.0,13579.421
13250.0,13263.301
13020.0,13345.135
12570.0,12835.339
12169.999999999998,12355.406
11750.0,11877.162
11400.0,11469.1045
10950.0,11214.918
10650.0,10809.731
10650.0,10699.404
10385.0,10828.816
10940.0,10492.091
11201.0,11172.669
11525.0,11331.141
11704.0,11679.901
11839.0,11868.673
11568.0,12042.956
11715.0,11869.168
11295.0,12119.981
11020.0,11683.907
11045.0,11669.032
12690.0,11951.091
13040.0,13687.867
12807.0,13436.873
12784.0,13191.416
12468.000000000002,13150.821
12459.000000000002,12775.397
12306.000000000002,12866.682
11646.0,12553.768
11353.0,11863.322
11183.0,11433.49
10796.0,11137.899
10406.0,10734.338
10078.0,10435.856
9795.0,10243.147
9745.0,9992.12
9678.0,10058.085
9739.0,9916.371
9930.0,9980.384
10406.0,10261.562
11121.0,10676.376
10874.0,11259.056
10898.0,11086.958
10714.0,11267.685
10117.0,11233.224
9923.0,10868.402
11858.0,11162.712
12510.0,13272.365
12440.000000000002,12981.013
12545.0,12896.051
12600.0,12870.877
12760.0,12789.453
12640.0,12885.038
12099.999999999998,12586.619
11900.0,11926.31
11520.0,11622.046
11370.0,11159.531
11000.0,11015.705
10500.0,10816.593
10580.0,10480.039
10505.0,10686.2295
10815.0,10502.536
11035.0,10827.09
11359.0,10985.237
11760.0,11389.429
12194.999999999998,11859.322
12234.999999999998,12353.337
12480.000000000002,12422.26
12259.999999999998,12869.514
11940.0,12552.642
11650.0,12549.888
13700.0,12708.598
14100.0,14785.382
13950.0,14208.37
13970.0,14112.387
13840.0,14126.291
13490.0,13890.922
12780.0,13535.434
12440.000000000002,12762.57
12420.000000000002,12661.998
12079.999999999998,12379.979
11680.0,11961.678
11450.0,11610.641
10960.0,11521.68
10821.0,11171.365
11075.0,11187.615
11410.0,11269.099
11550.0,11565.903
11700.0,11720.743
11980.0,12034.715
12310.000000000002,12317.831
12300.000000000002,12652.31
12229.999999999998,12579.611
11850.0,12535.681
11480.0,12296.778
11250.0,12266.36
13250.0,12471.243
13200.0,14402.134
13050.0,13506.729
13050.0,13565.611
13050.0,13485.963
12830.0,13354.856
12800.0,13015.912
12229.999999999998,13034.428
11670.0,12334.74
11310.0,11930.516
11120.0,11393.866
10900.0,11168.387
10250.0,11107.066
10090.0,10582.164
10140.0,10600.221
10320.0,10626.009
10470.0,10710.401
10735.0,10900.268
11090.0,11196.876
11650.0,11531.876
11435.0,11995.468
11500.0,11734.694
11340.0,11923.285
10990.0,11833.656
11150.0,11660.1045
12800.0,12165.889
13150.0,13731.773
13225.0,13477.454
13175.0,13465.944
13050.0,13274.922
13000.0,13021.871
12900.0,12986.733
12229.999999999998,12661.087
11870.0,11806.512
11650.0,11473.612
11500.0,11241.621
11250.0,11126.973
10700.0,10902.95
10680.0,10470.593
10800.0,10640.575
11180.0,10715.404
11250.0,11148.929
11585.0,11233.603
11970.0,11654.855
12320.000000000002,12026.519
12400.000000000002,12265.54
12650.0,12276.194
12510.0,12550.381
12350.000000000002,12527.601
11800.0,12700.891
13900.0,12522.117
14220.0,14707.84
13900.0,14212.122
14100.0,13949.525
13780.0,14037.336
13775.0,13599.874
13750.0,13682.125
13225.0,13480.385
12550.0,12683.377
12500.000000000002,11978.413
12174.999999999998,11965.236
12025.0,11587.378
11750.0,11509.128
11700.0,11282.859
12020.0,11361.282
12249.999999999998,11620.251
12400.000000000002,11656.798
12600.0,11854.728
13020.0,12263.386
13060.0,12739.034
13200.0,12764.745
13300.0,13005.67
13100.0,13234.158
12720.0,13252.797
12370.000000000002,13064.944
14330.0,13219.174
14350.0,15074.587
14370.0,14307.867
14470.0,14477.604
14300.0,14366.934
14250.0,14145.981
14150.0,14115.215
13450.0,13879.534
13250.0,12998.01
12950.0,12771.723
12750.0,12323.673
12550.0,12238.546
12149.999999999998,12057.339
11900.0,11807.215
11970.0,11716.652
12550.0,11800.311
13000.0,12286.764
13250.0,12400.129
13450.0,12398.421
13800.0,12680.964
13850.0,13165.833
14300.0,13255.467
14000.0,13539.487
13700.0,13466.083
13150.0,12959.002
15100.000000000002,13711.077
14999.999999999998,15478.565
14999.999999999998,14758.688
14999.999999999998,15006.585
14949.999999999998,14692.266
14919.999999999998,14764.255
14800.0,14664.541
14200.0,14502.052
13800.0,13446.9375
13500.0,13105.496
13000.0,12844.154
12700.0,12422.931
12199.999999999998,12340.34
11750.0,11942.934
11725.0,11630.427
11750.0,11706.938
11825.0,11602.219
11875.0,11670.478
12450.000000000002,11848.792
13000.0,12517.549
12450.000000000002,13046.173
12770.0,12532.085
12430.000000000002,13057.424
11850.0,12899.488
11400.0,12574.84
13500.0,12740.119
14130.0,14622.334
14100.0,14527.53
14150.0,14429.219
14400.0,14435.369
14650.0,14404.999
14750.0,14370.711
14250.0,14069.42
14000.0,13506.711
13600.0,13223.495
13200.0,12863.591
13150.0,12757.218
12600.0,12735.354
12350.000000000002,12220.957
12199.999999999998,12034.268
12450.000000000002,11849.333
12550.0,12119.821
12900.0,12124.331
13250.0,12695.387
13650.0,13092.626
13650.0,13377.965
13830.0,13455.029
13750.0,13817.708
13250.0,13843.211
13050.0,13448.159
15150.000000000002,13832.676
15300.0,15843.85
15250.0,15149.729
15250.0,15230.569
15200.000000000002,15206.433
15150.000000000002,14982.904
15150.000000000002,14883.224
13814.0,14675.752
14600.0,14430.603
13950.0,13941.09
13500.0,13483.493
13400.0,13189.066
12850.0,13125.617
12650.0,12603.431
12400.000000000002,12575.344
12650.0,12395.948
12850.0,12658.228
12900.0,12811.059
13400.0,12676.737
13600.0,13318.366
13470.0,13366.538
13700.0,13343.234
13700.0,13371.313
13350.0,13471.395
12970.0,13534.221
14849.999999999998,13902.049
15150.000000000002,15578.194
14999.999999999998,15188.932
15060.000000000002,15042.745
14999.999999999998,15076.655
14999.999999999998,14764.718
14849.999999999998,14512.27
14400.0,14032.503
14200.0,13742.038
13800.0,13554.906
13700.0,13014.246
13500.0,12966.072
12750.0,12874.202
12700.0,12447.212
12500.000000000002,12548.832
12570.0,12373.367
12980.0,12406.966
13020.0,12805.739
13650.0,12743.213
13800.0,13019.376
13900.0,13255.891
13920.0,13518.744
13850.0,13630.672
13650.0,13923.607
13050.0,13911.012
15150.000000000002,13859.505
15350.0,15836.41
15250.0,15357.589
15200.000000000002,15194.45
15050.000000000002,14965.381
15150.000000000002,14767.074
14999.999999999998,14343.438
14750.0,13831.027
14500.0,13598.636
13750.0,13319.118
13250.0,13175.707
12500.000000000002,12753.157
11900.0,12138.295
11530.0,11759.217
11500.0,11615.419
11550.0,11731.074
11850.0,11867.561
12320.000000000002,12166.828
12600.0,12447.296
13000.0,12573.91
13200.0,12874.056
13400.0,13174.872
13500.0,13246.905
13250.0,13326.382
12850.0,13203.211
14800.0,13514.803
14999.999999999998,15197.505
14800.0,14799.585
14979.999999999998,14639.298
14819.999999999998,14822.851
14600.0,14550.777
14550.0,14087.019
13800.0,13840.878
13800.0,13343.481
13300.0,12965.117
13200.0,12637.005
12900.0,12543.445
12350.000000000002,12242.437
12050.0,11799.095
12149.999999999998,11767.949
12550.0,11726.655
12850.0,11985.555
13200.0,12205.412
13800.0,12486.35
13900.0,12872.299
13800.0,13096.857
13870.0,13272.064
13750.0,13260.11
13350.0,13505.807
13100.0,13534.909
14700.0,13853.064
14899.999999999998,14848.138
15100.000000000002,14545.482
15350.0,14713.867
15100.000000000002,14744.534
15100.000000000002,14194.712
14999.999999999998,14257.766
14600.0,13824.995
14400.0,13286.483
14100.0,12999.891
13800.0,12821.043
13200.0,12692.192
12650.0,12473.455
12700.0,12157.324
12450.000000000002,12288.06
12450.000000000002,12091.179
12750.0,12088.561
13100.0,12246.091
13300.0,12499.695
13600.0,12526.123
13800.0,12651.261
13990.0,12889.745
13800.0,13059.603
13600.0,13261.731
13300.0,13284.71
14999.999999999998,13625.786
15200.000000000002,14370.534
15300.0,14694.254
15350.0,14614.23
15250.0,14514.181
15200.000000000002,14337.643
15150.000000000002,13912.236
14650.0,13706.873
14200.0,13422.362
13800.0,12975.499
12850.0,12743.019
12650.0,12385.676
11650.0,12211.228
11100.0,11400.9375
11050.0,11140.304
10850.0,11117.652
11080.0,10861.307
11400.0,11268.67
11950.0,11473.252
12770.0,11918.22
12600.0,12785.492
12800.0,12492.955
12099.999999999998,12980.089
11960.0,12472.825
11540.0,12847.324
13950.0,12705.342
14200.0,15057.294
14250.0,14552.46
14650.0,14651.654
14650.0,14813.567
14700.0,14574.239
14750.0,14409.082
14450.0,14390.926
14100.0,13633.077
13850.0,13111.526
13500.0,12730.302
13200.0,12691.54
12700.0,12322.542
12099.999999999998,11998.611
11870.0,11888.741
12229.999999999998,11635.128
12400.000000000002,11907.176
12650.0,11979.466
13250.0,12348.793
13600.0,12560.491
13800.0,12776.646
13850.0,13163.21
13830.0,13102.542
13750.0,13378.177
13700.0,13505.3955
15300.0,14225.212
15500.0,15311.162
15500.0,15269.336
15600.0,15224.329
15550.0,14950.916
15500.0,14823.479
15400.0,14747.241
15050.000000000002,16121.472
14600.0,13416.491
14050.0,13788.156
13850.0,13330.327
13550.0,13258.814
13030.0,13163.223
13050.0,12663.604
13000.0,12791.086
13100.0,12758.233
13700.0,12639.961
13850.0,12608.145
14430.0,12646.077
14500.0,13334.364
14350.0,13251.211
14450.0,13454.247
14350.0,13512.2
14200.0,13442.106
14100.0,13768.523
15500.0,14597.118
15800.0,15542.616
15900.0,15471.929
15800.0,15483.087
15700.0,15309.972
15650.0,15211.844
15600.0,14801.489
15200.000000000002,14667.309
14899.999999999998,14196.3125
14750.0,14208.786
14600.0,13722.325
14400.0,13603.906
13800.0,13436.442
13500.0,13142.545
13250.0,12919.986
13400.0,12799.339
13500.0,12732.362
13800.0,12740.699
14200.0,12901.705
14500.0,13186.999
14650.0,13382.509
14750.0,13585.827
14650.0,13667.429
14500.0,13899.193
14200.0,14011.313
15350.0,14302.084
15850.0,15140.905
15900.0,15211.621
16100.0,15070.449
15900.0,15071.012
15800.0,14741.766
15700.0,14275.214
15300.0,14089.95
14999.999999999998,13605.982
14700.0,13384.337
14500.0,13217.57
14300.0,13131.72
13900.0,12961.583
13800.0,12618.523
13800.0,12633.989
14000.0,12597.965
14300.0,12541.391
14550.0,12700.656
14700.0,13034.36
14650.0,13243.399
14750.0,13109.221
14775.0,13362.77
14700.0,13579.957
14600.0,13690.481
14200.0,13719.257
15500.0,13765.338
15700.0,15198.2295
15850.0,15116.654
15900.0,15091.9
15720.0,15596.81
15650.0,15306.019
15470.0,15076.334
15250.0,14560.15
15050.000000000002,14065.415
14849.999999999998,13727.639
14600.0,13494.155
14500.0,13337.6045
14100.0,13291.054
13698.0,13121.739
13624.0,12952.116
13850.0,12827.723
13871.0,12673.8
14238.0,12691.716
14578.0,12946.162
14600.0,13157.893
14500.0,13437.225
14600.0,13584.013
14600.0,13761.85
14300.0,13972.757
14100.0,14085.36
15500.0,14403.437
15650.0,15788.165
15750.0,15574.5625
15900.0,15554.035
15750.0,15541.454
15620.0,15240.985
15450.0,14927.447
14969.999999999998,14567.7705
14750.0,14070.425
14550.0,13654.417
14100.0,13449.874
13900.0,13265.559
13600.0,13218.5205
13500.0,12961.099
13550.0,12847.873
13750.0,12861.662
13900.0,12685.633
14150.0,12890.798
14500.0,13083.248
14550.0,13467.496
14500.0,13669.274
14550.0,13798.519
14350.0,13770.308
14050.0,13736.594
14000.0,13843.9375
14949.999999999998,14354.971
15050.000000000002,15491.006
15100.000000000002,15227.229
15300.0,15320.392
15250.0,15629.45
15200.000000000002,15332.939
15100.000000000002,15094.029
14650.0,14403.802
14400.0,13940.328
14300.0,13631.86
14100.0,13425.676
13800.0,13116.376
13100.0,12910.139
12650.0,12639.274
12450.000000000002,12202.567
12199.999999999998,12359.295
12179.999999999998,12056.5
12149.999999999998,12086.5625
12580.0,12250.777
12940.0,12817.136
12189.999999999998,13186.196
12249.999999999998,12653.06
11640.0,12978.075
10800.0,12500.286
10710.0,12031.437
12340.000000000002,12324.04
12340.000000000002,13754.891
12129.999999999998,13243.284
12380.000000000002,13086.823
12229.999999999998,13221.822
12099.999999999998,12922.393
11620.0,12796.957
10880.0,12181.224
10420.0,11588.339
9982.0,11014.982
9471.0,10548.956
8610.0,10152.181
7837.0,9360.441
7916.0,8786.717
8509.0,8990.58
9188.0,9529.443
9566.0,10068.452
9621.0,10231.806
10079.0,10255.063
10543.0,10732.349
10320.0,11013.365
10402.0,10702.973
10299.0,10874.8125
10182.0,10718.474
10128.0,10871.818
11453.0,11115.977
11401.0,12401.854
11456.0,11769.976
11228.0,11966.907
10739.0,11509.645
10754.0,11052.909
10840.0,11142.648
10280.0,10998.671
10000.0,10262.697
9530.0,10030.4
9095.0,9476.268
8970.0,9066.097
8730.0,9066.395
8906.0,8918.286
8978.0,9288.509
9334.0,9316.731
9638.0,9639.98
9840.0,9954.951
10333.0,10150.803
10390.0,10702.586
10251.0,10592.071
10296.0,10548.55
10388.0,10721.737
10298.0,10879.468
10764.0,10781.321
11834.0,11586.763
11876.0,12414.624
11948.0,12082.726
11679.0,12170.605
11030.0,11687.888
11091.0,11151.546
11014.0,11422.403
10674.0,11129.816
10333.0,10836.524
10065.0,10528.778
9809.0,10077.896
9631.0,9814.489
9207.0,9703.585
9286.0,9342.152
9447.0,9564.667
9734.0,9709.566
9955.0,10029.698
10347.0,10168.136
10996.0,10548.682
11252.0,11119.386
11438.0,11320.995
11521.0,11538.383
11438.0,11664.633
11163.0,11692.85
11682.0,11605.963
13235.0,12398.088
13450.0,13613.288
13480.0,13349.922
13375.0,13297.613
13470.0,12959.813
13085.0,13136.22
13000.0,12619.429
12650.0,12535.111
12300.000000000002,12072.133
11930.0,11578.59
11590.0,11329.696
11380.0,11083.522
11000.0,10934.401
11260.0,10653.516
11500.0,11070.857
11880.0,11126.239
12400.000000000002,11369.291
12930.0,11835.894
13370.0,12247.939
13530.0,12704.831
13630.0,13043.889
13800.0,13302.818
13600.0,13628.6045
13300.0,13452.867
13200.0,13691.072
15050.000000000002,13900.218
15150.000000000002,15739.49
14899.999999999998,15173.834
14899.999999999998,14961.8
14849.999999999998,14917.167
14969.999999999998,14727.609
14899.999999999998,14832.66
14500.0,14571.494
14150.0,13984.988
13700.0,13509.137
13150.0,13009.476
13100.0,12590.846
12700.0,12603.896
12600.0,12346.95
12650.0,12345.888
12750.0,12265.037
13120.0,12323.38
13500.0,12668.943
13900.0,13011.214
14130.0,13329.18
14170.0,13635.82
14480.0,13806.5625
14250.0,14220.863
13720.0,14187.7705
13870.0,14184.692
15500.0,14777.989
15650.0,16248.547
15600.0,15791.638
15720.0,15780.103
15630.0,15831.625
15600.0,15593.362
15550.0,15452.312
14999.999999999998,15048.104
14780.0,14507.643
14420.0,14265.322
13840.0,13746.158
13450.0,13253.478
13035.0,12991.522
13270.0,12724.4
13270.0,12922.193
13300.0,12756.378
13480.0,12676.341
13870.0,12986.195
14500.0,13306.049
14700.0,13694.7295
14949.999999999998,13837.053
15100.000000000002,14150.907
15050.000000000002,14332.704
14700.0,14384.433
14949.999999999998,14471.8955
16150.0,15092.521
16200.0,16281.3955
16275.0,16121.973
16300.0,16284.818
16300.0,16176.427
16250.0,15885.322
16200.0,15866.28
15650.0,15406.044
15350.0,14645.547
15100.000000000002,14378.914
14849.999999999998,14079.252
14600.0,13923.0205
13900.0,13778.071
13350.0,13412.825
13150.0,13057.446
12720.0,12916.508
13100.0,12432.976
13400.0,12927.43
13750.0,13249.021
14150.0,13574.773
13950.0,13779.168
14350.0,13650.492
14050.0,14078.698
13450.0,14124.269
13400.0,14127.819
15300.0,14539.742
14600.0,16231.975
14899.999999999998,14856.965
14919.999999999998,15535.749
14829.999999999998,15220.115
14700.0,15120.746
14550.0,14654.863
14250.0,14222.85
14070.0,14017.091
13800.0,13649.72
13650.0,13306.175
13230.0,13316.685
12480.000000000002,12885.594
12119.999999999998,12331.269
11730.0,12246.908
11980.0,11791.846
11850.0,12101.099
11600.0,11886.944
12470.000000000002,11882.594
12910.0,12947.745
12950.0,13034.818
13000.0,13163.29
11800.0,13423.899
11230.0,12514.651
10975.0,12592.16
12050.0,12784.397
12345.000000000002,13677.162
12595.0,13564.958
12880.0,13725.161
13140.0,13814.882
13385.0,13910.17
13500.0,13969.776
13300.0,13901.137
13000.0,13415.592
12680.0,12941.66
12450.000000000002,12555.601
11950.0,12348.98
11690.0,11837.625
11630.0,11725.118
11740.0,11650.451
12109.999999999998,11639.001
12600.0,11821.856
13240.0,12151.783
13750.0,12785.321
13900.0,12993.191
14150.0,13220.397
14350.0,13390.832
14350.0,13524.723
14250.0,13842.265
14650.0,13982.42
15550.0,14828.604
15900.0,15616.289
16000.0,15669.78
16100.0,15677.096
16050.0,15731.01
15850.0,15525.35
15550.0,15048.467
15200.000000000002,14835.214
14899.999999999998,14259.334
14700.0,13996.299
14550.0,13729.238
14450.0,13574.335
14000.0,13553.991
13700.0,13170.929
13750.0,13169.664
13850.0,13199.991
14100.0,13213.99
14400.0,13311.502
14670.0,13582.33
14670.0,13672.561
14620.0,13617.172
14700.0,13889.078
14550.0,14155.342
14300.0,14378.138
14700.0,14394.082
15900.0,15135.138
15950.0,16232.928
16000.0,15916.882
16100.0,15967.542
16050.0,15907.462
15700.0,15586.929
14500.0,15130.143
13700.0,14650.458
13100.0,14108.576
12690.0,13456.584
12500.000000000002,13138.824
12465.000000000002,12950.278
12179.999999999998,12877.569
11913.0,12614.56
11973.0,12370.34
12550.0,12512.909
12900.0,12858.582
13240.0,12921.97
13700.0,13214.473
13800.0,13514.373
14100.0,13217.584
14250.0,13659.581
14050.0,13820.226
13700.0,13821.479
14150.0,13946.123
14800.0,14703.746
14949.999999999998,15477.109
14999.999999999998,15360.645
15050.000000000002,15324.136
14949.999999999998,15376.631
14989.999999999998,15125.97
14899.999999999998,15050.591
14400.0,14297.696
14000.0,13709.861
13700.0,13306.182
13300.0,12939.794
12800.0,12851.756
12069.999999999998,12423.76
11870.0,11884.725
11700.0,11945.789
11800.0,11861.095
11950.0,11970.364
12134.999999999998,12214.71
12050.0,12491.108
12099.999999999998,12366.521
11709.0,12625.529
11762.0,12464.332
11540.0,12602.141
11640.0,12409.906
12335.000000000002,12729.483
13239.0,13490.364
13188.0,14156.105
13221.0,13791.823
12920.0,13875.374
12779.0,13427.825
12671.0,13413.997
12530.0,13229.177
11910.0,12929.356
11450.0,12197.008
11095.0,11672.772
10920.0,11307.458
10725.0,11097.577
10420.0,10838.613
10482.0,10553.62
10636.0,10701.567
10928.0,10841.046
11170.0,11138.935
11400.0,11284.636
11620.0,11484.698
11950.0,11690.278
11530.0,12011.537
11661.0,11635.065
11110.0,11951.686
11134.0,11429.683
11914.0,11837.517
12464.000000000002,12658.58
12475.000000000002,12920.604
12463.000000000002,12793.775
12254.999999999998,12728.289
12060.0,12452.933
11905.0,12294.935
11650.0,12154.377
11275.0,11825.692
10930.0,11452.676
10645.0,10930.007
10410.0,10624.597
10239.0,10383.193
9922.0,10247.643
9747.0,10015.877
9820.0,9901.465
9775.000000000002,9952.582
10021.0,9896.042
10382.0,10139.387
10955.0,10438.52
11600.0,10963.234
10727.0,11627.447
10587.0,10828.306
9992.0,11016.789
9798.0,10495.654
11141.0,10737.614
12234.999999999998,12189.272
12209.999999999998,12787.346
12276.999999999998,12438.122
12372.000000000002,12487.145
12460.000000000002,12467.921
12445.000000000002,12493.097
12305.000000000002,12412.389
11775.0,12221.608
11290.0,11689.184
11050.0,11074.773
10735.0,10860.48
10665.0,10601.298
10460.0,10619.6455
10660.0,10443.664
10712.0,10713.204
10870.0,10581.353
11270.0,10719.084
11650.0,11076.637
12360.000000000002,11418.97
12515.0,12215.422
12640.0,12342.428
12880.0,12715.64
12790.0,12792.474
12420.000000000002,12891.789
13400.0,12960.009
14500.0,14120.706
14500.0,14781.995
14700.0,14596.614
14300.0,14819.279
14260.0,14240.806
14100.0,14348.316
14050.0,14046.918
13560.0,14015.202
13150.0,13242.862
12650.0,12755.641
12400.000000000002,12239.693
12249.999999999998,12118.34
11920.0,12016.385
11850.0,11771.262
11980.0,11876.548
12060.0,11907.566
12089.999999999998,11910.575
12455.000000000002,11973.694
12860.0,12463.294
13320.0,12686.77
13500.0,13204.803
13550.0,13365.991
13350.0,13450.085
13050.0,13492.527
14400.0,13725.756
15100.000000000002,15225.985
15100.000000000002,15577.144
15200.000000000002,15295.32
15050.000000000002,15395.311
15020.000000000002,15124.187
15150.000000000002,15149.395
14849.999999999998,14861.182
14300.0,14203.229
14100.0,13568.677
13900.0,13486.769
13500.0,13109.949
13200.0,12951.036
12800.0,12659.789
12800.0,12441.613
12500.000000000002,12707.855
12750.0,12340.066
13100.0,12660.407
13400.0,12823.027
13650.0,13176.07
13850.0,13454.786
13950.0,13592.83
14050.0,13776.627
14000.0,13611.589
13550.0,13682.092
14400.0,13954.747
15300.0,14916.844
15400.0,15650.228
15420.0,15647.251
15190.000000000002,15537.512
15080.000000000002,15233.56
14999.999999999998,15172.15
14500.0,14567.831
14100.0,13871.162
13600.0,13457.648
13500.0,12889.535
12700.0,12942.233
12400.000000000002,12654.458
12279.999999999998,12361.574
12099.999999999998,12281.466
12000.0,12138.481
12330.000000000002,12050.58
12700.0,12336.506
13350.0,12582.181
13500.0,12883.171
13800.0,12825.998
13850.0,13289.18
14000.0,13222.226
13700.0,13645.561
13400.0,13591.04
14200.0,14038.581
14999.999999999998,14852.079
15100.000000000002,15295.912
15200.000000000002,15249.477
15100.000000000002,15230.887
14999.999999999998,14878.94
14949.999999999998,14693.414
14700.0,14332.115
14100.0,14039.916
13700.0,12971.764
13500.0,12781.537
13200.0,12469.946
13000.0,12390.654
12900.0,12340.787
12670.0,12287.585
12480.000000000002,12329.532
12600.0,12189.626
13000.0,12345.587
13350.0,12531.391
13500.0,12481.975
13650.0,12922.731
13620.0,13275.19
13550.0,13550.531
13250.0,13273.533
12700.0,13430.011
14100.0,13309.028
14344.0,14916.292
14270.0,14907.185
14180.0,14766.653
14080.0,14608.332
14070.0,14391.838
14050.0,14311.864
13950.0,14218.163
13500.0,13728.352
13250.0,13061.589
12800.0,12795.131
12300.000000000002,12537.713
11950.0,12084.301
11550.0,11831.243
11250.0,11522.589
11300.0,11315.981
11450.0,11426.972
11590.0,11655.731
11600.0,11795.639
12099.999999999998,11883.976
12300.000000000002,12467.958
12199.999999999998,12543.226
12000.0,12540.891
11795.0,12349.921
11730.0,12248.956
13000.0,12515.6455
13375.0,13825.48
13346.0,13854.388
13390.0,13739.301
13140.0,13723.902
13004.0,13430.748
12640.0,13356.881
12631.0,12994.604
12217.999999999998,12995.213
11669.0,12439.612
11176.0,11752.7295
10744.0,11196.63
10681.0,10833.705
10062.0,10805.867
9642.0,10216.002
9662.0,9962.502
9526.0,10016.325
9607.0,9860.134
9810.0,9943.159
10526.0,10272.184
10818.0,11008.239
9819.0,11109.867
9930.0,10180.064
9506.0,10669.245
9509.0,10216.194
10817.0,10536.023
11528.0,11830.022
11482.0,12125.196
11504.0,11872.22
11462.0,11840.98
11384.0,11718.19
11268.0,11584.336
11058.0,11437.423
10738.0,11172.74
10377.0,10860.885
10050.0,10287.838
9704.0,9949.78
9388.0,9708.472
9075.0,9460.645
9326.0,9248.092
9501.0,9623.163
9600.0,9693.468
9777.0,9789.553
10241.0,9980.61
10767.0,10549.32
11250.0,10928.33
11070.0,11182.24
11050.0,11096.976
10850.0,11221.27
10967.0,11182.076
12338.000000000002,11646.978
13204.0,13088.258
12885.0,13455.701
12839.0,12859.672
12789.0,12935.78
12730.0,12751.078
12417.000000000002,12710.73
12094.999999999998,12339.936
11725.0,12066.229
11403.0,11720.016
10936.0,11252.378
10713.0,10761.593
10405.0,10630.015
10241.0,10349.509
10479.0,10334.193
10630.0,10630.019
11025.0,10619.399
11420.0,10983.365
11680.0,11293.413
12279.999999999998,11583.119
12600.0,12195.333
12164.999999999998,12412.556
12540.0,11961.581
12370.000000000002,12665.45
12109.999999999998,12630.204
13700.0,12781.847
13970.0,14418.878
13790.0,14271.251
14030.0,14031.51
13435.0,14272.377
13330.0,13479.608
13280.0,13625.027
13110.0,13484.8125
12400.000000000002,13235.821
12050.0,12525.077
11800.0,12253.851
11500.0,11802.966
11270.0,11490.4375
11000.0,11304.135
11280.0,11175.034
11280.0,11456.574
11420.0,11412.94
11750.0,11446.86
12119.999999999998,11678.59
12600.0,12036.685
12920.0,12523.623
12900.0,12719.007
12930.0,13033.041
12600.0,13231.496
12350.000000000002,13219.129
13650.0,13443.629
14520.0,14663.056
14200.0,15165.977
14340.0,14625.975
14060.0,14702.125
14090.0,14273.446
13850.0,14341.805
13580.0,13983.191
13130.0,13562.123
12850.0,12940.2
12430.000000000002,12697.072
12249.999999999998,12206.271
11850.0,12054.412
11650.0,11698.688
11580.0,11652.093
11650.0,11600.276
11720.0,11635.84
12000.0,11670.693
12259.999999999998,11935.646
12670.0,12174.233
12900.0,12598.704
13000.0,12923.414
12925.0,13082.008
12600.0,13111.085
12199.999999999998,13132.757
13330.0,13181.624
13730.0,14564.338
13660.0,14447.881
13660.0,14309.817
13750.0,14206.888
13630.0,14209.8
13530.0,13941.845
13350.0,13817.73
13000.0,13479.41
12450.000000000002,12890.27
12199.999999999998,12220.747
11800.0,11952.381
11700.0,11601.98
11200.0,11517.971
11230.0,11141.329
11150.0,11227.478
11600.0,11168.686
11930.0,11514.605
12400.000000000002,11785.514
12680.0,12237.952
12950.0,12490.402
12560.0,12874.027
12350.000000000002,12614.139
11800.0,12700.191
11700.0,12446.232
12780.0,12722.379
13510.0,13830.663
13249.0,14280.936
13196.0,13756.425
13177.0,13756.909
13113.0,13632.804
13000.0,13526.164
12700.0,13260.722
12030.0,12886.234
11630.0,12129.482
11270.0,11649.531
11120.0,11213.579
10950.0,11089.545
10490.0,10883.086
10500.0,10535.883
10700.0,10553.94
10920.0,10718.1875
11060.0,10856.204
11484.0,10971.687
11785.0,11444.717
12360.000000000002,11707.356
12460.000000000002,12219.056
12660.0,12329.071
12229.999999999998,12613.324
11800.0,12559.181
13350.0,12533.467
13900.0,14269.939
13600.0,14225.365
13600.0,13864.128
13540.0,13890.626
13346.0,13746.873
13228.0,13557.3545
13200.0,13416.85
12780.0,13120.081
12450.000000000002,12444.034
11980.0,12142.766
11650.0,11577.902
11400.0,11348.065
10970.0,11109.199
10670.0,10760.21
10670.0,10603.996
10583.0,10569.964
10604.0,10488.479
10863.0,10497.463
11253.0,10767.794
12036.0,11256.319
11470.0,12111.681
11675.0,11621.469
11108.0,12181.857
10532.0,11670.345
11989.0,11681.931
12518.0,13336.411
12473.000000000002,13285.581
12537.0,13130.739
12635.0,13106.37
12635.0,13084.603
12798.0,13000.218
12810.0,13136.735
12350.000000000002,12865.511
12050.0,12350.773
11680.0,11841.686
11350.0,11423.275
11050.0,11212.86
10650.0,10957.284
10075.0,10673.039
10152.0,10263.758
10514.0,10422.205
10924.0,10650.486
11516.0,11019.674
12025.0,11584.806
12500.000000000002,12044.036
12580.0,12325.678
12612.0,12624.441
12232.999999999998,12877.559
11790.0,12645.357
13340.0,12743.399
14010.0,14445.347
13686.0,14524.044
13790.0,14097.81
13460.0,14205.432
13530.0,13764.74
13501.0,13976.733
13500.0,13807.473
12850.0,13488.562
12670.0,12705.607
12239.999999999998,12433.814
12000.0,11895.343
11670.0,11749.801
11150.0,11431.286
10950.0,10966.23
11000.0,10984.701
11100.0,11050.765
11190.0,11158.121
11548.0,11238.18
11998.0,11668.944
12316.000000000002,12171.1455
12330.000000000002,12507.551
12350.000000000002,12671.111
12013.0,12874.712
11675.0,12724.277
13360.0,12864.536
13790.0,14622.041
13630.0,14394.469
13730.0,14203.433
13710.0,14197.69
13514.0,14099.081
13510.0,14020.248
13140.0,13875.387
12850.0,13351.9375
12400.000000000002,12892.179
12050.0,12549.967
11600.0,12025.127
11300.0,11565.185
11100.0,11323.271
11050.0,11218.94
11200.0,11202.656
11580.0,11343.895
11840.0,11511.475
12310.000000000002,11693.787
12620.0,12156.342
12950.0,12561.819
12970.0,12980.9795
13020.0,12921.151
12900.0,12982.177
12300.000000000002,13124.342
13780.0,13278.467
14300.0,14823.113
14220.0,14781.836
14220.0,14699.611
13900.0,14727.847
13740.0,14204.863
13700.0,14082.971
13500.0,13781.49
13080.0,13407.486
12670.0,12872.508
12269.999999999998,12376.871
11970.0,11938.837
11520.0,11683.31
11200.0,11348.701
11180.0,11176.419
11350.0,11288.137
11650.0,11396.136
11730.0,11593.0205
12050.0,11637.005
12550.0,11856.843
12780.0,12352.949
12830.0,12623.044
12880.0,12743.045
12800.0,12845.481
12500.000000000002,12989.908
14000.0,13188.432
14070.0,14486.296
14170.0,14575.81
14270.0,14590.821
13970.0,14529.092
13850.0,14088.406
13550.0,14040.395
13400.0,13681.155
13000.0,13146.108
12700.0,12719.177
12400.000000000002,12338.173
11970.0,12083.331
11730.0,11649.6045
11400.0,11496.384
11370.0,11274.049
11400.0,11356.571
11650.0,11252.001
12000.0,11354.556
12350.000000000002,11623.755
12500.000000000002,11868.834
12850.0,11976.245
12950.0,12552.309
13100.0,12794.853
12850.0,12894.291
12600.0,12973.734
13900.0,13221.719
14200.0,14258.888
14320.0,14498.554
14250.0,14455.04
14000.0,14309.608
13800.0,13981.977
13700.0,13820.95
13500.0,13513.996
13070.0,13088.874
12860.0,12685.743
12390.000000000002,12497.394
12219.999999999998,12068.627
11760.0,11926.823
11580.0,11503.375
11530.0,11456.69
11650.0,11501.976
11590.0,11566.169
11700.0,11556.286
11860.0,11716.567
11720.0,11872.204
11760.0,11761.24
11760.0,11924.299
11550.0,12012.257
9227.0,11984.464
8906.0,10001.163
10531.0,10612.167
13150.0,12213.784
13900.0,14315.15
13820.0,14196.644
13355.0,13956.224
13220.0,13416.985
12960.0,13415.253
12750.0,13098.004
12390.000000000002,12822.377
12079.999999999998,12374.349
11720.0,11867.032
11230.0,11519.266
11115.0,11087.133
10610.0,11061.092
10570.0,10591.514
10233.0,10617.16
10325.0,10243.169
10161.0,10351.941
10523.0,10118.48
10995.0,10480.333
11604.0,10975.137
10791.0,11615.215
10525.0,10839.527
9887.0,10756.247
9838.0,10421.306
11437.0,10910.145
11693.0,12790.45
11622.0,12470.579
11643.0,12347.163
11814.0,12216.658
11771.0,12331.512
11858.0,12160.815
11830.0,12215.891
11300.0,12049.684
11020.0,11496.82
10735.0,11039.62
10371.0,10678.9
10092.0,10398.688
9957.0,10173.856
10154.0,10154.998
10455.0,10341.341
10778.0,10494.3
11021.0,10625.568
11369.0,10854.452
11850.0,11282.662
12229.999999999998,11777.257
12015.0,12078.839
11980.0,12034.256
11532.0,12218.953
11546.0,12047.101
12957.0,12526.343
13545.0,13998.393
13380.0,13978.239
13256.0,13714.9375
13016.0,13599.737
12592.0,13285.243
12410.000000000002,12911.953
12409.000000000002,12833.782
11765.0,12741.508
11310.0,11947.53
10980.0,11426.131
10685.0,11092.79
10376.0,10842.043
10147.0,10603.813
10582.0,10495.288
10441.0,10977.422
10908.0,10583.758
11377.0,11017.003
11700.0,11258.542
12269.999999999998,11502.639
12410.000000000002,12082.17
12420.000000000002,12259.577
12480.000000000002,12497.334
12279.999999999998,12744.195
12020.0,12845.926
13230.0,13079.939
13730.0,14445.17
13530.0,14395.67
13430.0,14056.514
13150.0,13925.437
12789.0,13527.792
12616.0,13280.9375
12462.000000000002,13155.53
11940.0,12893.791
11420.0,12316.438
11030.0,11835.501
10681.0,11287.324
10438.0,10978.71
10246.0,10772.164
10484.0,10684.134
10513.0,10877.86
10777.0,10814.826
11184.0,10925.203
11657.0,11184.77
12199.999999999998,11692.424
12304.000000000002,12153.994
12376.000000000002,12350.737
12540.0,12671.129
12111.999999999998,12977.689
11877.0,12825.637
13700.0,13066.948
13900.0,14644.122
13760.0,14448.02
13670.0,14229.796
13390.0,14020.3125
13080.0,13668.069
12853.0,13422.201
12549.0,13199.08
12109.999999999998,12805.599
11580.0,12298.635
11360.0,11638.148
11015.0,11387.635
10755.0,11048.568
10536.0,10867.084
10824.0,10756.463
10905.0,11038.182
11160.0,10959.098
11530.0,11048.249
12000.0,11299.989
12620.0,11686.029
13020.0,12077.302
13000.0,12569.817
13050.0,12724.824
12941.0,12877.691
12350.000000000002,13154.14
14000.0,13284.428
14237.0,14821.934
14140.0,14438.966
14150.0,14468.457
13900.0,14499.807
13740.0,14063.651
13770.0,14002.561
13500.0,13959.739
13100.0,13264.321
12750.0,12786.79
12249.999999999998,12518.048
11900.0,11893.363
11700.0,11673.811
11500.0,11552.116
11500.0,11447.936
11220.0,11497.977
11685.0,11239.338
11970.0,11688.57
12320.000000000002,11812.338
12550.0,12128.396
12730.0,12433.47
12119.999999999998,12711.055
11883.0,12358.872
11425.0,12565.425
11692.0,12229.812
13430.0,12945.457
13125.0,14510.195
13010.0,13566.582
12840.0,13696.755
12488.000000000002,13396.669
12317.000000000002,13033.554
12039.0,12930.134
12015.0,12605.854
11470.0,12624.78
11150.0,11808.94
10670.0,11390.073
10330.0,10827.273
9960.0,10558.169
9874.0,10212.856
10170.0,10266.686
10200.0,10478.529
10205.0,10486.475
10358.0,10548.358
10637.0,10705.572
10943.0,10897.641
11114.0,11172.007
10464.0,11311.466
9709.0,10820.916
9384.0,10271.614
9937.0,10292.696
11243.0,11145.663
10996.0,12167.862
11003.0,11496.985
11009.0,11643.322
10782.0,11496.142
10658.0,11206.314
10348.0,11095.764
10203.0,10781.73
9732.0,10569.039
9568.0,10092.889
9109.0,9775.73
8799.0,9253.009
8785.0,8956.634
8574.0,8990.167
8724.0,8829.039
8839.0,8991.536
8892.0,9016.049
8883.0,8961.275
9208.0,8963.62
9989.0,9372.505
10686.0,10193.779
9886.0,10644.779
9714.0,9788.834
9453.0,9968.515
9342.0,9926.761
11082.0,10134.769
11265.0,11845.136
11087.0,11463.808
11134.0,11318.321
11329.0,11310.565
11292.0,11404.838
11075.0,11240.294
11098.0,11036.576
10636.0,11046.005
10231.0,10586.051
10010.0,10045.381
9632.0,9825.312
9431.0,9552.324
9122.0,9464.094
9666.0,9261.573
9790.0,9917.98
9946.0,9772.898
10146.0,9958.363
10668.0,10115.406
11199.0,10671.55
11719.0,11189.927
11623.0,11655.467
11638.0,11414.162
11348.0,11743.118
11424.0,11604.879
13250.0,12194.68
13400.0,13505.602
13480.0,13478.965
13330.0,13492.468
13050.0,13282.366
12850.0,13042.679
12550.0,12877.523
12179.999999999998,12626.69
11790.0,12257.329
11300.0,11907.606
10970.0,11221.769
10698.0,10931.373
10523.0,10732.253
10402.0,10599.63
10595.0,10624.648
10910.0,10810.291
10990.0,10872.555
11250.0,10731.353
11850.0,10997.804
12249.999999999998,11215.077
12400.000000000002,11760.607
12500.000000000002,11865.378
12550.0,12129.162
12450.000000000002,12176.932
12300.000000000002,12577.01
13800.0,12949.649
13850.0,14238.691
13820.0,14188.013
13720.0,14220.625
13550.0,13943.886
13250.0,13716.428
13020.0,13412.418
12800.0,13276.364
12400.000000000002,12862.27
11900.0,12506.425
11450.0,12067.694
11220.0,11517.231
10950.0,11297.825
10700.0,11052.436
10950.0,10921.184
10900.0,11154.543
11180.0,10962.874
11525.0,11113.448
11900.0,11411.622
12300.000000000002,11632.734
12650.0,11972.178
12700.0,12221.789
12650.0,12399.171
12550.0,12540.692
12500.000000000002,12536.382
13950.0,13059.792
13970.0,14272.142
14000.0,14110.131
13950.0,14151.127
13750.0,13952.852
13530.0,13657.014
13150.0,13563.938
12750.0,13297.528
12380.000000000002,12813.551
12060.0,12483.001
11510.0,11979.983
11125.0,11426.958
10770.0,11138.595
10626.0,10939.731
10860.0,10894.637
10920.0,11016.457
11190.0,10973.156
11350.0,11176.347
12000.0,11241.259
12400.000000000002,11661.233
12600.0,11934.941
12630.0,12218.226
12670.0,12284.848
12415.000000000002,12315.064
12350.000000000002,12386.284
13700.0,12758.866
13900.0,13906.299
14000.0,13820.785
13900.0,13870.278
13770.0,13632.186
13620.0,13455.012
13500.0,13253.447
13300.0,12889.153
12900.0,12477.189
12350.000000000002,12059.477
12099.999999999998,11606.527
11650.0,11486.8
11400.0,11272.821
11200.0,11157.124
11250.0,11045.13
11300.0,11144.932
11350.0,11085.621
11750.0,11048.342
12099.999999999998,11364.842
12400.000000000002,11547.476
12600.0,11730.237
12630.0,11924.022
12670.0,12133.777
12415.000000000002,12183.81
12350.000000000002,12253.003
13600.0,12866.807
13900.0,13535.981
14000.0,13729.937
13900.0,13608.671
13770.0,13558.041
13716.0,13257.095
13550.0,13224.162
13400.0,12635.227
13000.0,12417.664
12450.000000000002,11830.042
12199.999999999998,11471.856
11750.0,11149.511
11500.0,11045.009
11300.0,10861.117
11350.0,10859.265
11400.0,10884.396
11500.0,10885.3125
11900.0,11031.585
12199.999999999998,11216.603
12500.000000000002,11408.977
12600.0,11866.778
12730.0,11890.135
12720.0,12058.964
12450.000000000002,12112.25
12400.000000000002,12167.069
13500.0,12555.54
13800.0,13130.215
13850.0,13129.318
13900.0,13141.95
14000.0,13109.489
13800.0,13335.688
13600.0,13050.307
13400.0,12690.46
13100.0,12263.054
12450.000000000002,12013.915
12199.999999999998,11624.96
11750.0,11421.561
11400.0,11312.1455
11200.0,11202.513
10630.0,11111.783
10490.0,10756.347
10280.0,10664.298
10302.0,10434.506
10484.0,10458.818
11199.0,10688.246
11806.0,11377.2
11066.0,11881.824
10970.0,11189.929
10515.0,11507.691
10190.0,11325.453
12177.999999999998,11463.798
12302.000000000002,13582.391
12285.999999999998,13016.478
12262.999999999998,13038.162
12301.000000000002,12883.728
12310.000000000002,12819.683
12221.999999999998,12750.913
12099.999999999998,12594.771
11600.0,12108.05
11250.0,11607.394
10839.0,11132.906
10432.0,10878.784
10211.0,10482.049
9970.0,10383.83
9984.0,10138.206
10087.0,10232.741
10171.0,10214.638
10216.0,10204.444
10739.0,10233.965
11305.0,10901.725
11700.0,11392.301
11800.0,11351.31
11850.0,11583.119
11500.0,11514.426
11900.0,11603.116
13100.0,12494.282
13150.0,13444.455
13180.0,13264.961
13024.0,13450.355
13195.0,13435.696
12850.0,13526.945
12550.0,12807.524
12199.999999999998,12630.595
11700.0,12042.926
11500.0,11619.849
11159.0,11334.777
10591.0,11148.76
10439.0,10655.376
10205.0,10602.8
10462.0,10411.205
10542.0,10734.926
10855.0,10661.712
11090.0,10845.101
11550.0,10961.535
12099.999999999998,11206.482
12224.999999999998,11341.271
12050.0,11682.672
12010.0,11668.584
11880.0,11945.584
12050.0,12193.381
13350.0,12805.471
13400.0,13691.598
13300.0,13864.608
13250.0,13636.39
12950.0,13632.374
12648.0,13277.618
12348.000000000002,13087.512
12099.999999999998,12747.819
11600.0,12145.369
11400.0,11667.586
11000.0,11526.709
10489.0,11147.31
10214.0,10739.691
9945.0,10517.266
10316.0,10358.823
10293.0,10752.065
10712.0,10596.229
10977.0,10875.097
11395.0,11012.901
12050.0,11411.496
12300.000000000002,11971.773
12149.999999999998,12075.384
12249.999999999998,12217.979
11760.0,12395.908
11870.0,12556.739
13200.0,13057.033
13350.0,14054.421
13360.0,13956.442
13230.0,13869.833
12900.0,13620.018
12538.0,13241.354
12375.000000000002,12867.086
12161.999999999998,12705.16
11720.0,12376.943
11110.0,11895.47
10702.0,11172.536
10375.0,10790.119
10133.0,10493.907
10034.0,10305.69
10468.0,10312.411
10595.0,10704.132
10633.0,10690.68
10926.0,10575.831
11261.0,10835.142
11963.0,11264.206
12139.999999999998,11987.055
12065.0,12032.046
12108.999999999998,12240.855
11670.0,12448.957
11710.0,12329.824
12820.0,12778.243
12730.0,13798.17
12570.0,13338.677
12226.999999999998,13192.26
11902.0,12765.785
11696.0,12475.008
11241.0,12189.627
11140.0,11708.274
10419.0,11594.939
9397.0,10777.756
8717.0,9745.997
8575.0,9135.037
8506.0,9083.741
8435.0,9015.238
8926.0,9009.21
9295.0,9539.2295
9486.0,9667.372
9712.0,9641.957
10077.0,9752.105
10719.0,10167.235
11124.0,10705.73
11080.0,11061.321
11078.0,11137.4795
10813.0,11402.564
10923.0,11465.361
12580.0,11945.771
12301.000000000002,13506.275
12012.0,12717.682
11835.0,12468.453
11700.0,12206.218
11316.0,12009.723
11114.0,11542.866
10822.0,11394.396
10332.0,10957.875
9926.0,10427.501
9503.0,9887.502
9197.0,9477.021
8983.0,9226.041
9024.0,9074.515
9428.0,9219.483
9803.0,9584.449
9918.0,9756.053
10688.0,9661.056
10688.0,10291.413
11095.0,10243.058
11420.0,10866.941
11275.0,11346.908
11247.0,11291.933
11078.0,11468.981
11187.0,11596.864
12630.0,12141.208
12393.000000000002,13510.416
12144.999999999998,12738.101
12026.0,12577.014
11785.0,12389.379
11228.0,12070.161
11121.0,11500.181
10805.0,11499.0625
10342.0,11033.903
9760.000000000002,10594.446
9381.0,9861.797
9016.0,9480.952
8867.0,9142.076
8669.0,9069.604
8766.0,8943.614
8866.0,9072.858
8752.0,8998.01
8637.0,8782.828
9020.0,8617.503
9603.0,9102.8
10436.0,9680.913
9590.0,10504.55
9450.0,9698.823
9050.0,10009.154
8960.0,9901.662
10899.0,10295.652
10719.0,12198.572
10708.0,11338.768
10638.0,11399.177
10556.0,11137.131
10439.0,10930.295
10321.0,10774.134
10106.0,10591.139
9627.0,10275.528
9257.0,9811.806
8843.0,9279.47
8500.0,8853.643
8415.0,8610.13
8390.0,8620.735
8725.0,8644.568
8908.0,8970.4
8990.0,8891.958
9041.0,8816.991
9561.0,8864.495
10293.0,9495.211
10750.0,10289.315
10533.0,10618.715
10708.0,10570.559
10449.0,11068.263
10777.0,11042.439
12330.000000000002,11971.811
12269.999999999998,13280.97
11946.0,12682.485
11733.0,12377.841
11463.0,12109.8
11208.0,11781.876
11001.0,11520.922
10662.0,11298.734
10097.0,10855.687
9726.0,10330.612
9304.0,9837.104
8970.0,9401.218
8759.0,9155.245
8857.0,9028.078
9371.0,9228.461
9740.0,9656.701
9914.0,9736.771
10131.0,9675.493
10556.0,9871.306
11126.0,10377.831
10975.0,10976.542
11150.0,10829.284
11100.0,10830.916
10860.0,11248.578
11100.0,11636.501
12450.000000000002,12198.157
12350.000000000002,13058.112
12194.999999999998,12866.999
12072.999999999998,12785.855
11790.0,12510.32
11524.0,12158.564
11087.0,11911.733
10820.0,11430.889
10246.0,11166.035
9882.0,10644.105
9486.0,10304.451
9128.0,9741.722
8891.0,9394.05
8908.0,9251.106
9378.0,9370.372
9658.0,9798.702
9826.0,9857.747
10156.0,9855.066
10760.0,10124.378
11300.0,10685.976
11350.0,10833.547
11150.0,11152.332
11140.0,11120.479
11000.0,11250.029
11300.0,11539.442
12550.0,12178.698
12249.999999999998,12888.307
12380.000000000002,12900.403
12360.000000000002,12872.65
11993.0,12686.296
11709.0,12238.144
11292.0,11919.17
10475.0,11478.807
10082.0,10658.727
9559.0,10235.483
9362.0,9688.937
9198.0,9543.13
9238.0,9408.512
9821.0,9489.351
10011.0,10064.22
10152.0,10005.369
10271.0,9992.292
10694.0,10059.978
11200.0,10531.666
11500.0,10746.155
11300.0,11121.404
11350.0,10944.435
11150.0,11281.046
11500.0,11449.168
12650.0,12085.821
12505.000000000002,13047.316
12138.999999999998,13165.468
11876.0,12622.2
11518.0,12370.426
11310.0,11912.585
10881.0,11728.298
10576.0,11210.262
10229.0,10885.402
9663.0,10560.562
9379.0,9843.647
9117.0,9573.259
8836.0,9335.333
8870.0,9134.212
9516.0,9308.628
9760.000000000002,9824.984
9874.0,9814.546
10016.0,9755.0
10501.0,9849.079
11037.0,10363.626
11182.0,10841.141
11022.0,10974.651
10999.0,11178.676
10888.0,11337.624
10925.0,11574.137
12414.000000000002,11947.374
11968.0,13402.331
11857.0,12366.648
11670.0,12406.537
11422.0,12048.26
11050.0,11759.612
10647.0,11357.216
10496.0,10986.229
9914.0,10865.084
9506.0,10225.668
9123.0,9724.975
8748.0,9268.459
8778.0,8946.563
8893.0,9063.12
9276.0,9232.681
9616.0,9529.466
9738.0,9662.676
10025.0,9610.75
10340.0,9792.664
10905.0,10090.941
11180.0,10645.175
10968.0,10928.519
10870.0,10924.961
10700.0,11038.926
10798.0,11198.286
12250.999999999998,11796.981
11705.0,13135.89
11533.0,14075.492
11449.0,12145.065
11060.0,12016.514
10735.0,11442.735
10379.0,11147.301
10099.0,10771.426
9627.0,10431.423
9215.0,9970.238
8955.0,9403.114
8679.0,9083.065
8400.0,8843.546
8351.0,8649.293
8370.0,8666.75
8624.0,8693.339
8413.0,8806.001
8329.0,8420.134
8628.0,8348.617
9308.0,8716.408
9912.0,9377.383
9119.0,11881.789
8810.0,11345.524
8562.0,11563.89
8783.0,11747.333
10277.0,12408.801
10055.0,13793.504
9873.0,13059.649
9853.0,12954.757
9892.0,12803.106
9671.0,12724.543
9392.0,12379.971
9121.0,12092.958
8719.0,11754.511
8347.0,9505.032
8093.0,8659.584
7926.0,8313.975
7630.0,8071.0254
7799.0,7797.5527
8395.0,8038.737
8597.0,8583.645
8552.0,5902.179
8293.0,9202.858
8741.0,8042.9053
9431.0,8854.605
9663.0,9410.254
9585.0,9537.941
9188.0,9621.268
9265.0,9424.926
9894.0,9927.613
11246.0,10863.448
11009.0,11980.435
10736.0,11182.923
10638.0,11056.886
10411.0,10909.856
10068.0,10612.668
9646.0,10254.986
9358.0,9843.258
8753.0,9566.711
8489.0,9008.704
8203.0,8692.866
7931.0,8396.6045
7794.0,8158.081
7938.0,8118.6953
8397.0,8357.241
9104.0,8752.267
9105.0,9190.237
8997.0,8847.49
9306.0,8770.411
9858.0,9191.932
10173.0,9736.187
9777.0,10059.893
9643.0,9791.017
9500.0,10078.688
9727.0,10330.51
11186.0,10923.298
10727.0,12241.354
10571.0,11101.814
10462.0,11201.393
10126.0,10894.107
9733.0,10484.043
9282.0,10082.434
8961.0,9639.258
8495.0,9322.33
8033.0,8961.605
7868.0,8518.069
7537.000000000001,8199.563
7424.999999999999,7855.443
7724.0,7837.9146
8376.0,8196.628
8604.0,8813.292
8735.0,8787.615
8728.0,8721.976
9213.0,8651.453
9704.0,9211.553
10045.0,9665.272
9649.0,10000.832
9593.0,11633.079
9378.0,9536.68
9652.0,10234.468
10934.0,10665.686
10690.0,11778.665
10531.0,11100.389
10433.0,10942.365
10125.0,10711.678
9687.0,10263.311
9228.0,9808.002
8917.0,9375.21
8431.0,9032.066
8088.0,8599.004
7869.0,8243.7
7659.0,8021.6577
7562.000000000001,7851.1646
7679.0,7847.978
8598.0,8041.2134
8832.0,8860.734
8990.0,8782.159
8976.0,8749.616
9197.0,8687.08
9599.0,8974.035
10017.0,9484.346
9857.0,9972.783
9584.0,9968.013
9556.0,9932.39
9635.0,10257.586
11273.0,10691.036
10727.0,12228.495
10486.0,11090.362
10321.0,11011.352
10204.0,10695.128
9789.0,10497.927
9260.0,9976.56
8954.0,9468.687
8622.0,9156.692
8272.0,8863.636
7938.0,8440.229
7721.0,8097.9556
7657.0,7927.0996
7761.0,7930.8467
8435.0,8138.2266
9023.0,8737.655
9039.0,9008.109
8925.0,8743.12
9310.0,8593.91
9693.0,9070.874
10139.0,9515.309
9728.0,10040.562
9681.0,9706.239
9516.0,9989.479
9911.0,10142.177
11087.0,10987.361
10734.0,11919.336
10684.0,11154.784
10577.0,11178.331
10121.0,10925.353
9819.0,10364.757
9273.0,10077.943
8938.0,9496.607
8586.0,9210.959
8263.0,8891.301
7922.0,8443.624
7637.0,8084.1094
7498.999999999999,7853.4634
7731.0,7783.214
8475.0,8101.814
8979.0,8783.06
8930.0,8953.137
8967.0,8657.35
9336.0,8691.037
9875.0,9089.447
10095.0,9663.7295
9739.0,9842.616
9550.0,9735.971
9234.0,9884.511
9790.0,9909.492
11166.0,10817.137
10589.0,11932.042
10421.0,10879.298
9918.0,10883.541
10178.0,10187.952
9706.0,10540.198
9272.0,9822.56
9149.0,9498.545
8441.0,9371.516
8122.0,8677.203
7844.0,8300.641
7569.000000000001,7996.4707
7321.0,7753.6934
7259.0,7618.6475
7564.000000000001,7689.2075
8009.0,8004.034
7620.0,8217.094
7663.0,7604.0947
7869.0,7685.019
8530.0,7938.228
9132.0,8606.652
8046.0,9128.724
7577.000000000001,8173.648
7395.0,8188.283
7836.0,8398.054
9183.0,9153.427
9036.0,10237.596
9006.0,9626.989
8945.0,9562.454
9015.0,9408.062
8683.0,9356.318
8451.0,8871.323
8291.0,8703.232
7996.0,8432.719
7471.999999999999,8223.178
7232.0,7589.9785
7017.0,7398.2944
6915.0,7241.7383
7161.0,7219.927
7773.0,7556.955
8324.0,8131.4683
8325.0,8384.978
8136.0,8139.2646
8541.0,7953.8193
8993.0,8479.043
9437.0,8966.623
9091.0,9327.836
8933.0,9045.326
8735.0,9259.517
9350.0,9371.449
10353.0,10363.747
10471.0,11060.118
10318.0,10792.199
10148.0,10574.534
9947.0,10363.835
9522.0,10064.866
9008.0,9618.572
8768.0,9154.732
8374.0,8957.352
7892.0,8585.5
7704.0,8037.5024
7451.999999999999,7902.2534
7309.0,7670.4814
7549.000000000001,7649.059
8178.0,7995.2114
8777.0,8591.095
8877.0,8898.564
8755.0,8696.672
9016.0,8559.933
9361.0,8920.778
9718.0,9302.243
9399.0,9731.112
9002.0,9537.223
9007.0,9407.844
9615.0,9806.468
10624.0,10635.32
10312.0,11425.282
10092.0,10646.63
10020.0,10559.955
9762.000000000002,10392.001
9444.0,10030.466
8996.0,9704.337
8666.0,9269.3545
8190.0,8993.739
7745.0,8577.253
7476.999999999999,8197.369
7268.0,7798.1274
7125.0,7600.6357
7448.999999999999,7565.8877
8175.0,7960.361
8679.0,8630.8955
8512.0,8885.666
8432.0,8492.964
8775.0,8426.614
9398.0,8779.986
9357.0,9401.89
9238.0,9356.743
8889.0,9426.95
8864.0,9327.166
9405.0,9706.157
10545.0,10456.918
10222.0,11331.871
10184.0,10576.004
10139.0,10594.318
9774.000000000002,10367.311
9478.0,9898.896
9008.0,9579.741
8530.0,9112.259
8022.0,8633.211
7764.0,8249.858
7471.999999999999,7992.6724
7256.0,7691.832
7150.0,7534.7334
7517.000000000001,7511.631
8210.0,7945.874
8909.0,8539.267
8824.0,8944.184
8664.0,8569.686
9006.0,8402.348
9465.0,8829.9375
9521.0,9265.853
9264.0,9384.626
9138.0,9325.307
9155.0,9530.467
9469.0,9910.28
10676.0,10481.204
10440.0,11498.785
10134.0,10835.716
10010.0,10572.42
9891.0,10350.874
9491.0,10137.953
8961.0,9638.7
8620.0,9131.896
8083.0,8817.506
7701.0,8367.862
7384.0,7932.7676
7234.0,7638.202
7131.0,7525.37
7438.999999999999,7506.925
8184.0,7889.6416
8770.0,8558.855
8853.0,8815.709
8899.0,8622.633
9118.0,8618.207
9652.0,8868.295
9797.0,9437.192
9192.0,9593.201
9133.0,9254.233
9130.0,9562.157
9409.0,9843.35
10666.0,10438.122
10408.0,11516.542
10289.0,10776.978
10050.0,10734.199
9892.0,10365.887
9466.0,10151.731
9008.0,9616.341
8687.0,9225.409
8125.0,8893.971
7788.0,8413.937
7452.999999999999,8012.5366
7239.0,7683.04
7235.0,7511.8403
7479.999999999999,7578.9365
8203.0,7865.3047
8880.0,8531.743
8823.0,8912.913
8708.0,8553.882
9092.0,8389.601
9675.0,8848.132
9988.0,9414.41
9576.0,9694.004
9408.0,9501.04
9192.0,9679.908
9631.0,9802.732
10800.0,10626.408
10497.0,11546.931
10399.0,10819.801
10212.0,10791.773
10031.0,10485.221
9496.0,10249.888
9216.0,9639.677
8889.0,9463.403
8384.0,9054.327
7995.0,8648.271
7585.000000000001,8151.6523
7436.999999999999,7735.6714
7303.0,7653.4204
7319.0,7566.875
7605.000000000001,7684.3
8091.0,7983.796
7965.0,8217.801
7766.0,7817.6245
8201.0,7673.7686
8936.0,8209.206
9360.0,8911.294
8168.0,9285.682
7769.0,8249.272
7640.0,8368.3
8099.0,8567.077
9335.0,9378.268
9340.0,10382.751
9366.0,9935.399
9338.0,9923.829
9285.0,9739.687
8987.0,9558.841
8709.0,9185.269
8271.0,8915.814
7994.0,8417.257
7521.000000000001,8295.733
7328.0,7648.158
7064.0,7526.5015
7121.0,7289.223
7367.0,7451.2734
7980.0,7714.7393
8537.0,8326.643
8353.0,8532.5205
8328.0,8093.4653
8765.0,8202.748
9424.0,8763.624
9743.0,9404.926
9337.0,9590.117
9078.0,9336.884
9001.0,9450.374
9497.0,9669.221
10812.0,10471.883
10227.0,11554.987
10136.0,10392.565
9945.0,10600.114
9872.0,10201.83
9557.0,10147.483
8971.0,9751.925
8648.0,9151.169
8221.0,8947.254
7867.0,8543.4795
7524.000000000001,8093.875
7244.0,7780.6875
7262.0,7588.8174
7668.0,7684.8545
8612.0,8129.1377
9036.0,8999.819
9094.0,9020.776
8972.0,8825.787
9327.0,8619.316
9875.0,9087.45
10054.0,9656.182
9631.0,9789.738
9575.0,9610.571
9303.0,9931.199
9716.0,9995.092
10745.0,10873.86
10695.0,11616.508
10341.0,11174.725
10306.0,10774.241
10093.0,10732.408
9579.0,10362.37
9079.0,9762.091
8691.0,9331.671
8301.0,8938.428
8046.0,8702.615
7777.0,8442.587
7552.000000000001,8016.1646
7432.999999999999,7805.6436
7617.000000000001,7785.0376
8441.0,8105.1685
9026.0,8882.087
9074.0,9186.542
8824.0,8985.588
9052.0,8700.449
9603.0,8961.285
9964.0,9536.882
9461.0,9933.048
9134.0,9586.537
9117.0,9547.128
9474.0,9930.53
10749.0,10539.433
10554.0,11669.3545
10391.0,11017.529
10274.0,10828.979
9960.0,10582.834
9372.0,10124.575
9099.0,9473.714
8758.0,9247.151
8274.0,8827.786
7849.0,8440.836
7565.000000000001,8019.4785
7394.0,7748.689
7279.0,7626.567
7307.0,7592.717
8296.0,7780.204
9010.0,8749.023
9105.0,9150.063
8938.0,8905.766
9265.0,8666.291
9920.0,9080.191
10029.0,9764.946
9553.0,9848.674
9136.0,9593.013
9292.0,9503.757
9450.0,10057.538
11049.0,10511.163
10494.0,11998.756
10329.0,10902.064
10226.0,10806.487
10182.0,10547.038
9574.0,10367.614
9103.0,9653.869
8719.0,9247.966
8283.0,8823.825
7835.0,8461.102
7594.000000000001,7978.0537
7415.999999999999,7759.2246
7375.0,7607.3696
7660.0,7612.777
8356.0,8022.2427
9074.0,8682.628
9051.0,9146.518
8878.0,8828.648
9100.0,8609.823
9595.0,8907.8125
9968.0,9395.502
9392.0,9781.23
9192.0,9332.159
9183.0,9527.668
9510.0,9809.849
10889.0,10363.589
10381.0,11647.657
10245.0,10654.016
10230.0,10628.649
9960.0,10503.454
9495.0,10072.066
9059.0,9571.723
8633.0,9168.515
8213.0,8729.597
7760.0,8384.847
7508.999999999999,7906.7065
7306.0,7660.113
7202.0,7503.021
7546.000000000001,7483.058
8192.0,7902.056
8843.0,8515.696
8959.0,8927.543
8853.0,8767.011
9143.0,8593.154
9596.0,8931.54
9973.0,9394.538
9517.0,9707.1045
9147.0,9372.859
9147.0,9328.467
9538.0,9680.988
10745.0,10368.051
10423.0,11365.05
10265.0,10644.119
10201.0,10560.382
9820.0,10388.956
9466.0,9897.303
8938.0,9560.143
8571.0,9032.179
8252.0,8694.877
7908.0,8436.382
7421.999999999999,8000.8086
7163.0,7509.159
7194.0,7333.221
7217.0,7450.4077
7467.999999999999,7535.243
8073.0,7832.2666
7953.0,8270.133
7839.0,7911.1177
7951.0,7779.503
8679.0,7902.312
9404.0,8652.657
7690.0,9278.3545
7354.0,7631.818
7207.0,7906.153
7596.000000000001,8110.8584
8930.0,8825.035
8897.0,9958.369
8858.0,9483.194
8850.0,9395.435
8777.0,9227.615
8410.0,9033.275
8036.0,8549.587
7739.0,8206.992
7209.0,7883.465
6950.0,7481.2197
6701.0,7125.0635
6460.0,6870.6846
6403.0,6719.5693
6810.0,6760.1494
7466.999999999999,7230.185
8029.0,7866.2607
7843.0,8146.016
7586.000000000001,7681.122
7889.0,7432.231
8463.0,7884.4956
8916.0,8509.699
8446.0,8749.084
8237.0,8409.584
8291.0,8584.402
8920.0,9015.194
10236.0,9942.182
10007.0,11021.603
9943.0,10247.963
9820.0,10265.644
9565.0,9983.204
9069.0,9635.816
8653.0,9077.903
8107.0,8730.097
7774.0,8123.559
7377.0,8008.542
7135.0,7512.0415
6934.0,7305.797
6833.0,7158.801
7148.0,7176.079
8019.0,7577.2344
8751.0,8416.248
8974.0,8795.958
8655.0,8669.042
8821.0,8271.961
9411.0,8619.848
9809.0,9239.835
9172.0,9576.603
8870.0,9051.723
8884.0,9203.498
9208.0,9590.837
10201.0,10213.131
10105.0,11035.533
10088.0,10515.264
9956.0,10521.005
9689.0,10216.291
9304.0,9858.244
8629.0,9432.562
8152.0,8732.319
7813.0,8370.963
7306.0,8193.794
6984.0,7721.854
6837.0,7306.2026
6809.0,7171.5337
7058.0,7224.6533
7635.0,7570.9697
8624.0,8162.5635
8693.0,8941.154
8626.0,8692.942
8892.0,8571.797
9380.0,8924.36
9775.000000000002,9524.862
9255.0,9863.953
8945.0,9358.945
8856.0,9276.064
9280.0,9373.407
10267.0,9973.658
10036.0,10771.806
10069.0,10215.994
9909.0,10257.723
9706.0,9954.217
9191.0,9685.376
8700.0,9070.273
8246.0,8630.281
7787.0,8191.8213
7522.000000000001,7850.785
7144.0,7631.2695
6998.0,7284.952
6955.0,7228.203
7384.0,7268.3804
7992.0,7781.105
8792.0,8377.189
9014.0,8971.285
8804.0,8966.837
8978.0,8635.718
9549.0,8855.211
9734.0,9415.696
9236.0,9503.56
9029.0,9123.668
8836.0,9254.034
9281.0,9394.097
10406.0,10142.488
10312.0,11087.686
10107.0,10677.271
10028.0,10390.829
9874.0,10263.944
9350.0,9992.839
8712.0,9355.486
8249.0,8783.66
7914.0,8334.687
7484.999999999999,8115.9756
7222.0,7714.8984
6960.0,7472.479
6771.0,7272.301
7288.0,7236.2373
7931.0,7811.2256
8660.0,8356.171
8777.0,8887.929
8623.0,8719.167
8844.0,8535.706
9155.0,8755.049
9598.0,8956.556
8978.0,9335.357
8681.0,8821.724
8669.0,8918.378
9021.0,9283.575
10162.0,9954.329
10096.0,10944.389
9923.0,10448.551
9835.0,10298.667
9104.0,10113.902
8628.0,9208.484
8232.0,8838.746
7714.0,8459.514
7463.999999999999,8032.617
6983.0,7740.858
6826.0,7237.662
6734.0,7133.355
7168.0,7073.928
7736.0,7551.4272
8447.0,8078.1313
8756.0,8657.48
8737.0,8734.187
8820.0,8586.478
9207.0,8668.735
9645.0,8976.984
9263.0,9383.019
8782.0,8960.641
8597.0,8789.683
9075.0,8964.492
10354.0,9686.279
10083.0,10992.507
10019.0,10252.726
9930.0,10274.477
9722.0,10064.61
9237.0,9729.775
8782.0,9190.84
8359.0,8824.014
7678.0,8438.135
7362.0,7893.0283
6932.0,7485.1377
6835.0,7099.4434
6590.0,7063.6665
6932.0,6912.9204
7029.0,7324.5522
7735.0,7429.325
8020.0,8046.012
7932.0,8033.8354
8080.0,7800.3906
8609.0,7959.7
9396.0,8472.279
7960.0,9178.437
7384.0,7725.892
7299.0,7744.654
7653.0,8082.9927
8931.0,8785.043
8879.0,9899.719
8869.0,9426.657
8876.0,9386.872
8753.0,9246.993
8405.0,8991.9
8142.0,8574.493
7669.0,8341.011
7325.0,7765.4795
6858.0,7612.0933
6565.0,7036.4717
6325.0,6791.3965
6258.0,6595.5483
6724.0,6672.1885
7389.0,7174.194
8283.0,7813.91
8375.0,8488.304
8245.0,8208.479
8360.0,8026.685
8976.0,8188.0728
9382.0,8906.149
8999.0,9079.025
8590.0,8848.39
8370.0,8757.986
8968.0,8951.906
10123.0,9980.6875
10043.0,10913.288
9933.0,10401.766
9875.0,10307.735
9596.0,10139.638
9140.0,9712.002
8649.0,9267.023
8283.0,8771.491
7643.0,8460.84
7295.0,7903.6113
6930.0,7537.2124
6709.0,7189.6074
6617.0,7062.123
7055.0,7053.3345
7751.0,7560.0864
8462.0,8210.943
8631.0,8618.077
8650.0,8424.235
8843.0,8338.87
9450.0,8592.89
9828.0,9235.549
9287.0,9560.39
8902.0,9129.352
8574.0,9189.132
8839.0,9314.136
10291.0,10012.445
10064.0,11339.884
9943.0,10503.579
9805.0,10506.1
9636.0,10174.975
9249.0,9926.573
8747.0,9445.363
8221.0,8972.924
7826.0,8426.621
7412.999999999999,8218.225
7208.0,7821.36
6676.0,7513.187
6569.0,7007.4556
6620.0,7052.8286
6940.0,7209.6597
7354.0,7566.9873
7355.0,7797.0454
7293.0,7552.2925
7542.000000000001,7417.4014
8054.0,7727.3003
8573.0,8266.031
8078.0,8763.418
7356.0,8386.204
6964.0,7985.1113
7296.0,8057.2427
8653.0,8785.839
8591.0,9951.843
8560.0,9433.894
8556.0,9294.954
8433.0,9106.157
8204.0,8809.71
7811.0,8436.067
7480.999999999999,7977.663
6828.0,7591.1865
6535.0,7034.402
6259.0,6817.4014
6117.999999999999,6526.968
6024.0,6443.844
6405.0,6394.0117
7324.0,6808.678
8343.0,7651.4434
8725.0,8350.561
8642.0,8337.346
8923.0,8151.655
9387.0,8510.826
9765.000000000002,9024.325
9158.0,9374.09
8975.0,8832.969
8762.0,9015.176
9051.0,9144.743
10205.0,9813.069
10320.0,10842.409
10048.0,10587.68
9953.0,10241.288
9651.0,10085.376
9308.0,9670.074
8776.0,9285.919
8360.0,8753.429
7782.0,8336.158
7458.999999999999,7897.2627
7199.0,7582.8057
7037.0,7344.9424
6975.0,7250.492
7410.999999999999,7279.133
8012.0,7817.654
8785.0,8381.53
9007.0,8902.131
8780.0,8798.062
8924.0,8480.443
9480.0,8673.743
9807.0,9274.508
9312.0,9613.917
8898.0,9293.338
8788.0,9153.666
9243.0,9387.558
10422.0,10159.414
10454.0,11205.819
10213.0,10786.698
10111.0,10493.526
9806.0,10328.233
9520.0,9935.908
8862.0,9628.459
8505.0,8963.32
7981.0,8698.341
7600.000000000001,8220.013
7327.0,7793.124
7143.0,7533.709
7031.0,7398.58
7500.999999999999,7381.777
7972.0,7886.278
8787.0,8279.417
9067.0,8900.888
8884.0,8809.888
9142.0,8516.101
9782.0,8863.849
9810.0,9476.845
9407.0,9482.265
9240.0,9264.156
9044.0,9412.874
9357.0,9563.584
10513.0,10227.903
10350.0,11285.821
10089.0,10678.828
9985.0,10457.7295
9826.0,10258.771
9292.0,10006.384
8982.0,9383.239
8498.0,9195.963
8036.0,8629.949
7684.0,8305.9
7298.0,7884.23
7148.0,7496.5815
6989.0,7385.328
7200.0,7307.724
7331.0,7552.132
7980.0,7728.434
7966.0,8225.249
7824.0,7915.2373
8076.0,7762.6597
8792.0,8058.54
9235.0,8729.425
7873.0,9108.661
7392.0,7889.384
7176.0,7896.3716
7696.0,8017.687
9067.0,8888.393
9144.0,10022.0205
9042.0,9624.589
9053.0,9480.764
8964.0,9390.33
8674.0,9158.122
8229.0,8806.124
7884.0,8354.133
7465.999999999999,8035.7583
7126.0,7782.417
6818.0,7323.451
6600.0,7028.399
6512.0,6880.4976
6879.0,6885.169
7391.0,7299.985
8143.0,7816.8047
8177.0,8380.376
8220.0,8136.9917
8391.0,8192.776
8792.0,8423.636
9132.0,8865.882
8659.0,9011.363
8604.0,8582.36
8592.0,8834.861
9084.0,9139.141
10229.0,9939.274
10282.0,10812.063
10163.0,10424.612
9911.0,10358.792
9763.000000000002,9970.065
9763.000000000002,9881.5205
8796.0,9785.307
8417.0,8626.531
7840.0,8537.552
7530.000000000001,8035.8887
7340.0,7742.692
6981.0,7579.3774
6909.0,7217.9204
7328.0,7282.092
7778.0,7757.5386
8696.0,8185.411
9127.0,8944.542
9070.0,9010.586
9222.0,8846.285
9688.0,9007.3545
10073.0,9403.789
9556.0,9724.003
9009.0,9359.219
8935.0,9223.0625
9265.0,9627.6
10614.0,10270.7705
10285.0,11514.681
10195.0,10616.205
10169.0,10686.865
10055.0,10535.067
9329.0,10335.886
8880.0,9408.984
8337.0,9200.229
7913.0,8595.124
7660.0,8393.083
6945.0,8152.6777
7126.0,7330.745
6988.0,7525.831
7396.0,7379.6484
7882.0,7859.431
8313.0,8337.093
8929.0,8567.962
8899.0,8898.95
9050.0,8686.887
9411.0,8902.23
9972.0,9293.589
9450.0,9839.976
8877.0,9400.858
8818.0,9219.99
9099.0,9590.753
10454.0,10215.556
10376.0,11411.619
10167.0,10874.77
10228.0,10656.24
9824.0,10614.24
9344.0,9973.61
8855.0,9505.798
8431.0,8994.303
8022.0,8578.623
7535.000000000001,8280.215
7311.0,7716.508
7063.0,7591.6333
7010.0,7363.0312
7382.0,7418.3047
7910.0,7787.114
8563.0,8261.15
8823.0,8753.313
8864.0,8688.88
9081.0,8592.448
9563.0,8814.539
9906.0,9357.128
9459.0,9666.786
8963.0,9350.467
8825.0,9265.2295
9209.0,9534.665
10482.0,10261.097
10396.0,11382.244
10383.0,10815.081
10073.0,10833.674
9935.0,10310.499
9318.0,10184.805
8889.0,9421.366
8454.0,9104.248
7908.0,8629.096
7488.999999999999,8190.078
7231.0,7761.3276
7039.0,7505.9487
6910.0,7336.8105
7150.0,7284.537
7689.0,7584.1987
8548.0,8108.8784
8959.0,8782.153
8863.0,8883.899
9151.0,8621.938
9712.0,8921.12
10027.0,9485.022
9456.0,9732.603
9163.0,9249.447
8879.0,9301.557
9089.0,9412.479
10341.0,10020.677
10205.0,11156.859
10064.0,10606.585
10033.0,10454.052
9760.000000000002,10371.287
9283.0,9913.29
8945.0,9448.067
8390.0,9172.561
7938.0,8532.185
7554.000000000001,8239.065
7272.0,7792.6587
7070.0,7519.578
6950.0,7357.1997
7403.999999999999,7292.1987
8014.0,7815.14
8804.0,8382.449
9153.0,8916.609
9101.0,8927.349
9155.0,8735.884
9856.0,8843.532
10096.0,9545.313
9470.0,9663.606
9112.0,9228.263
8900.0,9255.983
9192.0,9439.47
10424.0,10149.734
10254.0,11289.586
10255.0,10648.458
10071.0,10714.2705
9879.0,10353.94
9528.0,10110.315
9011.0,9722.826
8542.0,9232.84
8025.0,8815.751
7604.000000000001,8366.299
7429.999999999999,7884.5996
7183.0,7700.1123
6981.0,7458.335
7256.0,7386.8096
7329.0,7722.2476
8280.0,7800.4014
8145.0,8598.016
7786.0,8063.1045
8021.0,7669.739
8937.0,8020.2026
9293.0,8893.813
7904.0,9121.954
7288.0,7835.7793
7132.0,7798.224
7620.0,8034.6924
9033.0,8865.85
9091.0,10090.462
9025.0,9667.805
9011.0,9570.216
8934.0,9427.118
8585.0,9230.388
8252.0,8784.243
7971.0,8465.668
7332.0,8148.467
7121.0,7627.4297
6765.0,7384.504
6547.0,6983.387
6518.0,6849.5615
6884.0,6942.6675
7381.0,7320.543
7888.0,7849.45
7975.0,8088.447
7835.0,7852.1323
8191.0,7705.4336
8685.0,8265.67
9169.0,8705.7
8799.0,9048.878
8490.0,8699.51
8648.0,8734.833
9032.0,9256.211
10220.0,9881.464
10411.0,10931.606
10206.0,10621.485
10072.0,10374.005
9914.0,10190.73
9296.0,9949.287
8946.0,9257.061
8415.0,9073.249
7930.0,8437.188
7491.999999999999,8213.421
7264.0,7666.51
7028.0,7486.151
7009.0,7297.178
7340.0,7393.6123
7785.0,7765.945
8889.0,8172.0273
9178.0,9079.592
9152.0,8896.827
9262.0,8794.479
9900.0,8927.076
10154.0,9646.015
9633.0,9790.257
9359.0,9438.592
9079.0,9626.617
9391.0,9724.775
10424.0,10457.755
10501.0,11379.345
10286.0,10963.81
10175.0,10755.376
10000.0,10558.592
9657.0,10262.617
8998.0,9905.239
8666.0,9210.356
8006.0,9024.093
7663.0,8428.065
7370.0,8166.269
7180.0,7732.812
7106.0,7597.2456
7581.000000000001,7579.962
8064.0,8090.6675
8916.0,8576.974
9395.0,9192.209
9141.0,9346.7
9339.0,8914.747
9932.0,9240.25
10094.0,9804.529
9812.0,9908.763
9367.0,9798.0205
9152.0,9608.02
9380.0,9792.745
10613.0,10310.986
10486.0,11468.142
10463.0,10871.031
10283.0,10858.957
10001.0,10504.493
9652.0,10155.58
8980.0,9728.314
8552.0,9078.269
7978.0,8714.769
7617.000000000001,8259.314
7364.0,7890.2964
7152.0,7651.851
7101.0,7509.486
7484.999999999999,7519.42
7909.0,7951.7363
8759.0,8357.33
9385.0,9074.963
9172.0,9351.064
9402.0,8997.859
9913.0,9300.437
10162.0,9726.606
9672.0,9886.958
9291.0,9483.203
9018.0,9451.157
9287.0,9516.097
10380.0,10144.708
10266.0,11126.74
10316.0,10609.407
10228.0,10663.825
9962.0,10414.839
9574.0,10062.558
9122.0,9627.41
8480.0,9220.775
8104.0,8588.852
7669.0,9772.818
7351.0,8481.07
7082.0,7952.0425
6952.0,7603.492
7382.0,7488.6245
8038.0,7904.693
8896.0,8562.283
9335.0,9312.638
9048.0,9478.277
9272.0,9048.6
9764.000000000002,9304.813
10087.0,9785.331
9531.0,10000.316
9201.0,9425.58
8829.0,9302.996
9175.0,9244.166
10336.0,9952.248
10118.0,11045.957
10107.0,10453.915
9970.0,10353.497
9829.0,10045.124
9430.0,9791.745
8898.0,9266.913
8514.0,8673.32
7795.0,8304.064
7439.999999999999,7661.3716
7119.0,7453.136
6919.0,7189.8164
6826.0,7086.494
7344.0,7101.7026
7903.0,7727.997
8890.0,8332.509
9477.0,9223.282
9480.0,9530.506
9665.0,9344.621
9971.0,9524.841
10143.0,9809.475
9753.000000000002,9873.86
9395.0,9508.596
9156.0,9334.548
9308.0,9418.702
10393.0,9892.639
10500.0,10941.221
10426.0,10748.178
10336.0,10556.368
10022.0,10340.757
9604.0,9901.183
8976.0,9410.29
8420.0,8780.648
7860.0,8193.654
7477.999999999999,7793.628
7283.0,7494.8135
7069.0,7343.3115
6844.0,7170.613
7008.0,7078.755
7040.0,7356.173
7757.0,7473.1763
7976.0,8201.53
8147.0,8214.837
8371.0,8240.488
9449.0,8402.028
9993.0,9449.564
8382.0,9786.332
7622.0,8137.3564
7395.0,7847.5156
7689.0,8039.347
9084.0,8725.233
9218.0,10116.275
9213.0,9802.965
9170.0,9617.83
9204.0,9386.934
8681.0,9276.644
8141.0,8555.324
7909.0,7999.8125
7293.0,7760.297
6929.0,7259.897
6716.0,6951.875
6407.0,6774.8726
6330.0,6543.4033
6776.0,6621.1284
7271.0,7165.966
8210.0,7732.839
8657.0,8598.889
8645.0,8778.986
8846.0,8599.424
9445.0,8898.308
9699.0,9537.376
9450.0,9436.519
8850.0,9099.257
8600.0,8736.874
9060.0,8995.052
10420.0,9967.077
10440.0,11202.629
10410.0,10654.98
10150.0,10558.126
9968.0,10134.99
9439.0,9886.525
9065.0,9189.577
8515.0,8885.608
7952.0,8222.087
7452.999999999999,7868.1514
7253.0,7456.951
6908.0,7345.969
6874.0,7060.974
7378.0,7206.3545
8001.0,7812.9585
8952.0,8468.822
9348.0,9306.864
9411.0,9290.282
9432.0,9120.472
10052.0,9129.186
10261.0,9832.959
9858.0,10035.094
9304.0,9691.231
9147.0,9473.915
9314.0,9785.586
10844.0,10300.54
10547.0,11863.599
10586.0,10910.114
10427.0,10989.081
10309.0,10588.093
9761.000000000002,10370.686
9023.0,9676.744
8756.0,8933.198
8321.0,8754.417
7666.0,8402.352
7355.0,7921.0337
7143.0,7513.54
7081.0,7333.9365
7533.000000000001,7409.6553
8381.0,7979.5684
9339.0,8902.712
9531.0,9660.182
9296.0,9542.037
9424.0,9169.426
10000.0,9383.861
10350.0,10013.401
9851.0,10299.075
9558.0,9844.833
9262.0,9822.62
9443.0,9840.902
10786.0,10446.925
10752.0,11694.232
10510.0,11214.8545
10554.0,10795.779
10155.0,10727.023
9655.0,10088.492
9158.0,9461.065
8638.0,8950.957
8154.0,8394.432
7589.000000000001,8012.26
7567.000000000001,7617.149
7320.0,7682.858
7151.0,7498.539
7778.0,7455.5815
8366.0,8213.432
8960.0,8828.345
9545.0,9213.188
9167.0,9517.817
9523.0,8950.719
9991.0,9394.104
10354.0,9893.75
9813.0,10310.775
9382.0,9822.53
9213.0,9608.533
9512.0,9766.828
10508.0,10440.755
10731.0,11358.914
10587.0,11197.251
10498.0,10868.76
10267.0,10611.377
9764.000000000002,10205.871
9163.0,9585.58
8697.0,8948.623
8228.0,8481.423
7832.0,8113.184
7526.000000000001,7865.75
7267.0,7607.513
7238.0,7413.9897
7572.000000000001,7538.8853
8179.0,7970.71
9126.0,8593.496
9715.0,9474.178
9473.0,9794.374
9498.0,9411.624
9980.0,9490.215
10042.0,9996.038
9452.0,9865.794
9355.0,9337.461
9119.0,9471.511
9359.0,9480.369
10508.0,10004.9375
10707.0,11150.035
10488.0,10967.479
10454.0,10580.74
10167.0,10468.923
9895.0,10020.858
9182.0,9673.6045
8741.0,8901.987
8024.0,8512.204
7581.000000000001,7932.328
7367.0,7630.859
7266.0,7472.175
7157.0,7435.4014
7669.0,7420.2104
8352.0,8028.9814
9608.0,8738.754
9359.0,9647.075
9582.0,9031.612
10170.0,9265.585
10431.0,9891.744
9955.0,10143.647
9439.0,9777.164
9075.0,9583.913
9284.0,9572.45
10510.0,10097.25
10689.0,11464.464
10480.0,11252.335
10427.0,10832.479
10239.0,10689.879
9956.0,10327.323
9322.0,9935.536
8880.0,9213.139
8303.0,8821.431
7988.0,8290.6875
7575.000000000001,8005.0483
7190.0,7640.859
7119.0,7314.0405
7366.0,7317.034
7422.999999999999,7677.432
7797.0,7762.1978
8380.0,8185.272
8212.0,8495.989
8450.0,8124.7236
9017.0,8395.946
9725.0,8955.885
8252.0,9595.3955
7528.000000000001,8176.7754
7283.0,7943.061
7697.0,8162.9883
8914.0,9009.878
9185.0,10167.405
9352.0,9978.418
9305.0,9963.071
9204.0,9668.144
8912.0,9400.98
8543.0,8937.126
7999.0,8514.483
7544.000000000001,7875.7476
7183.0,7625.738
6974.0,7255.379
6748.0,7086.993
6594.0,6932.3564
6970.0,6887.02
7531.000000000001,7357.4385
8576.0,7959.052
8856.0,8891.57
8651.0,8709.159
8800.0,8339.113
9404.0,8602.448
9782.0,9346.314
9607.0,9561.207
8966.0,9517.419
8739.0,9121.709
8937.0,9424.173
10600.0,10044.63
10725.0,11771.257
10472.0,11188.129
10410.0,10803.342
10280.0,10617.696
9681.0,10310.127
9298.0,9536.247
8762.0,9186.024
8190.0,8549.587
7771.0,8162.2207
7457.999999999999,7807.6885
7177.0,7557.8784
7217.0,7343.374
7536.000000000001,7539.871
8324.0,7951.0547
9300.0,8822.882
9744.0,9529.251
9513.0,9570.747
9651.0,9176.132
10040.0,9496.609
10452.0,9925.154
9955.0,10335.276
9531.0,9877.653
9398.0,9851.364
9510.0,10079.819
10766.0,10590.608
10975.0,11827.56
10657.0,11495.124
10599.0,11029.791
10460.0,10912.175
10043.0,10557.844
9429.0,10044.545
9005.0,9387.125
8491.0,8994.445
8008.0,8624.628
7776.0,8286.42
7504.999999999999,7949.663
7494.999999999999,7696.719
7784.0,7792.004
8668.0,8226.11
9384.0,9186.399
9778.0,9714.432
9634.0,9752.465
9743.0,9434.617
10182.0,9582.739
10418.0,10121.738
10130.0,10355.348
9738.0,10175.728
9527.0,10039.754
9713.0,10142.589
10767.0,10708.521
11155.0,11739.534
10765.0,11711.763
10715.0,11066.165
10640.0,10941.984
10065.0,10672.58
9480.0,9893.9795
9093.0,9303.487
8508.0,8883.154
8069.0,8397.855
7674.0,8104.8223
7517.000000000001,7785.245
7468.999999999999,7727.2886
7854.0,7794.033
8664.0,8312.407
9358.0,9134.2705
9854.0,9654.633
9675.0,9810.932
9710.0,9388.901
10242.0,9479.467
10465.0,10128.468
10210.0,10321.191
9740.0,10208.13
9513.0,9970.917
9714.0,10125.469
10701.0,10667.772
10901.0,11668.995
10772.0,11448.83
10725.0,11144.092
10458.0,10958.552
10125.0,10488.045
9427.0,10075.166
8966.0,9328.336
8415.0,8882.807
7967.0,8394.113
7687.0,8035.702
7425.999999999999,7828.341
7365.0,7648.7188
7908.0,7710.642
8542.0,8381.057
9363.0,8985.938
9682.0,9630.15
9496.0,9569.311
9576.0,9180.446
10149.0,9323.78
10434.0,9994.082
10046.0,10273.613
9788.0,10031.336
9347.0,10054.743
9468.0,9962.506
10577.0,10496.455
10893.0,11629.025
10879.0,11520.131
10769.0,11303.731
10658.0,11014.537
10054.0,10771.907
9529.0,9962.827
9064.0,9518.585
8553.0,9000.344
8061.0,8598.552
7750.0,8160.915
7578.000000000001,7882.1113
7525.000000000001,7763.3223
7927.0,7824.6997
8704.0,8340.243
9539.0,9135.365
10025.0,9754.542
9795.0,9872.496
9890.0,9448.624
10341.0,9612.915
10662.0,10095.76
10328.0,10468.073
9999.0,10234.478
9603.0,10163.746
9746.0,10134.624
10790.0,10736.892
10940.0,11828.5205
10888.0,11604.913
10828.0,11393.67
10510.0,11195.853
10131.0,10661.238
9482.0,10217.244
9002.0,9495.776
8446.0,9012.116
8111.0,8519.499
7861.0,8197.04
7623.0,7957.4307
7468.999999999999,7780.5957
7748.0,7720.6353
7881.0,8099.746
8469.0,8271.188
8792.0,8802.211
8589.0,8850.379
8751.0,8462.379
9463.0,8675.643
10194.0,9414.934
8653.0,10131.527
7983.0,8533.004
7523.000000000001,8379.396
7820.0,8351.312
9419.0,9094.648
9583.0,10698.966
9601.0,10314.407
9553.0,10194.889
9566.0,9924.281
9246.0,9792.215
8814.0,9282.277
8363.0,8810.944
8052.0,8289.914
7409.999999999999,8150.7637
7219.0,7450.5825
6991.0,7364.164
6992.0,7190.375
7442.999999999999,7337.373
8184.0,7853.6562
8889.0,8619.082
9123.0,9142.598
9143.0,9037.592
9094.0,8899.38
9767.000000000002,8887.402
10141.0,9762.687
9681.0,9870.7295
9179.0,9546.164
8910.0,9387.782
9394.0,9591.633
10505.0,10612.228
10799.0,11570.909
10720.0,11405.917
10620.0,11085.226
10423.0,10875.752
9970.0,10505.461
9514.0,9906.341
9050.0,9461.867
8445.0,8973.494
8085.0,8473.136
7785.0,8182.2427
7595.000000000001,7948.587
7428.999999999999,7850.5303
7960.0,7788.9097
8798.0,8494.159
9769.000000000002,9288.167
9827.0,9958.101
9730.0,9575.247
9773.000000000002,9361.233
10060.0,9528.446
10590.0,9934.56
10183.0,10449.731
9888.0,10145.21
9600.0,10260.292
9614.0,10392.914
10675.0,10816.007
10985.0,11920.559
10824.0,11752.619
10794.0,11385.261
10601.0,11234.6875
9952.0,10825.659
9605.0,10057.283
8438.0,9805.527
8096.0,8693.435
7754.0,8550.879
7551.000000000001,8089.744
7521.000000000001,7904.8525
7964.0,7904.934
8748.0,8418.603
9613.0,9258.053
9662.0,9968.136
9751.0,9571.213
9782.0,9574.188
10376.0,9542.6045
10543.0,10229.885
10227.0,10484.269
9749.0,10315.116
9573.0,10113.594
9759.000000000002,10247.804
10637.0,10684.79
10966.0,11633.07
10864.0,11683.061
10748.0,11288.92
10475.0,11021.905
10086.0,10576.141
9608.0,10052.841
9015.0,9553.845
8412.0,8835.55
8134.0,8395.46
7717.0,8215.965
7554.000000000001,7865.441
7357.0,7797.5205
7713.0,7737.085
8696.0,8228.789
9591.0,9190.885
10088.0,9796.484
9877.0,9994.707
9912.0,9605.207
10032.0,9656.776
10607.0,9784.404
10276.0,10443.591
9727.0,10139.458
9631.0,9904.128
9719.0,10222.213
10667.0,10609.124
11067.0,11568.071
10930.0,11579.943
10867.0,11207.081
10675.0,11013.255
10162.0,10667.022
9598.0,10024.246
9109.0,9462.398
8527.0,8957.117
7944.0,8527.855
7772.0,8031.9404
7624.0,7918.1343
7573.000000000001,7807.8853
7762.0,7874.4297
8657.0,8185.6123
9550.0,9114.101
10075.0,9811.7705
9910.0,10054.834
10060.0,9731.986
10420.0,9906.005
10700.0,10319.396
10275.0,10481.267
9700.0,10046.576
9520.0,9730.271
9750.0,9873.411
10870.0,10424.411
11070.0,11552.392
11100.0,11309.86
10920.0,11272.812
10780.0,10919.29
10136.0,10684.734
9636.0,9681.307
9083.0,9513.348
8460.0,8947.22
7835.0,8473.999
7733.0,7957.5264
7384.0,7934.685
7313.0,7603.6543
7841.0,7676.1484
8592.0,8312.863
9520.0,9048.441
10200.0,9764.694
10210.0,10142.513
10318.0,9968.603
10540.0,10148.597
10870.0,10323.925
10320.0,10537.31
10026.0,9986.823
9701.0,10015.771
9855.0,10007.697
10615.0,10456.393
10890.0,11261.313
10810.0,11241.253
10870.0,11035.382
10540.0,10960.465
10132.0,10548.461
9667.0,10106.006
9219.0,9597.175
8463.0,9142.462
8028.0,8544.827
7691.0,8183.874
7456.999999999999,7846.1035
7222.0,7680.0757
7296.0,7611.211
7395.0,7788.387
8149.0,7975.756
8709.0,8647.823
9030.0,8938.911
9187.0,9090.544
9695.0,9172.256
10392.0,9688.43
8826.0,10285.597
8217.0,8676.779
7787.0,8520.571
8125.0,8412.56
9225.0,9146.474
9734.0,10239.014
9657.0,10415.309
9613.0,10108.636
9592.0,9934.688
9353.0,9754.775
8985.0,9406.653
8407.0,8962.42
8062.0,8311.793
7521.000000000001,8178.624
7266.0,7568.1533
6993.0,7399.455
6968.0,7205.2227
7451.999999999999,7325.654
8080.0,7891.0645
8993.0,8565.225
9484.0,9344.605
9479.0,9466.468
9555.0,9289.765
9905.0,9349.08
10436.0,9711.162
10118.0,10117.16
9367.0,9870.244
9233.0,9460.456
9351.0,9777.079
10616.0,10225.573
11028.0,11572.855
10844.0,11469.373
10748.0,11118.706
10536.0,10927.596
10007.0,10575.023
9605.0,9975.067
9053.0,9591.742
8455.0,8954.015
8079.0,8562.4375
7722.0,8222.499
7606.000000000001,7892.8813
7446.999999999999,7925.4033
7858.0,7826.0396
8749.0,8424.769
9780.0,9346.583
10294.0,10082.3
10058.0,10170.937
10093.0,9688.897
10588.0,9823.145
10786.0,10400.228
10272.0,10591.839
9917.0,10148.757
9459.0,10238.746
9438.0,10164.522
10741.0,10602.576
10968.0,11978.14
10916.0,11584.7705
10821.0,11458.655
10604.0,11179.955
10040.0,10782.589
9524.0,10126.975
9008.0,9707.7
8481.0,9130.171
8159.0,8815.149
7917.0,8573.591
7633.0,8205.188
7600.000000000001,7898.2886
8029.0,7969.3916
8871.0,8514.544
9877.0,9379.297
10272.0,10163.996
10003.0,10240.937
10202.0,9731.048
10596.0,9982.917
10999.0,10363.552
10550.0,10719.42
10000.0,10382.617
9670.0,10137.825
9900.0,10190.475
10670.0,10852.201
11025.0,11520.893
10990.0,11619.314
10800.0,11339.532
10650.0,10991.018
10112.0,10706.452
9657.0,10012.486
9300.0,9590.167
8651.0,9164.472
8315.0,8589.09
7828.0,8383.568
7697.0,7923.9907
7668.0,7888.741
8069.0,7973.484
8795.0,8476.346
9670.0,9186.306
10270.0,9858.702
10250.0,9985.54
10370.0,9887.501
10830.0,10027.539
11160.0,10546.744
10870.0,10832.504
10090.0,10614.335
9660.0,10164.167
9970.0,10179.3545
10740.0,10890.075
11180.0,11614.58
11020.0,11739.806
10880.0,11344.828
10764.0,11105.98
10228.0,10832.198
9687.0,10169.529
9156.0,9695.0205
8430.0,9090.138
8240.0,8475.664
7825.0,8344.834
7630.0,7954.53
7500.999999999999,7880.5874
8008.0,7880.894
8840.0,8505.318
9734.0,9251.639
10309.0,9931.329
10264.0,10132.767
10418.0,9887.06
10810.0,10052.151
11122.0,10494.947
10600.0,10786.326
10150.0,10319.093
9780.0,10232.505
9940.0,9476.568
10980.0,10743.223
11140.0,11689.248
11090.0,11608.625
11020.0,11498.63
10741.0,11306.232
10233.0,10892.96
9625.0,10281.159
9132.0,9677.477
8543.0,9154.883
8175.0,8721.425
7930.0,8347.409
7695.0,8100.331
7595.000000000001,7915.0474
8140.0,7934.685
8960.0,8573.665
9815.0,9322.921
10433.0,9967.551
10200.0,10238.501
10315.0,9883.192
10811.0,10076.527
10986.0,10587.718
10491.0,10689.324
10192.0,10271.213
9857.0,10250.128
10006.0,10204.713
10800.0,10739.439
11225.0,11429.825
11050.0,11587.991
10895.0,11201.934
10741.0,10985.928
10295.0,10746.499
9749.0,10216.336
9341.0,9704.113
8794.0,9345.942
8366.0,8915.525
8043.0,8474.273
7758.0,8159.9697
7654.0,7925.26
7789.0,7954.06
8103.0,8181.1313
8717.0,8581.534
9142.0,9141.432
9200.0,9301.509
9420.0,9189.774
9910.0,9367.925
10600.0,9843.272
9006.0,10416.585
8542.0,8774.72
8184.0,8886.52
8310.0,8829.233
9332.0,9353.761
9682.0,10407.727
9805.0,10387.536
9769.000000000002,10347.458
9665.0,10141.533
9434.0,9896.839
9038.0,9544.01
8614.0,9111.134
8150.0,8639.812
7726.0,8366.614
7390.0,7860.7285
7208.0,7600.8735
7076.0,7507.1074
7443.999999999999,7469.1777
8180.0,7949.7134
9026.0,8721.437
9533.0,9402.375
9618.0,9660.974
9805.0,9617.644
10325.0,9709.947
10521.0,10226.948
10330.0,10099.546
9994.0,10048.154
9718.0,9964.374
9661.0,10031.614
10720.0,10373.787
11385.0,11585.547
10994.0,11871.035
10894.0,11138.846
10738.0,11065.484
10312.0,10747.82
9800.0,10190.237
9214.0,9654.229
8676.0,9036.54
8348.0,8667.119
8091.0,8373.724
7849.0,8161.7646
7652.0,7993.146
7989.0,7938.612
8870.0,8431.021
9670.0,9381.658
10200.0,9976.027
10184.0,10276.437
10328.0,10098.618
10728.0,10276.558
10989.0,10616.983
10725.0,10757.036
10363.0,10504.954
9917.0,10395.316
9852.0,10287.63
10535.0,10691.755
11229.0,11517.408
10878.0,11901.785
10844.0,11195.763
10483.0,11201.416
10138.0,10606.76
9776.0,10245.8955
9350.0,9817.062
8863.0,9335.024
8308.0,9045.566
7948.0,8651.414
7722.0,8186.6323
7525.000000000001,7974.869
7702.0,7887.5405
8043.0,8231.614
9052.0,8668.839
10127.0,9639.309
10200.0,10420.462
10256.0,10133.589
10770.0,10062.242
11238.0,10510.144
10930.0,11013.5205
10500.0,10774.228
9975.0,10567.023
10003.0,10465.128
10820.0,10947.467
11380.0,11843.625
10990.0,12131.781
10960.0,11443.888
10675.0,11313.104
10321.0,10834.073
9741.0,10352.581
9359.0,9636.293
8746.0,9245.318
8259.0,8716.93
7948.0,8365.916
7794.0,8144.286
7713.0,8008.4985
8096.0,8019.5654
9016.0,8489.951
9915.0,9456.181
10422.0,10115.996
10348.0,10317.843
10241.0,9803.644
10932.0,9945.46
11074.0,10728.12
10560.0,10808.18
10255.0,10442.097
10073.0,10436.945
10015.0,10577.501
10756.0,10879.777
11480.0,11724.646
11158.0,12186.39
10917.0,11564.708
10706.0,11196.616
10441.0,10848.195
9954.0,10439.349
9416.0,9866.139
8959.0,9243.849
8407.0,8905.642
8088.0,8436.491
7874.0,8186.1006
7781.0,8051.825
8065.0,8081.483
9080.0,8507.454
9580.0,9520.434
10390.0,9781.173
10460.0,10341.338
10590.0,10098.01
11010.0,10235.285
11350.0,10680.244
10819.0,11026.425
10509.0,10603.716
9993.0,10665.716
10134.0,10458.667
11100.0,10976.658
11635.0,12017.32
11489.0,12196.127
11341.0,11768.425
10942.0,11515.9
10500.0,10982.192
9865.0,10498.263
9280.0,9812.058
8813.0,9232.662
8282.0,8898.996
8231.0,8385.734
7985.0,8357.407
7825.0,8143.6333
8258.0,8089.146
9163.0,8656.439
9608.0,9533.884
10584.0,9743.829
10499.0,10488.263
10740.0,10126.756
11248.0,10329.742
11420.0,10820.726
10945.0,10980.448
10700.0,10626.912
10200.0,10700.22
10170.0,10534.177
11000.0,11032.585
11620.0,11966.586
11550.0,12311.907
11315.0,11942.915
10920.0,11549.515
10550.0,11043.667
10093.0,10591.664
9524.0,10098.126
8879.0,9510.031
8483.0,8938.773
8186.0,8616.938
7952.0,8315.942
7903.0,8121.543
8155.0,8186.548
8447.0,8495.629
9278.0,8804.169
9392.0,9417.832
9264.0,9227.908
9402.0,8994.732
9860.0,9198.452
10423.0,9684.967
8865.0,10177.967
8401.0,8812.858
8157.0,8813.895
8223.0,9009.825
8827.0,9532.126
9910.0,10273.166
9857.0,11167.229
9810.0,10586.591
9736.0,10387.578
9384.0,10113.707
8853.0,9580.255
8578.0,8973.229
7999.0,8677.972
7546.000000000001,8231.508
7253.0,7760.0063
7018.0,7463.8164
6901.0,7308.28
7281.0,7367.8438
8313.0,7735.1997
9079.0,8821.405
9373.0,9192.112
9652.0,9143.873
9845.0,9289.248
10143.0,9534.415
10535.0,9885.572
10085.0,10224.723
9760.000000000002,9885.036
9555.0,9923.867
9509.0,10128.649
10386.0,10503.012
11275.0,11635.451
11085.0,12112.652
10867.0,11489.491
10762.0,11163.115
10175.0,10908.305
9669.0,10111.932
9125.0,9677.827
8495.0,9057.297
8179.0,8607.393
7768.0,8349.228
7501.999999999999,7950.8584
7519.000000000001,7792.317
7901.0,7941.4087
8975.0,8417.923
9920.0,9435.42
10400.0,10051.492
10330.0,10102.575
10420.0,9859.207
10810.0,10012.225
11080.0,10488.821
10656.0,10794.181
10148.0,10515.618
9785.0,10395.795
9821.0,10412.37
10650.0,10878.461
11374.0,11816.818
11076.0,12179.949
10966.0,11516.553
10695.0,11391.335
10310.0,10890.316
9684.0,10446.162
9268.0,9740.033
8533.0,9358.164
8180.0,8783.464
7906.0,8603.907
7755.0,8185.7627
7537.000000000001,8088.9214
7989.0,7942.1597
8995.0,8536.83
9880.0,9521.466
10385.0,10148.47
10295.0,10311.811
10340.0,9984.633
10770.0,10063.838
11060.0,10570.556
10760.0,10848.631
10370.0,10680.674
10005.0,10581.578
10000.0,10614.204
10830.0,10990.794
11420.0,11915.996
11130.0,12209.994
10900.0,11579.162
10737.0,11199.595
10382.0,10890.398
9733.0,10379.428
9399.0,9638.879
8755.0,9262.811
8263.0,8713.405
7875.0,8344.47
7724.0,8029.5874
7719.0,7940.002
8072.0,8065.171
9045.0,8544.945
10020.0,9507.911
10265.0,10215.769
10352.0,10153.434
10547.0,10094.463
11060.0,10233.918
11380.0,10673.828
11000.0,10953.147
10480.0,10663.307
10210.0,10478.888
10170.0,10638.196
10870.0,10968.337
11650.0,11779.3545
11300.0,12279.864
11150.0,11556.517
10936.0,11404.234
10442.0,11039.07
9876.0,10439.065
9392.0,9842.812
8823.0,9305.087
8221.0,8849.849
7978.0,8318.561
7827.0,8142.524
7813.0,8057.5625
8031.0,8135.1523
9080.0,8479.499
10030.0,9532.695
10550.0,10181.134
10330.0,10452.38
10620.0,9966.13
11010.0,10330.891
11440.0,10646.177
10965.0,11016.122
10825.0,10611.661
10405.0,10845.833
10266.0,10766.143
11138.0,11078.936
11870.0,12130.4
11620.0,12519.378
11470.0,11946.976
11305.0,11726.729
10701.0,11397.45
10281.0,10698.5205
9665.0,10298.322
9087.0,9590.594
8771.0,9148.171
8498.0,8852.223
8242.0,8587.291
8223.0,8390.394
8520.0,8461.099
9343.0,8883.048
10128.0,9645.635
10710.0,10246.147
10825.0,10537.013
11035.0,10454.84
11443.0,10603.252
11750.0,10983.9795
11370.0,11172.724
11005.0,10994.005
10750.0,10955.811
10690.0,11051.762
11330.0,11398.942
12069.999999999998,12280.024
11660.0,12689.655
11520.0,11965.211
11350.0,11827.724
10920.0,11515.383
10500.0,11012.551
9994.0,10606.302
9275.0,10020.292
8797.0,9378.823
8695.0,8930.28
8540.0,8809.185
8391.0,8643.709
8246.0,8588.074
8730.0,8570.955
9367.0,9116.037
9423.0,9567.806
9290.0,9315.884
9537.0,9115.564
10203.0,9381.246
10606.0,10090.5625
9145.0,10434.62
8786.0,9130.255
8676.0,9320.857
8698.0,9574.541
9150.0,9967.102
9865.0,10584.63
9666.0,11035.474
9569.0,10483.885
9217.0,10287.709
8919.0,9720.834
8574.0,9358.824
8145.0,8909.125
7532.000000000001,8367.9
7148.0,7891.1685
6988.0,7497.3022
6952.0,7349.153
6920.0,7357.201
6935.0,7354.1704
7278.0,7472.402
8107.0,7902.854
8292.0,8540.663
8235.0,8339.6045
8547.0,8195.029
9054.0,8595.057
9611.0,9136.16
9573.0,9565.093
8986.0,9659.336
8592.0,9294.933
8748.0,9332.183
9780.0,9875.223
10317.0,11052.131
10170.0,11099.606
10077.0,10656.745
10074.0,10414.549
9730.0,10255.061
9287.0,9709.717
8759.0,9222.277
8315.0,8611.47
7998.0,8352.923
7695.0,8042.571
7514.000000000001,7778.491
7473.999999999999,7669.1924
7914.0,7703.023
8940.0,8231.264
9728.0,9273.91
10304.0,9718.205
10274.0,9956.517
10370.0,9709.214
10875.0,9818.226
11295.0,10484.039
10760.0,10933.765
10620.0,10474.451
10397.0,10837.189
10257.0,10921.972
10764.0,11176.631
11739.0,11850.406
11279.0,12583.283
11190.0,11612.316
11046.0,11664.207
10556.0,11277.422
10076.0,10686.738
9527.0,10201.324
9029.0,9608.755
8529.0,9302.448
8352.0,8890.565
8101.0,8588.19
8061.0,8333.246
8509.0,8393.394
9565.0,8966.004
10640.0,10006.691
10770.0,10779.194
10772.0,10619.179
10810.0,10465.456
11380.0,10502.643
11380.0,11124.385
11214.0,11067.111
11051.0,11184.447
10744.0,11302.498
10727.0,11313.745
11178.0,11641.541
12169.999999999998,12194.745
11940.0,12941.146
11840.0,12312.75
11530.0,12157.597
11010.0,11615.431
10422.0,11053.987
9831.0,10422.244
9259.0,9799.421
8854.0,9349.228
8586.0,8995.34
8484.0,8739.285
8356.0,8693.586
8636.0,8666.013
9680.0,9088.514
10739.0,10105.934
11008.0,10803.22
11008.0,10713.708
11160.0,10647.986
11623.0,10860.936
11965.0,11340.703
11616.0,11690.999
11275.0,11511.182
10992.0,11443.919
10771.0,11466.778
11660.0,11602.503
12209.999999999998,12666.525
12089.999999999998,12884.287
11760.0,12511.242
11590.0,12073.872
11325.0,11805.906
10740.0,11413.327
10303.0,10747.076
9664.0,10330.37
9049.0,9760.88
8857.0,9178.846
8619.0,9039.909
8579.0,8822.812
8765.0,8895.2
9970.0,9214.269
10890.0,10382.425
10885.0,10952.599
10870.0,10634.062
11130.0,10570.752
11190.0,10892.748
11658.0,10966.858
11311.0,11487.21
11121.0,11174.887
10858.0,11240.017
10825.0,11263.56
11303.0,11625.423
12312.000000000002,12232.312
12068.0,13076.889
11908.0,12375.995
11714.0,12222.72
11170.0,11888.296
10809.0,11221.09
10185.0,10965.768
9694.0,10206.993
9105.0,9850.865
8753.0,9239.821
8533.0,8913.416
8520.0,8748.007
8844.0,8810.929
9680.0,9275.777
10657.0,10020.232
10965.0,10714.899
11020.0,10679.996
11050.0,10631.336
11590.0,10703.459
11860.0,11388.897
11460.0,11687.985
11155.0,11363.356
11035.0,11278.125
10860.0,11416.347
11520.0,11476.388
12315.000000000002,12349.803
11935.0,12868.525
11725.0,12154.941
11496.0,11998.7295
11085.0,11676.311
10142.0,11212.093
9727.0,10202.209
9317.0,10013.246
8989.0,9464.301
8641.0,9106.566
8634.0,8797.769
8684.0,8872.464
9142.0,8948.1875
9550.0,9436.315
9625.0,9719.337
9540.0,9563.413
9740.0,9408.707
10191.0,9669.12
10645.0,10218.843
9565.0,10717.029
9055.0,9656.289
8857.0,9581.854
8781.0,9726.034
9429.0,9859.169
10578.0,10720.775
10445.0,11749.093
10423.0,11063.896
10422.0,11006.303
10207.0,10818.849
9808.0,10459.69
9586.0,9914.576
9065.0,9701.126
8574.0,9211.733
8278.0,8642.653
8083.0,8370.302
8120.0,8283.501
8344.0,8410.269
9153.0,8716.807
9785.0,9566.458
9680.0,9885.706
9550.0,9472.668
10000.0,9376.927
10600.0,9881.466
11040.0,10518.145
10551.0,10863.865
10291.0,10436.178
10002.0,10592.871
9838.0,10547.49
9983.0,10714.784
9200.0,11047.553
9269.0,9979.95
9654.0,10269.112
10297.0,10429.519
10316.0,10889.332
10071.0,10506.456
9813.0,10185.806
9353.0,9807.231
9066.0,9393.937
8731.0,9097.902
8503.0,8776.32
8391.0,8653.369
8682.0,8653.238
9765.000000000002,9114.532
10356.0,10102.774
10257.0,10330.676
10058.0,10067.773
9920.0,10000.814
10257.0,9962.992
10665.0,10361.614
9963.0,10688.057
10280.0,9905.735
10290.0,10525.083
10330.0,10624.52
10945.0,10990.105
11910.0,11717.0625
11810.0,12513.682
11630.0,12049.845
11307.0,11991.075
11026.0,11513.381
10377.0,11243.001
9990.0,10504.823
9394.0,10205.258
8821.0,9719.571
8609.0,9257.519
8405.0,8926.876
8336.0,8708.452
8623.0,8697.074
9634.0,9114.989
10340.0,10041.131
10730.0,10394.408
10640.0,10430.813
10900.0,10134.532
11450.0,10510.025
11600.0,11089.918
11456.0,11215.739
11210.0,11340.492
10984.0,11341.736
10880.0,11472.63
11360.0,11763.483
12279.999999999998,12454.455
12119.999999999998,13149.809
11945.0,12541.0205
11550.0,12291.505
11160.0,11741.905
10665.0,11212.734
10135.0,10755.675
9585.0,10153.587
9150.0,9682.684
8850.0,9324.079
8650.0,9032.832
8510.0,8886.646
8960.0,8814.744
9970.0,9427.811
10485.0,10279.898
10870.0,10447.216
10830.0,10533.733
10992.0,10321.465
11430.0,10627.596
11770.0,11114.011
11450.0,11523.624
11455.0,11381.97
11080.0,11694.517
11060.0,11612.141
11725.0,11965.23
12658.0,12832.539
12328.000000000002,13489.985
12186.999999999998,12768.706
11822.0,12559.579
11250.0,12077.425
10752.0,11428.21
10378.0,10977.414
9772.000000000002,10497.797
9316.0,9962.407
8859.0,9478.003
8729.0,9032.366
8547.0,8974.3
8832.0,8880.863
9800.0,9308.886
10550.0,10148.741
10763.0,10525.381
10742.0,10496.273
11051.0,10398.764
11427.0,10861.091
11850.0,11339.754
11528.0,11777.37
11295.0,11614.021
10985.0,11664.104
11000.0,11595.573
11580.0,12026.01
12500.000000000002,12736.863
12330.000000000002,13340.498
12164.999999999998,12881.832
11975.0,12578.463
11551.0,12221.955
10804.0,11710.954
10213.0,10994.162
9614.0,10398.478
9235.0,9900.788
8807.0,9475.127
8544.0,9049.562
8431.0,8794.774
8969.0,8781.993
10050.0,9426.813
10650.0,10334.884
10870.0,10534.524
10850.0,10488.241
10970.0,10457.126
11570.0,10668.456
11760.0,11353.709
11410.0,11465.399
11400.0,11272.602
11080.0,11518.334
10790.0,11436.859
11690.0,11574.755
12460.000000000002,12698.275
12129.999999999998,13105.024
11940.0,12459.995
11710.0,12243.189
11319.0,11915.991
10968.0,11426.928
10332.0,11107.736
9857.0,10391.806
9425.0,10029.667
9101.0,9509.41
8831.0,9165.872
8727.0,8949.996
8926.0,8967.537
9548.0,9342.841
9930.0,9806.272
10017.0,9994.271
10110.0,9802.989
10300.0,9882.262
10890.0,10150.56
11470.0,10813.135
10350.0,11334.089
10050.0,10116.093
9900.0,10448.179
9675.0,10452.538
10355.0,10604.944
11350.0,11488.617
11270.0,12179.311
11160.0,11699.587
11065.0,11536.977
10815.0,11332.145
10299.0,10992.636
9898.0,10429.106
9469.0,10055.605
9053.0,9804.523
8878.0,9206.278
8547.0,9085.862
8392.0,8793.021
8839.0,8765.78
9825.0,9349.729
10405.0,10260.162
10348.0,10527.859
10337.0,10178.181
10634.0,10120.615
11341.0,10538.084
12025.0,11358.999
11913.0,11863.017
11929.0,11779.344
11726.0,12054.156
11482.0,12071.42
12056.0,12213.441
13454.0,13076.193
13258.0,14272.317
13062.0,13430.718
12744.0,13280.481
12649.0,12787.956
12097.999999999998,12673.306
11457.0,11957.087
10769.0,11339.983
10495.0,10777.354
10897.0,10521.453
10919.0,10901.351
10070.0,10808.081
9388.0,10041.222
9370.0,9695.874
9978.0,9884.97
10736.0,10371.456
11250.0,10836.359
11894.0,11155.82
12459.000000000002,11805.74
12617.0,12337.784
12529.0,12479.874
12279.999999999998,12566.706
12269.999999999998,12515.716
12249.999999999998,12847.984
12179.999999999998,13188.109
12850.0,13333.319
12555.0,13992.277
12780.0,13229.713
12695.0,13524.964
12569.0,13134.89
11910.0,12934.591
11292.0,12049.173
11023.0,11468.492
10636.0,11405.583
10931.0,11133.093
11314.0,11213.7
10355.0,11362.555
9611.0,10322.591
9925.0,9778.049
10380.0,10297.082
11101.0,10714.546
11750.0,11291.386
11936.0,11754.751
12349.000000000002,11834.766
12746.0,12262.851
12521.0,12725.993
12240.999999999998,12550.077
12148.999999999998,12469.502
12212.999999999998,12728.807
12232.999999999998,13009.569
12887.0,13195.711
12667.0,13823.403
12651.0,13291.563
12533.0,13197.359
12398.000000000002,12906.933
11964.0,12596.056
11468.0,12019.379
10965.0,11488.823
10503.0,11040.282
10704.0,10641.506
11354.0,10876.617
10163.0,11339.134
9305.0,10018.395
9568.0,9462.5205
10256.0,9921.254
10992.0,10532.138
11508.0,11048.341
11746.0,11335.83
12028.0,11518.893
12418.000000000002,11862.44
12452.000000000002,12342.84
12371.000000000002,12468.566
12249.999999999998,12608.568
12336.000000000002,12793.614
11986.0,13161.503
12565.0,13002.153
12518.0,13595.64
12360.000000000002,13249.082
12315.000000000002,12978.652
12145.999999999998,12796.367
11661.0,12464.433
11138.0,11835.861
10636.0,11251.475
10297.0,10796.642
10601.0,10468.283
11059.0,10806.148
9950.0,11016.276
9171.0,9793.673
9433.0,9294.408
10064.0,9776.91
10823.0,10296.599
11236.0,10808.774
11306.0,10972.391
11689.0,11012.725
11656.0,11491.729
11776.0,11559.257
11647.0,11920.288
11900.0,12046.366
12098.999999999998,12645.879
11737.0,13026.694
12391.000000000002,12780.654
12434.000000000002,13466.021
12292.000000000002,13151.344
12299.000000000002,12871.678
12177.999999999998,12745.866
11625.0,12427.448
11064.0,11736.152
10549.0,11134.997
10250.0,10711.704
10448.0,10409.563
11152.0,10603.86
9916.0,11073.399
9120.0,9673.192
9376.0,9185.276
10147.0,9644.636
10810.0,10324.464
11111.0,10698.953
11325.0,10759.557
11515.0,10924.635
11940.0,11142.706
12104.999999999998,11700.636
11885.0,12090.772
11985.0,12086.914
12054.0,12563.795
11686.0,12801.386
12244.999999999998,12643.171
12223.999999999998,13254.988
12167.999999999998,12900.5
12026.0,12759.738
11894.0,12459.486
11535.0,12202.222
11038.0,11716.795
10554.0,11146.841
10117.0,10735.099
10234.0,10255.439
10934.0,10421.698
9720.0,10876.8
8860.0,9488.807
8665.0,8940.779
8897.0,8985.911
9284.0,9200.313
9716.0,9391.174
9950.0,9661.748
10514.0,9828.326
10878.0,10456.284
9741.0,10870.2
9926.0,9858.021
10136.0,10601.566
10639.0,11017.616
10696.0,11668.486
10810.0,11772.74
10970.0,11801.6875
10884.0,11797.406
10968.0,11506.291
10930.0,11474.929
10509.0,11250.969
9990.0,10669.531
9424.0,10091.597
9087.0,9648.583
9397.0,9254.588
10082.0,9648.101
9083.0,10082.354
8359.0,8868.32
8540.0,8451.753
9236.0,8835.94
9959.0,9449.719
10260.0,9927.966
10743.0,10489.361
11075.0,10625.3545
11484.0,10701.192
11734.0,11085.511
11677.0,11636.373
11541.0,11775.0205
11886.0,12004.099
11849.0,12636.7295
12293.000000000002,12578.597
12266.999999999998,13058.752
12279.999999999998,12696.473
12269.999999999998,12665.531
11735.0,12485.872
11461.0,11757.463
10963.0,11544.711
10588.0,10896.241
10162.0,10678.419
10468.0,10213.659
11129.0,10640.676
10103.0,11043.575
9195.0,9809.464
9473.0,9262.873
10097.0,9830.133
10891.0,10343.589
11449.0,10905.538
11851.0,11265.4375
12218.999999999998,11547.302
12528.0,11944.134
12659.0,12370.776
12593.0,12629.953
12441.000000000002,12816.992
12535.0,13008.511
12098.999999999998,13361.516
12604.0,12956.674
12763.0,13640.309
12758.0,13431.676
12738.0,13334.454
12575.0,13106.612
12140.999999999998,12849.226
11660.0,12308.269
11057.0,11827.328
10610.0,11379.778
10807.0,11104.097
11396.0,11201.333
10128.0,11507.392
9467.0,10133.009
9858.0,9772.557
10462.0,10354.223
11201.0,10837.295
11604.0,11338.841
11950.0,11545.155
12381.000000000002,11872.532
12747.0,12235.148
13047.0,12706.038
12909.0,13109.067
12696.0,13115.083
12881.0,13229.086
12585.0,13647.509
13034.0,13462.56
13138.0,13969.343
13088.0,13794.332
13102.0,13601.371
12830.0,13441.508
12377.000000000002,12974.716
11859.0,12457.971
11303.0,11888.769
10864.0,11438.645
11070.0,11056.757
11521.0,11264.449
10653.0,11442.562
9717.0,10459.529
9964.0,9814.88
10415.0,10309.176
11039.0,10693.104
11680.0,11130.026
11945.0,11537.745
12139.999999999998,11742.231
12700.0,11962.394
12960.0,12664.556
12970.0,12982.264
12830.0,13108.614
12890.0,13258.839
12600.0,13558.599
13216.0,13444.827
13245.0,14103.825
13229.0,13829.465
13283.0,13734.411
13079.0,13614.213
12621.0,13236.981
12119.999999999998,12687.598
11650.0,12053.509
11291.0,11678.04
11348.0,11363.923
11747.0,11435.548
10711.0,11651.111
9836.0,10494.332
9863.0,9938.951
10590.0,10189.816
11370.0,10885.118
11963.0,11426.708
12105.999999999998,11764.93
12609.0,11806.589
12950.0,12397.98
13135.0,12775.436
13090.0,13057.378
13020.0,13182.318
13018.0,13388.278
13064.0,13622.814
13507.0,13907.981
13594.0,14306.732
13440.0,14174.585
13628.0,13899.856
13401.0,14011.178
12833.0,13545.496
12391.000000000002,12912.309
11930.0,12494.133
11634.0,12079.437
11810.0,11688.445
12033.0,11867.289
11133.0,11853.243
10221.0,10880.213
10498.0,10225.076
11055.0,10801.526
11659.0,11308.111
12194.999999999998,11748.52
12445.000000000002,11988.617
12935.0,12088.182
13420.0,12601.049
13480.0,13095.671
13635.0,13369.185
13570.0,13655.215
13650.0,13781.696
13659.0,14205.554
13841.0,14407.005
14156.0,14555.878
14332.0,14749.694
14420.0,14782.944
14021.0,14701.209
13684.0,14104.262
13395.0,13833.868
12823.0,13454.865
12501.000000000002,12844.392
12680.0,12530.972
12605.0,12642.512
11709.0,12346.202
11066.0,11445.237
10671.0,11056.616
10875.0,10901.655
11210.0,11194.434
11285.0,11338.146
11585.0,11308.051
12269.999999999998,11634.991
12770.0,12252.996
12096.999999999998,12728.735
12227.999999999998,12077.295
12523.0,12657.216
12627.0,13139.203
12730.0,13407.36
13642.0,13633.887
13658.0,14595.917
13739.0,14230.383
13902.0,14305.229
13897.0,14266.75
13633.0,14137.434
13178.0,13755.36
12505.000000000002,13217.551
12372.000000000002,12633.0205
12433.000000000002,12421.472
12794.0,12374.056
11873.0,12616.664
11195.0,11553.485
11222.0,11200.052
11634.0,11455.676
11779.0,11868.81
11972.0,11827.111
12242.999999999998,12051.693
12738.0,12386.612
13295.0,12787.092
13870.0,13189.946
13910.0,13824.707
13870.0,13941.6045
13910.0,14249.594
14080.0,14620.62
15120.000000000002,15022.078
14979.999999999998,16019.925
15023.000000000002,15414.447
15375.0,15591.269
15210.000000000002,15712.245
14834.999999999998,15313.339
13675.0,14925.415
13246.0,13544.257
13277.0,13281.884
13481.0,13303.999
12467.000000000002,13565.282
11907.0,12357.079
11817.0,12078.198
12274.999999999998,12131.13
12840.0,12641.702
13265.0,12882.516
13280.0,13068.994
13700.0,12733.224
14424.0,13581.865
14680.0,14351.671
14305.0,14745.485
14330.0,14476.739
14435.0,15041.428
14400.0,15334.8125
15035.000000000002,15371.109
14740.0,16197.333
14350.0,15428.062
14571.0,15170.725
14509.0,15537.751
14075.0,15177.073
14405.0,14660.1
13480.0,14943.636
13050.0,13651.469
13270.0,13512.636
13280.0,13508.56
12420.000000000002,13262.81
11723.0,12489.706
11721.0,12050.119
12087.999999999998,12208.227
12630.0,12546.072
13270.0,12891.335
13355.0,13233.905
13485.0,13313.577
13775.0,13713.125
14130.0,14042.192
13490.0,14340.499
13270.0,13825.337
13340.0,13972.7
13423.0,14240.5205
14272.0,14564.283
14236.0,15301.1875
13991.0,14862.459
14492.0,14611.363
14228.0,15075.339
14304.0,14490.217
13980.0,14692.816
13410.0,13850.914
12940.0,13352.753
13225.0,12832.814
12869.0,13072.806
12119.999999999998,12730.663
11366.0,11994.438
11409.0,11469.628
11962.0,11720.665
12450.000000000002,12217.725
12900.0,12435.895
12835.0,12600.035
13370.0,12512.052
13405.0,13214.941
13645.0,13365.551
13785.0,13720.505
13925.0,14055.806
13775.0,14484.306
13841.0,14596.506
14390.0,14998.761
14411.0,15443.3545
14400.0,15179.857
14568.0,15145.378
14320.0,15143.209
13862.0,14754.195
13555.0,14241.225
13041.0,13755.586
12760.0,13323.625
12870.0,12847.889
12881.0,12886.336
11978.0,12781.944
11151.0,11834.96
11161.0,11286.453
11756.0,11517.833
12394.000000000002,12010.744
12950.0,12384.324
13140.0,12638.835
13440.0,12741.092
13785.0,13089.631
14000.0,13626.677
14100.0,14034.784
14170.0,14184.955
14200.0,14618.158
14300.0,14934.165
14730.0,15215.509
14750.0,15656.914
14720.0,15421.518
14580.0,15350.294
14590.0,15046.62
14360.0,14918.272
14130.0,14561.016
13645.0,14190.261
13290.0,13702.595
13420.0,13217.661
13530.0,13243.037
12640.0,13236.513
11929.0,12289.636
11972.0,11907.095
12461.000000000002,12168.485
12761.0,12586.46
13170.0,12742.25
13275.0,12977.866
13505.0,12960.807
13740.0,13363.884
13700.0,13679.208
13385.0,13678.679
13300.0,13576.277
13400.0,13819.0
13422.0,14152.048
13495.0,14353.144
13599.0,14360.829
13565.0,14393.336
13807.0,14219.3955
13639.0,14440.993
13394.0,14060.13
13130.0,13826.937
12575.0,13424.011
12274.999999999998,12852.038
12425.000000000002,12474.535
12535.0,12534.222
11445.0,12449.206
10755.0,11310.369
10505.0,10936.146
10525.0,10893.134
10846.0,10938.393
10988.0,11255.507
11065.0,11213.276
11539.0,11332.442
12087.999999999998,11913.203
10684.0,12387.33
10943.0,10957.511
10768.0,11807.623
11055.0,11598.331
11365.0,12112.276
11711.0,12369.952
11619.0,12626.695
11716.0,12321.476
11948.0,12460.142
12002.0,12549.719
11837.0,12463.314
11526.0,12184.803
11004.0,11760.543
10603.0,11318.259
10874.0,10800.561
11151.0,11088.744
10161.0,11129.875
9361.0,10025.475
9559.0,9541.425
10216.0,9963.8
10735.0,10565.912
10654.0,10902.564
10746.0,10731.836
11020.0,10961.292
11300.0,11292.898
11563.0,11441.88
11345.0,11790.014
11448.0,11568.435
11693.0,12007.758
12009.0,12372.304
12334.000000000002,12759.259
12451.000000000002,12947.024
12491.000000000002,12940.693
12568.0,12890.933
12483.000000000002,12862.33
11881.0,12596.509
11621.0,11925.424
11111.0,11743.082
10765.0,11220.317
10929.0,10903.194
11223.0,11096.123
10116.0,11202.01
9314.0,9932.877
9476.0,9555.66
9955.0,9938.363
10755.0,10328.441
11502.0,10874.425
11754.0,11334.639
12300.000000000002,11447.114
12498.000000000002,12085.419
12665.0,12381.515
12578.0,12776.808
12471.000000000002,12793.1455
12519.0,13087.495
12685.0,13328.182
12872.0,13626.563
12859.0,13743.988
12922.0,13572.609
12962.0,13563.429
12844.0,13444.185
12616.0,13174.14
12047.0,12904.282
11456.0,12224.064
10990.0,11837.347
11363.0,11489.51
11355.0,11684.341
10334.0,11392.629
9454.0,10327.545
9615.0,9743.607
10244.0,10121.673
11174.0,10646.852
11572.0,11365.016
11798.0,11494.986
12345.000000000002,11700.222
12731.0,12264.728
13015.0,12716.122
13013.0,13146.148
12836.0,13316.342
12907.0,13448.087
13094.0,13808.56
13127.0,14115.221
13340.0,14019.333
13128.0,14146.274
13178.0,13713.745
13076.0,13694.751
12741.0,13384.65
12305.000000000002,12909.076
11831.0,12408.504
11393.0,11970.309
11754.0,11555.535
11745.0,11847.141
10496.0,11595.756
9802.0,10341.475
10066.0,9992.004
10826.0,10411.47
11375.0,11080.931
11940.0,11343.041
12250.999999999998,11723.082
12734.0,11985.582
13048.0,12519.838
13253.0,12967.902
13302.0,13320.381
13205.0,13559.929
13261.0,13734.545
13438.0,14074.171
13727.0,14371.075
13867.0,14613.479
13300.0,14538.298
13627.0,13461.277
13649.0,14439.712
13018.0,13971.049
13013.0,13258.876
12344.000000000002,13285.325
11851.0,12401.89
12090.999999999998,11942.529
12097.999999999998,12134.2705
10888.0,11881.134
10220.0,10661.729
10234.0,10386.075
10398.0,10578.136
10987.0,10672.245
11537.0,11141.654
11926.0,11513.858
12360.000000000002,11838.162
12847.0,12333.836
13169.0,12885.566
13144.0,13330.908
13143.0,13433.08
13283.0,13690.568
13410.0,14081.458
13943.0,14311.782
14126.0,14795.302
14003.0,14639.901
14278.0,14455.147
14091.0,14670.834
13752.0,14191.842
13489.0,13906.055
12901.0,13535.562
12478.000000000002,12886.696
12643.0,12440.17
12553.0,12542.34
11545.0,12216.515
10622.0,11242.164
10834.0,10635.516
11278.0,11048.379
12040.0,11391.271
12762.0,11975.154
13318.0,12481.498
13943.0,12931.537
14296.0,13501.914
14483.0,13848.183
14384.0,14154.787
14225.0,14266.063
14109.0,14504.052
14049.0,14661.505
14850.999999999998,14841.051
14791.0,15676.612
14850.999999999998,15222.46
14875.999999999998,15361.025
14805.999999999998,15196.926
14627.0,15050.45
14292.0,14809.51
13787.0,14386.251
13274.0,13680.49
13421.0,13116.723
12944.0,13230.866
12121.999999999998,12644.093
11148.0,11892.174
11117.0,11200.5625
11241.0,11442.38
11581.0,11524.433
11890.0,11766.026
12318.000000000002,11936.6875
12878.0,12336.479
13303.0,12895.266
12863.0,13343.163
13390.0,12972.028
13390.0,13888.21
13427.0,13803.671
13795.0,14191.829
14436.0,14860.475
14792.0,15336.389
14749.0,15456.565
14988.999999999998,15231.03
14744.0,15454.986
14660.0,14976.821
14576.0,14892.703
13996.0,14703.541
13561.0,13994.534
13693.0,13474.357
13492.0,13505.03
12785.0,13153.13
11676.0,12484.302
11404.0,11672.327
11293.0,11760.192
11569.0,11631.054
11851.0,11846.755
11991.0,12066.556
12200.999999999998,12189.31
12535.0,12510.821
13080.0,12873.644
13270.0,13642.391
13070.0,13821.211
13150.0,13929.132
13530.0,14395.856
14330.0,14991.798
14315.0,15625.167
14164.0,15172.211
14350.0,15036.57
14210.0,15099.309
14148.0,14772.486
13968.0,14729.617
13500.0,14333.428
13082.0,13760.854
13365.0,13222.904
12992.0,13476.91
12185.999999999998,12840.588
11161.0,12101.903
10835.0,11306.807
10734.0,11250.09
10929.0,11217.22
10854.0,11335.675
11109.0,11178.303
11428.0,11564.297
11974.0,11885.617
12403.000000000002,12568.056
12398.000000000002,12968.814
12272.999999999998,13000.273
12302.000000000002,13135.983
12682.0,13431.982
13041.0,13949.208
12838.0,14104.163
12670.0,13674.863
12628.0,13539.12
12710.0,13389.914
12715.0,13430.327
12670.0,13273.209
12405.000000000002,13041.438
12066.0,12721.065
11665.0,12442.609
11279.0,11786.905
11159.0,11365.002
11030.0,11204.48
11359.0,11113.333
10839.0,11464.282
9783.0,10858.02
9702.0,9939.905
9976.0,10119.389
10274.0,10434.169
10556.0,10747.745
10763.0,11106.844
10662.0,11396.85
10421.0,11393.597
10119.0,11360.208
9752.0,11292.279
11796.0,11059.022
12050.0,13163.1455
11990.0,12604.434
12230.999999999998,12478.345
12300.000000000002,12586.58
12422.000000000002,12484.964
12342.000000000002,12512.9
11850.0,12247.813
11440.0,11897.199
11113.0,11324.404
10564.0,11012.211
10474.0,10513.113
10060.0,10509.619
10037.0,10186.436
10430.0,10167.236
10356.0,10398.826
10236.0,10237.278
10280.0,10144.079
10573.0,10256.921
11165.0,10641.868
11550.0,11319.354
11469.0,11735.753
11168.0,11678.973
10732.0,11557.231
10380.0,11329.435
11847.0,11419.253
12564.0,12950.729
12576.0,13166.0625
12453.000000000002,12920.961
12713.0,12641.046
12634.0,12830.103
12641.0,12535.4795
12203.999999999998,12418.623
11840.0,11879.555
11630.0,11491.515
11336.0,11231.963
11126.0,10988.465
10803.0,10822.278
10635.0,10585.66
10624.0,10538.557
10594.0,10513.929
10503.0,10445.411
10470.0,10266.556
10921.0,10295.065
11418.0,10875.175
11752.0,11468.534
11623.0,11860.057
11323.0,11889.497
11032.0,11829.176
10640.0,11790.931
12603.0,11748.909
12903.0,13913.379
12874.0,13489.428
12886.0,13306.982
12949.0,13206.225
12931.0,13144.165
12779.0,13015.15
12466.000000000002,12580.795
12104.999999999998,12249.635
11795.0,11790.309
11490.0,11444.478
11325.0,11163.646
10795.0,11036.872
10735.0,10565.411
10717.0,10605.637
10659.0,10529.548
10821.0,10391.478
11024.0,10512.732
11320.0,10776.09
11720.0,11163.254
12020.0,11702.125
11921.0,12127.54
11626.0,12139.331
11362.0,12104.554
11015.0,12107.854
12858.0,12193.664
13118.0,14158.789
13077.0,13724.216
13032.0,13573.653
13016.0,13381.551
13069.0,13276.356
13061.0,13229.404
12701.0,13068.956
12391.000000000002,12569.192
12028.0,12128.492
11672.0,11701.267
11490.0,11377.008
11133.0,11209.091
11009.0,10932.428
11036.0,10876.057
10788.0,10857.985
10871.0,10620.446
10971.0,10750.957
11479.0,10893.817
12188.999999999998,11478.512
11694.0,12193.094
11491.0,11647.486
11093.0,11768.559
10899.0,11570.259
10847.0,11608.016
12664.0,11902.054
12859.0,13764.722
12933.0,13275.633
13033.0,13304.334
12899.0,13243.442
12999.0,13025.959
12952.0,13116.445
12698.0,12898.749
12301.000000000002,12611.012
11966.0,11990.105
11677.0,11658.196
11389.0,11448.953
11011.0,11234.959
11096.0,10980.331
11305.0,11180.838
11596.0,11242.835
11737.0,11408.406
12070.999999999998,11480.738
12603.0,11885.086
13096.0,12518.097
13277.0,12966.715
13354.0,13260.657
13035.0,13525.896
12662.0,13465.172
11502.0,13397.297
12775.0,12599.039
12183.999999999998,14328.481
12239.999999999998,12959.122
12893.0,13327.505
13146.0,13713.668
13234.0,13687.638
13355.0,13613.721
13130.0,13510.192
12650.0,13038.458
12300.000000000002,12421.493
12109.999999999998,12089.365
11900.0,11958.677
11450.0,11773.397
11629.0,11445.439
11806.0,11791.935
12296.000000000002,11815.878
12575.0,12173.388
12933.0,12294.553
13378.0,12695.628
13879.0,13178.533
14152.0,13799.559
14177.0,14198.872
14120.0,14334.995
13728.0,14512.844
13164.0,14187.143
15020.000000000002,14092.154
15075.000000000002,16068.801
15045.000000000002,15338.767
14764.0,15564.231
14269.0,15053.808
13567.0,14622.174
11520.0,13949.664
11069.0,11802.244
10870.0,12141.802
10363.0,11826.635
9661.0,11104.717
9267.0,10386.162
9392.0,10046.714
9795.0,10256.747
10327.0,10599.644
10682.0,10990.67
11263.0,11086.5
11800.0,11502.98
12598.0,11964.902
13196.0,12736.796
13530.0,13253.444
13670.0,13638.187
13720.0,13897.752
13320.0,14110.269
13010.0,13905.361
14800.0,14078.782
14720.0,15888.821
14580.0,15131.479
14570.0,14950.841
14355.0,14712.473
14323.0,14348.073
14273.0,14057.175
13848.0,13933.131
13341.0,13378.478
12932.0,12823.576
12464.000000000002,12363.987
12390.000000000002,12025.124
11984.0,12100.289
12207.999999999998,11799.491
12485.000000000002,12151.384
12780.0,12297.223
13450.0,12471.09
13910.0,13105.642
14100.0,13528.002
14450.0,13769.307
14550.0,14173.722
14650.0,14342.061
14480.0,14734.746
14250.0,14740.609
13720.0,14708.826
15320.0,14747.258
15460.0,16284.957
15480.0,15906.918
15500.0,15936.712
15385.0,15773.742
15250.0,15582.59
14949.999999999998,15311.29
14500.0,14645.124
14200.0,14171.057
13570.0,13961.282
13210.0,13307.543
12750.0,13102.428
12390.000000000002,12680.738
12600.0,12456.767
12765.0,12737.137
13100.0,12823.117
13520.0,13037.835
13950.0,13361.486
14350.0,13777.426
14530.0,14273.8955
14740.0,14467.315
14700.0,14825.319
14630.0,14892.429
14400.0,15060.007
14100.0,14891.119
15600.0,15124.24
15850.0,16565.32
15850.0,16379.961
15880.0,16255.905
15680.0,16272.478
15430.0,15928.855
15280.0,15652.258
14839.999999999998,15273.614
14430.0,14730.3
14080.0,14206.669
13750.0,13845.646
13450.0,13551.694
13150.0,13316.226
13140.0,13113.948
13195.0,13130.009
13295.0,13160.72
13660.0,13192.172
13870.0,13387.989
14200.0,13709.381
14298.0,14101.137
13330.0,14320.289
13740.0,13480.048
13440.0,14485.743
13023.0,14207.088
11171.0,14123.294
13087.0,12517.372
13585.0,15096.376
13539.0,14719.252
13553.0,14576.11
12930.0,14427.335
11973.0,13639.385
11195.0,12746.2705
11040.0,12037.112
10903.0,11959.613
10836.0,11533.185
10641.0,11328.313
10380.0,11056.882
9912.0,10774.806
9846.0,10342.531
10038.0,10328.851
10420.0,10439.159
10720.0,10593.025
11199.0,10793.638
12093.999999999998,11242.975
12709.0,12124.6045
12231.999999999998,12554.959
12421.000000000002,12287.001
11975.0,12740.574
11706.0,12368.906
11572.0,12272.959
13491.0,12640.935
14123.0,14658.649
14040.0,14567.028
14147.0,14280.17
14119.0,14273.296
14061.0,14002.914
13749.0,13871.6455
13344.0,13449.022
12989.0,13164.883
12614.0,12646.381
12287.999999999998,12266.212
11846.0,12057.915
11363.0,11674.641
11575.0,11357.566
11830.0,11633.791
12219.999999999998,11809.065
12430.000000000002,12027.697
13000.0,12216.917
13340.0,12846.6045
13500.0,13137.424
13790.0,13343.377
14000.0,13759.735
13800.0,13938.239
13700.0,14223.707
13660.0,14376.141
15060.000000000002,14818.384
15160.000000000002,16040.289
15260.0,15638.939
15350.0,15711.112
15300.0,15731.765
15200.000000000002,15459.323
14999.999999999998,15259.946
14570.0,14833.867
14250.0,14604.342
13680.0,13921.777
12720.0,13398.536
11925.0,12521.715
11136.0,11991.028
10338.0,11530.878
9713.0,10952.243
9881.0,10443.042
10681.0,10622.809
11217.0,11287.749
12243.999999999998,11630.507
13245.0,12691.35
13585.0,13611.623
13730.0,13884.878
14110.0,14151.492
14030.0,14770.463
13550.0,14908.546
14999.999999999998,14716.357
15280.0,16401.736
15380.0,15929.801
15120.000000000002,16023.02
14969.999999999998,15534.713
14869.999999999998,15440.968
14819.999999999998,15241.276
14240.0,15106.655
13740.0,14397.739
13300.0,13980.169
13050.0,13265.47
12670.0,12976.255
12078.999999999998,12585.366
11914.0,12071.461
11827.0,11943.973
11738.0,11864.161
12079.999999999998,11804.132
12294.000000000002,12154.99
12878.0,12457.625
13479.0,13197.156
13410.0,13860.172
13457.0,13857.725
12852.0,14142.252
12248.999999999998,13675.623
12007.0,13438.391
14065.0,13645.226
14240.0,15729.619
14365.0,15144.41
14550.0,15145.698
14410.0,15069.305
13620.0,14774.486
13040.0,13839.494
12020.0,13321.004
10991.0,12339.756
10435.0,11374.65
10224.0,10906.623
9820.0,10727.869
9666.0,10320.443
10257.0,10241.174
10763.0,10801.028
11432.0,11112.643
12244.999999999998,11602.388
12800.0,12169.507
13780.0,12500.47
14100.0,13438.195
14105.0,13656.997
14300.0,13877.098
14333.0,14266.732
13946.0,14360.661
13413.0,14182.721
15447.0,14213.034
15641.0,16281.216
15429.0,15780.985
15309.0,15565.415
15094.000000000002,15288.986
15024.000000000002,15035.357
14711.0,14900.159
14214.0,14412.247
13745.0,13798.67
13312.0,13240.257
13003.0,12839.633
12786.0,12578.143
12220.999999999998,12474.168
12404.000000000002,12070.043
12470.000000000002,12383.794
13050.0,12395.533
13570.0,12884.452
13790.0,13270.184
14100.0,13535.761
13960.0,13945.312
12745.0,13973.598
11273.0,13193.221
9060.0,12161.359
9799.0,10388.68
10644.0,11815.724
11924.0,12750.129
12450.000000000002,13758.32
12468.000000000002,13754.023
12625.0,13498.509
12640.0,13485.941
12532.0,13316.7705
12314.000000000002,13163.213
12032.0,12681.509
11497.0,12361.548
11026.0,11653.117
10739.0,11159.306
10332.0,10925.765
9881.0,10508.922
10368.0,10190.011
10312.0,10741.092
10776.0,10552.391
11129.0,10989.034
10977.0,11240.274
10339.0,11104.613
10389.0,10413.368
10049.0,10677.354
10136.0,10339.205
10284.0,10455.491
10170.0,10879.3955
10537.0,10869.473
12043.0,11572.57
12156.999999999998,13028.431
12069.999999999998,12578.888
12060.0,12433.891
11752.0,12326.263
11545.0,11929.83
11352.0,11789.124
10950.0,11468.443
10550.0,11012.597
10165.0,10486.88
9895.0,10096.167
9725.0,9845.127
9375.0,9692.991
9610.0,9463.686
9649.0,9655.319
9781.0,9611.016
9888.0,9637.902
10263.0,9723.577
11044.0,10206.64
11528.0,10992.914
10399.0,11370.005
10286.0,10312.172
9693.0,10718.924
9552.0,10315.932
9881.0,10507.554
11564.0,11050.915
11820.0,12642.76
11681.0,12272.695
11740.0,12045.622
11737.0,11990.6
11645.0,11879.334
11432.0,11710.08
11020.0,11388.978
10464.0,11027.662
10133.0,10318.947
9807.0,10045.614
9687.0,9799.325
9519.0,9790.83
9858.0,9742.764
9994.0,10013.524
10464.0,9991.492
10667.0,10369.846
11170.0,10508.525
11968.0,11232.218
12337.000000000002,11972.044
12292.000000000002,12074.663
12061.0,12203.153
12298.000000000002,12122.883
12134.999999999998,12715.607
12209.999999999998,12722.307
14230.0,13256.949
14500.0,15300.37
14335.0,14604.433
14304.0,14472.51
14081.0,14368.002
13720.0,14051.555
13620.0,13652.917
13150.0,13566.941
12780.0,12903.012
12279.999999999998,12485.332
11910.0,12007.092
11689.0,11800.794
11241.0,11665.324
11539.0,11334.724
11464.0,11771.965
12140.999999999998,11597.257
12617.0,12276.811
12900.0,12495.605
13420.0,12593.561
14080.0,13200.611
14150.0,13938.322
14375.0,13813.181
14200.0,14400.335
13775.0,14321.935
13720.0,14231.269
15175.000000000002,14738.899
15730.0,16252.15
15700.0,16191.1875
15750.0,16019.128
15450.0,15873.255
15400.0,15505.494
15300.0,15555.865
14650.0,15304.658
14250.0,14549.052
13700.0,14287.052
13250.0,13572.732
12790.0,13204.098
12060.0,12874.406
11920.0,12298.052
11118.0,12261.149
10208.0,11581.593
10669.0,10859.366
11671.0,11569.521
12430.000000000002,12417.386
12820.0,12952.17
12780.0,13283.673
13180.0,13104.666
13090.0,13784.289
12920.0,13759.039
12680.0,13793.805
14770.0,13910.505
15085.000000000002,16125.263
14969.999999999998,15596.529
14989.999999999998,15437.087
14750.0,15304.633
14475.0,14956.496
14390.0,14671.434
13720.0,14479.485
13350.0,13557.427
13000.0,13183.101
12600.0,12775.003
12380.000000000002,12404.034
12015.0,12215.803
12283.999999999998,11945.874
12154.999999999998,12208.005
12482.000000000002,11847.215
12900.0,12344.6045
13237.0,12772.033
13679.0,13118.262
14107.0,13622.461
14320.0,14032.943
14560.0,14347.456
14254.0,14644.297
13830.0,14336.491
13670.0,14164.741
15150.000000000002,14548.066
15775.0,16008.716
15750.0,15906.902
15730.0,15849.134
15620.0,15779.877
15440.0,15632.02
15220.000000000002,15469.324
14500.0,15083.524
14000.0,14309.4795
13740.0,13776.137
13460.0,13466.611
13270.0,13188.043
12780.0,13060.089
12880.0,12708.467
12640.0,12881.127
12780.0,12658.758
13065.0,12870.478
13455.0,13080.612
13835.0,13400.426
14120.0,13819.18
14120.0,14093.515
14280.0,14208.793
14500.0,14495.401
14150.0,14807.905
14000.0,14687.557
15800.0,15081.017
16000.0,16809.34
16025.0,16292.959
16050.0,16432.004
15980.0,16268.211
15870.0,16117.368
15780.0,15914.217
15260.0,15680.887
14849.999999999998,14996.514
14480.0,14475.935
14150.0,14082.942
13770.0,13796.004
13240.0,13465.773
13050.0,13108.022
13160.0,13002.774
13405.0,13053.113
13820.0,13264.24
14515.0,13570.871
14730.0,14161.092
14954.999999999998,14279.483
14979.999999999998,14678.236
15050.000000000002,14876.13
15125.000000000002,15146.498
14650.0,15402.2
14275.0,15220.287
16150.0,15380.685
16510.0,17393.27
16350.0,16947.096
16270.0,16777.76
16230.0,16635.273
16110.0,16523.992
16000.0,16378.191
15690.0,16134.265
15310.0,15603.229
14869.999999999998,15008.787
14470.0,14470.172
14100.0,14104.872
13480.0,13784.608
13040.0,13300.105
12840.0,12988.087
12690.0,12832.326
12570.0,12688.703
12970.0,12759.825
13520.0,13101.083
13980.0,13512.773
13525.0,13998.887
13940.0,13634.49
13795.0,14292.898
13195.0,14217.751
12730.0,13941.842
14670.0,14127.496
15580.0,16243.445
15430.0,16246.906
15690.0,15910.069
15640.0,16142.594
15600.0,15876.432
15500.0,15891.611
15150.000000000002,15577.994
14620.0,15105.202
14220.0,14329.245
13880.0,13950.646
13750.0,13696.833
13340.0,13638.745
13140.0,13203.419
13010.0,13148.836
12850.0,12885.808
12770.0,11934.226
12960.0,12855.619
13550.0,13023.518
13980.0,13835.563
14040.0,14165.594
14420.0,14319.859
14710.0,14912.905
14780.0,15163.026
14200.0,15312.489
15150.000000000002,13592.326
15850.0,14761.404
15900.0,14832.836
16000.0,15136.676
15950.0,15526.412
15466.0,15593.861
15470.0,15502.338
15050.000000000002,15679.942
14500.0,15134.424
13582.0,14387.905
13004.0,13529.218
12781.0,13183.282
12532.0,13057.976
12567.0,12850.666
12480.000000000002,12920.059
13000.0,12632.934
13370.0,13121.602
13930.0,13270.147
14480.0,13928.407
14809.999999999998,14343.6455
14819.999999999998,14690.959
15050.000000000002,14940.957
14750.0,15325.409
14530.0,15195.694
14300.0,15286.788
15670.0,15365.654
16050.0,16942.787
16000.0,16574.127
15950.0,16564.016
15780.0,16395.455
15750.0,16024.653
15700.0,16102.508
15240.0,15873.947
14879.999999999998,15281.955
14120.0,14940.848
13420.0,13968.75
12950.0,13422.198
12089.999999999998,13118.171
11596.0,12432.568
11180.0,12234.14
11403.0,11924.976
11385.0,12115.395
11683.0,11993.73
12230.999999999998,12300.704
12114.999999999998,12874.142
12209.999999999998,12919.319
12365.000000000002,13336.832
11820.0,13479.591
11600.0,12966.545
11260.0,12960.438
12636.0,12821.171
12820.0,14262.895
12692.0,13830.308
12682.0,13598.911
12600.0,13440.382
12269.999999999998,13244.374
11885.0,12807.776
11340.0,12330.545
10517.0,11782.641
9906.0,10881.519
9638.0,10300.153
9058.0,10089.448
9106.0,9489.857
9559.0,9738.847
9930.0,9998.562
10656.0,10186.164
11435.0,10685.945
12190.999999999998,11163.52
12784.0,11835.405
13110.0,12281.981
12960.0,12689.24
13080.0,12846.746
12950.0,13127.591
12410.000000000002,13125.487
12450.000000000002,12785.463
14069.0,13282.977
14163.0,14963.548
13932.0,14376.13
13785.0,14141.085
13692.0,13900.032
13408.0,13743.326
13237.0,13364.98
12590.0,13148.961
12144.999999999998,12341.981
11800.0,11851.185
11440.0,11492.559
11245.0,11164.748
11185.0,11096.168
11290.0,11109.609
11530.0,11218.377
11878.0,11396.916
12473.000000000002,11744.646
12968.0,12281.495
13420.0,12801.976
13710.0,13250.606
13125.0,13560.929
13030.0,13030.223
12890.0,13399.531
12310.000000000002,13181.744
12174.999999999998,13077.864
13937.0,13334.449
14158.0,15129.66
13974.0,14596.629
13919.0,14395.461
13480.0,14258.192
13125.0,13680.798
12955.0,13422.796
12600.0,13170.503
12099.999999999998,12924.783
11810.0,12135.8955
11460.0,11846.297
11160.0,11514.469
10590.0,11290.749
10299.0,10790.906
9998.0,10606.54
9936.0,10282.645
10034.0,10190.521
10422.0,10267.333
10974.0,10751.983
11176.0,11293.034
10542.0,11424.7705
10041.0,10978.434
9705.0,10866.198
9106.0,10819.831
9009.0,10539.767
10939.0,10884.788
11383.0,12825.54
11369.0,12557.856
11428.0,12301.848
11241.0,12107.035
11077.0,10792.351
11108.0,11418.113
10670.0,11217.24
10386.0,10816.387
10052.0,10463.837
9662.0,10028.218
9454.0,9652.771
9271.0,9448.16
9685.0,9285.876
9904.0,9607.392
10163.0,9653.1
10323.0,9725.667
10946.0,9855.59
11680.0,10508.628
12360.000000000002,11198.161
11690.0,11844.613
11940.0,11124.979
11650.0,11764.086
11300.0,11647.248
11235.0,11718.502
13144.0,12142.648
13676.0,14190.917
13622.0,13969.468
13647.0,13779.941
13441.0,13623.088
13490.0,13306.192
13458.0,13384.15
12927.0,13169.882
12348.000000000002,12607.739
11947.0,11892.304
11534.0,11546.388
11347.0,11219.322
10969.0,11193.764
11304.0,10926.272
11414.0,11322.633
11739.0,11210.428
11998.0,11449.93
12436.000000000002,11678.656
12706.0,12267.283
12640.0,12646.61
12411.000000000002,12612.313
12721.0,12707.248
12825.0,13243.864
12759.0,13460.621
12524.0,13653.149
14162.0,13796.351
14873.999999999998,15622.695
14885.999999999998,15559.511
14769.0,15337.396
14060.0,15054.261
14274.0,14241.8545
14146.0,14701.608
13515.0,14198.813
13216.0,13507.615
12758.0,13100.253
12318.000000000002,12577.133
12114.999999999998,12233.362
11795.0,12109.118
11956.0,11899.852
11974.0,12105.547
12558.0,11972.794
13076.0,12488.144
13360.0,12855.98
13684.0,13047.557
13826.0,13478.671
13250.0,13849.648
13300.0,13536.406
13090.0,13860.692
12900.0,13745.347
12730.0,13823.495
14520.0,14016.503
14819.999999999998,16035.163
14538.0,15448.876
14489.0,15162.095
14217.0,14952.804
14172.0,14664.584
13916.0,14622.183
13472.0,14169.218
12933.0,13836.721
12648.0,13326.325
12316.000000000002,12850.182
12041.0,12486.92
11719.0,12246.711
11960.0,12008.881
12041.0,12227.424
12541.0,12208.162
13049.0,12600.398
13435.0,12992.913
13890.0,13247.824
14110.0,13750.852
14080.0,14009.111
14300.0,14252.819
14010.0,14686.064
13680.0,14468.39
13350.0,14458.319
15080.000000000002,14560.295
15550.0,16381.248
15210.000000000002,16148.223
15180.000000000002,15630.301
14979.999999999998,15551.121
14824.999999999998,15202.561
14580.0,15013.19
14260.0,14559.268
13815.0,14168.634
13380.0,13599.53
13015.0,13099.316
12670.0,12802.774
12229.999999999998,12525.187
11900.0,12226.13
11920.0,12024.119
12510.0,12101.973
12780.0,12674.685
12695.0,12859.388
13085.0,12836.834
12615.0,13215.143
12425.000000000002,12676.923
12594.0,12948.468
12374.000000000002,13212.635
12250.999999999998,13219.137
12436.000000000002,13411.235
14115.0,13916.847
14725.0,15534.726
14525.0,15480.107
14377.0,15032.682
14127.0,14818.169
13882.0,14468.908
13802.0,14183.869
13118.0,14039.348
12744.0,13225.984
12422.000000000002,12782.428
12102.999999999998,12395.58
11874.0,12089.905
11524.0,11889.782
11808.0,11556.169
11869.0,11867.661
12542.0,11806.732
13084.0,12348.877
13525.0,12700.473
14000.0,13092.557
14375.0,13501.922
14310.0,13940.598
14400.0,14037.305
14390.0,14341.959
14140.0,14628.735
13700.0,14730.795
15200.000000000002,14688.031
16070.0,16410.55
16120.0,16631.566
16100.0,16379.536
15870.0,16235.101
15820.0,15831.261
15820.0,15841.91
15250.0,15700.366
14700.0,14886.958
14090.0,14261.862
13700.0,13681.451
13500.0,13399.329
12970.0,13256.833
12990.0,12824.072
12844.0,12885.933
13260.0,12740.073
13770.0,13117.165
14321.0,13479.192
14894.999999999998,14044.242
15185.000000000002,14578.592
15210.000000000002,14895.47
15220.000000000002,15091.867
14979.999999999998,15287.68
14670.0,15295.906
14220.0,15255.327
15760.0,15366.534
16000.0,17115.48
16000.0,16596.72
16170.0,16509.691
16150.0,16655.88
16050.0,16480.766
15880.0,16332.345
15420.0,16047.812
14770.0,15351.397
14350.0,14501.008
14020.0,14071.553
13570.0,13793.205
12069.999999999998,13380.068
12099.999999999998,12059.333
12210.999999999998,12393.43
12220.999999999998,12425.671
12680.0,12326.264
13033.0,12775.808
13556.0,13093.747
14000.0,13634.141
13730.0,14034.065
14100.0,13879.707
13700.0,14518.989
13480.0,14231.588
13050.0,14351.165
15050.000000000002,14295.927
15800.0,16412.668
15920.0,16430.188
16200.0,16400.873
16230.0,16529.854
16330.0,16393.514
16180.0,16376.015
15820.0,15997.483
15380.0,15543.983
14999.999999999998,14853.623
14440.0,14503.532
14230.0,13982.983
13710.0,13826.734
13550.0,13318.873
13480.0,13377.263
13410.0,13238.582
13700.0,13185.914
14260.0,13505.132
14460.0,14013.654
14650.0,14265.599
14750.0,14408.134
14999.999999999998,14766.7295
14899.999999999998,15168.512
14700.0,15275.122
14650.0,15408.715
16100.0,15804.729
16700.0,17212.656
16850.0,17051.25
17000.0,17148.252
16700.0,17371.01
16750.0,16893.963
16690.0,16970.996
16550.0,16777.453
16300.0,16263.21
15850.0,15764.886
15450.0,15298.676
15200.000000000002,14979.032
14300.0,14806.729
14000.0,13948.316
13850.0,13933.37
14000.0,13683.156
14120.0,13896.958
14570.0,14015.643
14949.999999999998,14488.085
15380.0,14814.257
15820.0,15379.2705
15700.0,15896.992
15030.000000000002,15942.801
13980.0,15630.991
12756.0,15121.813
13990.0,14462.132
14989.999999999998,16190.759
14944.999999999998,16535.336
15044.000000000002,16161.942
15130.000000000002,16211.94
15270.0,16075.119
15050.000000000002,16165.507
14693.0,15746.425
13943.0,15416.156
13284.0,14628.922
12919.0,14722.178
12706.0,13125.649
12173.999999999998,13213.873
12129.999999999998,12656.59
12069.999999999998,12666.366
12239.999999999998,12569.111
12720.0,12706.336
12850.0,13050.802
12965.0,13055.485
13360.0,13341.329
13420.0,13897.769
13850.0,13987.756
13704.0,14459.696
13247.0,14229.783
12904.0,13941.029
14464.0,14049.267
15342.0,15832.497
14905.999999999998,16079.056
14986.999999999998,15343.157
14730.0,15496.321
14879.999999999998,15047.424
14800.0,15159.372
14190.0,14862.438
13580.0,14054.786
13290.0,13360.816
13030.0,13114.039
12895.0,12865.575
12460.000000000002,12719.179
12570.0,12231.53
12700.0,12427.696
13200.0,12482.212
13500.0,12898.261
13730.0,13265.372
14540.0,13404.279
14809.999999999998,14202.048
14640.0,14468.329
15110.000000000002,14493.891
15210.000000000002,15065.458
14570.0,15211.815
14140.0,14929.163
15480.0,14986.727
16040.0,16386.453
15950.0,16367.725
16060.0,16306.156
16000.0,16322.51
16000.0,16183.666
15850.0,16029.182
15600.0,15548.99
15350.0,15242.939
14919.999999999998,14785.918
14470.0,14317.522
14280.0,13992.376
13650.0,13892.854
13770.0,13384.189
13550.0,13609.926
13540.0,13376.513
13820.0,13386.049
14150.0,13684.816
14290.0,13990.057
14620.0,14016.508
14450.0,14429.37
13730.0,14629.264
13580.0,14135.5205
13680.0,14353.962
13690.0,14647.101
15050.000000000002,14926.782
15780.0,16385.086
15800.0,16507.7
15950.0,16282.377
15820.0,16370.729
15620.0,16076.151
15405.0,15828.965
14969.999999999998,15608.83
14520.0,15054.484
13590.0,14389.181
13255.0,13497.71
12887.0,13344.492
12515.0,12955.279
12440.000000000002,12724.0205
12429.000000000002,12668.258
12850.0,12667.32
13170.0,13001.167
13405.0,13206.341
13645.0,13284.92
13840.0,13559.356
14150.0,13857.117
14310.0,14196.593
13930.0,14446.5625
13470.0,14250.304
13070.0,14091.281
14480.0,14137.744
14829.999999999998,15753.413
14620.0,15512.927
14919.999999999998,15213.0625
14520.0,15510.109
14640.0,14826.064
14600.0,15083.326
14150.0,14731.178
13700.0,14098.815
13510.0,13440.091
13320.0,13220.615
13040.0,12982.65
12420.000000000002,12722.6
12219.999999999998,12198.119
12119.999999999998,12126.621
12249.999999999998,12072.587
12371.000000000002,12214.394
12563.0,12407.815
13316.0,12657.211
13773.0,13450.724
13501.0,13915.877
13910.0,13619.998
13525.0,14136.952
12956.0,13747.905
12175.999999999998,13510.399
13810.0,13128.68
14077.0,15054.595
13661.0,14666.613
12914.0,14254.918
12400.000000000002,13424.944
12656.0,13061.431
12533.0,13479.666
12329.000000000002,13100.253
11534.0,12892.407
11360.0,11825.661
11219.0,11745.145
10802.0,11544.153
10304.0,11156.543
10329.0,10741.994
10714.0,10845.465
11542.0,11181.019
11996.0,11791.226
12468.000000000002,12071.287
13200.0,12704.11
13575.0,13371.136
13600.0,13699.703
13490.0,13791.83
13096.0,13818.527
12939.0,13564.54
12728.0,13595.228
13914.0,13708.359
14219.0,15040.634
13822.0,14667.883
13415.0,14135.911
12348.000000000002,13693.428
11599.0,12660.506
11493.0,12194.566
10939.0,12163.634
10839.0,11419.037
10928.0,11281.73
10615.0,11252.752
10314.0,10842.077
10232.0,10573.743
10685.0,10576.645
10970.0,10988.962
11545.0,11170.408
12109.999999999998,11641.462
12470.000000000002,12113.543
13085.0,12408.513
13690.0,13055.462
13890.0,13734.284
14130.0,13928.251
14020.0,14210.81
13735.0,14192.369
12980.0,14124.134
14340.0,13720.947
14750.0,15500.929
14650.0,15043.616
14310.0,14889.718
14030.0,14356.334
13700.0,14146.549
13630.0,13813.225
13430.0,13735.737
13080.0,13527.057
12780.0,13199.314
12520.0,12684.611
12159.999999999998,12416.673
11770.0,12137.7705
11785.0,11891.486
11760.0,12000.11
11760.0,11960.643
12380.000000000002,12016.239
12830.0,12567.346
13120.0,12884.487
13050.0,13226.873
12860.0,13277.325
13030.0,13289.793
13100.0,13605.878
12830.0,13798.209
12640.0,13618.026
13950.0,13782.087
14775.0,15127.65
14610.0,15406.6455
14725.0,14885.781
14490.0,14972.441
14415.0,14527.604
14320.0,14495.554
13680.0,14234.109
13280.0,13563.536
13000.0,13131.201
12795.0,12815.439
12565.0,12604.011
12282.999999999998,12408.052
12276.999999999998,12210.75
12219.999999999998,12259.833
12490.000000000002,12050.718
12690.0,12470.474
12780.0,12652.111
13040.0,12858.554
12789.0,13144.49
12490.000000000002,12870.629
12830.0,12859.9375
12119.999999999998,13409.606
11950.0,12740.541
11870.0,12918.908
13070.0,13010.6455
13406.0,14371.644
13390.0,14158.89
13320.0,14083.816
13100.0,13795.936
13130.0,13546.069
12870.0,13519.804
12430.000000000002,13072.259
12035.0,12598.189
11785.0,12106.3545
11675.0,11812.39
11540.0,11730.1
11270.0,11608.052
11575.0,11299.978
11765.0,11670.441
12154.999999999998,11714.915
12710.0,12075.218
13035.0,12541.387
13645.0,12774.71
13755.0,13343.601
14010.0,13368.464
13930.0,13690.626
13035.0,13606.462
12680.0,13021.932
12644.0,13257.876
13935.0,13558.176
14310.0,14900.556
14193.0,14793.608
14090.0,14626.912
13615.0,14338.778
13170.0,13840.56
12910.0,13430.896
12875.0,13192.669
12660.0,13058.65
12179.999999999998,12615.604
11855.0,12076.935
11750.0,11819.565
11215.0,11748.54
11650.0,11280.194
11780.0,11808.284
12094.999999999998,11763.909
12760.0,12177.689
12880.0,12650.942
13375.0,12655.355
13585.0,13171.156
13560.0,13553.146
13540.0,13646.703
13620.0,13654.596
13420.0,13875.202
13150.0,13905.669
14620.0,13957.468
15280.0,15625.659
15050.000000000002,15624.626
15120.000000000002,15218.709
15100.000000000002,15224.483
14949.999999999998,15102.848
14730.0,14822.166
14310.0,14607.98
13930.0,14103.846
13500.0,13555.285
13240.0,13063.965
13060.0,12892.122
12159.999999999998,12701.549
11902.0,11985.097
11552.0,11977.459
11743.0,11619.672
11979.0,11922.999
12256.999999999998,12029.299
12614.0,12406.677
13054.0,12866.137
12264.999999999998,13419.556
12440.000000000002,12657.286
11920.0,13172.454
11678.0,12610.814
11562.0,12610.124
13380.0,12727.619
14185.0,14678.702
14166.0,14707.552
14080.0,14480.015
13990.0,14356.043
14050.0,14185.941
14250.0,14213.438
13680.0,14268.343
13180.0,13398.532
13020.0,12878.941
12760.0,12708.113
12550.0,12526.754
12079.999999999998,12355.872
12139.999999999998,11944.964
12199.999999999998,12118.724
12410.000000000002,12142.9
12630.0,12351.587
13010.0,12560.4
13350.0,12858.223
13680.0,13238.549
13635.0,13596.725
13750.0,13717.742
13625.0,14085.716
13210.0,14114.574
12910.0,13913.683
14460.0,14119.706
15225.000000000002,15834.517
15300.0,15828.931
15400.0,15693.3125
15275.0,15698.718
15210.000000000002,15469.453
14949.999999999998,15374.968
14690.0,14921.276
14170.0,14484.563
13920.0,13793.867
13650.0,13585.944
13400.0,13318.618
12840.0,13110.7
12967.0,12600.293
12940.0,12889.567
13510.0,12719.062
13640.0,13321.602
13870.0,13355.206
14310.0,13675.758
14480.0,14174.481
14260.0,14423.204
14280.0,14420.876
13880.0,14577.129
13760.0,14327.056
13400.0,14665.118
14949.999999999998,14566.346
15500.0,16463.557
15120.000000000002,16178.453
15235.000000000002,15712.491
15060.000000000002,15877.339
15200.000000000002,15527.821
15200.000000000002,15704.663
14800.0,15432.093
14300.0,14869.584
14000.0,14410.549
13650.0,13948.599
13420.0,13587.988
12820.0,13377.425
12850.0,12879.49
12750.0,12969.693
12950.0,12911.514
13200.0,13112.723
13700.0,13358.064
14080.0,13866.556
14260.0,14116.884
14200.0,14299.723
13970.0,14243.374
13680.0,14236.968
13510.0,14309.694
13100.0,14365.723
14700.0,14323.965
15060.000000000002,15998.963
15050.000000000002,15649.746
15130.000000000002,15621.242
14670.0,15492.864
14550.0,14919.851
14400.0,14880.029
14000.0,14488.181
13700.0,13946.253
13300.0,13502.8125
13150.0,13066.604
12940.0,12955.507
12550.0,12712.658
12520.0,12430.283
12540.0,12466.251
12885.0,12415.006
13310.0,12681.187
13650.0,13062.799
14230.0,13412.806
14560.0,14057.378
14760.0,14392.325
14969.999999999998,14666.165
14919.999999999998,15005.095
14720.0,15227.247
14120.0,15228.938
15350.0,15063.816
16070.0,16344.354
16120.0,16478.191
16420.0,16340.766
16350.0,16545.879
16300.0,16282.298
16290.0,16159.45
16000.0,15945.101
15360.0,15504.742
15020.000000000002,14650.176
14680.0,14440.538
14400.0,14136.268
13700.0,13913.718
13660.0,13356.209
13200.0,13504.805
13500.0,12954.927
13800.0,13432.714
14140.0,13733.622
14500.0,14180.135
14760.0,14472.912
14750.0,14689.765
14800.0,14822.365
14375.0,15159.625
13600.0,14823.897
12869.0,14443.649
14750.0,14382.088
15430.0,16419.71
15450.0,16301.142
15800.0,16219.223
15530.0,16441.043
15490.0,15855.591
15280.0,15844.846
14780.0,15447.071
14230.0,14676.595
13780.0,14126.624
13450.0,13652.173
12920.0,13366.886
12050.0,12910.791
11670.0,12234.904
11060.0,12069.976
10745.0,11541.879
10770.0,11401.984
11015.0,11510.805
11310.0,11840.1045
11236.0,12128.677
11050.0,12201.896
10710.0,11963.201
10560.0,11731.604
10178.0,11674.696
9851.0,11343.427
10713.0,11361.726
10776.0,12260.474
10608.0,11939.192
10290.0,11758.356
9901.0,11330.529
9698.0,10936.194
9444.0,10723.134
9016.0,10327.552
8649.0,9861.631
8250.0,9346.938
7625.0,8898.383
7372.0,8259.018
7297.0,8031.723
7380.0,7957.229
7489.999999999999,7973.848
7629.0,7950.878
7996.0,8144.5464
8789.0,8515.003
9414.0,9269.222
9850.0,9558.32
9716.0,9915.859
9983.0,9602.347
10086.0,10057.596
10233.0,10205.826
10509.0,10341.995
11691.0,10840.532
12537.0,12023.787
12670.0,12439.65
13299.0,12290.387
13088.0,12920.793
13209.0,12357.31
13241.0,12637.671
12598.0,12486.062
12210.999999999998,11832.89
11936.0,11436.792
11812.0,11125.475
11567.0,11110.395
11382.0,10942.424
11611.0,10872.762
11831.0,11272.059
12101.999999999998,11355.061
12405.000000000002,11718.413
12492.000000000002,12019.883
13111.0,12140.474
12789.0,12747.541
12418.000000000002,12357.305
12534.0,12663.52
11608.0,13063.365
11376.0,12283.457
11959.0,12533.903
12955.0,13284.702
13730.0,14088.772
14250.0,14482.009
14695.0,14755.258
14700.0,14989.61
14662.0,14784.217
14550.0,14779.809
13700.0,14432.064
13150.0,13726.342
12750.0,13063.072
12420.000000000002,12769.291
12249.999999999998,12474.02
11720.0,12406.512
11786.0,11935.062
11801.0,12168.037
12240.999999999998,12099.074
12432.000000000002,12649.466
12635.0,12491.822
12878.0,12734.996
13044.0,12884.679
13058.0,13209.739
13114.0,13375.248
12764.0,13455.87
12363.000000000002,13270.809
12358.000000000002,13254.257
13104.0,13496.733
13503.0,14328.306
13332.0,14466.286
13631.0,14181.394
13749.0,14358.401
13769.0,14261.161
13728.0,14206.416
13169.0,13985.472
12760.0,13428.743
12379.000000000002,13098.944
11969.0,12523.704
11207.0,12160.291
10702.0,11414.908
10593.0,11099.069
10385.0,11091.769
10987.0,10925.904
11516.0,11416.636
12116.999999999998,11780.69
12798.0,12257.818
13258.0,12882.285
13331.0,13312.828
13513.0,13458.352
13388.0,13773.699
13078.0,13791.438
12715.0,13753.166
13957.0,13678.169
15100.000000000002,15146.473
15004.999999999998,15798.131
15030.000000000002,15354.852
14500.0,15308.332
13479.0,14626.698
12439.000000000002,13647.696
11775.0,12676.6875
10991.0,12221.264
9973.0,11364.407
8908.0,10396.239
8827.0,9462.604
8908.0,9515.492
8982.0,9608.405
9410.0,9556.538
10084.0,9934.704
10820.0,10455.779
11411.0,11064.774
12041.0,11560.158
12558.0,12078.116
12797.0,12612.642
13017.0,12966.51
12858.0,13343.975
12425.000000000002,13422.356
12109.999999999998,13234.928
13475.0,13258.72
14104.0,14837.483
14193.0,14913.431
14306.0,14722.256
14205.0,14603.527
14170.0,14206.229
13855.0,14027.946
13300.0,13537.09
12750.0,12949.947
12224.999999999998,12308.4375
11708.0,11741.739
10957.0,11394.318
10098.0,10855.369
10105.0,10208.622
10567.0,10438.533
11231.0,10942.449
11371.0,11503.683
11795.0,11533.945
12185.999999999998,11947.863
12542.0,12147.727
12477.000000000002,12637.487
12518.0,12828.847
12408.000000000002,12926.864
11871.0,12874.284
11626.0,12529.629
13070.0,12735.428
14121.0,14312.355
14053.0,14884.776
14038.0,14449.676
13943.0,14357.83
13839.0,14159.857
13554.0,13952.336
13159.0,13505.021
12859.0,13081.211
12603.0,12631.504
12255.999999999998,12302.511
11966.0,11943.811
11063.0,11651.841
10828.0,10906.696
10714.0,10891.13
10624.0,10829.385
10813.0,10741.156
11141.0,11034.746
11485.0,11402.264
11815.0,11733.755
11751.0,12086.886
11436.0,12019.126
11080.0,11848.453
10615.0,11638.99
10521.0,11451.044
12090.999999999998,11812.473
12879.0,13595.491
12955.0,13775.387
13231.0,13583.02
13123.0,13725.681
13145.0,13433.5205
12931.0,13384.977
12628.0,13013.774
12200.999999999998,12637.539
11838.0,12054.282
11410.0,12383.643
10998.0,10993.34
10280.0,10838.4
10006.0,10132.531
9952.0,10011.532
9842.0,9937.884
9773.000000000002,9708.326
10064.0,9761.918
10431.0,10089.219
11319.0,10515.69
11086.0,11530.811
10673.0,11268.417
10324.0,11052.836
9937.0,10881.434
9770.000000000002,10808.723
11547.0,11076.834
12351.000000000002,13021.231
12218.999999999998,13167.959
12427.000000000002,12792.043
12390.000000000002,12913.064
12596.0,12699.542
12507.0,12842.585
12298.000000000002,12550.332
11899.0,12311.777
11623.0,11641.727
11350.0,11344.767
11092.0,11099.905
10677.0,10869.043
10544.0,10536.62
9805.0,10502.143
9253.0,9679.658
9290.0,9309.97
9372.0,9469.521
9697.0,9652.58
9769.000000000002,10148.374
9841.0,10258.578
10210.0,10564.063
10491.0,11107.076
10435.0,11454.165
10545.0,11521.391
11661.0,11998.801
12556.0,13155.41
12778.0,13540.278
13105.0,13408.221
12991.0,13570.083
13052.0,13221.297
13044.0,13257.954
12665.0,13069.65
12378.000000000002,12545.258
12015.0,12146.623
11677.0,11737.545
11400.0,11450.834
10827.0,11221.049
10830.0,10690.297
10719.0,10718.691
10837.0,10437.882
10844.0,10568.467
10838.0,10608.464
10607.0,10761.357
11563.0,10710.847
12128.999999999998,12001.309
12098.999999999998,12403.65
11859.0,12372.86
11271.0,12315.93
10538.0,12063.278
11850.0,11785.073
12729.0,13530.599
12845.0,13775.312
13223.0,13631.5205
13346.0,13865.364
13497.0,13744.12
13465.0,13842.27
13350.0,13552.415
13170.0,13368.289
12875.0,13175.635
12580.0,12638.265
12300.000000000002,12327.207
11484.0,12055.483
11509.0,11378.856
11399.0,11508.961
11247.0,11326.748
11272.0,11155.823
11211.0,11201.876
11385.0,11188.598
11659.0,11640.577
12021.0,12106.475
12085.999999999998,12560.37
11989.0,12715.326
11447.0,12785.897
10940.0,12430.262
12354.000000000002,12389.252
13090.0,14033.636
13400.0,14164.545
13920.0,14238.802
14050.0,14491.557
14235.0,14347.638
14290.0,14394.378
14000.0,14247.07
13750.0,13796.952
13370.0,13390.272
13150.0,12936.161
12930.0,12768.29
12193.999999999998,12520.442
11996.0,11925.364
11787.0,11832.581
11642.0,11563.18
11635.0,11403.214
11539.0,11461.356
11761.0,11495.084
12295.000000000002,11894.14
12509.0,12594.422
12602.0,12958.017
12403.000000000002,13099.647
12071.999999999998,13047.077
11377.0,12981.347
12660.0,12701.391
13280.0,14239.668
13340.0,14305.552
12950.0,14219.642
12249.999999999998,13633.585
12119.999999999998,12943.346
12179.999999999998,12895.662
12139.999999999998,12795.24
12239.999999999998,12597.768
12129.999999999998,12414.239
11980.0,12135.646
11810.0,11944.959
11031.0,11721.042
10862.0,11014.511
10828.0,10966.635
10863.0,10849.3545
11075.0,10789.191
11139.0,10922.031
11679.0,11053.077
12318.000000000002,11734.6455
12702.0,12415.877
12685.0,12923.28
12586.0,12953.08
12160.999999999998,13072.094
11407.0,12830.792
12390.000000000002,12549.167
13215.0,13729.411
13406.0,14209.615
14055.0,14092.558
14085.0,14514.915
14400.0,14246.814
14370.0,14520.9795
14110.0,14222.795
13850.0,13804.25
13620.0,13417.124
13295.0,13154.102
12960.0,12847.326
12227.999999999998,12511.182
11884.0,11894.945
11882.0,11690.251
11695.0,11654.861
11787.0,11444.481
11932.0,11647.413
12276.999999999998,11822.494
12641.0,12257.649
13031.0,12697.745
13089.0,13185.228
13042.0,13367.756
12543.0,13508.246
11874.0,13172.98
13230.0,12971.381
14230.0,14650.555
14320.0,15101.921
14770.0,14943.144
14879.999999999998,15291.431
15080.000000000002,15195.798
15080.000000000002,15303.739
14849.999999999998,15057.386
14550.0,14579.16
14270.0,14101.483
13850.0,13758.556
13680.0,13344.447
12976.0,13215.899
12639.0,12606.156
12445.000000000002,12392.038
12155.999999999998,12144.948
12068.0,11863.971
12225.999999999998,11822.498
12523.0,12099.356
13322.0,12524.452
13048.0,13375.669
13275.0,13066.375
13194.0,13657.619
12801.0,13667.164
12161.999999999998,13539.121
13338.0,13357.23
14600.0,14932.85
14750.0,15630.542
15290.0,15384.382
15410.0,15852.083
15490.0,15686.331
15650.0,15662.015
15410.0,15709.031
14879.999999999998,15128.818
14730.0,14392.666
14460.0,14332.109
14100.0,14048.588
13230.0,13774.837
12980.0,13011.399
12835.0,13030.442
12712.0,12750.7
12986.0,12745.073
12850.0,13067.693
13301.0,12937.904
13781.0,13863.581
13898.0,14145.549
14123.0,14225.621
13950.0,14576.8545
13573.0,14408.991
12689.0,14492.83
14085.0,13870.143
15006.999999999998,15885.717
15182.000000000002,16062.306
15487.0,16051.247
15521.0,16218.916
15617.0,16055.068
15725.0,16141.465
15350.0,16040.19
15120.000000000002,17495.246
14665.0,17026.05
14346.0,16601.791
13929.0,16501.691
13376.0,16063.35
13013.0,15646.899
13078.0,15389.398
13319.0,15511.87
13631.0,15670.635
13779.0,15867.929
14143.0,15889.219
14069.0,16452.297
14091.0,16423.35
14065.0,16722.547
14210.0,16699.8
13722.0,17218.518
13097.0,16614.797
14370.0,16522.773
15100.000000000002,18191.977
15300.0,18326.908
15640.0,18375.547
15460.0,18576.227
15585.0,18213.467
15490.0,18430.447
15262.0,18132.95
14790.0,17964.057
14550.0,17588.303
14217.0,17106.785
13923.0,16757.004
13079.0,16476.22
12970.0,15700.618
12646.0,15725.13
12876.0,15351.319
13155.0,15597.211
13569.0,15735.477
13816.0,16234.753
14226.0,16398.21
14125.0,16777.95
14344.0,16783.605
14296.0,17290.22
13747.0,17357.78
12870.0,16934.363
13990.0,16604.879
14938.999999999998,18066.371
15034.000000000002,18563.371
15035.000000000002,18386.22
14999.999999999998,18199.398
15130.000000000002,18124.154
15205.000000000002,18138.898
14650.0,18041.354
14115.0,17218.482
13719.0,16542.2
13280.0,16110.1
12698.0,15722.741
12062.0,15157.965
11805.0,14682.557
11745.0,14531.295
11896.0,14486.701
12290.000000000002,14690.032
12443.000000000002,14996.925
12826.0,15182.67
13139.0,15509.78
