Actual,Predicted
12662,12564.74
12690,12583.73
12568,12473.5
12110,12000.47
11500,11499.63
11175,11072.91
11000,10998.69
10785,10793.08
10370,10366.49
10313,10326.38
10420,10400.34
10865,10866.18
11279,11267.0
11570,11562.73
12150,12161.02
12140,12104.45
12100,12094.18
12120,12128.27
11850,11849.96
11670,11664.88
11385,11375.45
12680,12657.14
13850,13805.53
13695,10015.97
13950,10381.05
13734,9972.84
13421,9793.18
13143,12171.33
12850,12718.15
12650,12936.69
12300,12390.95
12100,12045.42
11900,11905.56
11250,11234.49
11320,11276.57
11250,11223.76
11900,11913.74
12050,12041.69
12231,12223.1
12526,12492.91
12849,12816.34
12792,12771.76
13136,13056.63
12750,12761.44
12450,12454.14
12150,12114.82
13450,13675.3
14100,13921.77
13940,14094.27
14040,12214.11
13600,10984.37
13500,11424.04
13300,11122.42
12900,12777.54
12650,12642.66
12500,12449.25
12300,12297.0
11800,11812.19
11200,12126.63
10900,10892.06
10900,10889.05
11250,11220.89
11600,11626.61
11800,11866.51
11500,11450.03
12050,12063.84
12050,12077.18
12150,12158.2
11900,11897.84
11650,11643.61
11380,11383.73
12780,12659.94
13850,13638.89
13700,14099.43
13700,11531.32
13500,8952.95
13400,11829.31
13100,12424.05
12700,12767.81
12450,12457.82
12200,12214.73
11700,11737.28
11500,11439.79
10900,10906.92
11100,11121.66
10900,10922.22
11450,11436.91
12050,12026.66
12350,12341.78
13050,12969.67
1300,12926.32
13200,13344.84
13300,12683.57
13100,12675.32
12700,12847.27
12650,12519.93
13900,13626.04
14000,10995.3
14100,11082.26
14400,10491.06
14200,13780.56
14200,12793.63
13700,12841.8
13200,9461.42
13000,12783.76
12850,12809.27
12650,12628.85
12450,12486.57
11900,12123.39
11950,11950.7
12000,12026.32
12400,12433.69
12600,12607.42
12900,12633.81
13300,13148.66
13550,13282.54
13700,11941.68
13850,10521.21
13750,9233.71
13400,9611.26
13100,13121.84
14200,13670.77
14600,14383.23
14800,14460.81
15000,14710.46
14900,14768.25
14800,14503.71
14500,14456.83
14000,14154.82
13650,11662.29
13500,11644.56
13350,12043.75
12800,10271.38
12500,12557.96
12100,12217.66
12200,12223.78
12300,12289.88
12400,12361.6
12300,12337.94
12800,12952.96
13000,13020.79
13100,13214.82
13300,13218.26
13100,13039.27
13000,13033.51
12650,12801.19
13650,13462.26
14050,13997.33
14050,13516.29
14125,13537.18
13825,13647.61
13700,12532.05
13400,13235.82
12900,12838.72
12650,12682.77
12550,12542.3
12350,12401.96
12050,12196.09
11750,11802.24
11250,11270.18
11350,11435.16
11240,11279.56
11450,11488.81
11650,11670.29
12350,12363.36
12700,12667.94
12550,12669.33
12900,12875.66
12600,12808.33
11700,12116.73
10587,10694.39
10791,10787.6
10392,10400.87
10963,10949.5
11974,11977.99
12560,12562.55
12730,12683.26
12700,12704.55
12550,12530.15
12150,12262.55
11750,11752.66
11650,11633.15
11470,11471.0
11100,11094.56
11125,11140.77
11225,11210.77
11350,11306.44
11550,11512.45
11800,11773.42
12300,12302.14
12050,12058.66
12100,12103.54
12170,12153.48
11880,11875.85
11350,11351.41
10682,10681.95
11013,11014.35
1067,10665.84
10775,10780.71
11886,11893.33
12410,12409.87
12750,12772.8
12700,12617.27
12450,12427.8
12000,11995.38
11700,11694.95
11300,11272.95
11087,11104.37
10674,10650.81
10730,10701.56
10800,10820.98
11150,11153.24
11650,11680.35
11800,11865.57
12000,11969.15
11950,11949.16
11775,11762.76
12300,12344.54
12000,12006.0
11400,11413.06
11000,11013.94
12250,12229.11
13150,13220.12
12975,12761.05
13267,13197.13
13141,12875.83
13200,12991.44
13100,12755.2
12600,12722.03
12000,11916.41
11650,11636.58
11400,11360.24
11100,11089.56
10700,10716.01
10560,10560.07
10570,10564.58
11080,11045.64
11200,11191.92
11600,11643.02
11800,11794.58
11950,11951.83
11840,11833.31
11900,11907.06
11800,11797.59
11550,11536.56
11395,11380.79
12810,12756.52
13540,13526.21
13355,11918.35
13332,12731.87
13080,12775.47
13250,13171.3
12661,12722.88
12600,12515.1
12200,12184.46
11900,11906.54
11400,11382.1
11300,11281.09
10825,10837.75
10861,10857.11
10930,10909.84
11600,11587.78
11950,11938.31
12250,12073.13
12600,12733.8
12400,12461.65
11460,11474.35
11650,11618.96
11900,11923.62
11700,11708.9
11290,11277.62
12506,12520.98
13508,13491.83
13479,11602.03
13596,12047.82
13373,10826.71
13450,12386.42
13100,11614.17
12800,12866.08
12400,12481.65
12200,12205.3
11950,11933.06
11700,11709.49
11150,11163.37
11100,11128.11
11500,11548.72
11900,11868.05
12300,12265.61
12500,12511.25
12730,12781.0
12700,12721.38
12400,12545.5
12120,12149.11
11780,11795.53
11600,11574.79
11900,11901.05
3375,13277.03
13839,13652.09
13688,13852.21
14168,10832.66
13839,11948.02
13800,9993.99
13500,10412.09
11479,10970.52
12600,12491.69
12400,12455.79
12200,12168.49
11600,11606.47
11700,11663.79
11700,11710.51
12300,12272.73
12450,12534.05
12850,12650.84
13050,12894.1
13050,13094.53
13000,13043.16
12900,12960.7
12550,12721.82
12100,12226.12
11850,11903.85
13500,13684.27
14100,13588.17
14050,11015.95
14250,13481.21
14200,14147.44
14000,14094.25
13350,10414.39
13050,12265.15
12950,12862.27
12500,12682.34
12450,12389.08
11900,11936.44
11650,11734.61
11050,11119.75
11250,11276.66
11350,11432.84
11650,11650.47
12350,12276.24
12850,12788.83
12375,12805.67
12400,12451.29
12375,12382.59
11950,11925.93
10975,10960.38
12291,12297.71
13620,13478.29
13830,13531.26
13860,13345.04
13850,13246.48
13600,13146.57
13700,11194.23
13200,11101.32
13000,12656.79
12700,12778.38
12500,12512.47
12300,12346.61
11800,11828.38
11400,11363.54
11200,11207.33
11000,10988.3
11300,11278.64
11600,11549.73
12070,12076.24
12250,12231.94
12400,12340.47
12700,12677.93
12800,12766.26
12700,12684.73
12260,12409.64
13380,13627.35
14150,13707.54
14200,13875.89
14500,14247.45
14450,14046.37
14450,13992.87
14250,13972.17
13600,12979.68
13400,10881.82
13250,12351.28
13100,12668.17
12900,12866.54
12300,12604.32
12150,12117.73
12100,12144.94
12400,12346.47
12600,12548.65
12800,12810.75
13250,13015.92
13300,13273.01
13400,13349.8
13500,13448.74
13300,13394.3
13050,13156.08
12500,12758.35
13900,13688.13
14500,14158.96
14400,14403.98
14600,14479.05
14550,14352.72
14200,14246.17
14000,13952.43
13350,13598.63
13300,12747.81
13250,11727.43
13200,11832.12
13050,11938.98
12200,12603.88
11620,11605.47
11500,11542.0
11850,11856.35
12050,11912.7
12300,12207.63
12536,12549.61
12700,12750.07
12750,12573.75
12550,12708.63
11900,12037.05
11500,11470.1
11100,11116.55
12498,12521.57
13299,13306.01
13310,13337.17
13395,13503.23
13389,13354.53
13350,13158.3
12950,13118.57
12400,12608.87
12200,12247.93
11900,11906.01
11500,11514.49
10900,10901.47
10064,10064.06
9793,9797.25
9532,9510.53
9435,9424.36
9344,9322.45
9407,9391.29
9530,9529.99
9824,9824.05
9831,9831.02
9656,9656.49
9281,9281.85
9133,9133.8
9059,9060.79
10173,10173.11
11357,11359.31
11476,11483.64
11566,11569.91
11668,11670.82
11624,11628.57
11524,11525.24
11283,11265.51
10657,10657.01
10090,10090.98
9701,9709.81
9139,9141.39
8067,7955.29
7744,7744.0
7678,7638.14
7589,7589.0
7423,7423.0
7723,7723.0
7917,7923.43
8157,8157.05
8454,8461.58
8181,8182.33
8112,8112.0
7785,7785.0
7884,7884.01
9070,9076.0
10147,10148.11
10265,10264.93
10301,10301.45
10543,10543.38
10355,10355.47
10127,10127.02
9830,9829.83
9315,9315.41
8974,8973.99
8687,8687.0
8667,8667.01
8280,8282.32
8429,8428.91
7955,7956.03
7361,7361.0
6901,6901.22
6672,6672.0
6715,5857.42
7045,7045.0
7368,7368.0
7624,7624.0
7867,7867.0
8048,8048.0
8136,8135.99
9441,9441.33
10564,10564.9
10682,10682.36
10896,10896.47
10904,10906.95
10761,10761.01
10544,10545.64
10046,10046.04
9773,9773.78
9438,9440.32
9288,9288.08
9093,9099.21
8658,8657.99
8445,8446.55
8467,8467.03
8343,8343.33
8000,8000.0
8251,8251.0
8674,8674.0
9391,9391.71
8944,8943.81
8157,8128.07
7521,7521.0
7219,7219.0
7424,7424.0
8667,8667.03
9392,9394.52
9504,9504.14
9482,9481.97
10059,10058.96
10066,10066.5
9747,9748.3
9544,9544.1
9128,9127.99
8925,8925.72
8675,8675.0
8613,8613.03
8256,8256.02
8178,8178.01
8071,8070.99
8086,8089.43
8019,8019.01
8180,8179.35
8701,8701.05
9026,9028.99
9044,9044.0
8647,8647.03
8141,8141.0
7954,7955.04
8297,8296.99
9308,9307.96
10460,10460.05
10582,10582.42
11031,11031.32
11198,11198.82
11058,11059.73
10700,10707.47
10400,10396.2
10115,10122.52
9790,9775.88
9580,9578.18
9275,9252.78
8930,8913.24
8850,8840.39
8900,8888.4
9050,9028.78
9300,9295.88
9430,9425.54
9658,9659.27
10130,10123.69
10450,10445.1
10058,10039.8
9690,9694.1
9070,9071.38
8784,8783.12
10059,10060.25
11130,11130.06
11347,11347.89
11720,11724.43
11876,11880.17
11739,11739.57
11622,11619.31
11180,11146.18
10661,10663.02
10181,10177.34
10034,10011.07
10007,10014.16
9464,9466.72
9324,9323.99
9337,9337.03
9433,9432.98
9567,9566.86
9821,9821.01
9951,9950.91
10053,10052.95
10306,10313.59
10331,10290.26
10035,10035.03
9723,9724.89
9460,9460.0
10679,10679.64
11914,11915.2
12122,12122.23
12454,12475.53
12388,12391.47
12605,12614.82
12449,12413.53
12095,12101.95
11740,11754.45
11246,11237.67
11114,11101.14
10733,10726.14
10134,10115.65
10050,10024.65
10064,10063.05
10272,10259.11
10450,10427.78
10615,10617.22
11051,11053.37
11406,11407.43
11535,11543.13
11765,11762.12
11650,11626.58
11110,11099.18
10543,10543.69
11601,11603.43
13242,13279.9
13225,13215.3
13440,13438.82
13465,13470.42
13660,13525.55
13500,13387.02
13068,13068.21
12524,12595.02
12133,12110.74
11850,11834.73
11591,11607.96
10989,10992.77
10741,10764.23
10573,10559.83
10582,10561.06
10884,10881.94
11222,11245.24
11510,11524.67
11764,11768.26
11849,11846.36
12140,12127.47
11899,11957.51
11217,11223.3
10646,10646.18
12087,12091.27
13010,13034.47
13419,13470.76
13555,13596.12
13220,11841.74
13650,13245.41
13300,10889.31
12800,12548.38
12600,12577.97
12350,12362.88
12150,12149.07
11900,11920.22
11100,11092.81
10745,10730.22
10721,10718.1
10896,10868.2
1293,11300.43
11265,8465.39
11699,11707.26
11601,9540.14
11187,11186.49
11267,11267.75
10940,10942.8
10764,10764.01
10255,10255.05
11566,11570.24
12879,9516.88
12962,12977.53
13087,13108.11
13196,13213.76
13215,12887.75
13040,12653.67
12800,12804.92
12400,12488.63
12150,12138.81
11750,11778.23
11650,11707.14
10730,10752.21
10267,10267.7
10103,10093.94
10176,9575.28
10162,10163.36
10216,10217.76
10746,10746.75
11242,11244.59
10946,10954.86
11039,11038.93
10779,10780.06
10058,10058.13
9739,9738.94
11069,11069.86
12337,12336.55
12611,12604.21
13049,12890.17
13059,13053.22
13343,13223.17
13220,12273.56
12780,12531.74
1245,12438.75
12100,12121.55
11794,11793.35
11599,11576.17
10824,10857.88
10850,10861.31
10900,10878.75
11150,11165.05
11400,11411.66
11489,10971.0
11800,11799.38
12300,12276.53
12193,12204.17
12545,12528.7
12490,12490.68
11940,11950.54
11229,11229.58
12516,12523.81
13931,13633.4
14055,10087.65
14085,10284.44
14087,10502.07
14150,13944.24
13900,11517.81
13250,8310.72
13070,12502.9
12950,12823.51
12750,12676.1
12500,12489.65
12050,12084.71
11723,11720.99
11610,11604.5
11753,11769.34
11865,11865.54
12500,12506.07
12600,12595.85
13020,12911.9
13150,12993.21
13250,13091.06
13100,12703.08
12900,12939.29
12500,12602.17
13400,13672.09
14550,14147.39
14600,14456.02
14850,14555.84
14600,14628.46
14500,14291.35
14300,14014.56
14000,12884.23
13700,9995.92
13150,12574.78
13000,12832.78
12900,12809.69
12800,12653.25
12600,12714.08
12500,12558.23
12650,12579.27
12800,12792.72
12850,12896.69
13200,13154.12
13500,13060.68
13600,13664.84
13650,13691.97
13300,13639.42
13000,13101.05
12220,12387.92
14000,13867.3
14150,13475.98
14180,14078.52
14765,14372.96
14300,14822.22
14300,14393.98
14300,14223.81
13700,13118.6
13500,11058.71
13350,11304.23
13150,12390.76
12950,12885.24
12300,12407.75
11886,11899.96
11923,11929.57
12400,12436.67
12800,12942.51
13150,13114.49
13400,13282.0
13300,13088.82
13200,13260.47
13550,13343.51
13400,11473.64
12950,12054.2
12950,12246.13
14150,13653.07
14600,14091.44
14557,14515.54
14921,14822.22
14900,14739.39
14700,14701.07
14550,14507.59
14000,13992.01
13800,11772.4
13500,12310.68
13400,12334.34
13200,12665.81
12950,12760.01
12650,12742.67
12400,12462.26
12400,12390.52
12750,12752.51
12900,12865.23
13350,13193.76
13300,13189.71
13400,13387.94
13500,13281.94
13100,12086.73
12700,12760.82
12160,11632.74
13370,13419.37
14550,14196.03
14580,14536.54
14780,14727.61
14657,14803.7
14650,14745.78
14550,14502.35
13850,14249.74
13750,11842.36
13450,12423.51
13250,12925.94
13150,12939.13
12800,12953.22
12600,12645.14
12600,12666.23
12950,12837.91
13250,13061.5
13350,13203.89
13500,13293.78
13600,13624.6
13650,12886.36
13700,12149.35
13500,11302.26
13300,11380.49
12550,12985.71
13900,13801.94
14750,14263.98
14900,14901.66
14870,14938.2
14720,14800.63
14700,14765.17
14250,14448.41
14000,13901.97
13750,12278.54
13600,12327.72
13350,13151.6
13150,12800.38
12570,12764.03
11558,11601.13
11340,11337.88
11075,11076.26
11037,11037.3
11179,11178.98
11796,11802.64
12198,12209.43
11739,11739.47
11852,11856.06
11564,11570.23
10993,10995.52
10622,10627.91
12090,11990.98
13457,13436.64
13316,13289.26
13870,14079.28
13890,13891.1
13980,13647.02
13600,13459.58
13300,12835.76
12800,12956.02
12600,12598.44
12300,12312.03
11950,11936.1
11600,11628.91
11400,11382.59
11400,11440.27
11650,11682.03
11634,11619.51
11931,11935.7
12339,12300.49
12430,12425.66
12470,12364.29
12850,12703.28
12800,12759.02
12250,12237.89
11520,11513.94
12636,12642.14
14206,13937.09
14398,14253.32
14545,14407.41
14396,14538.76
14480,14172.01
14150,14233.21
13550,13891.74
13250,13222.66
12850,12941.14
12700,12662.8
12400,12381.14
11800,11826.73
11850,11865.91
11700,11728.27
12000,11937.99
12400,12445.24
12385,12381.92
12680,12612.85
12933,12878.51
12842,12808.69
13151,13105.5
12750,12807.19
12450,12441.39
12030,12143.59
13245,13175.99
14450,14090.8
14480,14470.62
14485,14487.9
14480,14446.03
14250,14411.39
14100,13004.83
13650,11701.09
13450,11741.56
13300,12164.32
13200,11393.67
13000,12648.7
12000,12303.39
11950,11943.46
11875,11884.38
12350,12366.16
12450,12433.15
12775,12799.18
13000,12926.0
13300,13082.12
13300,13101.89
13600,13131.01
13500,10369.56
13060,10685.44
12700,12728.28
13650,13637.88
14876,14113.39
15000,14871.72
15066,14950.93
15060,14880.28
15050,14829.96
14700,14769.81
13900,14480.51
13700,11858.42
13500,12622.03
13400,12460.78
13100,12548.77
12750,12813.53
12600,12514.74
12600,12644.53
13000,12969.71
13100,13064.13
13200,12675.7
13500,13430.11
13600,12935.7
13650,13273.89
13700,12805.48
13600,11963.05
13300,11371.95
13300,13353.85
14350,13921.0
15000,14605.34
15100,14972.54
15200,15045.45
15250,15208.62
15150,15214.9
14950,14847.7
14500,14522.09
14350,14006.55
14100,13576.62
13950,12154.9
13700,11547.64
13250,11484.23
13100,13042.21
13150,13077.76
13450,13318.36
13550,13475.0
13700,13640.8
14200,12969.0
14200,13807.63
14150,13819.4
14200,13238.23
14100,13625.16
13800,12294.42
13900,13708.1
14600,14134.74
15450,14644.12
15550,15471.91
15600,15543.95
15500,15529.38
15450,15406.35
15200,15244.59
14800,14910.14
14500,14545.55
14400,14284.64
14300,13809.34
14100,13325.08
13850,12637.86
13600,12727.13
13600,13517.75
13650,13442.37
13900,13741.34
14150,14074.64
14250,14100.97
14200,14320.5
14150,14324.5
14200,13965.62
14100,14197.63
13800,13091.57
13400,13690.69
14500,14449.65
15000,14692.45
15100,15002.55
15499,15190.93
15530,15534.79
15450,15476.5
15150,15238.89
14700,14799.7
14500,14664.84
14400,14337.13
14200,14259.31
14000,14071.18
13500,12941.28
12950,13343.18
12600,12647.48
12350,12241.59
12200,12193.24
12250,12269.52
12491,12274.33
12600,12573.88
12325,11742.01
12600,12603.03
12500,12493.16
11950,11951.37
11250,11249.27
12600,12592.11
13580,13578.39
13740,13967.87
14344,14080.14
14450,14488.02
14600,14434.81
14000,14285.16
13600,13257.23
13300,13221.68
13000,12977.47
12900,12765.05
12100,12272.16
11990,12094.32
11900,11906.29
12000,12036.94
12175,12175.72
12500,12502.78
12800,12769.35
13200,13111.11
13340,12991.9
13550,12682.73
13530,10824.39
13450,10661.1
12600,11709.2
13870,13776.76
14950,11100.06
15100,14566.46
15300,15054.42
15370,15161.66
15600,15276.47
14300,15238.51
14500,13440.35
14200,13978.41
14100,13379.41
13900,11672.23
13700,10575.5
13200,10812.89
13100,12790.03
13000,12909.6
13200,13004.7
13500,13112.97
13700,13497.68
14100,13709.48
14250,11822.69
14300,13646.55
14400,13516.28
14300,13732.83
14100,14038.22
13500,13075.3
14800,14442.71
15000,14858.06
15100,15027.17
15300,15120.66
15250,15222.2
15150,15110.71
14750,14896.95
14100,14725.74
13900,13228.0
13750,13761.33
13600,12931.83
13400,13348.16
13000,12853.76
12900,12860.21
12950,12963.07
13400,13186.54
13500,13557.23
13700,13607.95
14200,13747.84
14250,14393.45
14050,14285.99
14250,13888.04
14000,14246.97
13800,12284.71
13600,13804.87
14700,14576.53
15450,14961.67
15400,15464.21
15550,15477.19
15500,15526.85
15300,15429.84
14950,15115.25
14600,14608.68
14300,14224.58
14000,13416.01
13800,12670.97
13600,12200.73
13300,12460.97
13200,13015.29
13250,13199.95
13350,13255.55
13500,13525.67
13700,13686.95
14200,13699.42
14300,14314.98
14250,14374.74
14350,14346.05
14200,14121.7
14000,13586.43
13420,13750.22
14570,14552.63
15500,14840.39
15280,15565.15
15520,15404.81
15500,15540.57
15500,15463.55
15350,15263.07
14850,14997.82
14500,14485.6
14250,14239.5
14100,13551.79
13750,12116.54
13400,12653.96
13000,13256.32
12800,12811.49
13000,12925.99
13200,13128.43
13600,13423.83
13900,13685.3
14100,12262.95
14050,12981.63
14150,13896.93
1400,13923.94
13600,13559.85
13100,13524.89
14400,14269.87
15300,15048.8
15200,15395.15
15420,15392.94
15280,15413.27
15250,15202.61
14850,15161.28
14200,14740.72
14000,14110.73
13800,13692.31
13750,13033.96
13550,12730.47
12650,12383.34
12500,12491.1
12525,12491.56
12800,12743.19
13300,13151.86
13650,13354.67
13800,13565.15
14000,13652.68
14050,13509.14
13900,10698.9
13840,12567.66
13530,12094.46
12850,13299.86
14389,14107.53
15200,14860.0
15160,15331.29
15000,15114.61
15150,14959.04
15150,14981.09
14600,14796.78
14100,14234.96
13900,13187.96
13750,13151.36
13250,12720.47
13150,12901.84
12300,12658.68
12070,12093.99
11679,11669.89
11426,11294.01
11611,11617.61
11800,11800.14
12118,12197.67
12600,12611.88
12215,12197.93
12460,12452.96
12225,12226.75
11640,11655.74
11159,11121.35
12760,12743.07
13800,13856.82
13780,13811.56
14300,13995.31
14350,14303.01
14390,14338.85
14330,14268.29
14000,14097.66
13500,12442.79
13170,12346.43
12880,12771.45
12740,12671.43
12190,12087.31
12200,12223.77
12040,12062.42
12200,12236.04
12300,12308.55
12320,12298.14
12656,12610.36
13158,13195.24
13142,13045.53
13463,13341.89
13332,11783.43
12935,12182.62
12505,12540.62
14165,13669.84
14990,14321.56
15000,14745.32
15175,14916.99
15200,14991.99
15100,15139.93
14900,14724.72
14400,14404.15
14100,13692.31
13800,11508.49
13400,11863.19
13300,12557.24
13200,12761.53
13170,12819.44
13180,13020.09
13400,13278.01
13650,13414.76
13850,13614.16
14150,13851.41
14500,13046.58
14490,14148.36
14550,14116.77
14450,14102.75
14200,14058.2
13700,14172.55
15200,14638.47
15350,15339.54
15400,15395.84
15700,15494.76
15700,15627.07
15650,15510.82
15450,15267.96
14700,15011.1
14500,14680.29
14350,14002.87
14300,13663.83
14000,14024.48
13700,12665.33
13500,13425.47
13550,13491.82
13900,13681.57
14300,14008.62
14550,14353.78
14750,14540.25
14500,14760.41
14670,14513.07
14150,14715.08
13850,13839.38
13400,12455.61
14950,14486.49
15100,15015.91
15000,15109.67
15220,15090.7
14900,15220.93
14850,14897.21
14800,14814.97
14400,14789.47
14200,14285.19
14100,14113.27
14000,12912.43
13900,13653.3
13500,12830.92
13300,13277.58
13450,13427.53
13550,13567.11
13900,13718.32
13500,14026.4
13300,13494.78
12400,13117.34
11970,11961.64
11814,11814.32
11870,11877.83
11248,11241.2
11299,11291.58
13291,13310.01
13970,14117.0
13950,13811.9
14050,13838.1
13900,13386.58
13800,13278.35
13800,13074.18
13450,12944.26
12650,12762.22
12350,11572.73
12250,12231.03
12000,12021.53
11500,11474.11
11430,11430.33
11500,11493.44
11768,11758.12
11950,11924.4
12130,12145.9
12350,12368.34
12580,12578.35
12590,12594.58
13000,12922.22
12800,12741.17
12300,12279.16
11900,11881.83
13850,13637.21
14500,13784.83
14600,14558.44
14550,14462.12
14500,14081.76
14350,14317.43
14150,13278.55
13700,11715.52
13100,9551.5
13100,12883.74
12800,12766.58
12500,12445.0
11800,11811.26
11700,11697.3
11670,11681.34
11850,11862.4
12200,12197.37
12600,12552.06
12900,12826.56
13000,12928.69
13025,12934.37
13100,12974.16
13000,12871.73
12417,12480.64
11912,11917.79
13950,13638.57
14670,13881.97
14573,14759.0
14842,14743.7
14550,14738.36
14500,14439.06
14200,14003.32
13600,12931.62
13400,12075.04
13200,12454.73
13000,12772.22
12800,12763.14
12050,12229.6
11550,11547.86
11300,11266.34
11100,11096.29
10907,10920.74
11110,11085.32
11689,10511.36
12220,12211.52
11350,11362.35
10920,10915.89
10388,10387.55
10267,10264.33
10230,10230.47
12344,12239.08
13083,13102.13
13044,13046.82
13395,13501.91
13501,13524.59
13650,13377.56
13461,12067.39
13000,12825.0
12730,12700.55
12320,12316.7
12130,12116.66
11900,11878.59
11380,11382.11
11130,11130.19
11132,11132.21
11720,11700.83
11930,11931.35
12200,12195.44
12650,12625.97
12800,12759.15
12600,12600.49
12720,12692.98
12450,12434.95
11970,11953.77
11653,11614.55
13524,13456.01
14207,12167.35
14171,13066.73
14217,12412.47
14100,13374.92
14000,10419.03
13650,10300.76
13200,11459.82
13000,12772.33
12400,12562.72
12000,12011.89
11520,11521.73
11250,11252.57
11050,11032.86
11150,11166.69
11300,11311.79
11340,11359.88
11520,11521.9
11850,11859.08
12160,12156.91
11960,11948.25
12050,12028.96
11875,11865.56
11800,11802.39
11590,11572.58
13125,13033.2
13600,13447.21
13500,13122.32
13640,13184.53
13572,12909.48
13600,12074.42
13250,11624.66
12450,12878.88
12000,11970.35
11700,11698.82
11200,11210.89
10700,10713.97
10177,10157.39
10335,10337.38
10491,10488.8
10750,10732.31
11087,11072.3
11200,11160.77
11550,11541.9
11600,11595.93
11148,11148.06
11294,11300.03
11063,11066.95
11070,11073.33
10820,10820.75
12461,12501.4
12669,12689.86
12711,12722.36
12729,12749.58
12469,12505.09
12173,12087.56
11915,11919.03
11378,11382.34
10981,10987.56
10679,10681.43
10461,10461.21
10186,10186.12
9643,9645.34
9525,9527.96
9714,9715.19
10024,10024.45
10410,10415.97
10634,10634.66
10921,10922.04
11301,11305.13
11341,11341.97
11496,11500.27
11158,11158.0
10862,10863.87
10590,10589.91
12491,12513.43
13253,13263.02
12963,12767.67
12846,12857.5
12787,12803.61
12717,12666.45
12634,12552.73
12001,11963.47
11500,11524.43
11400,11400.58
10990,10981.49
10616,10587.96
10366,10360.43
10285,10288.11
10552,10556.13
11080,11081.57
11549,11597.32
11975,11982.14
12258,12277.82
12600,12580.4
12650,12655.11
12800,12784.62
12550,12537.89
12000,11982.56
11650,11670.28
13400,13336.7
13900,13050.5
13680,10644.69
13776,11073.79
13730,10478.73
13650,10197.74
13300,10678.5
12041,12587.65
12550,12562.92
12350,12320.83
11850,11845.99
11730,11711.7
11250,11249.65
11150,11061.11
11075,10885.5
11425,11413.6
11800,11794.87
12085,12082.17
12500,12465.41
12650,12630.2
12700,12706.69
12880,12791.18
12560,12541.89
12100,12083.87
11720,11731.84
13410,13315.79
14047,14000.61
13999,13759.95
14026,12387.71
13810,11140.02
13650,11111.8
13220,10671.43
12850,12697.87
12700,12640.83
12550,12504.44
12250,12278.98
12150,12133.94
11350,11301.87
11000,11002.47
10925,10934.36
10650,10673.36
10698,10699.68
10939,10940.75
11396,11409.73
11773,11772.36
1182,11068.59
11248,8440.97
10672,10672.83
10465,10467.85
10107,10113.09
12491,12534.42
13205,13230.66
13095,12909.47
13333,13273.98
13396,13076.93
13510,12953.54
12402,11796.79
12750,12693.98
12500,12392.05
12260,12254.69
12050,12073.84
12000,11974.09
11300,12239.5
11100,10906.18
11000,10993.06
11300,11281.92
11500,11467.24
11900,11901.11
12200,12193.43
12300,12279.35
12325,12273.1
12300,12281.65
12050,12023.77
11640,11631.76
11485,11472.31
13385,13303.54
13889,13225.17
13910,11408.66
13835,11399.8
13695,11017.54
13370,9906.12
13130,12562.65
12520,11574.43
12140,12155.26
12060,12067.67
11420,11381.79
11240,11234.17
10850,10843.86
10750,10755.34
10690,10693.92
10900,10909.21
11100,10881.56
11270,11259.67
11660,11653.69
11671,11673.69
11639,11647.23
11952,11956.71
11837,11843.36
11370,11375.58
11228,11232.57
12826,12834.3
13665,13792.89
13618,13499.59
13365,12043.72
13202,12869.95
13075,12826.68
12850,12793.75
12275,12270.2
11900,11914.83
11650,11642.51
11475,11477.9
11240,11151.65
10700,10693.87
10800,10802.05
10790,10794.2
11235,11219.98
11600,11597.52
12140,12130.47
12550,12557.87
12600,12585.97
12500,12422.77
12850,12756.5
12550,12499.45
12280,12202.41
11880,11867.32
13740,13536.55
14200,11675.84
14090,14052.71
14100,13701.98
1400,13738.96
13950,13588.43
13800,13551.8
13400,13213.2
12900,10352.03
12600,12550.05
12400,12333.44
12250,12253.58
11550,11548.61
10927,10929.82
10875,10877.21
10791,10791.9
10906,10909.69
11189,11190.74
11476,11508.68
11896,11904.46
11841,11845.94
11701,11706.37
11502,11498.83
11222,11230.73
10907,10911.16
12981,12998.77
13455,13465.7
13398,13292.66
13904,13834.13
13850,13950.91
13800,13737.79
13780,13625.87
13000,10236.82
12570,12255.34
12400,12308.95
12000,11993.59
11900,11901.18
11630,11628.26
11520,11518.99
11665,11667.15
12030,12008.77
12450,12408.43
12650,12432.09
13000,12759.59
13100,12915.5
13050,12869.89
13200,12957.32
12850,12627.03
12650,12557.72
12450,12410.81
14230,13667.02
14650,13210.52
14650,14541.91
14750,14484.61
14600,14443.7
14600,14294.85
13650,14234.77
13350,8468.08
13250,10276.33
12950,10269.61
12800,12697.34
12600,12524.68
12250,12297.21
12000,11944.71
12200,12196.53
12450,12438.4
12600,12615.47
13000,12327.69
13400,12821.6
13600,9054.14
13500,12820.07
13650,12154.68
13350,11154.61
13050,12591.5
12900,12949.58
14350,14008.59
14600,14496.06
14700,14539.0
14850,14776.89
14800,14762.4
14650,14404.85
14500,14382.73
14050,13982.1
13750,10112.34
13650,9637.91
13350,8618.4
13050,11059.93
12500,12236.79
11600,11639.39
11550,11548.01
11100,11088.13
11050,10185.29
11000,10504.39
11453,11481.18
11864,11871.87
11734,11735.06
11970,11980.86
11903,11907.5
11420,11423.42
10740,10739.78
12825,12695.1
13650,13610.46
13750,13884.01
13957,13735.54
14100,13459.36
14150,12634.0
13775,13797.66
13500,9881.02
13300,9544.06
13150,11178.19
13000,11750.27
12800,12563.07
12400,12513.41
12050,12040.01
11850,11329.56
12050,11953.1
11993,11988.33
12112,12100.56
12365,12374.75
12515,12507.35
12650,12636.18
12800,12759.05
12600,12612.02
12500,12531.86
12224,12249.08
14100,13710.66
14500,11948.56
14430,14360.87
14700,14492.0
14450,14598.5
14400,14133.45
14200,13764.71
13900,12829.93
13800,9796.58
13700,9167.83
13600,10545.54
13400,8347.73
13100,10713.01
12800,11925.38
12900,12804.4
13050,12932.98
13200,12628.38
13550,13320.55
13600,13517.76
13950,12431.07
13850,12634.34
14000,11782.89
13800,11517.81
13450,10834.75
13000,13267.26
14750,14197.71
14900,14791.45
14900,14869.84
15200,14888.87
15000,15168.01
14800,14727.81
14400,14442.99
14000,14024.05
13800,11303.41
13700,10571.58
13600,10451.73
13500,9177.24
13000,9231.08
12900,12529.34
12850,12853.73
13100,13115.26
13350,11796.78
13100,13391.08
13150,13087.74
13600,13231.38
13550,13779.3
13750,13698.59
13650,13751.83
13550,13663.18
13150,13581.76
14850,14372.08
15250,14855.77
15200,15319.1
15360,15340.57
15200,15247.85
15100,15164.29
14800,14873.12
14200,14509.99
13950,13317.39
13800,11328.41
13700,10420.41
13500,10158.98
13250,8988.45
13000,10478.51
13100,12687.21
13200,11729.64
13250,10238.28
13300,13183.86
13380,13419.9
13450,13354.27
13500,13523.86
13150,13520.76
13050,13058.78
12650,12685.74
12250,11955.3
14500,13680.49
14450,14491.72
14300,14449.58
14513,14384.37
14300,14440.64
14150,14254.8
14050,13819.99
13350,12496.16
13150,12994.65
12700,11242.64
12450,12394.57
12000,12052.87
11500,11502.8
11300,11270.74
11048,11246.3
11650,11662.04
11750,11724.1
12140,12144.38
12600,12573.76
12730,12740.82
12638,12670.56
12701,12645.79
12600,12500.18
12320,12270.6
11811,11806.39
13830,13618.87
14180,13357.07
14180,14179.66
14194,14192.64
13900,14171.89
13875,13274.36
13600,11732.61
13050,12243.92
12750,12178.62
12425,12362.75
12300,12319.0
12050,12090.39
11650,11641.47
11460,11410.62
11500,11510.19
11650,11625.2
11800,11811.71
12232,12244.03
12731,12750.98
12868,12890.05
12510,12543.72
12412,12416.85
12198,12210.58
12000,12001.95
11848,11850.99
13945,13550.1
14215,13660.28
14225,14381.04
13995,14196.04
13665,13318.51
13610,11722.21
13360,12168.1
12830,10647.97
12450,12439.95
12050,12060.17
11750,11765.11
11350,11353.86
10750,10746.66
10257,10259.9
10188,10188.03
9846,9849.44
9794,9800.25
9912,9912.16
10484,10484.0
11044,11045.15
10376,10383.26
10186,10186.87
9642,9644.7
9580,9580.15
9705,9708.1
11768,11773.38
12247,12155.44
12098,11996.92
12278,12290.32
12262,12286.11
12230,12230.53
12131,12145.8
11651,11652.71
11286,11290.15
10978,10984.94
10566,10577.0
10283,10285.35
9880,9886.36
9748,9749.99
9901,9901.2
10150,10151.26
10059,10059.0
10444,10446.65
10904,10908.23
11303,11305.97
11377,11381.06
11496,11495.32
11310,11312.82
11037,11037.24
11093,11093.48
13284,13151.64
13560,13528.96
13450,13496.62
13500,13484.75
13287,11085.84
13280,12822.08
13000,12645.68
12450,12495.83
12000,12011.47
11680,11685.99
11240,11222.1
11100,11076.02
10775,10785.56
10650,10625.98
10550,10557.17
10930,10924.68
11483,11478.95
11738,11738.56
12365,12379.79
12614,12626.06
12501,12522.18
12715,12729.18
12505,12501.67
12086,12098.06
11756,11758.31
14300,13525.34
14350,14096.76
14340,13526.61
13875,13301.98
14163,11424.15
14000,12479.03
13700,10185.45
13150,9983.37
12800,12701.64
12700,12600.28
12150,12064.81
11900,11892.43
11550,11543.9
11240,11239.16
11470,11452.21
11470,11466.05
11850,11845.2
12450,12369.77
12600,12593.71
12900,12878.33
13000,12958.96
13100,12953.16
12800,12773.72
12750,12700.65
12177,11950.13
14200,13802.01
14490,14386.53
14550,14431.01
14540,14532.7
14400,14415.94
14400,14188.79
14100,14092.73
13650,13131.36
13400,13370.75
13300,13143.27
13000,12926.85
12600,12612.21
12100,12093.34
12050,12063.93
11950,11946.08
12330,12283.83
12700,12658.75
13020,13051.25
13382,13442.93
13800,13788.78
13550,13806.67
13600,13554.85
13530,13588.18
13150,11241.97
12650,12827.21
14600,13967.38
14800,14542.36
14850,14787.6
15000,14880.28
14800,14861.35
14700,14587.15
14500,14472.81
14300,14256.04
14000,13958.7
13700,13468.25
13500,11556.56
13300,8673.39
12850,10024.37
12500,12450.92
12480,12441.72
12780,12716.55
13000,13015.6
13270,13197.26
13490,13507.71
13700,13604.18
13700,13502.82
14000,13133.86
13750,12879.43
13300,13677.85
13100,13241.84
14900,14382.3
14900,14860.83
15000,14940.31
15300,15038.22
15250,15183.29
15200,15162.8
14800,15113.45
14300,14455.11
14000,13595.23
13800,11207.81
13600,10314.65
13500,9041.19
12800,9084.26
12500,12459.19
12750,12653.12
12900,12899.76
13000,12982.04
13650,13419.7
13800,13341.31
13700,13088.0
13550,13876.45
13600,13613.02
13400,13635.7
13400,13263.44
13300,13419.37
14850,14409.77
14950,14811.06
15000,14935.91
15300,15031.57
15250,15168.75
15100,15168.76
14850,14837.13
14300,14520.74
14000,13845.64
13800,10706.52
13700,10627.98
13450,11142.36
12900,10922.03
12650,12733.11
12500,12596.36
12600,12321.14
12200,12146.75
12100,12105.81
12500,12503.13
12830,12787.78
11950,12019.36
12130,12118.12
11830,11836.08
11490,11476.69
11280,11284.44
13670,13508.66
13970,14285.98
14200,14136.29
14380,14328.52
14450,14392.77
14400,14451.67
13800,14197.68
13650,13329.82
13350,9829.13
13350,11262.85
13300,11590.17
13100,11573.44
12600,11940.66
12000,11944.7
12100,12107.18
12150,12191.27
12300,12280.15
12396,12399.72
12764,12786.38
13242,13212.59
13288,13249.48
13305,13230.3
13400,13296.71
13150,13120.92
12900,12957.97
14600,14068.7
14850,14569.84
14890,14783.91
15100,14875.87
14800,14895.46
14700,14515.03
13450,14405.12
13000,10780.11
12350,12235.45
11050,11049.34
10900,10895.57
10450,10472.48
10470,10475.84
10670,10637.92
11250,11226.52
12070,12062.17
12544,12557.78
13295,13235.86
13530,13533.68
13600,12896.32
13800,12624.32
13500,11950.66
13200,13396.24
12900,13005.78
14700,13985.59
14850,14890.07
14950,14950.62
15100,15017.59
15150,15009.8
14067,14982.3
14200,10443.78
14200,13899.28
13700,12926.36
13400,8507.8
13100,10569.99
12700,11470.83
12000,12056.48
11750,11760.3
11550,11580.21
11800,11603.52
12300,12301.49
12760,12750.83
13230,13186.62
13400,13400.55
13600,13421.41
13700,13712.53
13700,13717.86
13250,13552.67
13100,13203.92
14600,14345.75
15200,14659.82
15150,15331.01
15100,15046.43
15000,14829.75
14800,14748.35
14400,14641.68
14000,13840.64
13800,12630.75
13700,12576.13
13500,13236.65
13300,9963.8
12600,12815.6
12500,12457.69
12600,12529.78
12900,12814.28
13000,13008.42
13550,13447.99
13900,13777.96
14100,13949.39
14000,12297.56
14150,13175.59
13850,13217.53
13400,13622.26
13100,13325.96
14950,14374.4
15250,14913.09
15150,15354.32
15350,15065.78
15200,15233.23
14900,15146.25
14400,14521.96
13900,14137.49
13850,11324.45
13800,11548.0
13700,10324.82
13400,10179.35
13000,10490.37
12700,12458.41
12600,12601.75
12750,12172.75
12800,12857.25
13000,12638.77
13400,13225.51
13500,13530.76
13550,13688.74
13600,13618.58
13400,13208.3
13000,13002.09
12700,12663.48
14300,13702.08
14400,14386.37
14600,14463.09
14700,14562.73
14650,14750.29
14600,14715.67
14450,14267.85
13800,14095.02
13600,10797.41
13500,9713.97
13300,9453.04
13100,10778.07
12750,11569.9
12200,12283.08
12000,12013.57
12200,12190.48
12600,12561.44
12750,12757.14
13200,13103.98
13300,13174.18
13500,13239.61
13600,12759.22
13400,12172.91
13000,12693.2
12550,12581.21
14000,13734.86
14300,13407.18
14350,14388.11
14500,14469.07
14500,14471.7
14450,14402.11
14150,14215.14
13500,11896.38
13300,9316.69
13100,11201.04
12800,12014.18
12500,12507.33
11700,11733.64
11060,11086.07
10570,10558.07
10296,10261.43
10335,10334.85
10430,10423.23
10585,10589.95
11191,11193.05
10753,11695.81
10764,10764.79
10423,10423.39
10372,10378.85
10312,10315.36
12667,12694.32
13009,13065.41
12987,13019.86
13300,13288.08
13280,13136.23
13280,13042.25
13180,12996.02
12600,11433.76
12200,12170.36
11900,11886.26
11600,11602.09
11500,11512.74
11200,11232.05
10950,10954.98
10958,10952.26
11150,11165.9
11400,11391.65
11690,11575.51
12035,12034.35
12210,12209.25
12420,12407.46
12700,12586.87
12600,12515.57
12400,12370.9
12280,12277.35
14650,13638.63
14700,14497.26
14800,14541.66
15000,14573.07
14800,14615.25
14700,14481.52
14300,14485.35
13800,13512.53
13500,10449.23
13300,9792.21
13200,11086.18
13000,11042.83
12300,12161.32
12200,12236.53
12150,12156.78
12450,12394.28
12920,12889.69
13070,13036.67
13350,13229.66
13550,12787.68
13700,13502.16
13650,13552.9
13150,13515.4
13000,12866.62
14950,14231.49
15150,14993.5
15250,15088.56
15370,15290.48
15200,15246.3
15000,15126.56
14800,14716.6
14500,14620.84
14100,14194.27
13800,10499.87
13700,10034.87
13500,10333.89
13100,8978.48
12400,11292.08
12600,12563.47
12800,12781.47
13100,13064.94
13400,13370.64
13500,13535.64
13800,13662.03
13750,13584.59
13700,13262.89
13400,12945.74
13200,13179.97
13050,13218.35
15000,14271.25
15100,15048.17
15175,15112.79
15100,15106.8
15000,14975.22
14930,14869.19
14650,14779.77
14200,14603.95
13950,13620.94
13550,11196.67
13200,8802.92
13050,10439.93
12900,12222.41
12400,12423.87
12300,12291.39
12450,12476.57
12850,12749.19
13100,13123.53
13435,13383.91
13425,13455.55
13200,13397.93
13600,13551.22
13300,13167.04
13000,12925.22
12700,12664.08
14600,14037.02
14650,14524.82
14700,14869.3
14800,14822.38
14770,14803.07
14750,14730.16
14450,14606.58
13800,14246.88
13450,10673.05
13150,10394.39
12900,11345.23
12600,12612.1
12050,12082.87
11750,11794.49
11750,11777.71
11900,11904.84
12300,12289.53
12540,12547.82
12780,12783.77
13030,12974.96
13100,13089.03
13350,13239.44
13150,12610.82
12600,12596.06
12350,11943.55
14600,13651.43
14750,14550.6
14800,14826.01
14830,14848.82
14650,14759.89
14600,14706.48
14200,14248.8
13900,13009.49
13550,11270.13
13200,7770.33
12900,10619.52
12500,12485.32
12000,12005.95
11875,11884.71
11725,11723.56
11850,11755.17
11852,11856.09
12347,12372.11
12610,12631.28
12985,12997.46
12830,12689.57
12930,12871.5
12900,12893.38
12500,12504.41
12300,12097.34
14450,13812.58
14350,14468.27
14450,14429.89
14350,14441.16
14370,14332.41
14450,14267.94
14250,14232.47
13750,13044.31
13400,11573.33
13100,10600.63
12800,11950.02
12450,12404.12
11480,11862.07
11250,11222.1
10950,10960.49
10800,10791.23
10700,10694.86
10927,10930.35
11455,11504.5
12112,12117.21
11825,11827.18
12026,12032.83
11635,11598.45
11350,11337.67
11050,11005.76
13650,13489.96
13900,13645.99
13850,13793.86
14050,13742.11
14150,13374.11
14250,13820.13
14150,14007.24
13650,12456.26
13250,12404.73
13000,11551.03
12700,12455.39
12500,12457.36
11950,11957.3
11950,11947.47
11850,11860.7
11800,11678.27
11900,11894.66
12002,12004.69
12675,12659.69
12800,12788.21
12975,12941.13
13225,13165.55
13275,12757.93
13075,12678.44
12900,12954.73
14850,14071.98
15050,14598.0
15100,14755.09
15350,14935.55
15300,15211.4
15300,15143.11
14900,15087.02
14500,14423.17
14350,14166.24
14050,13767.94
13900,11845.23
13750,11803.51
13350,11236.09
12900,11380.6
12950,12876.8
13100,12938.32
13500,13298.1
13700,13592.55
13950,13835.83
14000,13870.6
13850,13845.34
14000,12903.05
14000,13731.25
14000,13707.95
13750,13837.56
14900,14391.95
14780,14873.16
14600,14850.43
13500,14290.42
13550,13747.89
13950,13926.42
14050,13774.96
13800,13746.76
13350,13619.17
12950,10620.71
12700,12534.6
12600,12487.41
12100,12126.01
11850,11870.58
11800,11799.64
12000,12018.39
12200,12193.31
12800,12763.44
13080,13111.01
13150,13105.48
13100,12973.02
13150,13069.93
13100,12950.56
12800,12849.43
12700,12467.58
14450,13965.33
14650,14533.19
14500,14584.72
14270,14022.69
14180,14236.45
14100,14016.99
13600,12583.83
13220,8800.39
12900,10537.97
12550,12570.03
12250,12234.05
12010,12054.11
11400,11374.72
11100,11122.54
11100,11114.86
11300,11280.49
11530,9674.54
12170,12151.64
12630,12593.95
12625,12563.7
12380,12349.24
12470,12474.22
12320,12100.95
11840,11836.27
12230,12216.18
13500,13589.0
13700,13477.04
13890,13648.38
13715,13510.49
13460,13311.63
13400,9473.52
13100,10343.6
12750,11520.42
12420,12381.8
11950,11936.77
11600,11668.54
11490,11473.88
11000,10977.69
10875,10878.39
10800,10804.57
10935,10919.77
11185,11153.69
11585,11604.95
11865,11879.93
12148,12164.47
11660,11662.34
11363,11365.23
11187,11187.64
11226,11231.82
11927,11929.19
13250,13240.01
13190,13072.64
13120,13010.8
13070,12930.79
12930,12892.04
12740,12735.43
12550,12538.82
12140,12089.91
11790,11785.92
11450,11441.76
11380,11364.31
11100,11079.94
10770,10755.59
10570,10571.94
10640,10609.64
11130,11143.75
11290,11271.15
11429,11431.08
11696,11700.53
12010,12028.28
11556,11570.33
10700,10704.22
10745,10747.14
10724,10725.93
11415,11417.07
12833,12838.21
12861,12858.21
12834,12854.82
12698,12704.54
12504,12490.15
12350,12325.05
12060,12062.64
11780,11788.26
11445,11447.49
11020,11013.94
10810,10811.86
10601,10603.37
10083,10088.71
9838,9838.28
9824,9824.49
9737,9740.24
9725,9730.29
9790,9802.29
10398,10398.53
10900,10880.01
10130,10123.63
9940,9940.75
9471,9475.1
9397,9397.03
10250,10252.23
11917,11919.59
12037,12053.72
11962,11974.85
12183,12200.44
12234,12243.63
12095,12102.37
12085,12085.35
11689,11693.7
11257,11261.05
10923,10924.83
10616,10621.13
10519,10521.86
10164,10164.41
9974,9974.01
9950,9950.04
10154,10151.97
10478,10477.86
10699,10703.19
10686,10689.44
10809,10811.31
10681,10683.05
10767,10767.68
10603,10605.2
10664,10664.31
11515,11516.89
12990,12735.52
13240,13224.64
13195,13171.07
12973,12982.44
12802,12814.37
12676,12598.45
12457,12414.01
12084,12059.28
11780,11792.01
11279,11403.53
11065,11042.1
10733,10733.29
10410,10415.7
10278,10279.41
10508,10514.2
10910,10913.42
11285,11287.86
11568,11570.77
11824,11824.9
11971,11981.42
11596,11599.14
11384,11387.41
10938,10942.33
10771,10772.46
11433,11438.24
12790,12793.68
12734,12733.71
12852,12869.18
12622,12656.23
12625,12610.56
12350,12284.94
12270,12223.04
11950,11912.61
11600,11591.76
11220,11203.68
11000,10979.38
10900,10873.65
10480,10480.25
10540,10542.92
10660,10663.41
10967,10963.8
11476,11506.39
11829,11829.81
12262,12282.22
12415,12428.33
12202,12213.31
12490,12368.02
12350,12341.02
11985,11954.73
12470,12504.25
14120,13430.46
13870,13944.04
13850,13913.61
13760,13867.92
13550,13530.76
13500,13264.82
13200,8630.59
12850,10338.88
12300,12329.28
12100,12108.49
11700,11692.18
11470,11454.23
11000,10973.12
11050,10560.82
11190,10400.22
11500,11485.22
11850,11853.35
12131,12144.74
12429,12443.21
12754,12775.32
12604,12503.88
13000,13008.69
13050,12531.89
12650,12641.9
12900,12804.67
14500,14027.89
14600,14487.25
14750,14619.69
14675,14542.34
14600,14521.82
14220,14239.01
14170,13942.52
13820,11282.41
13300,8849.25
12900,10382.3
12700,12584.28
12400,12301.13
11800,11791.58
11600,11615.16
11580,11564.8
12050,12150.92
12070,12046.51
12280,12277.13
12690,12689.4
12780,12745.71
12880,12859.51
13100,13104.44
13060,11747.1
12650,11855.34
13200,13199.69
14700,14212.27
14760,14817.52
14900,14865.21
14800,14844.55
14650,14632.56
14600,14598.28
14550,14302.45
14200,14247.71
13650,13050.6
13300,7209.35
13000,10274.98
12800,12372.86
12250,12185.06
11550,11557.45
11480,11452.18
11265,11263.45
11565,11554.91
11810,11803.78
12315,12278.6
12920,12852.35
12950,12960.7
13150,13146.69
13000,11211.23
12520,12249.58
13150,13378.7
14550,14210.63
14580,14494.2
14600,14532.34
14700,14569.31
14500,14701.42
14450,14416.38
14200,14325.97
14000,13359.16
13700,11196.36
13400,10521.27
13100,11048.89
12850,11979.74
12300,12363.66
11550,11564.77
11320,11317.25
11270,11153.62
11300,11167.11
11450,11470.88
12000,11990.75
12420,12393.81
11950,11943.69
12150,12198.98
11550,11501.36
11200,11204.53
12000,11956.78
12908,10707.27
13140,13142.21
13485,13408.59
13430,11512.7
13650,13491.71
13670,9841.41
13500,10070.56
13000,9641.45
12600,12442.3
12500,12383.11
12200,12159.99
11500,11487.92
11290,11266.19
10728,10728.34
10340,10341.42
10425,10426.39
10500,10508.89
11050,10964.06
11450,11443.42
11850,11545.16
11660,11472.01
11980,11962.29
11800,11797.25
11600,11562.72
12830,12805.7
13820,13757.95
13730,11503.46
13900,12078.4
13650,11884.21
13600,12524.82
13600,12484.01
13330,8721.16
12950,10292.23
12600,12584.94
12300,12256.23
12050,12069.35
11730,11746.12
11400,11402.24
11200,11192.58
11200,11103.12
11450,11460.2
11840,11828.28
12000,12002.21
12530,12546.33
12636,12650.04
12622,12624.39
12800,12752.26
12370,12356.17
12110,12110.06
13000,12978.24
14200,14035.11
14200,14143.06
14175,13192.16
14100,12611.52
13900,11373.75
13800,11506.24
13600,8078.99
13050,7768.57
12700,12130.34
12350,12249.81
12150,12151.72
11950,11953.93
11400,11340.06
11300,11258.79
11250,11125.01
11250,11245.11
11500,11401.59
11902,11908.05
12293,12304.52
12040,12036.81
12520,12520.21
12800,12804.0
12550,12526.66
12250,12240.16
13200,13452.86
14200,14031.73
14050,14288.6
14100,13410.99
14100,13111.38
13700,12651.42
13800,11510.3
13550,11264.41
12800,7983.47
12450,12422.16
12100,12128.19
11800,11832.59
11500,11535.75
11200,11120.38
11100,11098.42
10950,10931.76
11120,11038.07
11490,11480.56
11779,11780.98
12085,12063.52
12100,12091.67
11596,11514.49
11720,11702.9
11350,11339.52
11120,11020.08
12450,12421.99
13360,13171.84
13100,13061.71
13075,12942.35
13080,11429.29
12810,11556.77
12600,12557.47
12430,12372.2
12200,12173.05
11550,11571.23
11270,11272.27
11020,10990.95
10600,10583.9
10310,10307.28
10085,10079.38
10102,10086.7
10439,10440.13
20587,10589.05
10716,11587.83
11311,11311.96
11214,11221.26
10686,10688.77
10715,10721.6
10559,10571.75
10640,10627.87
11725,11731.62
12582,12585.92
12443,12421.12
12421,12405.24
12126,12119.67
11930,11923.25
11595,11600.61
11310,11310.95
10855,10856.78
10386,10388.5
9932,9932.66
9667,9668.71
9372,9373.07
8825,8826.27
9188,9188.47
9614,9615.93
10070,10071.13
10438,10439.45
10602,10604.72
10985,10989.51
10836,10837.73
11037,10941.9
10618,10622.46
10478,10477.81
11298,11303.99
11300,11304.8
10976,10980.69
10954,10963.93
10795,10795.84
10446,10452.42
10236,10242.2
10234,10234.13
8008,8007.58
8981,8981.0
8947,8947.01
8873,8874.17
8769,8769.0
8614,8616.83
8295,8295.0
8238,8240.1
8281,8285.61
8368,8368.0
8693,8692.98
9326,9328.05
9911,9911.01
9539,9540.45
9362,9370.67
9068,9074.02
9057,9058.08
10117,10118.61
11189,11190.43
11326,11327.34
11316,11318.79
11396,11396.98
11306,11308.89
11235,11235.8
11175,11176.25
10563,10573.93
10302,10303.96
9963,9962.93
9728,9731.2
9330,9331.68
9296,9296.02
9215,9216.47
9703,9708.32
10120,10122.01
10319,10321.98
10336,10338.28
11030,11030.58
11528,10812.09
11303,11306.18
11675,11678.51
11334,11335.44
11130,11130.14
12147,12153.97
13458,13473.94
13206,13269.35
13183,13172.09
13098,13096.54
12918,12926.77
12750,12685.64
12520,12504.68
12100,12106.76
11650,11646.58
11270,11234.63
11120,11031.92
10850,10842.5
10600,10586.84
10344,10348.46
10368,10373.37
10718,10723.39
10996,10999.34
11427,11345.98
11991,11992.88
12031,12039.33
12065,12078.11
12088,12100.73
12150,12165.92
11798,11799.56
12900,12842.4
14060,13970.56
13841,13784.14
13875,13771.14
13630,13591.37
13489,13538.72
13230,13215.07
13030,12985.61
12550,12569.04
12100,12070.81
11670,11669.12
11300,11279.35
11120,11132.29
10880,10876.54
10670,10674.17
10740,10734.37
10890,10863.78
11123,11124.73
11445,11480.85
11911,11917.32
12239,12248.77
12230,12234.09
12430,12378.95
12280,12254.27
12150,12138.64
13200,13549.35
14220,14122.22
14191,14250.42
13912,14057.21
13880,13684.89
13600,13432.82
13300,13411.18
12830,12922.18
12230,12275.66
12010,11990.62
11590,11577.99
11420,11402.17
11020,10989.78
10751,10755.64
10886,10887.34
11033,11033.41
11130,11130.27
11708,11711.15
12224,12231.12
12437,12466.25
12242,12253.7
12427,12382.37
12250,12241.93
12020,12017.53
13250,13150.24
14085,14162.21
14040,13964.35
13835,13639.95
13643,13550.68
13498,13455.96
13450,13429.99
13265,13229.3
12750,12906.33
12300,12251.39
12000,12005.62
117000,11687.78
11440,14898.23
11170,10779.26
10940,10963.68
10900,10902.9
11220,11226.97
11300,11306.53
11900,11905.67
12290,12258.95
12425,12408.13
12309,12324.79
12450,12427.26
12325,12300.87
12100,12105.61
13300,13237.02
14400,14223.97
14450,14290.75
14470,14227.58
14217,14131.33
14125,13414.97
13850,12657.02
13650,11305.61
13050,13266.65
12600,12652.63
12450,11408.24
12200,12214.46
11900,11884.09
11650,11639.29
11200,11199.64
11250,11246.88
11480,11452.93
11550,11542.18
11980,11953.46
12130,12138.1
12400,12433.46
12700,12631.46
12900,12835.47
12650,12658.39
12400,12449.11
13800,13749.16
14200,14064.68
13950,14245.01
14000,14101.02
13930,14003.71
13700,13172.3
13450,11327.97
13200,12542.1
12700,12896.57
12250,12253.04
11900,11895.4
11560,11568.24
11170,11183.37
10700,10732.93
10050,10032.86
9830,9819.84
9613,9615.26
9676,9686.32
10162,10163.6
10593,10593.81
11125,8949.07
10820,10805.2
10998,11022.01
10488,10487.97
10194,10193.83
11537,11542.39
12617,12623.61
12697,12611.44
12852,12885.16
12712,12730.11
12670,12631.8
12550,12495.45
12350,12325.11
11990,11948.46
11600,11582.47
11090,11056.36
10890,10862.82
10465,10467.27
10105,10089.85
10012,10015.67
9972,9971.8
10166,10166.69
10237,10248.89
10790,10703.65
11230,11032.4
11427,11452.63
11322,11323.92
11650,11112.77
11450,11450.09
11240,11245.98
12870,12814.57
13720,13741.8
13460,11022.68
13670,12471.65
13440,13615.5
5743,13378.31
13200,13517.06
12950,12931.36
12050,12197.0
11800,11791.46
11220,11117.47
11200,11204.11
10950,10937.76
10420,10393.95
10425,10429.67
10375,10365.29
10800,10809.68
11195,11188.35
11570,11365.49
11975,11947.49
12070,12080.21
11985,11980.91
12300,12280.48
12050,12045.6
11950,11945.51
13400,13606.44
13870,13487.0
13852,11423.66
13811,13894.53
13471,13701.38
13315,13328.99
13030,13055.01
12680,12704.35
12000,11999.59
11750,11757.75
11400,11346.71
11000,10996.52
10650,10645.56
10270,10261.23
10320,10277.28
10285,10261.32
10447,10454.68
10809,10812.37
11271,10372.99
11862,11869.71
12055,12040.29
11900,11895.22
12100,12097.38
11850,11858.81
11775,11769.44
12600,12586.95
13450,13480.43
13742,13752.08
13664,11566.71
13391,13620.46
13224,13257.56
13060,13020.5
12450,11414.12
12175,12130.11
11600,11617.66
11350,11346.47
10800,10795.46
10530,10539.62
10200,10192.82
10185,10183.82
10270,10271.09
10540,10522.17
10754,10756.0
11407,11422.69
11800,11782.97
12050,12033.13
12120,12122.65
11870,11894.37
11850,11833.69
11800,11823.75
13200,13271.56
13712,13823.22
13832,13713.28
13585,13832.5
13446,13582.27
13299,13320.64
13000,12991.74
12610,12618.25
12150,12099.92
11600,11600.22
11170,10876.74
10800,10777.91
10600,10563.71
10220,10211.48
10222,10222.41
10512,10515.68
10638,10640.24
11040,11039.8
11485,11512.31
11833,11833.05
12043,12059.43
11650,10928.13
12200,12185.27
11800,11809.73
11850,11848.78
13050,12864.81
13600,13360.44
13050,11744.84
13313,13333.77
13225,13142.63
13102,13098.62
12823,12831.77
12320,12299.92
11870,11904.48
11300,11301.53
11045,11038.43
10533,10536.4
10339,10342.06
9946,9945.97
10150,10151.26
10156,10155.97
10435,10439.25
10861,10864.25
11036,11036.46
11503,11527.41
11970,11944.44
12050,12028.87
12150,12152.8
11740,11732.57
11700,11680.74
12800,12695.73
13550,13375.98
13370,12102.06
13300,13278.32
12750,12908.02
12510,12541.31
12025,12006.75
11695,11697.94
11220,11190.66
11090,11080.85
10690,10690.59
10270,10259.52
9808,9810.25
9427,9428.83
9025,9025.63
9045,9045.02
8998,9001.22
9278,9283.74
9499,9500.77
10165,10165.69
10790,10791.52
10340,10345.73
10310,10310.66
9950,9933.42
9543,9543.38
11350,11349.57
11780,11770.78
11570,11557.83
11450,11437.09
11600,11566.38
11450,11436.48
11200,11112.14
10990,10973.38
10520,10213.95
10041,10040.78
9735,9737.53
9409,9409.92
9212,9215.2
8974,8974.0
9121,9121.02
9478,9478.75
10085,10089.78
10301,10304.24
10785,10800.66
11390,11088.73
11640,10905.13
11700,10824.65
11720,10130.02
11580,11566.06
11260,11254.81
12650,12597.89
13180,13132.89
12970,12930.33
12672,12669.95
12520,12524.25
12039,12059.84
11699,11702.24
11738,11738.53
11176,11178.34
10800,10800.63
10428,10428.32
10036,10035.97
9719,9721.64
9499,9500.76
9610,9612.36
9974,9974.01
10433,10437.58
10890,10876.83
11400,11398.22
11800,11679.3
12100,12052.61
12000,11996.95
12000,11986.37
11700,11722.19
11550,11571.57
12100,12120.69
12600,12577.08
12820,12788.95
12948,12940.55
12481,12524.57
12260,12262.57
12020,12012.91
11770,11773.8
11300,11296.7
10933,10936.88
10614,10617.35
10275,10278.25
9993,9992.91
9754,9754.99
9886,9889.04
10311,10314.73
10635,10633.43
11090,11059.88
11390,11381.55
11850,11866.03
11800,11691.88
11400,11145.44
10881,10882.16
10436,10437.84
10571,10573.04
12144,12160.63
11978,11982.82
11903,11907.49
11828,11828.76
11484,11484.15
11221,11227.07
11097,11098.25
11111,11086.62
10810,10801.45
10345,10338.39
9985,9971.17
9759,9761.34
9370,9370.58
9178,9179.16
9157,9157.13
9316,9318.42
9321,9322.95
9389,9397.09
9784,9798.12
10238,10244.74
10512,10516.33
10257,10257.93
10123,10126.1
9711,9712.28
9661,9661.43
11093,11093.41
11269,11270.5
10987,10993.08
10998,10999.44
10726,10726.99
10572,10571.95
10333,10333.48
9983,9983.05
9748,9749.97
9207,9210.18
9125,9124.99
8867,8867.01
8563,8566.94
8504,8503.89
8745,8744.99
9153,9153.81
9709,9710.24
10023,10023.63
10599,10599.22
10768,10774.23
11125,10154.3
11264,11264.76
11450,11019.67
11075,10982.18
10850,10859.03
12410,12389.18
12425,12406.14
12250,12227.92
12114,12119.06
11864,11870.44
11494,11491.68
11172,11172.74
10963,10968.7
10511,10515.32
10148,10150.54
9876,9883.22
9558,9558.1
9404,9405.0
9206,9209.26
9445,9419.06
9685,9683.14
10055,10035.73
10194,10194.17
10900,10885.38
11289,11284.11
11560,11573.75
11440,11462.45
11560,10725.42
11360,11356.78
11185,11153.95
12450,12404.39
12730,12703.04
12370,12354.16
12370,12354.91
12050,12028.69
11815,11793.83
11510,11494.1
11162,11162.04
10611,10615.51
10409,10414.85
10059,10059.02
9719,9721.63
9462,9469.05
9042,9041.96
9005,9005.23
8976,8976.0
9000,9002.77
9068,9074.66
9270,9272.72
9860,9861.34
10336,10338.73
9831,9831.02
9697,9709.86
9377,9377.23
9208,9211.51
10983,10979.14
10967,10968.85
10958,10952.95
10894,10876.93
10771,10772.45
10711,10702.09
10422,10412.77
10235,10235.75
9817,9820.94
9506,9507.82
9203,9205.42
8697,8696.97
8560,8564.04
8411,8411.0
8694,8694.0
8907,8908.03
9166,9166.75
9263,9264.74
9717,9719.31
10299,10302.54
10381,10385.91
10446,10455.63
10529,10533.89
10269,10269.6
10269,10269.62
11469,11469.56
11798,11799.61
11651,11652.7
11508,11482.32
11227,11232.32
10862,10864.14
10603,10605.52
10368,10373.55
9972,9971.87
9505,9506.72
9206,9209.26
8812,8811.95
8543,8545.31
8502,8504.32
8873,8874.18
9000,9000.3
9589,9586.81
9682,9703.3
10190,10192.98
10675,10676.98
10897,10901.76
10759,10759.85
10714,10721.03
10409,10414.6
10516,10518.4
11825,11825.63
11566,11569.72
11408,11409.95
11291,11295.24
11130,11130.17
10686,10688.69
10434,10436.24
10219,10219.45
9715,9716.23
9279,9280.41
8961,8961.0
8700,8700.0
8517,8517.05
8476,8473.04
8840,8841.55
9244,9244.31
9504,9505.73
9838,9838.34
10228,10233.07
10823,10840.13
11039,10939.92
10814,10815.76
10902,10905.27
10694,10696.28
10613,10616.43
11977,11983.47
11951,11956.82
11718,11727.07
11691,11695.83
11358,11360.32
10981,10985.42
10651,10651.49
10413,10417.46
9945,9946.53
9523,9526.19
9216,9217.31
8951,8951.0
8702,8701.99
8643,8643.0
9000,9000.3
9380,9381.98
9682,9703.31
10119,10122.36
10493,10492.97
11078,10405.97
11611,11309.72
11352,11357.61
11479,10765.4
11058,11067.07
10526,10527.85
11800,11800.5
12466,12503.98
12377,12392.64
12151,12170.0
11692,11695.38
11349,11349.62
10958,10574.96
10661,10661.04
10288,10290.68
9893,9893.05
9489,9489.99
9187,9187.48
9006,9006.26
8872,8873.11
9274,9276.17
9480,9481.51
9872,9876.46
10215,10215.58
10821,10837.47
11030,10794.51
11115,11112.68
11360,11358.08
11700,11719.44
11275,11277.06
12510,12481.83
12570,12343.8
12400,12071.67
12410,12401.9
12060,12060.96
11683,11688.75
11295,11302.44
11118,11119.8
10522,10523.67
10112,10114.94
9817,9820.67
9601,9601.54
9254,9254.89
9243,9243.0
9460,9466.12
9699,9710.64
9910,9909.96
10446,10455.81
10746,10653.57
11209,11216.51
11700,11683.82
11670,11546.08
11650,11632.84
11400,11406.61
11170,11083.14
12650,12630.4
12520,12520.13
12420,12403.0
12300,12204.63
11900,11891.94
11656,11653.07
11444,11444.09
11168,11141.81
10614,10617.34
10327,10329.85
9921,9921.53
9607,9608.35
9354,9355.99
9186,9186.57
9128,9127.96
9084,9085.19
8889,8891.11
9076,9080.3
9270,9272.72
9782,9795.09
10473,10473.12
9798,9798.93
9660,9660.2
9370,9370.53
9394,9394.63
11058,11040.34
10919,10906.46
11000,11014.93
11040,10744.64
10965,10960.92
10823,10807.51
10630,10624.03
10376,10383.39
9814,9820.0
9538,9540.87
9265,9264.99
8998,8998.32
8834,8836.95
8659,8659.01
9037,9036.99
9260,9260.15
9209,9217.18
9359,9368.01
9731,9740.19
10302,10305.37
10751,10756.29
10566,10578.44
10700,10700.91
10620,10627.59
10630,10600.86
12270,12268.07
12115,12113.39
12015,12002.52
11874,11883.66
11573,11574.85
11220,11225.82
10948,10952.5
10844,10846.78
10127,10131.28
9683,9704.72
9382,9385.51
9120,9119.99
9036,9036.01
8894,8893.99
9334,9335.75
9634,9635.17
9885,9887.89
10211,10211.68
10482,10481.9
10908,10913.49
11000,10983.15
10850,10845.04
10890,10919.95
10600,10669.57
10783,10785.62
12197,12202.16
11704,11706.13
11774,11777.12
11657,11659.01
11327,11328.38
10937,10941.26
10478,10477.87
10391,10391.73
9835,9835.0
9528,9531.02
9206,9208.79
8732,8731.99
8621,8623.49
8534,8533.99
8829,8832.18
9264,9264.0
9490,9490.52
9754,9754.97
9849,9852.84
10465,10467.83
10900,10890.04
10520,10544.15
10450,10489.73
10360,10361.23
10320,10314.37
11741,11731.67
11585,11582.05
11277,11278.93
11210,11216.3
10803,10805.53
10565,10577.81
10103,10107.97
9952,9952.06
9380,9360.49
9010,8990.4
8615,8617.73
8433,8433.92
8313,8313.02
8279,8286.08
8744,8744.0
8928,8928.46
9226,9236.26
9535,9537.88
9831,9831.14
10339,10337.14
10600,10634.82
10480,10496.04
10290,10275.55
10015,10016.74
10090,10094.06
11175,10887.62
11253,11257.55
11042,11046.63
10850,10850.82
10537,10539.75
10126,10128.53
9851,9853.0
9586,9585.97
8991,8991.01
8619,8621.54
8347,8349.89
8125,8039.42
7970,7916.08
8017,7911.59
8405,8405.01
8880,8882.08
9076,9080.42
9231,9243.53
9597,9591.17
10250,10211.87
10376,10400.39
10170,10188.29
10050,10041.18
9812,9815.47
9994,9993.99
11315,11317.31
11204,11207.57
10985,10992.13
10889,10893.22
10562,10575.52
10206,10206.62
9794,9799.15
9497,9497.03
8958,8957.97
8581,8581.19
8233,8233.96
8071,8071.0
7938,7941.61
8003,8003.0
8632,8631.93
8828,8832.58
9125,9126.21
9246,9250.12
9526,9529.05
10048,10048.68
10457,10460.12
10192,10194.07
10106,10111.65
9949,9949.0
10040,10039.73
11740,11741.68
10798,10798.05
10699,10701.4
10414,10418.01
10413,10417.71
9957,9956.93
9721,9722.93
9550,9550.01
8984,8984.0
8453,8461.4
8249,8240.05
8054,7942.8
7805,7806.17
7748,7748.03
7848,7848.0
7970,7916.08
7737,7737.01
7817,7818.35
8062,7954.91
8705,8705.03
9316,9321.34
8532,8531.95
8152,8152.03
7886,7886.0
8032,8033.92
9411,9410.9
9498,9497.99
9556,9556.01
9480,9481.62
9386,9391.95
9182,9182.03
8861,8861.85
8752,8752.0
8377,8377.01
8006,7896.72
7647,7647.0
7377,7377.0
7369,7369.0
7493,7493.0
7976,7921.96
8298,8297.99
8325,8325.0
8408,8408.01
8892,8895.2
9414,9415.99
9869,9873.85
9706,9707.86
9581,9580.97
9533,9535.84
9669,9669.07
11207,11212.71
11015,10728.65
10842,10843.08
10729,10729.36
10532,10534.3
9941,9940.96
9628,9629.0
9332,9333.86
8948,8948.03
8429,8428.98
8191,8197.13
7839,7839.0
7754,7755.6
7868,7869.64
8339,8339.38
8715,8715.0
9082,9084.28
9217,9227.84
9616,9556.44
10201,10201.21
10638,10640.77
10338,10338.62
10176,10176.09
10000,10000.01
10020,10020.05
11680,11685.4
11196,11197.79
10981,10987.86
10746,10747.9
10497,10497.79
10180,10179.93
9647,9648.87
9297,9297.04
8841,8842.55
8447,8457.65
8314,8314.02
7914,7861.19
7806,7807.14
7927,7880.07
8451,8460.36
8923,8923.71
8978,8984.08
9192,9194.57
9489,9490.01
10157,10157.52
10531,10535.75
10204,10204.92
10123,10125.6
9939,9940.2
10074,10076.56
11553,11562.33
11292,11298.71
11092,11092.75
11038,11041.44
10692,10693.93
10212,10212.55
9770,9772.96
9537,9539.79
8972,8971.99
8567,8570.04
8342,8344.73
8074,7962.49
7882,7829.84
8007,7897.68
8557,8520.82
9062,9067.07
9150,9151.54
9451,9455.75
9799,9800.66
10298,10301.9
10650,10645.6
10355,10352.9
10340,10337.95
10100,10085.83
10140,10128.84
11657,11658.89
11210,11216.61
10890,10895.48
10855,10856.6
10540,10544.7
10269,10269.79
9940,9941.17
9587,9586.98
9049,9049.02
8234,8233.8
8410,8410.01
8150,8150.09
8060,7948.56
8113,7999.46
8709,8709.02
9015,9014.99
9188,9166.55
9337,9316.4
9663,9528.08
10363,10356.86
10585,10578.91
10300,10288.93
10230,10218.32
10145,10135.26
10291,10293.48
11892,11899.06
11518,11520.5
11188,11189.9
11097,11098.26
11009,10817.74
10527,10529.76
10224,10224.39
9934,9935.54
9312,9312.34
8935,8936.55
8720,8720.01
8424,8424.0
8260,8254.23
8341,8342.74
8798,8801.54
9380,9381.6
9485,9486.23
9339,9340.77
9677,9688.56
9805,9806.76
10205,10205.98
9927,9930.95
9814,9820.02
9682,9703.04
10147,10149.78
11088,11089.15
10759,10727.04
10552,10556.08
10495,10495.42
10255,10256.2
9739,9740.82
9502,9503.81
9227,9227.79
8827,8828.99
8229,8229.31
7989,7935.76
7610,7610.01
7381,7381.36
6968,6968.0
6877,6820.33
7046,7046.0
6845,6845.0
6752,6752.02
6801,6803.74
7098,7120.78
7319,7319.0
6243,6243.0
5437,5460.17
4897,4897.05
4789,4788.83
6108,6108.0
6390,6390.0
6607,6607.0
6770,6770.0
6897,6897.28
6922,6922.0
6834,6834.0
6670,6670.0
6447,6447.0
6179,6178.99
5946,5945.99
5748,5747.98
5719,5719.01
5980,5980.01
6568,6568.01
7156,7156.0
7486,7486.01
7677,7632.85
8075,7967.2
8588,8588.09
8741,8750.45
8729,8730.36
8829,8832.54
8769,8768.99
8862,8862.28
10596,10142.39
10373,8979.43
10057,10059.3
9907,9906.96
9907,9906.95
9483,9487.02
9008,9008.2
8627,8626.98
8246,8199.29
7868,7869.64
7640,7640.0
7427,7427.0
7338,7338.99
7402,7402.0
7942,7945.58
8400,8400.0
8716,8716.0
8815,8815.0
9074,9078.71
9557,9557.06
9898,9898.06
9406,9406.88
9649,9649.48
9419,9420.96
9538,9540.9
11033,11037.05
10761,10761.85
10535,10536.23
10455,10456.83
10275,10278.26
9872,9876.47
9537,9539.8
9086,9087.31
8477,8458.54
8222,8222.33
7911,7858.27
7710,7709.93
7592,7592.0
7620,7620.0
8165,8164.8
8728,8728.56
8804,8803.97
8908,8892.43
9376,9369.24
9737,9714.76
10055,10057.9
9904,9938.14
9695,9674.19
9488,9488.01
9694,9694.97
11253,11257.42
11044,11049.6
10623,10623.77
10534,10534.89
10358,10357.98
10011,10013.63
9393,9393.7
9128,9127.99
8694,8694.03
8335,8335.0
8007,7897.68
7868,7869.64
7812,7812.32
7884,7831.81
8389,8389.03
8829,8833.45
9010,9010.02
8968,8979.35
9253,9255.45
9707,9708.23
9861,9860.99
9620,9621.59
9560,9559.88
9307,9307.48
9679,9679.41
11034,11038.28
10694,10695.65
10560,10574.05
10306,10309.01
10109,10114.82
9745,9746.95
9283,9283.51
9069,9075.08
8606,8606.09
8163,8162.95
7777,7778.59
7665,7657.89
7580,7584.48
7707,7707.0
8324,8324.0
8820,8819.92
8680,8664.14
8653,8606.49
9002,9025.46
9457,9444.1
9720,9726.47
9598,9598.03
9346,9346.85
9143,9145.19
9234,9234.04
10696,10699.42
10424,10423.83
10327,10328.1
10090,10093.43
9914,9913.89
9556,9556.0
8988,8987.98
8682,8682.02
8388,8388.0
7951,7898.53
7556,7556.01
7507,7507.0
7341,7341.95
7450,7450.96
8060,7948.56
8733,8733.03
8546,8546.08
8581,8581.21
8887,8888.15
9340,9346.69
9655,9583.43
9367,9369.57
9257,9257.4
8919,8919.73
9268,9267.91
10409,10414.86
10397,10397.45
10264,10265.06
10184,10183.98
9827,9827.41
9354,9356.02
9042,9041.95
8748,8748.0
8251,8206.14
7854,7854.0
7652,7652.0
7438,7439.08
7277,7279.73
7417,7417.0
7437,7437.0
7804,7804.8
7496,7496.0
7339,7339.97
7558,7558.0
8215,8215.0
8829,8833.44
7914,7888.93
7327,7327.0
7278,7280.74
7582,7584.7
9061,9064.1
9047,9047.0
8960,8960.0
8981,8981.01
8804,8803.96
8642,8642.0
8253,8244.77
7962,7908.22
7621,7621.01
7146,7146.0
7001,7000.95
6838,6838.0
6700,6700.0
6967,6967.0
7624,7623.97
7988,7934.82
7389,7392.53
7433,7433.0
7857,7857.0
8140,8139.99
8566,8569.43
8351,8351.49
8267,8263.06
8516,8515.77
8901,8901.84
10583,10583.16
10297,10298.71
10103,10105.98
9918,9918.31
9600,9600.0
9264,9263.94
8857,8857.24
8516,8518.32
7987,7933.86
7595,7595.0
7327,7327.0
7124,7124.0
7092,7079.21
7454,7454.0
7913,7860.2
8451,8460.36
8426,8425.99
8575,8575.18
8728,8730.5
9325,9330.53
9573,9572.91
9347,9353.14
9075,9079.38
9064,9068.98
9421,9422.86
10721,10724.65
10419,10421.39
10160,10160.48
10060,10059.94
9890,9891.49
9414,9415.98
9001,9001.36
8689,8688.99
8164,8154.41
7872,7821.62
7467,7467.0
7329,7329.0
7273,7284.05
7504,7504.0
8136,8135.99
8559,8563.08
8579,8579.18
8460,8463.17
8930,8930.75
9553,9552.9
9859,9860.23
9490,9490.52
9400,9400.54
9258,9258.0
9620,9621.57
10831,10831.05
10646,10646.72
10455,10456.84
10438,10439.45
10017,10018.47
9678,9689.46
9166,9166.74
8871,8871.01
8427,8427.0
8020,7911.2
7698,7696.78
7570,7570.0
7508,7508.0
7692,7690.6
8257,8227.76
8750,8721.21
8680,8711.28
8840,8806.2
9106,9092.13
9651,9577.82
10016,10022.47
9614,9572.4
9461,9462.27
9320,9299.54
9788,9791.22
10847,10848.71
10715,10721.48
10586,10586.35
10298,10299.65
10009,10010.75
9651,9651.65
9277,9278.48
8920,8920.75
8446,8456.77
8069,7957.2
7768,7776.9
7583,7584.74
7400,7400.0
7676,7632.28
8095,7979.4
8595,8563.09
8805,8790.3
8810,8759.45
8875,8883.55
9615,9578.62
9795,9799.23
9590,9582.07
9245,9236.7
9120,9114.29
9546,9546.63
10786,10788.76
10756,10756.72
10436,10437.77
10360,10360.09
10108,10113.83
9699,9710.67
9321,9322.96
8882,8884.03
8408,8408.03
8051,7939.92
7719,7719.0
7487,7487.0
7398,7399.16
7562,7562.01
8141,8141.02
8770,8769.99
8968,8968.42
8894,8896.97
9210,9221.64
9608,9585.87
9692,9707.03
9580,9580.11
9387,9393.07
9180,9181.43
9284,9284.38
10725,10726.13
10506,10506.67
10312,10315.77
10288,10290.89
9946,9945.97
9598,9598.03
9345,9345.07
8821,8820.99
8521,8521.0
8127,8041.38
7908,7855.32
7615,7615.01
7375,7375.0
7382,7383.61
7450,7450.96
7627,7627.0
7361,7361.0
7330,7330.02
7585,7585.84
8306,8306.02
8808,8807.98
7860,7860.0
7604,7604.0
7461,7461.0
7629,7628.99
9095,9101.64
9203,9204.94
9138,9140.02
9199,9201.22
9032,9032.48
8710,8709.93
8444,8455.01
8160,8160.11
7689,7685.38
7377,7377.0
7061,7061.01
6903,6894.21
6874,6874.0
7092,7076.96
7517,7516.91
7931,7910.0
7770,7773.61
7874,7843.0
8182,8154.64
8864,8863.44
9135,9160.08
9000,8982.92
8711,8745.77
8700,8668.19
9225,9225.86
10636,10636.71
10408,10414.02
10198,10098.87
10137,10141.27
9945,9946.04
9470,9474.61
9090,9095.33
8710,8709.92
8268,8270.82
7902,7849.44
7624,7623.97
7382,7383.41
7314,7314.01
7508,7508.0
7985,7893.58
8580,8536.32
8730,8707.56
8685,8651.26
9050,9020.93
9480,9426.22
9830,9813.81
9520,9521.59
9380,9382.12
9200,9202.17
9572,9572.04
10876,10881.34
10594,10594.73
10369,10374.5
10143,10143.12
10006,10006.62
9589,9589.05
9075,9079.62
8741,8741.35
8198,8200.02
7875,7824.51
7624,7623.97
7424,7424.0
7224,7224.0
7674,7630.6
7887,7834.74
8576,8576.13
8777,8777.65
8685,8686.91
9001,9001.47
9415,9417.03
9646,9527.96
9397,9398.97
9302,9302.49
9146,9142.42
9524,9527.08
10762,10762.75
10921,10922.17
10544,10548.36
10312,10316.37
10056,10058.17
9661,9661.21
9196,9197.08
8755,8755.11
8345,8348.74
8039,7929.1
7830,7830.0
7445,7446.0
7347,7347.89
7675,7629.93
7972,7918.04
8531,8531.15
8658,8657.99
8708,8707.97
8970,8969.99
9039,9039.0
9558,9558.01
9252,9252.48
8990,8990.0
8883,8885.02
9452,9452.55
10838,10839.33
10243,10149.56
10245,10150.19
10209,10109.65
9760,9761.33
9532,9534.93
8948,8948.0
8616,8613.02
8045,7934.17
7785,7785.0
7528,7527.99
7388,7389.26
7309,7309.06
7409,7409.0
7738,7738.0
8565,8568.5
8665,8664.99
8662,8661.99
8948,8949.17
9153,9153.16
9263,9263.06
9139,9135.75
9186,9186.07
9046,9046.0
9805,9806.57
10827,10826.89
10474,10474.01
10349,10350.18
10083,10088.88
9971,9942.05
9539,9540.42
9154,9154.01
8655,8654.99
8195,8197.69
7614,7614.0
7333,7333.0
7101,7101.0
6835,6835.0
6896,6895.99
7317,7317.0
8125,8124.98
8526,8525.96
8557,8560.24
8762,8762.45
9214,9215.87
9358,9365.7
8821,8820.98
8556,8559.27
8554,8557.29
8926,8930.11
9839,9839.37
9501,9502.89
9308,9308.5
9160,9160.0
8964,8964.0
8503,8505.53
8139,8139.04
7717,7717.0
7390,7391.24
6936,6936.0
6854,6854.0
6648,6648.0
6539,6538.99
6651,6651.0
6755,6754.99
7342,7342.94
7324,7324.02
7147,7147.0
7411,7411.0
8019,7911.77
8503,8502.9
7482,7481.96
7097,7095.24
6956,6956.0
7275,7283.25
8608,8608.03
8598,8597.97
8589,8589.06
8619,8616.03
8611,8611.03
8339,8339.38
7948,7899.15
7667,7647.82
7044,7044.0
6819,6819.0
6645,6645.0
6458,6458.0
6263,6263.0
6501,6501.0
7041,7041.0
7658,7651.65
7645,7645.0
7557,7557.0
7755,7756.58
8067,8067.0
8408,8408.03
8030,8034.44
7852,7852.0
7921,7874.37
8330,8330.0
9678,9684.67
9849,9851.75
9695,9696.65
9727,9730.25
9380,9381.65
9015,9014.98
8494,8497.2
8090,7977.36
7668,7646.75
7266,7285.88
6917,6898.64
6770,6770.0
6672,6672.0
7030,7030.0
7429,7429.01
8057,7945.68
8315,8314.99
8242,8218.98
8342,8345.07
8640,8640.0
8800,8802.49
8684,8683.97
8450,8459.52
8275,8282.24
8638,8638.01
9773,9775.72
9733,9737.81
9697,9701.23
9668,9668.04
9434,9435.8
9090,9095.63
8610,8609.9
7989,7935.77
7505,7505.02
7184,7184.01
6914,6665.48
6764,6764.0
6576,6576.0
6785,6785.0
7260,7280.3
7997,7916.69
8224,8224.39
8087,8088.79
8255,8255.48
8635,8635.03
8956,8956.0
8556,8559.26
8253,8253.5
8233,8233.37
8692,8692.02
9966,9966.0
9909,9909.0
9731,9736.43
9761,9762.3
9505,9506.6
8966,8965.98
8559,8563.08
8153,8143.27
7496,7496.0
7143,7143.0
6856,6846.71
6685,6685.0
6609,6609.0
6817,6817.0
7218,7218.0
8048,8048.0
8201,8202.92
8334,8334.0
8388,8388.0
8827,8830.29
9203,9212.77
8699,8699.0
8573,8575.93
8357,8358.44
8740,8740.71
9636,9636.66
10020,10020.05
10074,10076.76
9910,9909.98
9543,9543.62
8974,8973.99
8407,8407.05
7988,7934.81
7442,7443.03
7123,7123.0
6823,6823.0
6671,6671.0
6602,6602.01
6781,6781.0
7201,7201.0
8053,8053.03
8421,8421.0
8336,8336.4
8417,8417.0
9003,9003.01
9145,9148.05
8634,8633.97
8473,8470.1
8248,8249.08
8753,8753.0
10083,10088.91
9988,9988.04
9700,9703.77
9625,9626.07
9314,9314.47
8891,8891.04
8332,8332.02
7916,7863.16
7322,7322.01
7049,7049.01
6834,6834.0
6562,6562.0
6526,6526.0
6967,6967.0
7307,7307.0
7838,7837.98
8376,8376.0
8326,8326.01
8398,8398.01
8870,8873.03
8937,8938.42
8835,8839.05
8441,8443.46
8304,8304.01
8842,8843.02
9911,9911.02
9787,9798.02
9690,9690.0
9537,9539.79
9371,9371.52
8835,8837.88
8236,8238.36
7990,7992.05
7416,7416.0
7029,7029.0
6790,6790.02
6567,6566.95
6439,6439.0
6555,6555.01
6651,6651.01
7171,7171.0
7222,7222.03
7079,7103.02
7171,7171.0
7625,7625.0
8004,7949.4
7144,7144.0
6589,6589.0
6514,6514.0
6926,6836.2
8466,8455.66
8342,8344.72
8333,8332.98
8434,8435.77
8401,8401.0
7956,7957.02
7549,7549.22
7202,7202.0
6786,6786.0
6341,6340.99
6033,6033.0
5912,5911.98
5848,5848.0
6038,6038.02
6182,6181.98
6677,6677.0
6645,6645.0
6602,6602.02
6762,6762.0
7199,7208.01
7563,7563.0
7445,7446.0
6691,6691.0
6421,6421.0
6706,6705.98
8192,8198.06
8159,8159.01
8102,8102.0
8097,8097.01
7866,7867.64
7672,7633.05
7296,7296.0
6927,6927.0
6452,6452.0
6169,6169.0
5921,5921.0
5693,5693.04
5635,5635.0
6111,6111.0
6638,6638.0
7556,7556.01
7877,7824.94
7969,7915.1
8100,8015.22
8567,8570.04
8770,8769.97
8499,8501.61
8003,8003.0
7908,7908.0
8238,8241.26
9638,9639.06
9648,9648.53
9580,9580.14
9365,9371.25
9116,9115.98
8736,8736.79
8190,8196.73
7683,7660.53
7159,7159.0
6752,6752.02
6490,6490.0
6339,6339.0
6274,6274.0
6509,6509.0
7092,7072.55
8756,8756.5
8176,8163.67
8059,8059.93
8550,8550.03
8756,8755.99
9200,9204.44
8895,8898.0
8432,8432.91
8318,8318.05
8570,8572.98
10111,10113.48
9874,9880.79
9639,9639.88
9616,9617.63
9346,9345.98
8825,8826.3
8232,8231.19
7755,7756.58
7267,7286.82
6887,6887.31
6624,6624.0
6367,6367.0
6353,6353.0
6765,6765.0
7267,7286.82
8013,7905.63
8347,8350.19
8272,8279.46
8459,8464.12
8790,8801.11
9165,9165.81
8812,8812.0
8498,8500.68
8346,8349.6
8769,8769.02
10180,10180.66
10016,10017.68
9936,9937.78
9758,9758.5
9373,9373.42
8926,8926.64
8443,8454.2
8076,7964.39
7375,7375.0
6996,6995.99
6748,6748.0
6577,6577.0
6533,6533.0
6838,6838.0
7391,7392.24
8237,8227.59
8519,8519.0
8264,8268.57
8495,8495.68
9048,9051.86
9283,9286.93
8858,8861.99
8549,8549.0
8494,8494.56
8597,8596.95
10093,10098.87
9924,9929.33
9838,9838.29
9734,9737.72
9443,9446.92
9025,9026.23
8448,8458.49
8067,7955.26
7491,7491.0
7098,7096.79
6912,6417.04
6667,6667.0
6620,6620.0
6871,6852.09
7492,7492.0
8289,8290.07
8526,8525.99
8463,8460.45
8755,8755.11
9235,9244.32
9544,9553.96
9086,9088.78
8749,8749.0
8560,8564.04
8919,8919.71
10145,10146.31
10061,10063.0
9889,9891.02
9696,9700.69
9542,9542.18
9099,9105.56
8609,8608.92
8094,7981.2
7596,7596.0
7279,7279.0
7063,7062.99
6827,6827.0
6628,6628.0
6836,6835.99
6961,6961.0
7451,7451.95
7457,7457.0
7416,7416.0
7626,7626.0
8173,8181.45
8733,8736.89
7377,7387.66
9635,6883.66
6814,6814.0
7321,7321.0
8694,8694.03
8663,8663.0
8684,8683.97
8677,8677.01
8590,8590.04
8236,8225.66
7477,7477.0
6871,6852.12
6614,6614.0
6411,6411.02
6197,6197.0
6252,6252.04
6681,6681.0
6843,6843.0
7543,7552.06
7689,7685.38
7726,7725.98
7969,7968.99
8475,8472.06
8843,8844.0
8507,8509.46
8247,8248.59
8335,8335.0
8694,8694.0
9892,9892.08
9910,9909.95
9880,9886.18
9833,9832.77
9435,9436.82
9024,9025.51
7850,7850.0
8063,8062.99
7476,7476.0
7122,7122.03
6831,6831.0
6718,6718.0
6565,6565.09
6939,6908.53
7382,7383.4
8133,8132.95
8559,8563.08
8557,8560.23
8748,8748.0
9141,9144.98
9494,9493.97
9027,9033.94
8565,8568.46
8466,8466.01
8881,8883.02
10203,10203.59
9985,9984.92
9958,9957.99
9940,9941.04
9662,9662.06
9148,9149.32
8570,8572.98
8079,7971.78
7624,7623.97
7288,7288.0
6975,6975.01
6844,6844.01
6658,6658.0
6987,6987.0
7313,7312.96
7982,7927.84
8527,8527.01
8375,8374.99
8536,8536.01
9015,9014.46
9225,9238.03
8919,8926.79
8434,8435.78
8301,8300.98
8535,8535.0
9977,9977.47
9985,9984.93
9805,9806.44
9709,9709.24
9428,9429.81
8944,8943.9
8417,8417.0
7913,7860.19
7444,7445.02
7118,7118.0
6841,6841.0
6703,6703.0
6544,6544.0
6892,6777.06
7312,7312.01
8121,8035.61
8694,8694.0
8649,8649.0
8799,8802.43
9194,9196.73
9572,9571.93
9027,9033.57
8749,8749.0
8582,8582.1
8941,8941.47
10225,10225.4
10031,10033.35
10031,10033.52
9893,9893.07
9568,9567.99
9145,9147.12
8542,8544.52
8090,7977.36
7538,7546.43
7248,7272.16
7040,7039.98
6916,6915.8
6680,6680.0
6943,6943.0
7548,7548.69
8384,8383.94
8845,8845.49
8879,8881.63
9044,9048.09
9540,9541.27
9848,9852.15
9300,9300.63
8843,8844.0
8645,8645.0
8943,8943.26
10396,10396.45
10204,10204.62
10078,10085.88
9937,9938.24
9717,9717.05
9041,9041.05
8638,8638.0
8405,8405.0
7652,7652.0
7346,7346.89
7161,7161.0
6926,6926.04
6840,6840.0
7068,7068.0
7657,7657.02
8354,8354.9
9003,9003.29
9025,9032.33
9088,9092.53
9618,9556.46
9978,9978.49
8891,8893.79
8786,8796.49
8786,8796.45
9053,9053.0
10487,10487.5
10411,10415.34
10182,10182.76
10111,10113.46
9793,9798.3
9332,9333.86
8699,8699.0
8208,8208.0
7701,7701.0
7410,7410.0
7152,7152.0
6893,6893.01
6765,6765.0
6844,6844.01
7062,7062.0
7684,7664.4
7754,7755.6
7805,7808.9
7938,7942.71
8465,8454.77
9033,9034.22
7685,7666.3
7176,7176.0
7085,7081.08
7461,7461.0
8944,8943.9
8955,8955.0
8978,8977.89
8934,8934.21
8925,8925.75
8582,8582.1
8040,7930.05
7701,7701.0
7141,7141.0
6854,6854.0
6641,6641.0
6434,6434.0
6281,6281.0
6657,6657.34
7139,7139.0
7861,7861.0
8083,8088.33
8077,8080.13
8359,8360.38
8923,8925.34
9368,9370.06
8772,8771.92
8643,8643.0
8343,8347.29
8717,8717.0
10239,10247.62
10262,10261.96
10056,10058.19
9993,9992.9
9706,9706.56
8625,8609.44
8168,8148.15
7601,7601.01
7385,7386.29
7123,7123.0
6791,6791.0
6752,6752.02
7068,7068.0
7373,7373.0
8422,8422.01
8729,8729.67
8896,8896.06
8929,8929.2
9514,9515.74
9648,9575.69
9257,9258.17
8631,8627.68
8436,8438.63
8660,8660.03
10204,10204.61
10180,10180.69
9845,9848.19
9894,9894.24
9669,9668.9
9250,9250.51
8690,8690.04
8039,7929.81
7580,7584.48
7259,7279.36
7010,7010.01
6733,6733.01
6598,6597.99
6936,6864.75
7232,7235.18
8073,7961.54
8690,8690.04
8513,8515.15
8591,8590.9
9084,9085.19
9331,9336.77
9049,9052.8
8558,8561.67
8399,8398.99
8610,8610.1
9482,9482.01
9944,9950.43
9771,9773.7
9763,9764.96
9423,9424.96
8860,8860.88
8312,8312.0
7923,7876.27
7474,7474.0
7023,7023.0
6667,6667.0
6550,6550.0
6514,6514.0
6900,6784.0
7323,7323.0
8143,8143.0
8615,8615.94
8819,8818.99
8896,8897.92
9294,9294.03
9599,9598.98
9110,9112.29
8607,8607.18
8482,8481.78
8628,8628.0
10056,10057.82
9900,9903.86
9883,9888.63
9773,9775.77
9621,8752.19
9015,9014.98
8250,8227.57
7875,7824.51
7818,7318.0
7051,7051.0
6771,6771.0
6479,6478.98
6464,6463.99
6923,6824.04
7468,7468.0
8391,8391.0
8959,8959.0
8922,8922.73
8985,8985.0
9287,9290.91
9548,9549.63
9079,9083.2
8840,8842.65
8472,8472.02
8658,8658.01
10131,10134.15
10109,10112.63
10048,10048.07
9988,9992.64
9669,9668.93
9156,9156.0
8563,8566.97
7966,7912.16
7495,7495.0
7090,7079.88
6820,6820.0
6820,6820.0
6481,6481.01
6844,6844.01
7371,7371.01
8416,8416.0
8848,8849.0
8967,8967.09
9107,9110.95
9508,9509.62
9766,9769.3
9291,9294.26
8936,8937.47
8574,8574.06
8894,8894.0
10107,10112.22
10090,10094.83
9895,9894.73
9857,9857.65
9680,9679.57
9138,9140.81
8547,8547.07
8171,8173.53
7619,7619.0
7215,7214.99
6871,6871.07
6686,6686.0
6576,6576.0
6751,6751.0
7090,7071.6
7762,7765.38
8133,8132.95
8124,8124.04
8120,8120.05
8731,8733.88
9230,9243.37
8021,8021.49
7480,7480.03
7265,7284.95
7569,7569.0
8919,8919.7
9140,9141.95
9168,9168.8
9110,9112.01
8905,8906.13
8595,8594.82
8106,8105.99
7648,7648.0
7062,7062.0
6700,6700.0
6370,6369.97
6266,6266.0
6149,6148.99
6518,6518.0
6800,6799.96
7709,7709.16
8197,8199.04
8193,8199.01
8165,8164.94
8712,8712.03
9219,9230.7
8757,8757.0
8077,8077.95
7633,7633.02
7805,7806.17
8828,8831.28
9113,9112.99
9001,9001.36
8854,8854.0
8843,8845.05
8335,8335.0
7702,7702.0
7195,7195.0
6578,6578.0
6284,6284.0
6000,6000.0
5756,5755.99
5740,5739.97
5808,5808.0
5639,5639.0
6139,6138.91
6132,6131.98
5877,5877.0
5813,5813.0
5979,5978.98
6791,6790.99
6500,6500.0
5497,5496.17
5192,5191.93
5500,5499.8
7175,7175.0
7445,7446.01
7468,7468.0
7458,7458.0
7367,7367.0
7012,7011.99
6322,6322.05
5916,5871.33
5511,5510.64
5300,5299.99
5075,5075.0
4997,4996.9
5004,5004.03
5479,5479.21
6214,6214.0
7264,7284.02
8292,8092.31
8290,8291.05
8283,8287.51
8810,8810.01
9187,9187.53
8632,8628.89
8303,8303.01
8016,8017.72
8088,8089.42
9440,9443.15
9566,9566.07
9501,9505.03
9391,9394.1
9199,9201.57
8714,8714.0
8044,7933.2
7500,7500.01
7082,7081.33
6784,6784.0
6439,6439.0
6332,6332.0
6272,6272.0
6713,6713.0
7331,7331.0
8217,8217.03
8718,8718.0
8849,8849.97
8770,8770.0
9189,9189.02
9324,9326.42
9028,9030.26
8496,8501.69
8222,8222.0
8529,8529.04
9698,9702.34
9746,9748.5
9759,9760.82
9640,9641.1
9434,9435.79
8939,8940.09
8287,8290.26
7822,7822.0
7374,7374.0
6975,6975.01
6660,6660.0
6542,6542.0
6495,6495.0
6720,6720.0
7290,7290.0
8425,8425.0
8776,8776.65
8681,8680.98
8849,8849.97
9280,9281.43
9516,9517.55
9010,9010.01
8726,8726.02
8493,8493.47
8670,8670.0
10077,10085.69
10086,10090.89
9972,9973.04
9509,9510.66
9616,9617.64
9087,9088.49
8589,8588.91
8065,8040.05
7622,7622.0
7202,7202.0
6895,6894.79
6716,6213.45
6734,6734.0
7086,7081.2
7390,7391.24
8563,8567.04
8977,8977.1
9112,9112.97
9187,9187.02
9530,9532.92
9833,9832.88
9351,9351.79
8992,8992.0
8703,8703.08
8945,8944.98
10017,10018.07
10280,10284.82
10039,10039.04
9949,9953.39
9716,9715.94
9308,9308.48
8694,8694.03
8305,8304.98
7638,7638.0
7272,7283.15
6987,6987.0
6773,6773.0
6656,6656.0
6950,6950.0
6964,6963.99
7564,7564.0
7940,7943.61
8118,8118.0
8295,8294.99
8852,8852.01
9589,9589.05
8111,8111.01
7545,7549.52
7162,7162.0
7539,7547.96
8898,8898.04
9065,9069.94
9064,9068.41
9084,9085.19
8889,8889.0
8498,8503.06
7865,7866.65
7396,7397.18
6889,6880.33
6575,6575.0
6358,6358.0
6167,6167.0
6118,6118.0
6588,6588.0
6991,6991.0
7686,7673.72
8392,8392.01
8401,8401.0
8510,8512.16
8914,8914.29
9247,9248.33
9101,9105.13
8702,8701.99
8323,8323.0
8807,8806.95
1005,10006.67
10286,10293.06
10189,10189.9
10126,10128.51
9926,9934.97
9152,9152.11
8486,8489.79
8172,8174.53
7532,7533.89
7159,7158.98
6910,6873.5
6672,6672.0
6652,6651.99
7100,7100.0
7685,7666.31
8755,8755.06
9202,9204.34
9337,9338.82
9443,9445.93
9557,9557.65
9611,9611.4
9622,9623.1
9327,9329.25
8872,8873.12
9155,9155.02
9989,9993.58
10209,10211.68
10437,10445.97
10289,10294.88
10004,10006.08
9560,9560.5
8793,8802.86
8203,8204.85
7436,7436.0
7177,7177.0
7010,7010.01
6807,6807.0
6722,6722.0
7158,7158.0
7709,7709.15
8619,8619.45
9018,9018.73
9162,9162.02
9211,9213.68
9335,9336.76
9445,9445.45
9407,9407.46
9338,9339.74
8795,8802.53
8972,8971.99
10078,10088.57
10368,10373.53
10262,10262.8
10077,10085.69
9838,9839.04
9230,9230.01
8647,8647.02
8260,8254.51
7647,7647.0
7314,7314.02
7160,7160.0
6849,6849.02
6811,6811.0
7221,7221.01
7848,7847.99
8867,8867.0
9238,9330.21
9370,9369.42
9630,9643.54
9800,9809.18
10070,10070.99
9789,9798.92
9364,9371.11
8916,8916.01
9207,9210.0
10212,10214.56
10517,10518.78
10354,10356.56
10388,10390.51
10086,10090.87
9357,9364.56
8823,8823.01
8240,8230.71
7665,7654.3
7345,7345.93
7062,7061.99
6834,6834.0
6792,6792.0
7102,7102.0
7878,7878.0
8749,8749.0
9362,9370.81
9294,9294.03
9477,9477.76
9843,9847.15
10047,10046.97
9691,9691.19
9351,9354.67
8993,8993.0
9166,9166.72
10190,10190.97
10501,10504.22
10515,10516.42
10401,10402.11
10138,10139.61
9485,9485.08
8765,8765.41
8231,8232.16
7713,7713.01
7330,7330.03
7021,7020.99
6891,6891.12
6736,6735.95
7174,7174.0
7976,7921.96
8754,8754.04
9512,9513.62
9454,9455.22
9459,9460.66
9935,9939.77
10200,10229.11
9950,9965.49
9580,9587.01
9235,9234.98
9574,9573.95
10544,10548.38
10507,10514.19
10294,10296.45
10305,10308.92
9937,9946.01
9519,9522.16
8810,8810.04
8447,8457.64
7933,7936.68
7468,7468.0
7248,7272.16
7015,7015.0
6937,6885.92
7203,7203.0
7307,7307.0
8189,8152.27
8434,8435.78
8599,8599.24
8556,8559.27
9087,9090.02
9620,9613.27
8586,8585.86
7712,7712.0
7392,7507.38
7737,7737.0
8997,8996.99
9530,9532.92
9495,9495.0
9502,9503.75
9339,9340.77
9031,9031.53
8460,8463.17
7930,7936.04
7314,7661.16
6959,6948.7
6729,6729.02
6579,6579.0
6485,6485.0
6832,6832.0
7349,7349.87
8092,8092.27
8750,8663.04
9100,9015.04
9140,9134.37
9380,9344.78
9550,9590.54
9640,9591.32
9225,9316.03
8940,8929.24
8990,8989.99
10080,24245.48
10550,11509.6
10560,11549.98
10440,11463.65
9990,9930.78
9700,9684.52
9200,9189.16
8590,8589.85
8094,8094.3
7419,7419.01
7213,7213.0
6960,6959.99
6956,6945.73
7394,7395.2
8071,8070.99
8750,8883.9
9100,9167.58
9400,9309.65
9650,9573.83
9900,9897.17
10200,10190.27
9800,9812.78
9400,9360.09
9187,9187.01
9330,9332.17
10500,11459.48
10700,11670.73
10550,10568.92
10276,10282.51
10190,10140.03
9645,9647.5
8957,8957.01
8324,8324.0
7749,7749.0
7340,7340.96
7155,7155.0
6937,6885.92
6942,6921.33
7311,7310.97
8092,8035.63
8748,8748.0
9400,9409.96
9450,9431.7
9750,9743.19
10000,9976.82
10140,10133.51
9680,9654.27
9370,9350.34
9088,9091.49
9067,9073.25
10118,10109.57
10616,10610.31
10555,10558.4
10540,10547.02
10202,10192.22
9543,9527.3
9014,9014.0
8232,8232.71
7786,7786.0
7294,7294.01
7001,7000.97
6886,6886.2
6763,6763.0
7067,7067.0
7837,7837.0
8950,8936.82
9300,9324.3
9350,9335.95
9525,9491.96
9975,9986.94
10200,10206.43
9980,9933.13
9670,9681.34
9164,9163.84
9282,9282.41
10340,10328.08
10713,10719.45
10589,10589.41
10565,10577.8
10275,10281.76
9873,9879.57
8597,8596.92
7854,7854.0
7502,7502.12
7208,7208.0
7023,7023.0
6840,6840.0
7210,7210.0
8033,8034.14
9050,9065.88
9450,9436.29
9700,9690.44
9788,9784.55
10009,9996.61
10337,10318.44
9900,9845.19
9300,9295.43
9278,9317.28
9497,9496.97
10400,10394.7
10455,10457.02
10450,10455.24
10364,10365.19
10156,10156.85
9653,9653.46
8985,8985.0
8410,8410.01
7647,7647.0
7233,7236.17
7113,7113.0
6975,6975.01
6843,6843.0
7249,7273.08
7962,7962.01
8832,8835.08
9350,8777.76
9700,9682.46
9800,9804.05
10200,12081.3
10300,10312.04
10000,10012.34
9600,9608.82
9354,9356.56
9378,9378.57
10450,10440.2
10692,10693.94
10375,10381.55
10331,10331.59
10159,10160.15
9624,9600.28
9040,9014.48
8329,8328.99
8114,8114.0
7624,7623.97
7353,7353.0
7173,7172.98
7047,7047.0
7240,7264.8
7579,7583.62
8209,8209.0
8485,8484.96
8381,8381.0
8430,8430.0
9186,9186.06
9831,9830.97
8340,8340.36
7500,7500.01
7281,7281.0
7510,7510.01
8557,8560.26
9061,9064.61
9227,9227.8
9164,9163.84
9141,9143.68
8765,8765.41
8193,8199.01
7818,7818.0
7181,7181.0
6852,6852.0
6568,6568.01
6494,6494.01
6284,6284.0
6640,6640.0
7418,7418.0
8198,8200.02
8829,8833.45
8770,8724.14
8850,8846.25
9230,9228.84
9550,9496.14
9250,9250.1
8950,8940.36
8500,8521.85
8630,8606.8
9920,9916.14
10250,10251.27
10288,10294.46
10213,10215.56
9906,9890.8
9490,9473.91
8804,8803.94
8282,8286.58
7791,7791.0
7470,7470.0
7248,7272.16
7077,7077.0
6939,6908.36
7348,7348.88
8060,7948.56
9060,9048.14
9550,9522.6
9460,9451.23
9625,9590.65
10000,10002.23
10260,10254.91
9750,9721.51
9435,9417.68
8965,8941.84
9100,9109.63
10281,10286.47
10580,10580.03
10435,10443.77
10381,10385.08
10029,10032.25
9454,9455.2
8876,8878.05
8481,8477.94
7848,7847.99
7459,7459.0
7257,7277.51
7033,7033.01
7013,7013.0
7391,7392.24
8039,8039.7
9110,9099.54
9565,9571.12
9361,9365.48
9491,9480.11
9954,9956.0
10233,10239.46
9806,9807.43
9470,9463.8
9000,9018.41
9264,9263.97
10425,10417.36
10717,10722.19
10534,10534.93
10423,10431.44
10177,10177.09
9512,9514.14
8957,8957.01
8461,8463.5
7863,7864.67
7579,7583.62
7299,7299.0
7126,7126.6
7021,7020.99
7475,7475.0
8300,8300.06
9225,9238.65
9628,9629.08
9725,9671.54
9820,9821.29
10100,10100.83
10400,10372.65
9960,9933.74
9550,9539.99
8973,8984.01
9344,9344.82
10215,10198.67
10715,10720.98
10485,10485.05
10332,10332.23
10063,10063.22
9540,9513.62
9040,9023.76
8560,8564.04
8007,7897.68
7729,7729.0
7380,7380.0
7152,7152.0
7119,7119.0
7511,7510.5
8252,8176.93
9250,9243.23
9800,9820.74
9800,9831.7
9900,9904.51
10300,10304.81
10500,10563.83
9960,9906.67
9660,9660.1
9350,9358.87
9530,9511.15
10410,10397.72
10704,10710.37
10530,10530.93
10347,10348.25
10205,10211.06
9682,9681.72
8955,8955.0
8579,8578.98
7744,7744.0
7525,7525.0
7223,7223.0
7009,7009.0
6958,6947.71
7430,7429.99
8270,8250.02
8840,8845.99
9490,9464.77
9640,9622.48
9730,9703.22
10260,10274.42
10500,10374.68
10200,13040.01
9800,9776.84
9400,9404.86
9630,9632.27
10170,10160.49
10424,10431.68
10247,10254.35
10229,10230.47
10119,10120.58
9590,9589.98
9004,9004.31
8707,8706.97
8091,8091.32
7732,7732.0
7516,7515.99
7194,7194.0
7025,7025.01
7361,7361.0
7619,7619.0
8410,8410.99
8860,8813.23
8750,8701.51
8740,8696.79
9290,9279.06
9660,9642.38
8400,8380.96
7930,7899.0
7567,7567.0
7700,7700.03
8816,8815.98
9283,9283.44
9311,9311.54
9303,9303.65
9283,9283.44
8868,8868.3
8319,8318.97
7930,7882.92
7337,7337.99
6979,6979.0
6783,6783.0
6609,6609.0
6526,6526.0
6939,6898.57
7515,7514.75
8500,8455.08
8815,8810.77
8986,8988.07
9124,9126.01
9562,9554.58
9689,9584.6
9415,9420.46
8835,8816.02
8780,8760.42
8780,8760.42
9649,9649.04
10550,10555.65
10407,10411.76
10308,10314.06
10025,10027.82
9588,9588.01
8918,8918.81
8461,8463.48
7924,7930.22
7496,7496.0
7277,7279.73
7085,7081.9
7008,7008.01
7307,7307.0
8049,8049.01
9000,8996.62
9300,9287.85
9220,9223.96
9380,9363.0
9750,9658.25
9980,9966.67
9700,9537.91
9370,9360.56
8870,8821.14
8870,8832.85
9720,9704.37
10425,10412.6
10350,10339.02
10278,10279.78
10089,10093.82
9645,9648.73
9010,9025.49
8495,8498.32
7895,7895.01
7584,7585.4
7336,7337.0
7126,7127.76
7082,7080.67
7557,7557.0
8350,8346.83
9232,9216.23
9440,9393.15
9700,9714.32
9800,9709.34
10150,10112.45
10250,10274.21
9900,9871.3
9650,9640.15
9370,9350.66
9240,9224.54
10260,10254.34
10600,10589.83
10550,10524.53
10465,10456.36
10255,10228.79
9690,9683.67
9196,9196.7
8701,8700.99
8003,8003.0
7590,7590.0
7319,7319.0
7120,7120.0
6988,6988.0
7305,7305.0
8197,8147.43
8900,8916.84
9550,9420.4
9550,8948.9
9650,9651.51
9900,9863.83
10450,10368.46
9800,9781.54
9530,9522.3
9445,9419.84
9490,9442.05
10265,10261.31
10888,10890.89
10656,10656.09
10309,10314.37
10232,10232.33
9723,9724.86
9108,9111.87
8816,8816.0
8269,8271.79
7881,7828.86
7537,7540.81
7321,7321.0
7294,7294.01
7649,7649.02
8590,8584.89
9380,9359.46
9800,9804.44
9800,9783.12
10000,9940.37
10400,10273.05
10450,10529.52
9900,9908.37
9830,9813.62
8470,8477.92
8800,8750.56
10290,10269.13
10980,10970.14
10820,10797.47
10550,10547.29
10500,10496.16
9780,9776.44
9130,9127.75
8697,8696.98
8119,8005.21
7717,7717.0
7436,7436.0
7425,7425.0
7297,7297.0
7623,7623.0
8615,8615.91
9590,9590.01
10000,10004.91
9850,9857.75
10000,10012.56
10400,10403.46
10490,10469.32
9950,9939.38
9920,9912.68
9530,9519.0
9440,9424.64
10250,10252.34
10850,10856.84
10540,10544.68
10370,10362.94
10125,10114.75
9640,9599.79
8938,8939.32
8688,8688.0
8077,7965.83
7629,7628.99
7471,7471.0
7241,7265.72
7165,7165.0
7302,7302.0
7735,7735.0
8290,8291.05
8418,8418.0
8386,8386.0
8534,8533.87
9108,9113.28
9670,9657.33
8040,7930.05
7700,7700.03
7503,7503.0
7546,7549.19
8558,8561.63
9345,9314.9
9268,9240.09
9227,9211.95
9179,9179.93
8816,8816.01
8322,8322.01
7826,7826.01
7469,7469.0
6992,6992.01
6849,6849.02
6702,6702.0
6604,6604.0
7032,7032.0
7908,7855.32
8679,8658.07
9100,9103.08
8946,8963.18
9160,9133.11
9455,9425.08
9945,9942.89
9624,9498.56
9037,9039.26
8827,8829.92
8858,8858.71
9797,9834.27
10645,10641.92
10480,10473.79
10290,10300.04
10155,10152.45
9600,9599.64
9000,8969.68
8638,8638.0
8122,8036.58
7651,7651.0
7370,7370.0
7202,7202.0
7140,7141.03
7468,7468.0
8470,8460.18
9400,9369.53
9700,9690.42
9550,9529.73
9770,9699.29
10150,10138.15
10440,10435.64
9945,9924.71
9705,9642.58
9295,9295.59
9310,9309.02
10110,10108.22
10740,10733.44
10445,10430.29
10360,10344.08
10210,10197.07
9650,9612.0
9030,9008.83
8750,8734.09
8173,8161.79
7749,7749.0
7445,7446.0
7211,7211.0
7115,7115.01
7434,7434.0
8330,8268.26
9350,9343.16
9760,9704.36
9655,9632.17
9827,9823.69
10150,10140.09
10300,10263.8
9875,9870.97
9600,9586.5
9200,9211.3
9200,9209.23
9930,9928.67
10900,10876.5
10760,10756.87
10520,10514.64
10260,10254.05
9750,9691.22
9075,9021.46
8760,8720.42
8098,7985.04
7763,7772.44
7505,7505.01
7332,7332.0
7288,7288.0
7662,7655.42
8500,8516.84
9410,9389.15
9850,9804.78
9920,9914.5
10215,10195.05
10407,10406.8
10635,10626.18
10240,10240.18
9980,6521.0
9670,9636.85
9570,9531.93
10275,10262.39
10930,10913.39
10770,10779.7
10630,10633.49
10400,10401.16
9970,9925.06
9330,9316.61
8830,8833.19
8304,8304.02
7644,7644.0
7431,7431.0
7460,7460.0
7733,7733.01
8575,8549.87
9500,9490.88
9900,9874.47
9950,9988.63
10050,10049.42
10570,10558.37
10770,10753.64
10290,10286.93
10100,10118.78
9790,9768.53
9560,9527.87
10300,10293.4
11043,11028.49
10836,10826.12
10797,10789.12
10488,10481.23
9895,9854.58
9290,9284.41
8915,8900.02
8420,8385.0
8046,7935.12
7770,7777.83
7604,7604.0
7492,7492.0
7853,7853.0
9050,9026.71
9603,9726.74
10020,10021.28
10250,10235.73
10480,10472.32
10980,10966.61
11095,11091.73
10640,10625.17
10315,10277.69
10000,9950.55
9820,9820.16
10320,10277.61
11040,10988.29
10580,10561.02
10590,10575.74
10560,10550.12
9960,9937.2
9500,9497.51
9100,9055.19
8721,8707.87
8282,8286.58
8042,7932.01
7776,7783.29
7699,7698.69
7989,7900.56
6950,6929.58
7410,7410.0
8700,8640.62
9100,9112.97
9450,9434.75
9800,9794.03
10200,10213.13
9000,8982.55
8665,8623.95
8430,8405.18
8360,8362.57
9000,8983.56
9850,9821.6
9925,9917.32
9840,9818.79
9760,9636.41
9330,9336.48
9330,9026.46
8330,8518.21
8165,8141.0
7747,7747.0
7602,7601.99
7324,7324.02
7228,7231.22
7635,7590.66
8410,8405.56
9350,9342.01
9400,9416.65
9370,9349.79
9700,9660.94
10050,10024.46
10300,10306.69
9930,9920.54
9630,9590.77
9500,9493.36
9300,9296.51
10330,10322.16
11275,11249.93
11070,10952.37
10930,10931.78
10670,10661.72
10240,10226.0
9530,9532.75
9055,9018.62
8545,8517.89
8150,8005.25
7940,7863.16
7720,7696.78
7660,7628.0
7800,7759.02
8560,8495.56
9600,9579.99
10150,10144.34
10000,9987.36
10400,10409.48
10800,10837.29
10825,10831.37
10400,10389.93
10150,10172.1
9875,9882.29
9600,9602.33
10600,10577.95
11350,11342.66
11140,11132.54
11025,10983.12
10793,10807.68
10000,9995.61
9620,9580.64
9130,9116.3
8700,8678.42
8265,8263.22
7988,7934.82
7720,7720.0
7644,7644.0
7970,7896.49
8950,8959.04
9750,9756.47
10150,10116.0
10200,10210.47
10500,10498.0
10900,10917.7
10920,10927.67
10700,10741.09
10340,10369.12
10150,10141.63
10000,9975.64
10650,10664.71
11600,11591.76
11450,11466.98
11240,11238.87
10916,10929.99
10400,10399.15
9770,9754.53
9330,9332.66
8900,8874.93
8270,8272.7
8050,7994.48
7763,7772.44
7785,7785.0
8260,8292.24
9050,9021.46
9900,9901.49
10200,10206.76
10300,10301.45
10550,10590.59
10870,10881.31
10000,10006.04
10360,10375.03
10100,10076.39
9950,9922.81
10100,10069.98
10763,10775.22
11600,11580.84
11364,11364.41
11247,11214.9
10800,10791.4
10200,10189.47
9844,9828.57
9345,9345.1
8855,8855.02
8399,8398.99
8083,8088.33
7855,7855.0
7627,7627.0
7759,7761.48
8118,8118.0
8924,8924.71
8870,8869.99
8887,8887.01
9220,9220.89
9810,9812.36
10042,10041.99
9826,9826.57
9197,9198.39
8492,8496.42
8407,8407.05
8907,8908.76
9940,9940.84
9893,9892.86
9786,9799.48
9828,9828.08
9616,9618.34
8941,8941.47
8777,8777.65
8179,8188.45
7922,7875.31
7624,7623.97
7429,7429.01
7368,7368.0
7522,7522.0
8250,8226.58
9160,9131.98
9245,9228.68
9289,9288.98
9589,9589.05
10067,10068.09
10307,10313.13
10027,10027.74
9793,9799.48
9199,9201.56
8707,8706.99
9429,9430.83
10474,10473.88
10598,10598.63
10495,10497.92
10270,10271.52
9893,9893.08
8869,8869.01
8488,8491.38
7699,7698.69
7397,7398.17
7332,7332.0
7251,7274.92
7210,7210.0
7450,7450.96
7697,7696.68
8307,8307.0
8595,8594.84
8616,8602.4
8978,8983.06
9346,9350.43
9743,9725.35
8614,8565.69
8234,8232.03
8030,8034.49
7902,7902.0
8569,8571.94
9893,9892.95
9616,9617.99
9492,9492.53
9472,9476.44
9288,9288.14
8809,8809.01
8561,8565.0
8090,7977.36
7635,7635.0
7432,7432.0
7281,7281.0
7133,7137.39
7351,7351.85
8017,7911.77
8850,8814.97
9210,9210.47
8896,8898.98
9402,9403.08
9774,9784.39
10155,10156.93
10129,10135.86
9777,9789.36
9478,9478.78
9451,9454.83
10223,10223.5
11132,11132.38
10845,10847.04
10756,10756.74
10642,10645.25
10244,10256.93
9692,9706.99
9211,9213.68
8815,8815.05
8313,8313.04
7852,7852.0
7678,7639.06
7480,7480.03
7439,7440.08
7867,7868.62
8670,8669.99
9135,9136.66
9374,9375.07
9725,9733.12
10066,10069.61
10211,10212.45
9987,9988.57
9712,9713.19
8626,8613.14
9081,9083.66
9657,9657.23
10307,10313.18
9912,9914.81
9598,9598.01
9019,9019.73
8759,8759.47
8293,8293.03
7825,7825.0
7315,7314.97
6883,6759.82
6745,6744.99
6657,6657.0
6606,6606.0
6491,6490.97
6611,6611.0
7211,7211.0
7717,7717.0
7716,7716.0
7891,7838.66
8230,8230.77
8789,8800.46
8615,8593.02
8307,8307.0
7848,7847.99
7927,7880.07
8700,8700.0
9551,9551.34
9419,9420.91
9309,9309.48
9326,9327.99
9175,9176.09
8645,8644.99
8437,8439.56
7840,7840.0
7593,7593.0
7347,7347.89
7213,7213.0
7118,7117.97
7525,7525.0
8304,8304.04
9356,9363.39
9688,9697.48
9787,9801.23
10132,10136.48
10663,10663.45
10628,10632.22
10260,10139.38
1000,9992.8
9560,9287.12
9615,9589.27
10130,10133.28
11075,11065.33
10970,10969.51
10760,10737.49
10396,10396.86
9755,9756.06
9345,9345.12
8971,8971.0
8514,8516.23
8175,8182.92
7933,7883.5
7735,7735.0
7604,7604.0
7950,7897.55
8709,8709.11
9690,9668.49
10110,10102.05
10137,10133.05
10505,10489.3
10874,10687.32
11112,9531.29
10565,6325.71
10400,10397.99
9944,9929.22
9834,9833.95
10537,10522.38
11424,11414.68
11275,11266.49
11027,11031.2
10777,10778.21
10328,10329.72
9769,9772.02
9408,9408.91
8900,8900.43
8512,8514.28
8248,8211.76
8130,8130.01
7937,7887.36
8189,8195.7
8956,8956.0
9960,9959.96
10250,10243.87
10202,10205.04
10650,10650.42
11039,10656.12
11080,10488.79
10700,10705.76
10416,10422.18
10239,10254.48
10094,10098.94
10495,10497.49
11437,11437.7
11323,11324.81
11062,10763.66
10611,10615.5
10082,10089.23
9733,9737.48
9356,9364.07
8914,8914.29
8482,8481.87
8219,8219.25
8030,7924.23
7900,7847.48
8091,7978.33
8463,8449.24
9090,9105.06
9193,9193.82
9154,9154.01
9336,9342.98
9859,9840.5
10145,10141.7
8915,8890.37
8716,8716.01
8549,8549.0
8353,8354.04
8877,8879.23
10170,10154.06
10000,10000.41
9970,9948.99
9754,9754.85
9451,9454.89
9019,9019.82
8845,8845.54
8319,8318.98
7787,7787.12
7646,7646.0
7496,7496.0
7303,7303.01
7657,7657.13
8521,8520.95
9274,9276.15
9717,9719.24
9376,9381.47
9791,9793.35
10013,10003.24
10318,10320.66
10150,10154.69
10045,10036.84
9800,9796.7
9635,9631.1
10419,10430.38
11470,11463.2
11234,11231.56
11094,11094.14
10793,10793.72
10285,10289.7
9756,9756.47
9493,9493.46
8922,8922.69
8548,8548.0
8299,8299.01
7957,7904.35
7913,7860.17
8268,8270.82
9250,9239.05
10150,10139.08
10320,10297.54
10270,10254.3
10700,10724.47
11040,10897.78
11340,8568.82
10940,10942.31
10730,10725.54
10550,10548.76
10400,10386.58
10700,10696.01
11930,11921.93
11500,11501.95
11460,11446.19
11065,11056.05
10400,10400.4
10072,10073.16
9799,9801.21
9393,9393.68
8977,8977.2
8466,8466.01
8226,8226.61
8132,8132.0
8220,8220.21
8808,8807.98
9733,9716.29
10234,10235.12
10096,10087.62
10172,10157.99
10701,10689.8
10860,10859.86
10400,10393.95
10525,10516.7
10400,5674.18
10190,10173.31
10590,10589.93
11629,11621.93
11439,11427.95
11192,11186.16
10947,10562.77
10544,10548.65
10060,10060.0
9738,9740.16
9289,9288.97
8962,8962.0
8501,8503.56
8432,8432.91
8285,8288.37
8542,8544.52
9280,9265.63
10100,10123.75
10380,10375.56
10482,10471.44
10838,10838.14
11220,9710.51
11110,10207.23
10760,10764.51
10736,10736.34
10552,10556.11
10530,10532.21
10890,10882.47
12040,12022.29
11790,11796.55
11640,11642.33
11221,11227.18
10720,10713.56
10220,10216.53
9951,9950.92
9372,9373.1
9018,9018.76
8635,8635.03
8469,8469.03
8334,8334.0
8546,8546.07
9660,9649.22
10235,10220.43
10240,10229.01
10370,10366.0
10745,10728.72
11060,10676.27
11240,8634.02
10795,10795.83
10630,10620.09
10500,10487.02
10310,10314.08
10695,10697.15
11800,11800.15
11530,11516.35
11269,11270.49
11087,11088.54
10675,10660.56
10242,10250.35
9635,9635.75
9233,9233.04
8845,8845.5
8559,8563.08
8272,8279.44
8254,8239.22
8453,8461.41
9540,9525.65
10150,10152.28
10575,10562.71
10645,10625.66
11145,10649.03
11140,10751.44
11325,8665.71
10860,10557.89
10910,10898.44
10670,10669.0
10430,10410.46
10630,10605.0
11750,11749.84
11600,11584.5
11340,11333.68
11070,11071.47
10675,10665.17
10143,10143.85
9827,9827.36
9221,9221.86
8940,8941.0
8630,8630.06
8342,8344.73
8246,8232.22
8306,8306.02
8825,8802.43
9145,9124.1
9125,9118.64
9050,9036.91
9385,9377.56
9803,9805.16
10300,10306.11
9125,9127.07
8981,8993.6
8861,8865.28
8459,8464.12
9275,9246.5
10535,10539.38
10280,10274.38
10390,10374.04
10248,10251.41
9980,9981.89
9615,9600.25
9150,9131.8
8735,8735.82
8454,8461.59
8223,8221.81
7865,7866.63
7897,7844.54
8010,7900.81
8930,8926.93
9420,9409.91
9535,9533.02
9365,9373.64
9663,9615.63
10000,10015.54
10310,10308.94
10200,10184.19
10010,10000.74
10060,10022.05
9952,10061.15
10440,10435.54
11700,11689.73
11825,11834.97
11600,11581.69
11270,11263.64
10690,10680.72
10285,10277.02
9821,9822.24
9290,9290.0
8948,8948.02
8517,8517.01
8445,8455.95
8334,8334.0
8646,8646.0
9515,9507.4
10110,10103.46
10400,10387.94
10550,10553.66
10825,10804.09
11300,9148.76
11330,8570.45
11070,10972.21
10790,10794.35
10580,10565.69
10430,10405.0
10825,10799.89
12045,12045.65
11980,11944.8
11689,10192.55
11485,11482.56
10820,10796.51
10410,10414.04
9940,9931.57
9423,9424.96
8962,8962.0
8718,8718.02
8435,8436.76
8420,8420.0
8610,8616.76
9625,9598.57
10250,10240.93
10430,10451.01
10770,10762.35
10980,10986.54
11300,9763.01
11600,11166.39
11350,8483.2
11230,11232.85
11020,10926.2
10820,10811.36
11200,11181.03
12400,12385.27
12300,12275.24
12170,12175.36
11700,11699.64
11440,11426.47
11000,11001.54
10500,10496.96
9880,9848.85
9625,9585.76
10050,10017.99
10395,10383.97
9378,9379.15
8575,8549.74
8674,8674.0
9310,9309.13
10050,10035.56
10600,10599.84
10975,10883.23
11415,10990.98
11725,11724.14
11950,11944.99
11900,11905.61
11900,11899.83
11700,11694.58
11960,11938.72
12300,12261.68
12000,11969.67
12130,12129.4
12150,12144.0
11920,11908.12
11180,11168.55
10925,10890.49
10420,10392.8
10120,10102.45
10620,10595.44
10850,10822.82
10050,10038.6
9260,9241.57
9410,9397.36
9960,9945.21
10500,10572.39
10880,10917.88
11380,11099.11
11900,11730.59
11950,11590.81
12050,12092.46
11900,11907.9
12000,11951.72
12000,12046.15
12200,12188.38
12620,12573.8
12780,12754.15
12640,12618.21
12600,12596.53
12250,12197.86
11910,11889.72
11500,11480.86
11050,11044.06
10700,10719.17
10870,10856.33
11300,11288.87
10680,10675.66
9900,9906.86
10050,10029.76
10570,10587.95
11150,11172.0
11500,11503.12
11950,11923.06
12300,12372.41
12250,12298.56
12200,12165.0
11400,11190.49
11600,11633.27
11850,11855.45
11820,11836.86
12480,12432.46
12576,12574.69
12425,12417.5
12490,12363.33
12200,12209.92
11740,11753.98
11330,11336.77
10790,10767.81
10300,10294.35
10225,10223.28
10710,10724.93
10130,10150.65
9230,9211.55
8875,8825.2
9000,8985.53
9260,9245.87
9840,9817.52
10150,10140.6
10750,10742.66
11100,10805.25
10600,10635.04
11060,11043.0
10950,10959.48
11050,11039.82
11490,11480.68
12020,12011.62
12300,12277.06
12265,12261.1
12300,12249.89
12200,12205.26
11600,11597.46
11200,11188.65
10775,10777.28
10500,10514.54
10925,10908.47
10950,10968.75
10274,10258.62
9391,9369.89
9540,9474.43
980,9865.81
10350,10336.77
10800,10777.07
11200,11083.59
11450,9110.07
11550,9134.74
11900,11916.69
11750,11772.96
11700,11662.3
11850,11867.49
12100,12121.34
12550,12539.49
12650,12607.94
12493,12514.97
12800,12682.22
12490,12509.77
11480,11483.6
10680,10729.51
9050,9025.22
9490,9483.91
10180,10190.95
10490,10470.95
9900,9904.12
9090,9071.46
9200,9180.83
9610,9605.67
10040,10014.91
10600,10576.4
10980,10877.56
11210,10297.95
11700,10416.53
11950,11924.32
11900,11902.19
11900,11910.7
11900,11908.18
12300,12337.4
12700,12655.25
12830,12800.48
12900,13400.87
13000,13005.71
12800,12761.02
12200,12107.27
11750,11758.8
11250,11221.47
10950,10950.26
11100,10805.57
11220,11108.46
10470,10508.76
9750,9735.82
9750,9735.94
10200,10182.14
10950,10955.63
11450,9879.76
11700,11505.88
11900,11896.36
12100,12066.18
12450,12520.53
12400,12361.4
12300,12310.81
12000,11934.62
12650,12643.69
13050,12887.89
13320,13264.43
13420,13168.27
13450,12770.18
13050,11840.54
12550,12603.56
12150,12134.9
11600,11573.57
11370,11364.47
11530,11556.66
11650,11648.6
10870,10859.28
10070,10054.67
10160,10177.96
10640,10664.2
11170,11162.36
11600,11563.17
11900,11890.34
12100,12051.75
12225,12194.93
12400,12359.65
12250,12253.91
11800,11820.39
11675,11665.47
11801,11801.01
11597,11603.08
11930,11930.3
11956,11968.33
12411,12425.26
12279,12288.91
11860,11851.99
11450,11450.56
10898,10901.0
10759,10759.8
10732,10732.2
10335,10335.78
8972,8971.99
8117,8003.28
8133,8132.95
8440,8413.77
8930,8915.08
9470,9428.77
9550,9523.4
9980,9949.6
10300,10300.64
10410,10393.79
10515,10514.57
10390,10372.81
10330,10328.76
10364,10364.04
10470,10470.83
10600,10601.45
10589,10589.02
10668,10668.89
10518,10519.8
10113,10116.0
9752,9753.28
9432,9433.86
9228,9228.83
9626,9626.97
9829,9829.07
8745,8745.0
8058,7946.61
8194,8198.36
8777,8777.65
9262,9262.88
9542,9542.2
10062,10062.74
10124,10130.13
10333,10335.57
10321,10324.4
10058,10058.74
10074,10076.59
10217,10217.57
10246,10251.84
10088,10092.01
9864,9864.01
9568,9567.99
9472,9476.43
9434,9435.81
9385,9390.37
9176,9177.49
8848,8848.0
8718,8718.02
8831,8834.1
9188,9188.43
8326,8326.01
7484,7483.99
7249,7273.08
7519,7518.97
7946,7897.22
8242,8234.97
8531,8531.1
9066,9072.35
9735,9741.36
8773,8773.04
9031,9033.22
8989,8989.0
9170,9170.69
9720,9712.01
10003,10002.95
10243,10250.81
10194,10193.81
10354,10355.64
10310,10314.52
9899,9899.01
9513,9514.64
9067,9073.36
8784,8791.62
9018,9018.75
9390,9394.41
8404,8403.9
7730,7730.0
8021,7911.89
8633,8632.96
9319,9323.02
9587,9584.83
9915,9914.99
10399,10399.49
10685,10690.28
10804,10808.41
10844,10824.92
10728,10728.36
10775,10775.37
11064,11068.18
11160,11159.96
11281,11284.96
11061,11066.27
10791,10791.95
10375,10382.47
10011,10013.61
9995,9995.0
9580,9580.09
9043,9043.0
8510,8512.4
8981,8981.01
8268,8252.85
7652,7652.0
8034,7925.08
8536,8536.02
9067,9073.9
9711,9712.24
10022,10023.06
10526,10530.51
10976,10981.2
11194,11196.48
11300,11304.89
11328,11329.37
11177,11177.59
10790,10790.19
11100,11101.61
11263,11263.48
11093,11093.39
11215,11223.58
11124,11124.68
11030,11031.37
10572,10572.01
10101,10106.49
9929,9929.74
10123,10126.14
10302,10303.92
9176,9177.48
8513,8515.39
8779,8780.17
9269,9268.97
9878,9884.6
10323,10326.0
10743,10746.27
11228,9528.06
11529,11530.97
11870,11867.29
11900,11890.88
11890,11899.86
11850,11854.81
12220,12215.66
12557,12549.31
12735,12615.65
12812,12807.6
12925,12904.49
12199,12218.36
11950,11954.83
11300,11273.5
10700,10700.72
10380,10363.32
10300,10303.04
10150,10138.7
9065,9069.8
8280,8284.64
7965,7911.18
8212,8211.99
8538,8538.66
8846,8845.99
9362,9371.51
9801,9803.35
10557,10571.03
10777,10792.53
10670,10671.76
10707,10714.74
10713,10719.82
11096,11096.08
11679,11687.42
11915,11919.41
11763,11767.32
12107,12109.74
11896,11904.03
11480,11486.98
10984,10979.74
10680,10689.02
10430,10433.59
10560,10556.65
10725,10722.7
9742,9743.29
9037,9036.99
9269,9268.96
9906,9907.05
10448,10456.54
10922,10837.56
11525,11000.92
11900,11887.35
12450,12412.75
12350,12374.98
12100,12096.65
12070,12083.33
12000,11978.53
11950,11921.97
11875,11862.18
11815,11807.84
11935,11939.07
12095,12101.63
11712,11719.86
11381,11384.74
10887,10890.85
10721,10725.21
10923,10924.82
10927,10928.68
10025,10025.67
9405,9405.96
9462,9469.39
9820,9821.8
10705,10715.14
11350,11353.87
11700,11561.38
11950,11824.49
12200,12200.49
12500,12477.65
12450,12448.02
12100,12062.34
11900,11885.6
11950,11920.25
12060,12059.38
12375,12359.0
12500,12373.14
12695,12574.49
12525,12506.12
12200,12202.62
11940,11911.66
11470,11454.24
11230,11221.07
11380,11373.01
11280,11264.81
10440,10434.53
9493,9493.46
9590,9590.0
9725,9718.11
10175,10167.54
10330,10333.58
10765,10762.02
11250,11247.62
11710,11703.16
11220,11118.28
11420,11319.33
11325,11323.09
11475,11473.09
11900,11872.22
12750,12615.11
13000,12990.9
12990,12999.44
13250,13226.02
13080,12691.15
12730,12028.18
12320,12286.89
11820,11805.81
11600,11615.0
11650,11635.39
11850,11842.27
11050,11064.63
10230,10227.68
10300,10267.44
10780,10783.39
11080,10792.46
11600,11631.85
11800,11778.99
12100,12089.54
12600,12624.82
12550,12580.85
12650,12606.85
12500,12527.28
12700,12731.16
13150,12810.65
13700,13088.28
13800,11695.78
13850,11616.77
14050,11156.85
14000,10386.14
13900,13728.23
13250,8421.53
13000,11061.51
12500,12351.87
12550,12500.79
12600,12525.3
11550,11696.06
9800,9786.65
7231,7479.72
5627,5699.64
7121,7360.16
8351,8351.5
9521,9524.18
10854,10390.05
11507,10799.93
12200,12190.79
12506,12485.59
12421,12410.03
12350,12288.13
12650,12609.17
13700,13484.33
13350,13145.56
13450,13298.05
13950,13741.31
13920,13515.66
13300,11590.03
12900,11208.84
12100,12278.58
12300,12320.75
12500,12524.15
12400,12397.54
11800,11796.74
11150,11155.69
11000,11011.74
11200,10983.81
11700,11697.42
12250,12253.19
12450,12512.87
12850,12852.31
13050,12808.67
13270,12491.09
13320,9634.42
13250,9855.29
13200,12864.45
13430,13162.99
14350,13363.97
14380,13471.63
14350,14289.15
14650,14309.31
14550,14534.41
14250,14122.77
13750,12666.68
13400,8379.25
13200,10281.15
13300,10624.31
13200,10565.69
12900,10503.97
12000,12268.45
12150,12142.89
12150,12167.62
12250,12149.03
12700,12584.2
12900,12894.4
13200,13175.32
13400,10480.37
13700,10076.55
13800,8940.62
13700,8940.22
13100,9002.43
13800,13385.53
14600,13073.28
14750,14326.62
14800,14777.37
15000,14801.34
15100,14678.45
14750,14785.24
14400,14446.13
14200,13917.49
13900,13041.51
13750,11158.68
13600,9654.06
12950,8391.24
12250,12332.33
12150,12200.25
12200,12217.57
12600,12596.15
13000,12808.75
13150,12671.73
13400,11425.5
13550,10271.39
13900,9125.69
14000,11116.19
14100,12733.22
13300,13037.42
14000,13553.37
14800,14656.04
14950,14826.81
15000,14906.08
15250,14937.75
15300,15141.74
14900,15100.94
14200,14551.42
14000,13702.15
13750,11030.99
13850,10349.75
13750,11094.2
13550,9955.69
12750,8451.09
12750,12628.98
13000,12897.64
13200,12794.0
13400,10173.67
13600,10152.9
13700,8879.21
14000,10907.91
14100,12160.47
14300,13090.56
14400,13631.36
14200,14164.83
14900,14297.61
15000,14838.92
15200,14941.15
15300,15337.1
15500,15343.23
15400,15328.12
15000,15197.48
14500,14555.05
14000,14216.25
13900,10917.05
13850,11005.31
13800,11231.72
13500,10638.66
13000,9485.13
12900,12646.65
12700,12767.0
12700,12741.28
12850,12653.82
12900,12813.08
13400,13257.21
13600,10917.02
13550,9910.01
13700,9913.17
13900,10988.57
13800,13877.55
13800,14092.54
15000,14739.55
14900,14960.95
15100,14854.18
15300,15063.2
15150,15203.6
15000,14911.28
14400,14547.46
14100,14069.83
14100,11495.7
14200,11541.64
14100,13448.74
13900,10427.55
13300,11327.4
13000,11285.08
13100,12759.24
13200,12180.06
13450,10982.7
13700,10573.38
14000,10651.2
14200,11152.81
14400,13510.1
14650,14163.28
14450,14434.66
14400,14249.0
14600,14377.67
15550,14625.26
15400,15368.59
15400,15378.05
15700,15385.83
15700,15372.52
15600,15289.57
15350,15240.33
15000,14975.02
14900,14634.16
14800,14574.24
14500,14479.72
14200,14209.27
13300,13062.71
13000,11027.37
13100,12778.67
13000,12082.22
12500,12579.18
12350,12243.3
12300,12356.55
11500,11526.65
12100,12041.28
12500,12529.87
12500,12655.83
12450,12274.49
12850,12748.34
13600,13434.51
13840,14024.35
13720,13264.49
13850,13692.44
13700,13387.12
13650,13342.24
13200,9420.38
12800,10276.29
12600,11734.74
12500,11429.6
12300,12075.26
11800,11805.83
10900,10893.87
10950,10951.5
11250,11212.49
11600,11582.92
11950,11954.96
12100,12128.05
12200,12183.97
12450,12405.08
12100,12098.49
11920,11927.88
11765,11748.33
11570,11572.7
11850,11856.96
12700,12660.42
12830,12822.89
12660,12583.55
12800,12731.9
12600,12570.24
12350,12307.71
11500,11491.87
11050,10962.1
11100,11131.45
10900,10917.85
9850,9853.02
8930,8936.46
8851,8851.52
8968,8968.01
9501,9502.75
9948,9947.85
10220,10225.47
10541,10548.18
11063,9996.37
11400,9763.85
11440,11267.47
11416,11417.77
11336,11337.51
11572,11574.67
12360,12368.45
12650,12507.75
12527,12505.04
12729,12743.08
12661,12657.73
12397,12358.75
12146,12161.38
11703,11705.47
11369,11375.16
11175,11176.34
10975,10981.86
9836,9836.59
9170,9170.69
8844,8844.98
9002,9002.25
9172,9172.88
9544,9544.91
9817,9820.98
10049,10049.61
10497,10497.02
11043,11044.35
10932,10937.01
10678,10680.48
10593,10592.99
11023,11027.11
11750,11752.4
11948,11952.0
11946,11949.15
11771,11775.45
11674,11678.0
11552,11558.96
11430,11431.27
11049,11055.36
10605,10607.26
10098,10103.64
9634,9635.13
9499,9500.77
9255,9255.7
9517,9518.53
9132,9132.92
8472,8417.32
8439,8442.36
8624,8592.82
8894,8897.27
9176,9178.05
9366,9370.47
9355,9359.15
9035,9036.06
8774,8774.06
8722,8722.06
10424,10423.93
10705,10713.38
10707,10715.11
10929,10932.33
10952,10963.06
10758,10758.4
10527,10529.09
10166,10168.25
9770,9773.58
9481,9481.91
9225,9225.89
9012,9011.99
8664,8664.01
8775,8775.0
8917,8718.99
8981,8988.93
9146,9149.8
9278,9283.8
9632,9486.23
10745,10748.59
10461,10461.74
10416,10420.56
9943,9942.99
9707,9708.24
9490,9490.51
11450,11453.76
11670,11672.03
11568,11570.76
11762,11764.24
11987,11989.45
11795,11798.85
11649,11651.75
11265,11264.72
10910,10900.72
10710,10705.74
10390,10386.18
10145,10134.92
9640,9637.12
9617,9619.35
9870,9851.52
9800,9803.9
9797,9799.81
9943,9944.1
10399,10399.46
10854,10870.75
11230,8926.65
11280,11264.67
10973,10980.63
10644,10645.33
10205,10205.74
11844,11848.01
12510,12515.95
12650,12639.47
12700,12688.87
12500,12509.09
12440,12419.34
12245,12237.89
11820,11829.03
11500,11504.07
11070,11040.71
10820,10816.54
10700,10699.9
10100,10085.21
10150,10146.29
10240,10234.44
10310,10291.77
10340,10312.41
10600,10584.81
11020,10902.05
11390,9554.26
11700,11256.07
11700,10542.86
11500,11500.73
11200,11190.37
10970,10963.05
12550,12536.35
12800,12771.72
12800,12749.73
12880,12814.79
13000,12977.51
12900,12625.87
12900,12844.83
12580,12515.12
12120,12076.76
11870,11868.59
11650,11606.25
11320,11328.35
10800,10797.2
10790,10788.9
10750,10743.58
11250,11226.55
11400,11360.48
11930,11435.67
12300,12293.94
12750,12656.82
12800,12764.57
13100,12994.46
12900,11437.03
12550,12522.95
12180,12140.66
13745,13769.62
13950,13691.43
13980,13778.02
14350,13903.28
14180,14090.07
14150,13924.97
14100,12739.23
13650,11636.08
1330,9436.34
13000,12888.12
12650,12312.74
12580,12489.23
12170,12139.67
11950,11935.91
121000,12106.14
12450,15042.82
12800,12808.36
12900,12882.04
13500,13369.76
13750,9568.93
13800,10515.22
13875,10007.91
11900,10860.82
11375,11366.75
10794,10793.53
12200,12094.82
12520,12538.71
12480,12263.83
12830,12820.9
13000,12904.71
13000,12677.51
13050,12714.9
12600,12039.9
12400,12385.15
12150,12140.58
11950,11936.0
11900,11906.75
11600,11580.32
11420,11418.88
11560,11552.2
11720,11721.42
12650,12623.42
13230,13116.63
13500,10669.84
14030,10277.31
14100,11731.91
14200,8325.96
14050,12419.48
13550,8304.02
12300,11116.43
12900,12846.75
12900,12821.22
12850,12825.83
13100,13062.41
13500,13428.54
13600,11642.25
13800,8719.05
13200,8292.79
12900,10360.51
12650,12587.02
12350,12290.8
11780,11770.64
11232,11233.49
11220,11225.26
11000,11012.34
11680,11665.26
12220,12204.87
12850,12804.65
13240,13180.42
13830,11511.89
13940,12070.35
14260,12251.47
14300,13180.5
13650,13126.11
13170,11328.16
14900,14008.44
14950,14486.27
15000,14524.4
15080,14574.96
14800,14679.01
14650,14445.05
14550,14385.77
14150,13978.93
13800,11202.16
13600,9830.61
13250,9621.17
13100,11617.16
12400,11839.87
12100,12128.5
11900,11919.79
11750,11627.33
11780,11541.95
12100,12143.36
12420,12358.98
13270,13723.26
12830,11392.08
13090,12977.36
12970,12280.29
12750,12669.89
12300,12046.67
13950,13846.78
14180,13866.16
14260,13774.52
14520,14409.17
14600,14458.51
14800,14398.73
14700,14527.92
14600,14440.75
14150,13992.97
13850,11592.67
13500,9466.79
13200,8753.39
12780,11128.81
12650,12638.47
12500,12502.39
12620,12563.82
12930,12818.64
13270,13110.8
13800,12156.94
14000,10045.78
14090,10783.71
14320,10459.4
14400,13308.64
14000,13597.22
13850,13877.44
15400,14248.63
15600,15268.83
15450,15319.92
15750,15312.79
15500,15310.21
15600,15287.56
15500,15269.87
15300,15011.04
15100,14963.37
14650,14685.2
14400,14383.25
14270,13565.94
13600,12985.52
13500,9333.93
13500,9657.57
13880,10711.25
14250,11075.45
14550,14349.09
14700,14542.71
15120,14633.52
15150,14951.02
15350,15013.95
15300,15185.02
14750,15143.61
14100,14841.4
15750,13983.1
15650,15426.83
15700,15432.34
16000,15474.08
15900,15452.3
15750,15421.28
15500,15382.28
15100,15090.67
14850,14876.93
14600,14765.23
14200,14359.71
14000,13300.71
13650,11420.55
13450,9593.8
13550,10667.79
13900,10225.32
14200,12707.83
14450,14273.6
14800,14460.46
15100,14821.49
15180,15024.68
15220,15257.12
15150,15210.07
14820,14877.35
14600,14841.88
16150,14996.38
16400,15446.38
16500,15457.84
16700,15464.86
16400,15464.8
16300,15458.82
15900,15366.78
15300,15084.81
15200,15044.91
14900,14998.24
14600,14566.78
14500,14199.01
13600,14191.0
13600,10243.97
13700,10571.77
14050,11871.48
14400,12837.61
14450,14380.39
14875,14478.37
15000,14826.07
15200,14892.75
15300,15256.69
15200,15233.39
14950,15193.7
14800,14892.82
16450,15010.3
16600,15444.53
16625,15448.88
16720,15449.63
16450,15447.08
16250,15409.47
16150,15390.32
15700,15109.0
15550,15057.81
15200,15012.95
14850,15010.68
14450,14405.16
14000,13796.75
13550,11731.6
13600,10379.9
14000,10787.87
14400,12810.41
14800,14471.91
15000,14764.74
15200,14913.53
15260,15260.12
15500,15268.79
15300,15286.77
15200,15218.38
14850,15301.63
16420,15001.35
16500,15447.68
16600,15449.53
16774,15459.53
16600,15451.58
16250,15407.98
16100,15399.97
15850,15139.31
15700,15109.31
15400,15041.4
15200,15019.85
14900,14969.38
14000,14407.88
13800,11469.94
12800,11610.82
14150,13651.04
14750,13784.73
14500,14757.99
15150,14640.09
15550,15042.98
15600,15383.68
15550,15349.78
15450,15344.14
15200,15260.83
15000,15309.13
16550,15090.31
16750,15452.99
16650,15462.34
16620,15461.34
16600,15451.89
16550,15441.65
16350,15397.32
15950,15136.31
15750,15130.81
15500,15109.31
15200,15031.45
15000,14967.81
14500,14495.47
14000,13959.2
13350,12084.02
13080,10715.56
13270,12322.23
13530,11685.06
14180,11437.89
14400,14569.46
14200,14497.2
14550,14520.46
14150,14497.06
14250,14053.56
13550,14569.36
15500,14389.63
15700,15427.74
15750,15427.8
15870,15448.21
15820,15440.46
15700,15409.29
15500,15365.47
15000,15089.29
14600,14947.97
14250,14449.33
13900,13873.66
13650,11919.24
13150,9985.21
12900,11756.41
12850,12812.1
13100,12991.54
13600,12399.38
13800,10764.24
14400,11974.15
14800,14348.82
15100,14819.16
15200,14813.15
15300,15141.84
15200,15128.16
14950,15305.89
16600,15092.89
16750,15460.49
16750,15463.34
16650,15461.76
16520,15438.68
16450,15418.63
16150,15333.62
15770,15064.62
15470,15041.62
15400,15025.47
15120,15003.54
15050,14707.61
14760,14529.83
14450,14370.88
14450,14030.94
14650,13858.82
14850,14448.57
15150,14800.27
15350,15014.21
15500,15265.32
15800,15338.5
15850,15327.38
15800,15322.38
15700,15267.0
15280,15350.88
16750,15414.85
16800,15430.68
16700,15432.18
17150,15473.19
16900,15461.39
16850,15423.64
16600,15397.32
16200,15157.5
16000,15152.0
15800,15111.5
15600,15066.78
15400,15049.0
15000,15043.07
14600,14781.61
14700,14458.34
14200,14814.91
15000,14102.53
15500,14865.81
15800,15313.74
16000,15318.57
16100,15306.07
16200,15318.57
16050,15306.57
15900,15309.07
15500,15342.57
16750,15400.18
16850,15421.87
16900,15426.37
17200,15464.23
17100,15458.52
17100,15426.83
16900,15379.51
16300,15152.0
16100,15149.0
15900,15150.5
15750,15149.5
15600,15060.09
15050,15019.5
14900,14827.64
14750,14640.2
15200,14802.45
15550,15122.81
15800,15118.67
16100,15351.5
16250,15347.5
16300,15347.5
16400,15351.5
16450,15350.5
16350,15357.0
15600,15354.0
16700,15437.32
16800,15462.03
16850,15544.88
17000,15615.14
16600,15477.37
16700,15449.46
16450,15408.33
16050,15197.67
15850,15183.66
15650,15187.66
15400,15157.66
15150,15078.16
1440,14956.46
14000,13820.3
13750,12352.27
13400,10938.07
12950,9529.39
13100,13071.36
13400,11955.79
13900,10882.46
14130,13556.81
14100,13421.79
13980,11939.66
13850,12119.16
13100,13911.79
15020,14321.36
15600,15108.69
15630,15302.16
15850,15485.88
15850,15473.77
15800,15461.96
15700,15419.48
15600,15179.47
15400,15140.97
15100,15134.82
14500,14955.49
14350,13747.07
13900,14164.23
13900,11650.8
13850,11397.16
14200,11345.51
14400,13404.1
14700,13812.51
14800,14517.35
15200,14590.3
15250,15150.93
15380,15146.3
15280,15221.68
14900,15145.0
14300,14813.21
15700,15008.63
15850,15470.15
15650,15474.64
15500,15467.14
15430,15443.25
15500,15401.72
15250,15373.28
14300,15081.64
13600,13763.84
13200,10888.04
12900,11668.38
12400,12344.34
11900,11906.32
11600,11618.35
11580,11603.74
12030,12060.64
12410,12181.58
12860,12827.98
13580,13449.45
14100,11614.9
13575,12008.84
13900,11435.72
13850,12536.5
13550,12088.43
12700,10404.59
14550,14048.84
15025,14862.71
14772,15026.37
15075,14944.51
15150,15069.62
15150,15071.98
14980,14809.61
14100,14479.7
13950,11849.13
13570,12129.08
13450,9533.17
13200,11034.11
12820,11552.53
12600,12579.19
12700,12671.8
13140,12989.77
13200,12275.27
13600,12311.31
14000,13986.73
14450,14055.25
14900,14391.32
15250,14509.17
15050,15140.65
14700,14565.61
14050,14815.15
15400,14508.6
15600,15341.29
14500,15356.23
14690,14661.47
14850,14854.58
14750,14849.69
14200,14556.99
13800,14172.18
13100,9947.9
11225,11920.67
11195,11197.61
11212,11218.74
10992,10996.52
11019,11022.81
10874,10876.79
11616,11622.26
12057,12071.64
12577,12594.15
13260,13264.8
13680,13837.58
13730,14092.78
14000,13930.44
13974,13750.56
13850,13404.09
13050,13429.44
14400,14212.77
14350,14432.76
13700,14294.07
11850,10474.07
9835,9696.22
9168,9170.35
9832,9832.08
10276,10279.01
10499,10498.94
10324,10326.08
10271,10272.96
10061,10060.91
9606,9607.3
9855,9855.79
9831,9831.11
10377,10385.26
10642,10644.13
11070,11073.31
11237,11239.26
11100,11102.95
10252,10254.38
10289,10291.5
9331,9332.86
8997,8996.99
8883,8885.02
9522,9522.01
9409,9409.94
9027,9027.6
8983,8982.91
8648,8647.98
8182,8192.79
7818,7818.0
7787,7787.1
7424,7424.0
7282,7282.0
7295,7295.0
7338,7338.99
7514,7514.0
8093,7980.2
8617,8615.23
9186,9186.56
10022,10022.64
10680,10685.77
11356,10852.99
11660,11450.88
11985,10715.91
12154,10429.48
12272,10508.24
11966,11873.48
11675,11678.75
13081,13101.14
13638,13796.87
13609,13552.9
13437,13438.64
13062,13147.74
13022,13026.42
12679,12275.65
12183,12087.24
10882,10883.38
9756,9758.47
8588,8587.97
7685,7666.31
6874,6874.02
7322,7495.35
8154,8153.93
8793,8799.25
9501,9502.78
9895,9894.63
10663,10663.5
11145,11144.57
11109,11109.05
11258,11261.13
11156,11155.96
10950,10957.18
10744,10746.13
12480,12509.31
12781,12795.27
12618,12631.33
12240,12246.49
11981,11986.31
11947,11935.51
11695,11695.28
11194,11195.01
10864,10865.1
10538,10542.69
10182,9784.75
9974,9974.02
9604,9604.93
9995,9995.0
10123,10028.64
10765,10765.78
11454,10664.63
11711,11714.26
12241,12254.56
12492,12513.87
12615,12597.27
12600,12562.19
12300,12241.04
11710,11705.43
11070,11040.74
12220,12215.8
12487,12511.58
12335,12353.58
12154,12175.6
12033,12045.48
11864,11870.31
11876,11885.81
11487,11490.63
10943,10948.9
10627,10629.29
10092,10098.6
9763,9765.74
9410,9410.99
9307,9307.52
9080,9083.5
9216,9227.45
9591,9588.78
9906,9907.1
10725,10720.08
11370,11375.57
11130,11131.26
11333,11233.13
11119,11119.75
10746,10747.81
10238,10143.74
12043,12059.58
12552,12576.01
12609,12617.48
12787,12766.85
12633,12643.48
12772,12754.15
12619,12633.92
12273,12286.77
11751,11754.34
11296,11302.73
10735,10735.19
10213,10213.57
9627,9627.86
9199,9202.09
8796,8799.59
8797,8800.72
9229,9241.83
10049,10049.59
10559,10571.78
11224,11231.75
11008,11011.12
11381,11078.76
11087,11088.59
11265,11266.64
10957,10965.72
12926,12967.33
13341,13453.85
13040,13091.14
12877,12888.63
12765,12781.99
12443,12449.3
12369,12390.96
11915,11919.23
11424,11427.38
11088,11089.52
10646,10647.06
10385,10387.49
10196,10195.89
10368,10373.41
10544,10550.24
11292,11296.49
11500,10774.97
12100,12115.1
12500,12442.45
12731,12706.2
12730,12485.49
12570,12551.67
12105,12270.98
11725,11723.23
11825,11823.97
13604,13497.24
14202,13984.71
13975,14077.18
13840,13838.91
13500,13492.44
13390,13255.43
13160,13133.45
12551,10983.09
12198,12209.09
12003,12006.36
11340,11341.96
11237,11237.99
10826,10826.03
10982,10988.15
11096,11096.02
11678,11684.44
12015,12006.49
12605,12590.33
12905,12863.53
13170,13166.22
13288,11180.59
13630,11398.58
13420,11003.78
13320,12385.36
12790,12876.86
14530,14065.69
15150,14859.03
15020,14822.39
15100,14787.83
15000,14856.96
14970,14692.75
14575,14675.68
14300,14222.63
13870,13898.94
13600,10996.82
13330,9385.64
12900,10283.92
12270,12321.93
12296,12308.01
12450,12442.23
12800,12770.07
13180,13155.61
13350,11479.07
13850,13847.27
14100,13140.76
14300,12720.62
14450,13539.92
14300,13975.28
14150,13326.75
13400,13895.76
15140,14429.78
15700,15216.72
15400,15430.99
15600,15393.92
15530,15365.59
15270,15311.6
15270,15119.25
14950,15003.11
14750,14513.85
14400,14405.75
13920,14116.28
13550,13195.05
12950,9086.76
12700,12700.99
12770,12721.87
13000,12996.64
13470,13059.74
13840,13847.08
14200,14245.43
14550,14399.52
14750,14593.64
14950,14708.7
14850,14619.93
14630,14439.09
14000,14806.4
15800,14607.44
16100,15552.95
15950,15555.76
16000,15565.64
16000,15477.11
15900,15432.59
15750,15333.9
15600,15095.26
15300,15061.6
14930,14979.91
14550,14488.57
14250,14241.71
13550,13990.7
13500,13373.85
13330,13342.81
13620,13528.76
14070,13880.75
14550,14320.87
14870,14608.28
15220,14969.34
15150,15242.24
15250,14987.27
15350,15210.69
14950,15199.68
14500,14926.1
15850,14948.5
15850,15453.29
15450,15452.29
15850,15465.34
16000,15458.1
15950,15453.28
15850,15449.78
15700,15209.98
15550,15128.79
15200,15103.86
14600,15017.95
14200,14260.34
13350,13968.33
13200,13224.33
13070,13160.6
12930,12892.18
12970,12618.8
13350,13360.53
13770,14129.29
14240,14247.01
14000,14379.5
14175,14168.08
14400,14361.26
13800,14361.13
13250,13859.41
15000,14370.74
15500,15109.58
15350,15451.76
15700,15423.71
15750,15479.01
16000,15459.55
15800,15443.78
15600,15179.82
15200,15104.42
14700,15070.89
14350,14639.0
13880,14066.25
13000,13359.7
12580,12387.82
12200,12200.91
12030,12016.48
11690,11472.87
11260,8065.32
11670,10215.69
11926,11930.59
12271,12066.27
12601,12626.77
12664,12684.12
12717,12719.06
12448,12222.92
14216,13551.38
14628,14688.43
14350,14860.79
14371,14661.69
14120,14596.3
14108,14155.01
14127,14030.27
13800,13459.93
13220,10524.07
12920,11315.2
12700,12457.56
12520,12512.85
1945,11940.73
11890,11896.01
11900,11907.01
12430,12391.18
12720,12697.63
13150,13120.81
13640,12523.29
14000,11599.77
14000,10883.24
14100,10765.13
13850,13476.27
13100,13653.46
12100,11612.78
13650,13481.88
14300,14154.03
13930,14231.9
13955,13919.01
13716,13731.25
13511,13606.83
13422,12542.04
12840,10282.07
12343,12419.09
11913,11918.55
11493,11495.53
11263,11263.58
10691,10694.21
10813,10814.37
10884,10885.1
11417,11418.58
11849,11852.21
12590,12561.56
13030,12789.08
12569,12169.37
12425,12000.41
12430,12407.86
1290,12663.21
12380,12380.53
12100,12095.6
13707,13510.61
14376,13740.09
14135,14317.74
14170,13983.64
14035,13958.05
13990,13780.78
13970,13732.04
13600,12810.02
13300,12529.49
12800,10471.98
12300,12280.46
11870,11884.28
11388,11390.18
11354,11356.73
11436,11436.07
11906,11912.72
12588,12610.31
12981,13007.67
13300,13190.6
13770,13651.31
13844,11111.3
13962,9969.4
13943,10573.72
13455,13521.6
13056,12883.41
15000,14171.29
15500,14763.99
15585,15372.22
15585,15360.17
15368,15318.52
15550,15256.54
15450,15284.04
15100,15072.62
14480,14688.26
14100,14235.82
13400,11678.74
12750,10700.94
11388,11733.39
10853,10856.27
10869,10872.09
11375,11370.69
11640,11323.1
12071,12085.27
12640,12600.98
13200,13169.5
13570,13557.0
13700,13710.15
13730,12708.58
13480,11801.41
12950,13330.29
14720,14162.44
15300,14993.61
15300,15383.09
15550,15392.06
15450,15415.07
15500,15364.08
15500,15376.25
15200,15097.15
14600,14985.25
14300,14013.6
13700,14036.66
13550,13203.33
12950,9407.09
12800,12753.27
12970,12895.42
13150,12983.08
13600,13574.34
14080,13818.89
14400,13999.93
15000,13934.62
15100,14542.45
15250,14748.19
15160,15126.37
15000,14763.0
14200,14890.41
15600,14856.48
16100,15476.57
16000,15535.8
16400,15570.39
16040,15547.14
15850,15464.75
15650,15429.94
15400,15071.77
15250,15069.88
14350,14967.97
14350,13568.81
14050,14028.31
13080,13603.44
12480,11578.59
12200,12223.91
11970,11976.16
12320,12105.09
12755,12744.26
13454,13571.17
14150,14366.21
13750,14002.61
14250,14217.44
14130,14412.74
13840,13983.22
12950,13827.95
14870,14159.06
15410,14976.01
15380,15407.03
15850,15436.9
15750,15457.81
15840,15452.31
15850,15444.96
15750,15168.13
15400,15077.41
14850,15050.79
14600,14544.7
14525,14177.25
13550,14123.12
13450,13381.24
12830,12299.81
13000,12986.56
13420,13405.54
13950,13756.71
14350,14165.83
14550,14210.06
14800,14603.94
14950,14560.59
14700,14488.72
14200,14406.21
14900,14731.77
14800,14946.79
14500,14869.98
14292,14589.35
14600,14769.44
15450,14658.98
15500,15355.56
15350,15136.35
15200,15099.7
14900,15050.36
14600,14838.3
13970,14384.37
13170,11083.58
12980,12293.08
12600,12063.36
12850,12584.07
12950,11971.81
12800,11652.75
13100,12940.76
13480,13313.15
13560,13663.95
13700,13026.24
13700,12561.86
13200,12386.47
12500,12698.87
13290,13534.79
13560,13165.69
13230,12496.01
12920,12523.99
12785,12745.88
12785,12538.2
12715,12440.25
12020,11225.57
11100,11099.15
9930,9754.16
8882,8884.04
8056,7944.72
7075,7075.0
6304,6304.0
5553,5626.77
5271,5339.23
4907,5266.67
4890,5250.41
5323,5322.96
5399,5409.71
5109,5108.97
4506,4506.13
3886,4059.02
3751,3929.37
3847,4021.75
4097,4096.35
4157,4156.01
4177,4175.66
4554,4554.06
4553,4552.99
4369,4370.03
4240,4239.45
3986,4037.99
3880,3933.13
3708,3761.62
3694,3749.1
3651,3704.15
3749,3804.75
4025,4075.37
4692,4692.01
5649,5648.99
6385,6385.01
7292,7193.0
8180,8193.89
8585,8584.62
9268,9269.59
9657,9657.23
10708,10524.53
10621,10164.55
10402,8471.1
11811,11709.15
12085,10786.77
12038,10645.77
12451,12493.74
12553,12575.85
12900,12881.07
13100,12960.54
13000,12812.94
12750,12703.26
12314,12331.47
12081,12087.44
11923,11923.12
11469,11478.65
11296,11303.14
11601,11604.5
11857,11865.42
11887,11899.11
12021,12027.84
12459,12500.41
12689,12701.5
12848,12861.88
13025,13012.3
13520,13537.15
13000,10606.48
12390,12460.47
13900,13514.13
14630,9835.26
14500,14462.43
14700,14343.11
14770,14485.22
15050,14483.12
15050,14642.25
14800,14479.53
13850,14397.47
13050,9655.08
12550,12577.74
11980,11963.58
11416,11418.63
11253,11257.65
11380,11373.13
11870,11857.06
12245,12228.47
12530,12521.1
13000,12887.69
13300,13100.59
13310,12971.38
13600,13291.2
13450,11474.5
12900,11942.56
12600,12556.61
14180,13905.32
14570,14303.92
14630,14592.91
14600,14826.5
14590,14546.7
14850,14701.6
15020,14887.96
14500,14541.26
13950,14122.25
13570,9932.55
13000,13148.63
12400,12254.98
11600,11614.49
11300,11297.12
11100,11059.69
11140,11162.55
11320,11308.71
11400,11405.63
11700,10960.92
12360,12347.51
12050,12066.52
12080,12071.38
12040,12041.36
11700,11702.65
11500,11498.63
13190,13136.46
14100,14085.79
14100,13572.71
14200,13615.5
14250,14348.8
14350,14355.45
14500,14355.75
14250,14362.98
13900,13878.62
13600,13349.04
13300,13233.15
13000,10348.37
12250,12165.38
12200,12186.32
12200,12244.53
12550,12504.87
12980,12808.52
13300,13125.49
13700,13425.12
14200,10788.11
14050,12981.04
14200,9388.43
14350,13083.36
13950,14094.1
13600,12221.73
15150,14313.47
15800,14966.97
15850,15388.32
15750,15414.32
15400,15393.38
15450,15331.25
15550,15333.42
15100,15082.76
14750,14739.47
14350,14434.12
13850,14039.07
13650,12582.73
13020,9604.41
12900,12461.61
12950,12850.86
13300,13159.4
13600,13425.89
14000,13681.33
14375,14186.28
14500,14491.4
14750,14548.17
14850,14766.65
14750,14517.76
14500,14446.59
13750,14349.66
14950,14377.27
15600,15059.47
15800,15491.95
15950,15528.76
15800,15489.59
15800,15490.59
15700,15436.9
15280,15132.72
14800,15046.05
14250,14637.55
13900,13665.7
13520,12206.77
12900,11672.95
12800,12798.49
12600,12690.48
12570,12551.58
13030,13033.73
13400,13348.08
13700,13614.18
14100,13982.29
14250,13262.1
14300,14335.3
14200,14222.07
13900,14031.8
12850,12484.07
14150,14079.45
15150,14530.83
15100,15148.49
15000,15116.62
14600,14936.2
14700,14598.18
14500,14789.58
14300,14496.41
1400,14254.54
13600,13677.39
13250,12400.31
12900,12648.87
12350,12448.14
12100,12228.55
12050,12118.16
12320,12273.32
12780,12770.6
13130,13133.48
13650,13535.77
13740,13891.62
14050,13783.82
14550,13885.05
14306,14344.85
13300,13342.05
12940,12974.93
14335,14100.11
15080,14844.27
14940,15061.65
14950,14948.34
14900,14885.54
14820,14786.69
14750,14599.92
14450,14440.52
14050,14105.34
13520,10857.64
13050,8670.04
12820,12183.91
12420,12362.87
12450,12391.06
12400,12347.46
13000,12985.04
13180,12745.77
13520,13433.29
14100,13867.34
14350,13850.92
14470,14495.22
14700,14527.56
14800,14442.81
14500,14441.74
14100,14427.0
15750,14081.59
16150,15411.32
16200,15465.57
16250,15508.86
16100,15435.95
16000,15415.53
15500,15385.61
14100,15069.76
13000,11365.03
13000,12602.0
12755,12393.32
12320,12304.01
11580,11566.18
11120,11124.28
11105,11084.25
11600,10467.1
12365,12350.71
12930,12937.53
13630,13579.89
13800,14087.78
14120,14235.28
14450,14039.27
14500,14508.28
14225,14391.09
13750,14539.91
14980,14391.34
15725,15125.35
15700,15474.45
15700,15479.45
15800,15461.41
15980,15483.91
15950,15375.68
15650,15145.11
15150,15091.06
14700,14742.34
14150,14435.21
13780,12243.58
13000,10825.38
12700,12431.45
12250,12226.05
12100,12137.03
12400,12366.22
12800,12696.17
13450,13213.8
13800,13652.85
13100,13800.22
13300,13125.59
12350,10888.1
10769,10768.47
10490,10486.52
12551,12591.12
13516,13599.17
13646,13761.29
14093,13347.91
14200,12980.67
14330,14553.59
14225,14616.9
13891,14263.44
12849,11061.61
12589,12502.2
12442,12339.11
12268,12270.6
11851,11858.57
11610,11611.14
11280,11271.93
11475,11451.61
11890,11898.11
12550,12531.5
12850,12812.76
13035,13002.15
13400,13247.05
14050,13053.11
14100,9634.94
13950,8906.29
13800,9851.83
14950,11615.46
15950,14577.3
16050,15406.68
16400,15424.42
16300,15429.99
16250,15410.43
16050,15390.99
15700,15151.11
15070,15101.84
14800,14669.65
14300,14431.3
13980,13288.03
12900,10242.93
12830,12773.08
12850,12813.17
12950,12920.92
13450,13327.66
13500,13083.25
13850,13116.6
14050,12582.77
14300,14174.57
14550,14432.56
14400,14426.12
13850,14214.83
13500,13776.85
15100,14415.45
15650,15249.46
15800,15474.5
15900,15505.87
15800,15495.58
15800,15490.59
15700,15460.1
15350,15179.99
14900,15085.76
14300,14732.3
13750,14100.82
13100,10443.41
12000,11227.84
11387,11390.49
10963,10967.89
11581,11587.23
12311,12328.55
12620,12592.88
13250,13257.56
13250,13315.25
13311,13446.11
13695,13940.18
13865,13970.58
13510,13801.23
13143,13548.81
14426,14298.33
15150,14873.73
15050,15109.64
15450,15126.03
15080,15386.45
15300,15124.71
15250,15209.46
14940,15097.32
14550,14660.5
14250,14312.54
13830,13808.52
13520,11656.5
12750,9739.4
12830,12795.37
12900,12885.84
13350,13251.9
12600,11240.04
14000,13836.66
14550,13349.16
14800,14287.5
15050,14513.98
15150,14700.54
15070,14829.51
14650,14745.57
14270,14765.94
15500,14925.04
16450,15434.72
16500,15521.25
16700,15485.74
16600,15505.44
16600,15496.4
16500,15422.52
16100,15153.8
15850,15137.94
15200,15091.25
14900,15005.19
14600,14448.2
13800,14112.97
13650,12316.66
13250,13310.72
13680,11591.05
13920,13868.02
14020,14103.41
14500,14444.74
14900,14648.19
14900,14811.47
15400,14899.84
15200,15267.67
14950,15160.26
14250,14952.38
15650,14914.65
16050,15484.52
16100,15505.18
16450,15506.59
16650,15502.64
16600,15502.64
16300,15455.29
15980,15221.99
15400,15171.94
15050,15110.57
14380,14816.56
14150,14150.33
13450,13376.13
13000,13187.91
12750,12722.6
13050,12524.48
13350,13271.42
13800,13835.82
14400,14225.71
14690,14604.28
14750,14831.64
14700,14680.08
14070,14624.15
12552,12307.09
11410,11051.49
12815,12820.87
13950,13988.48
13760,12583.25
14100,14036.75
14350,13420.25
14325,14631.38
14300,14600.23
14100,14333.96
13920,12654.57
13375,13691.25
12770,11327.71
12325,12330.6
11350,11357.72
11075,11055.6
10800,10799.32
10682,10685.75
10832,10832.58
11182,11183.73
11929,11932.83
12629,12637.05
12340,11894.95
12671,12687.29
12474,12463.14
11917,11814.19
11620,11626.29
12998,13036.7
14057,14054.06
14320,13554.38
14510,14438.89
14590,14525.76
14820,14801.53
14900,14551.45
14600,14526.52
14050,14114.96
13700,11088.21
13250,10553.06
12670,12439.74
11880,11850.34
11075,11072.24
10854,10856.33
10941,10947.91
11002,10513.37
11345,11345.06
11757,11759.57
12065,12077.89
12367,12389.14
12269,10196.48
11765,11770.67
11435,11434.78
11109,11108.95
12391,12428.33
13369,13447.38
13335,13404.59
13723,13922.09
13734,13581.77
13738,13566.03
13709,13431.93
13545,11391.29
12954,9269.09
12353,12462.64
11867,11878.85
11407,11409.91
10454,10458.78
10020,10020.36
9956,9956.08
9737,9738.57
9748,9749.95
9865,9866.94
10337,10340.76
10926,10927.64
11387,11390.07
11461,11464.53
11043,11044.37
10381,10385.78
10192,10192.0
11957,11969.19
12557,12580.85
12524,12537.39
12872,12873.11
12838,12862.68
13032,13057.87
13104,12761.72
12881,11620.38
12389,12417.61
12083,12093.88
11664,11665.62
11539,11543.45
10930,10933.52
10544,10548.76
9617,9619.33
9234,9234.06
8882,8884.04
8919,8919.72
9099,9105.54
9460,9467.68
10082,10087.99
10318,10320.09
10643,10645.02
10617,10621.88
10516,10517.73
11714,11723.15
12732,12747.87
12642,12637.11
12967,12993.6
12953,12860.99
13008,13028.61
13025,12677.48
12740,12276.55
12200,12217.32
11790,11785.13
11535,11537.51
11350,11356.67
10530,10540.75
10110,10094.29
9691,9707.22
9490,9490.52
9066,9072.05
9027,9027.6
9241,9241.0
9679,9690.65
10172,10172.16
10085,10078.43
10000,9992.45
9567,9566.94
9094,9101.91
10493,10493.02
11387,11390.06
11370,11376.04
11633,11635.9
11794,11799.37
11879,11893.3
11819,11819.8
11580,11571.54
10990,10706.92
10758,10743.68
10538,10523.7
10434,10422.73
9487,9488.09
9315,9315.42
9072,9076.4
8846,8846.64
8627,8626.98
8630,8630.06
8773,8773.04
9155,9155.02
9078,9082.47
8771,8771.16
8439,8441.52
8131,8131.01
8058,7946.61
9345,9345.07
10183,10182.86
10159,10159.38
10636,10636.67
10711,10717.66
10814,10815.06
10809,10811.14
10510,10513.35
10172,10172.14
9891,9891.33
9583,9582.99
9237,9237.01
8415,8414.99
8415,8414.99
8396,8395.98
8675,8675.0
8920,8920.63
9029,9031.19
9352,9357.97
9424,9426.0
9406,9406.88
9250,9251.55
8990,8989.99
8634,8634.0
8641,8641.01
9937,9937.16
10534,10535.64
10701,10704.89
10979,10985.86
11140,11139.99
11156,11155.9
11147,11146.98
10906,10910.66
10576,10576.01
10260,10261.04
10030,10030.35
9708,9709.25
8961,8961.01
9110,9111.65
9103,9107.57
9185,9185.46
9313,9314.48
9512,9511.99
10199,10198.99
11150,9977.69
11059,11062.79
10876,10878.62
10543,10549.22
10081,10087.41
9751,9752.36
11074,11075.41
12226,12240.23
12257,12277.52
12815,12778.33
12900,12844.71
13100,13010.94
13040,12006.57
12930,12871.57
12600,12559.14
12400,12379.93
12010,12026.78
11655,11658.13
10620,10623.66
10405,10411.6
10115,10117.81
10243,10250.73
10266,10266.42
10436,10439.66
10825,10825.02
11205,11210.33
11377,11391.44
11752,11754.98
11722,11730.34
11397,11397.54
10809,10811.18
12030,12038.59
13100,13108.69
12738,12755.9
13436,13517.1
13600,13136.23
13930,12040.04
13920,10582.0
13700,9900.02
13350,10242.32
13200,13134.77
12753,11004.85
12581,12618.2
11468,11529.51
11109,11108.96
11393,11393.3
12019,12030.41
12303,12313.7
12441,12490.58
12719,12749.17
13235,13250.0
13542,13359.79
13410,11085.4
13640,12673.8
13077,10321.82
12015,12440.38
13306,13292.0
14200,14101.27
14200,14095.03
14510,13303.72
14450,14439.43
14650,14494.35
14700,14475.19
14550,14553.38
14380,14254.05
14100,14063.05
13950,13591.99
13550,13557.41
12024,13017.89
12135,12127.12
12295,12303.4
12750,12735.4
13100,13136.33
13125,13146.92
13500,13446.93
13450,13036.26
14000,13587.16
14100,12582.89
14150,11554.47
13800,12107.49
13300,12494.87
14500,13849.45
15000,14483.51
15000,14863.68
15200,14846.08
15200,15157.28
15450,15171.27
15400,15242.15
15150,15073.38
14800,14758.77
14700,14515.55
14600,14442.52
14400,14235.2
13850,14078.72
13700,13553.94
13900,13515.13
14100,13644.02
14300,13123.63
14500,14009.52
14650,14317.41
14600,14552.18
14900,14409.09
15100,14589.84
15000,14817.02
14700,14558.31
14100,14732.12
15300,13763.74
15400,15308.56
15500,15388.42
15600,15477.78
15700,15414.81
15600,15361.0
15450,15296.78
15200,14999.03
15000,14950.16
14900,14781.17
14800,14705.62
14700,14455.91
14400,14407.78
14200,14181.39
13900,14241.1
14100,13985.13
14200,13181.25
13950,14272.54
14000,14017.47
14200,13978.48
14300,14287.31
14300,14354.76
14300,14343.57
14000,14225.12
13800,13887.17
15000,14378.4
15400,14991.72
15300,15451.7
15400,15396.98
15400,15417.13
15450,15311.85
15400,15295.06
15100,15027.7
14900,14865.38
14800,14759.06
14500,14758.68
14300,14310.09
13700,14120.01
13400,13547.17
13300,13407.29
13550,13510.2
13600,13589.37
13700,13624.97
13800,13723.33
13850,13769.41
14050,13822.37
14150,13852.39
14000,13894.42
13700,13801.12
12900,13714.12
14100,13971.49
14850,14296.23
14600,14836.59
14800,14581.02
14760,14805.72
14750,14750.33
14700,14711.64
14400,14759.67
14300,14395.43
14200,14200.26
13950,14169.54
13650,12713.06
12750,12703.75
12050,12112.33
11480,11504.66
11180,11159.93
11250,11250.59
11500,9107.46
11900,11895.54
12600,12585.87
12290,12190.39
11900,11933.46
11465,11466.45
10990,10980.63
10680,10677.63
12230,12236.2
13350,13617.11
13300,13238.43
13720,13641.15
13725,13469.17
14100,13354.99
14200,11796.57
14000,14161.96
13850,13305.02
13450,13177.57
13200,12881.78
13000,12705.15
12100,12307.32
11950,11962.48
11627,11529.42
11480,11472.69
11000,10977.7
10850,11787.26
11280,11283.04
11475,10449.41
11530,11532.69
11870,11867.87
11950,11941.42
12150,12132.75
12080,12083.18
13340,13233.77
13850,13422.9
14000,12581.42
14350,12618.95
14450,14354.06
14650,14418.73
14600,14460.99
14150,14249.47
13800,12258.66
13700,11503.46
13550,10974.25
13300,10798.49
12100,12478.18
11800,11783.19
11900,11918.27
12200,12221.75
12600,12549.04
12740,12705.62
13100,12971.81
13250,12946.74
12950,12718.93
12800,12736.12
12030,12082.01
11950,11936.93
11710,11719.4
13260,13234.58
13530,13275.16
13390,13369.34
13493,13510.64
12925,13215.87
12393,12454.69
12725,12690.71
13300,12619.19
13100,12730.19
12800,12849.24
11950,12107.02
11720,11729.09
11049,11055.26
11093,11093.48
11273,11275.21
11680,11557.14
11980,11983.18
12480,12473.82
12880,12828.37
13100,13101.41
12700,12715.48
12850,12819.58
12680,12782.83
12000,12070.05
12100,12090.33
13420,13319.4
14120,13688.73
14070,11917.56
14030,10789.19
13960,13569.46
13810,10188.75
13670,11089.03
13200,11709.45
12770,12630.96
12170,12101.57
11970,11957.76
11740,11737.96
11350,11356.78
11180,11147.85
11150,11115.37
11640,11648.61
11960,11959.2
12370,12348.67
12600,12584.18
12630,12594.55
12400,12361.77
12250,12237.05
11925,11933.33
11850,11858.54
11950,11924.54
12650,12634.92
13790,13810.8
13620,13497.21
13800,13602.43
13680,13545.23
13500,12166.26
13180,12388.38
12950,12326.23
12460,12501.21
12120,12124.21
11700,11691.23
11520,11524.2
111140,11127.84
11200,15060.12
11360,11362.22
11450,11433.29
11900,11887.66
12250,12251.23
12470,12409.24
12860,12714.0
12820,12813.89
13180,13182.44
12810,12782.3
12510,12463.31
12130,12197.22
13330,13244.41
14350,14068.98
14150,14206.57
14250,13124.27
14270,13445.0
14240,13417.48
14080,13342.03
13580,11227.09
13220,11803.7
12720,10282.59
12330,12264.38
12150,12229.65
11500,11497.24
11525,11518.58
11520,11543.43
11730,11705.0
12140,12131.13
1450,12436.52
12850,12838.07
12950,12915.59
12860,12826.9
12700,12686.41
12620,12522.5
12250,12171.93
12100,12091.24
13000,12801.62
14050,14023.03
14100,13726.45
14250,13485.58
14150,14293.76
14020,13825.36
13880,11042.36
13330,11072.66
12920,12374.46
12760,12684.8
12360,12301.11
12230,12228.13
11550,11572.18
11100,10806.92
10960,10967.54
10830,10822.75
10675,6363.49
10603,10607.47
11167,11166.92
11731,11732.99
11135,11134.62
11227,11232.77
10797,10797.12
10646,10647.06
10321,10323.14
11579,11583.56
13207,13273.12
13229,13151.44
12974,12901.86
13028,13043.14
13096,13123.56
12700,12732.02
12450,12435.34
12020,11992.03
11661,11662.49
11270,11270.47
12090,12089.23
10978,10984.94
11185,11186.03
11775,11759.49
12030,12010.0
12190,12185.41
12750,12738.59
12520,12498.11
12900,12871.69
13120,13107.68
12970,12778.36
12540,12525.51
12100,12077.56
13450,13315.86
14650,13638.88
14650,14500.56
14620,14503.05
14660,14334.8
14430,14452.33
14570,13843.48
14120,14110.8
13840,10923.22
13350,9032.06
12880,12197.23
12630,12548.78
12165,12166.6
12280,12255.88
12540,12534.1
12807,12820.34
13148,13190.8
13580,13459.59
13820,11816.7
13875,11139.44
13100,10625.49
13700,13627.43
13500,11024.84
12950,11306.2
14050,13918.95
15150,14365.02
15225,15081.77
15400,15326.01
15300,15337.61
15225,15161.04
15200,15154.71
15000,15036.88
14450,14717.64
14050,14100.25
13800,11729.81
13700,11264.67
12900,10956.11
12875,12851.25
12750,12740.02
12850,12835.36
13275,13246.35
13420,13464.9
13750,13709.3
13920,13785.67
14150,12525.8
14100,13161.18
14100,11922.84
13550,10916.94
13120,12807.6
14300,14300.38
15350,14632.86
15450,15351.88
15500,15425.85
15550,15433.88
15500,15380.36
15400,15313.8
14900,15066.57
14520,14583.61
14150,14292.5
13900,13141.87
13650,12118.81
13120,12612.57
12900,12836.56
12890,12862.8
13020,13050.1
13600,13450.71
13900,13656.41
14100,14048.58
14300,13477.36
14100,14319.0
14200,13208.97
14300,13498.87
13900,13455.3
13280,13640.04
14250,14339.19
15300,14851.19
15200,15361.21
15450,15412.61
15350,15413.08
15400,15263.54
15300,15248.12
14900,15017.78
14600,14580.66
14450,14301.92
14250,14115.64
14000,13385.79
13200,11681.98
13150,12963.06
13170,13005.42
13250,13007.05
10750,11679.25
13720,13686.3
13800,12766.6
14100,12827.45
13900,12251.28
14200,12683.39
14300,13878.3
14000,13818.23
13600,12330.97
14500,12887.58
15400,14463.37
15100,15213.73
15500,14903.68
15600,15091.69
15500,15071.81
15450,15002.75
15000,14893.19
14900,14567.81
14500,14456.85
14300,14160.1
14100,13286.51
13800,11245.12
13600,11885.49
13500,12358.78
13800,11781.35
13900,12364.98
14300,12869.8
14750,14040.46
14750,14373.99
14750,14476.38
14700,14498.47
14300,14380.75
13450,13731.38
12850,12615.85
13650,13110.3
14300,13166.1
14170,14130.23
14350,13956.83
14000,14167.0
14200,12233.87
14050,13742.18
13850,12347.14
13450,12508.86
13150,12171.98
12950,12548.09
12700,12021.31
11500,11373.98
11080,11091.23
10824,10824.5
10775,11704.15
10950,10943.6
11400,11403.68
11900,11896.59
11700,11579.87
11650,11329.3
11350,11366.45
11040,10852.57
10818,10818.81
11922,11924.71
13350,13285.15
13355,12546.9
13587,12977.3
13627,12297.0
13900,12052.25
13800,11828.56
13320,13087.47
12920,11107.5
12580,12604.48
12380,12340.13
12180,12178.27
11580,11583.61
11620,11615.96
11650,11649.49
12120,12150.43
12400,12400.83
12650,12654.62
13100,13090.42
13550,12684.91
13500,11743.75
13717,11791.94
13675,10127.65
13450,10313.23
12950,12005.04
13900,13798.79
15050,11335.34
15100,14621.08
15400,14821.3
15400,15222.08
15450,15242.98
15350,15246.27
14800,15017.75
14550,14398.5
14150,14128.21
13800,11483.15
13700,9448.38
13200,9339.57
12850,11036.97
12650,12627.25
12900,12837.96
13250,13173.82
13600,11596.95
14050,10400.13
14150,13207.33
14200,13768.03
14480,13934.84
14450,14165.12
14020,14107.9
13460,13145.78
14500,14513.59
15600,14999.79
15600,15446.27
15700,15446.92
15650,15440.56
15500,15401.06
15400,15291.6
15200,15072.95
15000,15016.53
14700,14721.93
14400,14600.04
14100,13853.54
13550,11641.4
13450,11411.22
13300,9537.88
13500,10252.66
13750,13729.18
13800,13836.51
14150,13932.3
14400,14061.18
14480,14467.4
14570,14463.97
14500,14361.49
14270,14176.8
13620,14131.13
14600,14455.17
15650,14911.31
15750,15437.33
15700,15449.83
15600,15438.28
15700,15398.28
15500,15361.57
15300,15083.63
15050,15045.4
14800,14793.86
14500,14554.91
14400,14158.34
13600,13840.35
13240,9055.35
13250,10461.97
13400,10475.51
13700,13593.63
13800,13823.53
14150,13929.84
14200,14060.3
14400,14351.91
14450,14458.08
14600,14457.87
14500,14158.58
13750,14269.53
14850,14452.55
15600,14956.58
15800,15416.51
16000,15462.87
16050,15455.97
15950,15430.16
15650,15376.5
15500,15045.06
15200,15070.84
14950,15024.26
14750,14759.86
14650,14407.2
13650,14375.02
13550,8820.51
13250,9175.21
13050,10485.52
13300,12620.53
13220,10283.7
13750,10927.85
14150,11158.79
14200,13892.18
14250,13939.07
14000,13878.65
13900,13262.06
13500,13918.39
14700,14446.65
15400,14945.94
15450,15389.22
15800,15425.88
15900,15440.48
15850,15419.16
15750,15387.5
15350,15120.31
15200,15047.83
14900,15034.58
14650,14757.06
14600,14414.53
14000,14213.98
13850,11503.54
13870,11492.37
14250,11674.6
14350,13554.17
14600,13895.06
14700,14436.11
14900,14623.74
15100,14623.76
15300,14773.91
15200,15141.9
15100,15144.47
14200,14903.82
15200,14586.01
15900,15348.18
15800,15438.83
15900,15453.83
15800,15441.78
15600,15423.47
15500,15357.78
15300,15102.78
15100,15039.94
14900,14868.43
14700,14758.59
14450,14500.45
13600,14094.66
13300,10260.85
13000,11228.61
12600,12416.86
12650,11329.73
12350,11388.01
12700,12729.81
13150,12843.6
12800,11756.46
13000,12885.08
12900,12647.48
12050,12190.71
11450,11428.18
12750,12724.61
14000,13694.23
14050,13974.05
14450,14304.41
14550,14520.16
14650,14472.15
14700,14802.36
14500,14821.04
14100,14429.7
13800,11180.19
13550,10892.17
13300,9553.28
12700,11086.21
12450,12449.28
12100,12146.93
11840,11168.73
11850,11863.64
11530,11424.22
12170,12173.88
12425,12404.99
12550,12537.43
12570,12457.48
12380,12340.41
11775,11762.6
11191,11193.75
12600,12590.5
13700,13583.91
13450,10708.86
13800,11809.81
13950,11140.64
14120,12004.43
14070,12772.66
13650,11732.61
13400,9883.35
13150,10962.08
12950,11742.21
12700,12628.78
11800,11836.69
11559,11569.73
11278,11281.29
11013,10426.74
10940,10666.29
10823,10744.32
11156,11156.72
11568,10854.24
11802,11804.51
11743,11743.85
11490,11487.89
10746,10747.98
10308,10312.63
11519,11521.22
12770,12729.54
13000,12959.68
13500,13327.77
13580,10874.97
13675,10850.04
13710,9218.17
13320,9115.05
12930,10442.57
12630,12603.37
12360,12323.86
12150,12152.11
11419,11422.84
10920,10922.42
10631,10632.72
10608,10612.06
10489,10488.81
10593,10593.79
10665,10666.72
11102,11106.9
11094,11093.46
10921,10922.08
10818,10818.64
10403,10409.22
9765,9767.64
11195,11197.64
12700,12668.03
12580,12533.97
12860,12810.47
13000,13007.58
13245,12879.77
13140,10640.69
12896,11283.26
12377,12427.11
11983,11987.04
11788,11793.2
11481,11486.99
10685,10688.3
10607,10611.15
10542,10546.85
10597,10597.4
10660,10660.25
10722,10725.24
11119,10254.62
11582,11394.25
11640,11647.65
11869,11880.46
11513,11503.43
10800,10802.02
10496,10496.0
11975,11982.42
13090,13066.01
13249,12029.59
13605,11663.11
13750,8984.58
13820,8617.1
13760,9140.35
13520,8778.59
13000,8448.26
12750,12402.8
12410,12404.57
12088,12097.65
11496,11491.16
11457,11459.78
11428,11430.63
11904,11908.27
12263,12282.53
12700,12696.13
13380,13353.0
13570,10756.58
13570,8702.97
13820,11522.02
13600,8612.4
12454,8713.47
11817,11819.6
13350,13276.7
14600,13766.9
14350,14144.87
14400,13994.65
14800,14463.15
14930,14472.96
14980,14504.39
14550,14442.81
14000,14122.81
13750,11210.81
13300,10323.61
13250,10312.17
12530,10271.91
12400,12322.94
12450,12390.06
12650,12666.99
13130,13050.57
436,11228.76
13750,13536.7
14250,12441.86
14425,14287.1
14525,13877.09
14275,14153.43
13650,12937.37
12882,11595.9
14250,14015.35
15175,14704.78
15150,15000.16
15400,15117.72
15350,15277.04
15500,15258.5
15450,15297.47
15200,15042.14
14900,14971.85
14500,14416.0
14270,14153.14
14200,13508.6
13300,13374.2
13100,12932.18
12600,12691.22
12570,12549.84
12500,12183.31
12600,12606.07
13020,12900.7
13570,13536.42
12940,13547.43
13320,13226.34
12750,11036.17
12450,12395.78
11600,11644.98
13400,13549.21
14300,14398.85
14450,14474.41
14700,14572.59
14820,14755.49
15150,14850.57
15050,14968.06
14500,14949.81
14300,14421.69
13980,14255.16
13700,11954.6
13600,10294.4
13100,9555.16
12730,11839.87
12750,12689.92
12950,12904.87
13080,13077.64
13100,12345.86
13680,13173.65
13750,9783.17
13850,13313.26
14225,12415.43
14000,13597.7
13850,10880.83
13000,12733.15
14550,14150.69
15450,14885.98
15400,15329.24
15500,15339.14
15550,15394.04
15700,15352.75
15800,15310.49
15450,15081.02
15100,15028.36
14750,14697.8
14600,14398.4
14400,14136.51
13620,13693.9
13450,9346.38
13500,10819.23
13750,9707.15
14100,12877.64
14150,12736.04
14500,13906.8
14800,14391.25
14850,14617.47
14900,14504.95
14900,14473.25
14300,14423.12
13600,13739.36
15100,14467.09
15750,15152.52
15850,15469.18
15950,15473.18
15900,15453.28
15975,15444.93
15600,15439.78
15400,15087.74
14800,15053.52
14550,14769.9
14250,14412.61
14100,13233.86
13800,10887.94
13500,10279.05
13600,9729.77
13850,9695.79
14250,13614.48
14350,14402.94
14650,14521.27
14940,14866.75
15100,14828.38
15000,14967.56
14800,14747.8
14200,14552.86
13600,13995.3
15250,14491.37
15750,15362.71
15700,15431.02
15750,15433.02
15600,15409.98
15700,15352.95
15700,15361.0
15250,15081.87
14900,15032.26
14650,14630.78
14300,14564.27
14000,13871.69
13450,11211.06
13400,10143.51
13250,10497.41
13500,10520.94
13900,9892.11
14050,12154.26
14370,12509.33
14500,14395.61
14450,14566.41
14500,14435.35
14400,14475.9
14100,14215.67
13500,12899.16
15000,14460.5
15770,15047.35
15600,15450.37
15750,15451.37
15600,15439.82
15800,15395.51
15750,15380.0
15250,15077.31
14900,15027.04
14600,14637.81
14200,14385.25
14000,13967.6
13350,11203.15
13400,10489.77
13375,10533.05
13700,10819.51
14000,11109.58
14200,12373.96
14400,13960.12
14600,14511.35
14500,14417.92
14750,14536.05
14450,14534.02
14000,14147.41
13800,13848.1
14800,14484.96
15250,14848.09
15170,15349.86
15300,15140.29
15350,15267.75
15450,15313.06
15350,15323.73
14530,15047.73
14100,14330.58
13650,11518.59
13400,8652.31
13050,9959.65
12480,12052.37
12280,12332.68
11850,11855.21
12300,12255.53
12290,12291.06
12280,12173.7
12650,12504.57
12700,11912.19
12100,11630.17
11919,11920.41
11480,11482.27
11175,11134.62
11014,10532.88
11948,11953.43
12374,12409.89
12126,12140.9
12362,12390.53
12224,12236.55
11962,11974.03
12480,12507.21
12084,12104.82
11573,11574.88
10967,9483.89
10604,10606.67
10277,10279.25
9849,9851.8
9524,9527.02
9533,9535.87
9462,9470.12
9552,9552.04
9606,9609.04
10003,10002.86
10657,10656.99
10146,10149.0
9851,9853.04
9607,9608.34
9607,9608.31
9462,9469.03
10993,10996.67
11788,11793.32
11746,11751.5
11816,11817.35
11816,11817.34
11797,11798.32
11843,11847.38
11338,11341.08
10893,10897.36
10566,10578.55
10099,10104.71
9444,9446.52
9668,9669.05
9928,9928.74
10472,10472.13
10773,10774.29
10953,10962.48
11489,11471.11
11910,11895.54
11529,11531.32
11377,11380.97
11168,11168.54
11234,11236.06
11011,7970.92
12502,12524.29
13370,13430.37
13085,12317.22
13270,13253.02
13280,12899.16
13140,12593.78
13020,12703.38
12570,12579.79
12200,12157.97
11840,11814.08
11380,11394.22
11150,11037.44
10830,10839.7
10730,10716.32
10985,10878.0
11820,11718.19
11810,11800.09
12060,12056.85
12620,12571.65
12910,12857.06
12750,12732.98
12740,12726.47
12080,12074.3
11310,11310.56
10503,10701.6
12270,12243.66
13150,13225.95
13100,12922.38
13090,13078.55
12990,12941.21
13100,13082.06
13010,11992.38
12720,12347.11
12330,12241.62
11900,11917.47
11700,11709.49
11550,11553.96
10860,10892.45
10550,10559.48
10400,10375.45
10317,10320.19
10337,10340.79
10439,10441.64
10554,10566.12
10754,10756.02
10697,10699.98
9785,9800.22
8747,8747.0
8617,8591.84
10857,10862.91
11534,11537.36
11612,11617.77
12059,12073.51
12019,12028.43
12196,12206.52
12093,12101.98
11851,11852.33
11375,11379.13
11055,11063.32
10857,10862.05
10518,10520.27
10002,10002.05
9991,9990.77
10062,9465.92
10347,10350.12
10460,10460.97
10668,10669.33
11098,10228.07
11503,11212.4
11706,11710.01
11675,11572.14
11417,11010.24
10918,10919.9
10171,10171.13
12155,12176.45
12919,12944.39
12879,12889.4
13064,13101.82
13178,12114.64
13250,11270.76
13350,10891.69
12900,10063.44
12550,12491.63
12200,12145.3
11950,11949.67
11900,11886.55
11300,11271.88
11270,11251.13
11320,11293.75
11550,11524.9
11920,11926.6
12200,12196.71
12450,12429.33
12700,12641.75
12740,12707.01
12890,12857.17
12600,12533.81
11980,11933.94
11260,11231.82
13140,13060.53
13800,12569.21
13730,8808.69
13790,9076.36
13750,8982.73
13840,9033.81
13800,9130.33
13550,8429.1
13100,7987.48
12750,11480.46
12600,12562.17
12250,12168.15
11600,11594.17
11450,11476.4
11550,11527.52
11700,11694.66
12050,12090.63
12050,12096.63
12800,12677.08
12800,12807.52
12850,12855.36
12970,12920.75
12830,12679.16
12100,12052.4
11500,11511.17
13080,12948.17
13750,13623.13
13510,13479.13
13910,13068.08
13700,11422.16
13800,10400.58
143,9003.69
13400,13502.95
13280,12444.02
12700,11047.99
12420,12348.45
12130,12157.8
11350,11361.03
10850,10836.94
10830,10839.47
10650,10685.57
10620,10657.15
10590,10565.95
11100,10100.1
11770,11769.39
11113,11113.07
11220,11222.94
11040,10890.07
10560,10566.69
10196,10196.24
12250,12258.5
13020,13003.52
13050,12673.34
13380,12709.28
13280,11151.54
13360,11452.14
13270,10879.37
13000,11131.37
12600,12380.23
12360,12340.9
11750,11746.21
11860,11858.35
11180,11176.4
11200,11190.69
11100,10509.09
11500,11496.32
11625,11629.32
12000,11979.11
12270,12243.87
12575,12533.63
12700,12668.92
12770,12734.98
12520,12473.78
12100,12124.79
11700,11706.45
13230,13201.69
14100,13690.53
14050,11038.0
14130,11218.29
14030,11942.44
14040,11275.2
13960,10735.95
13730,9925.13
13370,9960.18
13080,12183.17
12740,12684.82
12410,12321.81
11930,11920.7
11800,11796.88
11850,11848.74
12100,12101.84
12420,12422.33
12540,12525.1
12930,12886.98
13000,12986.2
12750,12735.3
12900,12867.99
12680,12627.65
12230,12209.48
12025,12017.35
13650,13610.32
14325,14154.84
14475,14397.86
14500,14479.84
14400,14413.77
14350,14301.91
14250,13816.67
13870,13106.99
13750,10974.73
13420,10569.77
13150,12265.39
12750,12611.92
12150,12057.11
12000,12145.57
12100,12213.05
12330,12280.77
12750,12731.55
13000,13002.01
13210,13137.23
13500,13043.77
13370,12216.98
13500,12778.48
13100,13346.56
12250,12327.87
12120,12137.19
14150,13643.94
14480,14250.49
14550,14489.2
14400,14480.32
14350,14365.82
14350,14277.62
14325,14050.89
13900,14121.76
13500,13425.09
13200,13224.28
12960,12886.09
12725,12655.85
12300,12203.05
12220,12200.68
12070,12059.66
12460,12445.88
12900,12825.14
13350,13227.22
13550,13298.93
13800,12997.4
13850,12407.14
14000,11638.68
13700,9235.34
13500,10374.0
13000,13364.49
14600,13765.8
15000,14560.44
15050,14835.49
15100,14823.52
15050,14850.3
15100,14754.88
15000,14789.66
14450,14444.6
14250,14074.03
14050,13385.13
13700,11523.73
13500,11078.72
12900,11842.37
12900,12761.73
12850,12800.64
13050,12979.23
13450,13218.35
13670,13698.89
14100,13905.35
14200,13147.5
14250,14262.96
14450,13804.11
14200,14152.99
14100,13448.08
13650,11722.57
15400,14528.41
15400,15238.44
15200,15238.51
15450,15374.85
15400,15384.47
15350,15303.55
15200,15210.78
14900,15035.07
14750,14539.45
14600,14415.67
14050,14287.95
13800,11828.77
13150,11814.39
13000,12918.46
13100,13026.66
13375,13205.85
13550,13430.76
13800,13654.97
14200,13858.14
14400,14335.82
14600,14492.92
14800,14437.47
14600,14553.83
14220,14162.51
13450,14164.56
15000,14510.67
15350,14943.86
15250,15347.31
15530,15338.94
15500,15367.41
15350,15354.41
15200,15218.13
14800,15028.02
14400,14721.9
14100,14210.3
13900,13122.64
13600,12342.09
12720,12191.93
11620,11902.06
11810,11807.83
11660,11545.82
11361,11269.15
11447,11061.25
12075,11982.3
12550,12585.66
11900,11614.01
11909,11914.79
11621,11627.25
11315,11318.32
10787,10788.1
12625,12616.35
13525,13504.06
13450,13040.71
13725,13632.53
13820,13400.29
13900,13147.94
13800,12935.45
13450,11223.11
12950,11788.19
12600,12392.37
12200,12119.74
11950,11951.97
11300,11162.87
11400,11350.43
11420,11413.05
11540,11527.37
11650,10902.99
11750,11628.71
12100,12145.98
12450,12408.14
12410,12403.37
12230,12219.02
11630,11631.06
11550,11540.07
11350,11363.4
13250,13476.89
13950,13656.97
13900,12173.48
14060,13185.85
13780,13134.17
13750,13194.28
13900,11324.57
13400,10384.14
12750,12290.48
12420,12326.05
12170,12174.04
11700,11694.59
11270,11263.83
11300,11277.56
11500,11503.95
11900,11911.63
12050,12090.96
12350,12351.09
12630,12595.81
12850,12827.92
12890,12865.78
12900,12864.79
12520,12468.44
12350,12342.06
12110,12128.02
13940,13538.39
14130,13593.57
14250,13748.31
14230,13953.69
14000,13911.48
14000,13431.76
13850,11148.73
13350,10969.27
12900,12386.59
12600,12548.28
12250,12163.29
11850,11876.5
11400,11380.29
11250,10936.69
11170,11061.32
11520,11522.93
11450,11440.75
11840,11833.67
12200,12202.78
12310,12281.66
11910,11883.67
12000,11992.97
11710,11702.35
11430,11408.69
11300,11298.92
12820,12721.87
13450,13367.64
13100,12188.54
13450,13424.23
13030,13127.11
12820,12834.96
12750,12708.61
12180,12169.76
11770,11779.22
11450,11453.14
11150,11136.5
11050,10926.98
10650,10631.58
10710,10716.88
10862,10766.49
11250,11253.7
11585,11593.11
11542,9609.75
11920,11910.13
12300,12248.94
12320,12330.8
12450,12306.74
12420,12425.57
12120,12118.45
11730,11727.74
13520,13443.45
13880,12092.32
13815,11240.44
13890,11007.58
13610,10654.7
13480,11304.05
13220,9408.23
11900,12082.5
11420,11462.87
11770,11815.67
11590,11586.43
11322,11324.19
10902,10903.59
10786,10786.59
10856,10857.32
10925,10731.81
11313,11316.18
11590,11578.16
11970,11943.35
12155,12133.75
12140,12133.98
12050,12035.94
11975,11953.5
11695,11692.97
11754,11758.63
13150,13078.88
13576,13421.62
13450,13197.18
13400,12828.4
13200,12870.61
13250,13059.48
13020,12675.25
12570,12598.07
12170,12116.48
11750,11728.51
11400,11397.12
10950,10951.42
10650,10609.65
10650,10652.79
10385,10375.34
10940,10850.95
11201,11205.44
11525,11526.22
11704,11708.51
11839,11844.72
11568,11570.77
11715,11719.05
11295,11279.36
11020,10886.07
11045,10930.74
12690,12660.17
13040,13044.2
12807,12810.87
12784,12789.44
12468,12497.68
12459,12495.53
12306,12320.31
11646,11650.71
11353,11356.23
11183,11185.96
10796,10796.42
10406,10412.21
10078,10085.43
9795,9798.97
9745,9746.98
9678,9689.47
9739,9744.6
9930,9935.15
10406,10412.96
11121,9959.13
10874,10780.04
10898,10804.29
10714,10720.86
10117,10119.33
9923,9925.54
11858,11889.24
12510,12501.52
12440,12425.92
12545,12543.21
12600,12587.49
12760,12735.84
12640,12596.71
12100,12022.34
11900,11883.13
11520,11555.77
11370,11256.42
11000,10883.26
10500,10498.39
10580,10586.05
10505,10509.35
10815,10813.26
11035,10648.48
11359,10558.24
11760,11750.36
12195,12212.49
12235,12233.02
12480,12479.17
12260,12262.72
11940,11932.88
11650,11603.9
13700,13589.34
14100,10209.47
13950,13163.7
13970,10314.01
13840,10453.55
13490,9872.34
12780,11754.5
12440,12397.32
12420,12394.41
12080,12084.88
11680,11673.83
11450,11446.96
10960,10869.39
10821,10821.45
11075,10946.09
11410,11404.77
11550,11551.29
11700,9906.08
11980,11949.99
12310,12282.6
12300,12263.38
12230,12234.47
11850,11846.99
11480,11493.26
11250,11228.86
13250,13227.32
13200,13105.33
13050,13076.53
13050,13082.52
13050,13041.75
12830,12776.69
12800,12762.31
12230,12168.04
11670,11681.53
11310,11090.26
11120,11038.69
10900,10892.47
10250,10252.89
10090,10083.6
10140,10141.63
10320,10312.46
10470,10458.55
10735,10726.7
11090,10885.22
11650,11649.31
11435,11332.07
11500,11501.99
11340,11335.68
10990,10871.3
11150,10929.96
12800,12778.4
13150,13151.9
13225,13021.49
13175,12888.48
13050,12824.44
13000,12940.36
12900,12861.87
12230,12244.24
11870,11851.75
11650,11635.2
11500,11509.78
11250,11147.04
10700,10789.51
10680,10726.45
10800,10802.2
11180,11142.11
11250,11242.98
11585,11563.98
11970,11945.04
12320,12316.16
12400,12398.31
12650,12621.81
12510,12418.79
12350,12304.73
11800,11795.14
13900,13576.27
14220,11277.92
13900,13187.88
14100,10842.52
13780,10132.35
13775,10833.83
13750,9912.83
13225,9924.09
12550,10328.39
12500,12405.85
12175,12137.55
12025,12039.22
11750,11749.4
11700,11693.29
12020,11996.23
12250,12213.99
12400,12389.28
12600,12631.51
13020,13043.81
13060,13028.89
13200,13127.77
13300,12966.85
13100,12872.6
12720,12736.58
12370,11291.11
14330,13650.19
14350,13925.44
14370,14344.43
14470,14241.53
14300,14267.76
14250,14173.98
14150,13968.83
13450,12585.39
13250,9897.48
12950,10272.08
12750,12632.33
12550,12448.79
12150,12105.74
11900,11926.56
11970,11992.76
12550,12545.36
13000,12844.63
13250,13091.46
13450,13223.16
13800,13401.65
13850,12377.69
14300,11621.37
14000,13084.66
13700,10476.49
13150,12506.5
15100,14283.21
15000,14904.3
15000,14829.21
15000,14713.59
14950,14654.8
14920,14558.28
14800,14494.31
14200,14366.69
13800,13562.01
13500,13398.71
13000,9660.3
12700,12463.42
12200,12149.99
11750,11752.07
11725,10670.19
11750,10979.14
11825,11275.74
11875,11889.87
12450,12394.48
13000,13046.64
12450,12260.55
12770,12544.7
12430,12409.2
11850,11849.5
11400,11381.77
13500,13523.85
14130,13976.92
14100,13446.71
14150,12729.85
14400,13805.3
14650,14490.01
14750,14537.31
14250,14438.16
14000,13117.5
13600,10844.06
13200,11364.52
13150,12610.03
12600,12564.49
12350,12315.69
12200,12089.2
12450,12498.29
12550,12532.09
12900,12814.94
13250,13189.27
13650,11234.21
13650,12092.23
13830,11393.03
13750,9460.71
13250,10592.92
13050,12739.61
15150,14218.92
15300,14823.39
15250,15233.27
15250,15266.81
15200,15168.56
15150,15170.49
15150,14781.9
13814,14760.87
14600,11760.36
13950,14132.73
13500,12682.23
13400,8348.36
12850,10176.16
12650,12544.68
12400,12391.25
12650,12670.39
12850,12805.4
12900,12870.49
13400,13279.98
13600,10011.12
13470,8870.01
13700,13559.59
13700,12918.58
13350,8957.59
12970,12945.05
14850,14217.55
15150,14952.98
15000,15102.93
15060,15038.5
15000,14964.58
15000,14955.25
14850,14547.98
14400,14755.89
14200,14056.26
13800,13349.75
13700,10327.63
13500,10311.73
12750,8958.06
12700,12549.65
12500,12478.99
12570,12527.01
12980,12995.19
13020,12870.52
13650,12802.46
13800,8211.19
13900,10364.48
13920,11145.22
13850,12788.04
13650,13593.33
13050,12669.16
15150,14301.53
15350,15042.17
15250,15318.33
15200,15300.47
15050,15166.81
15150,14871.56
15000,14858.3
14750,14639.2
14500,14513.72
13750,14134.59
13250,10435.13
12500,10321.88
11900,11910.58
11530,11542.78
11500,11500.43
11550,11561.88
11850,11837.58
12320,12277.72
12600,12580.51
13000,12899.3
13200,12735.73
13400,10375.28
13500,13538.59
13250,13423.26
12850,13189.54
14800,14137.96
15000,14865.81
14800,14822.8
14980,14835.05
14820,14903.17
14600,14805.6
14550,14389.84
13800,14291.25
13800,10560.52
13300,13296.59
13200,12998.85
12900,10341.18
12350,12347.86
12050,12087.03
12150,12153.68
12550,12538.1
12850,12622.39
13200,12908.67
13800,10396.27
13900,10212.4
13800,11110.79
13870,11941.51
13750,12092.38
13350,12693.92
13100,12610.56
14700,13736.08
14900,14666.94
15100,14711.31
15350,14858.63
15100,14937.07
15100,14609.37
15000,14751.75
14600,14514.96
14400,14231.41
14100,14087.7
13800,11810.8
13200,10879.92
12650,12800.69
12700,12574.74
12450,11653.78
12450,12439.21
12750,12808.56
13100,12767.97
13300,11774.71
13600,9954.78
13800,13689.36
13990,13732.52
13800,12872.98
13600,12604.85
13300,13690.18
15000,13799.04
15200,14779.35
15300,15358.01
15350,15355.5
15250,15265.3
15200,15195.3
15150,15157.75
14650,14788.38
14200,14525.01
13800,14055.03
12850,12004.88
12650,12522.75
11650,11692.48
11100,11098.6
11050,11028.63
10850,10847.45
11080,10197.04
11400,9453.93
11950,11947.74
12770,12715.7
12600,11694.02
12800,12698.09
12100,11103.81
11960,11954.96
11540,11564.19
13950,13606.7
14200,12714.43
14250,13943.99
14650,14435.21
14650,14845.55
14700,14795.36
14750,14675.31
14450,14616.38
14100,14239.85
13850,13039.83
13500,13364.88
13200,13177.6
12700,12805.15
12100,11966.64
11870,11910.47
12230,12275.62
12400,12386.52
12650,12653.85
13250,12828.36
13600,10509.61
13800,11711.59
13850,7958.44
13830,10578.39
13750,10338.65
13700,13750.74
15300,14575.03
15500,15211.75
15500,15326.5
15600,15332.12
15550,15289.51
15500,15280.67
15400,15322.94
15050,15037.96
14600,14575.82
14050,14164.38
13850,12846.48
13550,11630.81
13030,9513.6
13050,12544.57
13000,12331.7
13100,12695.32
13700,12285.54
13850,9192.25
14430,11304.07
14500,14276.99
14350,14334.01
14450,14265.83
14350,14050.8
14200,13524.25
14100,13821.21
15500,14251.73
15800,15280.75
15900,15428.13
15800,15433.63
15700,15403.27
15650,15378.12
15600,15298.58
15200,15057.97
14900,15005.16
14750,14653.22
14600,14572.12
14400,14143.57
13800,13661.19
13500,10052.32
13250,9151.83
13400,10600.61
13500,9439.88
13800,13699.82
14200,13864.23
14500,13907.48
14650,14448.25
14750,14761.24
14650,14687.83
14500,14630.67
14200,14233.48
15350,14646.71
15850,15357.14
15900,15405.31
16100,15419.81
15900,15396.81
15800,15373.81
15700,15333.81
15300,15058.97
15000,14987.95
14700,14758.08
14500,14698.81
14300,14271.19
13900,13961.23
13800,11101.09
13800,10448.62
14000,10563.57
14300,12059.2
14550,14220.53
14700,14456.43
14650,14594.91
14750,14707.73
14775,14752.23
14700,14602.03
14600,14459.47
14200,14197.07
15500,14250.2
15700,15405.35
15850,15414.16
15900,15443.32
15720,15440.47
15650,15387.31
15470,15343.31
15250,15050.06
15050,15028.13
14850,14815.92
14600,14580.25
14500,14260.07
14100,14256.29
13698,11837.64
13624,11168.89
13850,9222.64
13871,12231.75
14238,12384.58
14578,13946.75
14600,14470.55
14500,14464.46
14600,14509.79
14600,14340.04
14300,14122.94
14100,13953.46
15500,12961.24
15650,15438.01
15750,15441.32
15900,15461.18
15750,15419.26
15620,15400.31
15450,15332.81
14970,15052.13
14750,14856.15
14550,14724.58
14100,14320.51
13900,11785.41
13600,11313.63
13500,9005.12
13550,9502.09
13750,9168.21
13900,10813.89
14150,12039.18
14500,14018.75
14550,14501.06
14500,14487.38
14550,14521.29
14350,14337.45
14050,14183.73
14000,13764.19
14950,14429.18
15050,14951.41
15100,15006.01
15300,15134.19
15250,15244.57
15200,15210.89
15100,15171.74
14650,14884.18
14400,14761.8
14300,14100.84
14100,13815.26
13800,10882.1
13100,10464.4
12650,11943.49
12450,12305.41
12200,12257.18
12180,12234.34
12150,12213.99
12580,12602.29
12940,12575.51
12190,12247.18
12250,12137.02
11640,11628.04
10800,10795.52
10710,10708.46
12340,12293.55
12340,12289.82
12130,12153.96
12380,12370.18
12230,12209.07
12100,12086.22
11620,11627.4
10880,10879.7
10420,10412.17
9982,9985.69
9471,9475.11
8610,8601.63
7837,7837.0
7916,7863.16
8509,8508.79
9188,9188.43
9566,9566.09
9621,8314.64
10079,10086.92
10543,10547.69
10320,10322.89
10402,10404.57
10299,10300.75
10182,10083.38
10128,10132.36
11453,11452.71
11401,11401.9
11456,11454.96
11228,11232.58
10739,10740.03
10754,10755.93
10840,10839.84
10280,10260.15
10000,9990.46
9530,9525.63
9095,9107.37
8970,8958.41
8730,8751.69
8906,8908.26
8978,8977.9
9334,9335.78
9638,9639.07
9840,9840.74
10333,10334.76
10390,10390.96
10251,10253.4
10296,10298.08
10388,10390.5
10298,10299.62
10764,10764.81
11834,11834.22
11876,11886.51
11948,11952.12
11679,11685.43
11030,10937.24
11091,11092.17
11014,10530.7
10674,10674.46
10333,10333.44
10065,10065.25
9809,9810.99
9631,9632.75
9207,9210.18
9286,9286.38
9447,9448.78
9734,9737.7
9955,9955.03
10347,10350.37
10996,11003.13
11252,11258.84
11438,10516.07
11521,11522.61
11438,11438.55
11163,11166.4
11682,11687.43
13235,13128.95
13450,12804.7
13480,11906.52
13375,11410.39
13470,12199.51
13085,11131.04
13000,12324.76
12650,12094.82
12300,11851.49
11930,11944.75
11590,11568.18
11380,11346.28
11000,11007.31
11260,11230.48
11500,11509.19
11880,11871.23
12400,12391.53
12930,12904.09
13370,13241.97
13530,12662.55
13630,11550.46
13800,10861.54
13600,9548.32
13300,12752.57
13200,12692.18
15050,13766.53
15150,14656.39
14900,14800.65
14900,14506.04
14850,14485.39
14970,14463.93
14900,14537.41
14500,14423.95
14150,14227.22
13700,13433.36
13150,10160.01
13100,11271.74
12700,11463.5
12600,12530.88
12650,12591.57
12750,12540.73
13120,13060.64
13500,11496.96
13900,13678.69
14130,13903.78
14170,13805.88
14480,13577.95
14250,14142.12
13720,14048.62
13870,12820.71
15500,14533.15
15650,15356.16
15600,15374.96
15720,15371.63
15630,15381.56
15600,15329.02
15550,15293.18
15000,15022.86
14780,14514.69
14420,14412.58
13840,14085.9
13450,13344.27
13035,9931.01
13270,12563.57
13270,10152.38
13300,10193.59
13480,10456.26
13870,13746.52
14500,14162.85
14700,14446.71
14950,14733.31
15100,14646.37
15050,14739.29
14700,14581.01
14950,14780.21
16150,15053.19
16200,15522.23
16275,15558.68
16300,15556.97
16300,15491.3
16250,15471.49
16200,15394.21
15650,15078.68
15350,15028.4
15100,15001.36
14850,14691.69
14600,14409.65
13900,14241.71
13350,13494.88
13150,10917.06
12720,11641.0
13100,12842.8
13400,12569.23
13750,13865.37
14150,14073.45
13950,14020.27
14350,14071.16
14050,14418.43
13450,13831.6
13400,12431.7
15300,14483.26
14600,15327.62
14900,14635.49
14920,14873.93
14830,14874.92
14700,14782.81
14550,14734.74
14250,14392.39
14070,14182.36
13800,13710.44
13650,13382.6
13230,9694.25
12480,11178.13
12120,12182.38
11730,11734.03
11980,11840.26
11850,11289.48
11600,8654.37
12470,12311.45
12910,12459.76
12950,12687.12
13000,13026.34
11800,11442.79
11230,11213.92
10975,10874.96
12050,12047.06
12345,12344.84
12595,12579.49
12880,12757.37
13140,13146.92
13385,12369.22
13500,13544.47
13300,11082.71
13000,11886.74
12680,12447.43
12450,12412.24
11950,11933.36
11690,11685.6
11630,11626.13
11740,11198.0
12110,12109.03
12600,12564.79
13240,13286.9
13750,13560.52
13900,11983.34
14150,11308.86
14350,11536.6
14350,14120.26
14250,14089.48
14650,14040.84
15550,14536.27
15900,15389.77
16000,15417.56
16100,15433.47
16050,15422.93
15850,15364.96
15550,15311.84
15200,15059.0
14900,14996.91
14700,14570.23
14550,14550.15
14450,14241.93
14000,14198.46
13700,13263.75
13750,13008.56
13850,13392.4
14100,13583.13
14400,12830.41
14670,14280.16
14670,14658.94
14620,14690.58
14700,14449.54
14550,14667.51
14300,14285.79
14700,14588.47
15900,14967.61
15950,15468.52
16000,15497.52
16100,15475.52
16050,15453.97
15700,15422.16
14500,15343.65
13700,14409.73
13100,11760.7
12690,12665.81
12500,11851.12
12465,12268.81
12180,12174.8
11913,11907.5
11973,11981.19
12550,12574.43
12900,12289.85
13240,13207.43
13700,13810.55
13800,13782.27
14100,13968.32
14250,13247.23
14050,14143.59
13700,12634.92
14150,12711.08
14800,13931.72
14950,14851.44
15000,14943.29
15050,15000.05
14950,14965.19
14990,14864.13
14900,14541.01
14400,14418.87
14000,13814.88
13700,10262.48
13300,9342.02
12800,10484.73
12070,12090.74
11870,11902.29
11700,11708.28
11800,11792.8
11950,11964.15
12135,12129.64
12050,12030.3
12100,12095.85
11709,11712.16
11762,11766.03
11540,11521.93
11640,11636.62
12335,12353.03
13239,13237.32
13188,13151.75
13221,13153.06
12920,12964.93
12779,12792.58
12671,12586.14
12530,12180.97
11910,11490.3
11450,11430.02
11095,10882.16
10920,10815.05
10725,10712.63
10420,10410.8
10482,10481.94
10636,10636.63
10928,10832.01
11170,11129.62
11400,11392.65
11620,11620.93
11950,11936.89
11530,11499.5
11661,11662.48
11110,11109.99
11134,11133.98
11914,11919.22
12464,12500.3
12475,12504.68
12463,12496.08
12255,12248.44
12060,12054.58
11905,11907.11
11650,11637.12
11275,11262.55
10930,10822.76
10645,10646.43
10410,10415.71
10239,10248.03
9922,9922.03
9747,9748.72
9820,9821.79
9775,9783.52
10021,10021.45
10382,10386.87
10955,10580.4
11600,11614.65
10727,10727.7
10587,10587.34
9992,9991.97
9798,9799.8
11141,11141.1
12235,12223.46
12210,12219.37
12277,12272.86
12372,12378.28
12460,12449.42
12445,12434.22
12305,12206.74
11775,11761.13
11290,11271.94
11050,10564.15
10735,10743.79
10665,10647.47
10460,10445.47
10660,10645.05
10712,10704.74
10870,10851.55
11270,8845.43
11650,11209.58
12360,12346.72
12515,12518.89
12640,12638.42
12880,12795.27
12790,12762.26
12420,12347.98
13400,13595.53
14500,14228.05
14500,14303.67
14700,14417.29
14300,14434.1
14260,14033.11
14100,14019.27
14050,13528.83
13560,13545.68
13150,13192.61
12650,11691.36
12400,12269.19
12250,12255.39
11920,11949.2
11850,11859.93
11980,12021.56
12060,12205.7
12090,12184.13
12455,12412.04
12860,12825.79
13320,13210.63
13500,13413.96
13550,12651.75
13350,12481.32
13050,12335.12
14400,14067.73
15100,14508.79
15100,15011.58
15200,14906.19
15050,15213.09
15020,14638.79
15150,14586.7
14850,14693.56
14300,14528.63
14100,13939.35
13900,13133.51
13500,13357.46
13200,13147.57
12800,12816.04
12800,12701.75
12500,12379.29
12750,12675.98
13100,13079.92
13400,13275.49
13650,13444.89
13850,13211.34
13950,12808.85
14050,11647.65
14000,12175.42
13550,12669.43
14400,14300.22
15300,14898.32
15400,15364.27
15420,15420.5
15190,15346.89
15080,15207.32
15000,14767.95
14500,14564.7
14100,14149.51
13600,11877.13
13500,12132.42
12700,12351.17
12400,11580.87
12280,12300.51
12100,12127.54
12000,12029.38
12330,12319.92
12700,12713.46
13350,13192.81
13500,13005.59
13800,12872.18
13850,12721.27
14000,12617.44
13700,12558.19
13400,12470.41
14200,13650.7
15000,14111.48
15100,15005.84
15200,15143.92
15100,15354.32
15000,14677.65
14950,14529.64
14700,14557.9
14100,14400.1
13700,12867.24
13500,13301.78
13200,13184.64
13000,12650.78
12900,12768.61
12670,12584.05
12480,12452.87
12600,12554.92
13000,12660.65
13350,13175.62
13500,12994.38
13650,13695.82
13620,13816.64
13550,12928.26
13250,12830.17
12700,12687.37
14100,13662.87
14344,12536.45
14270,14470.58
14180,14392.24
14080,14302.42
14070,13565.39
14050,13783.88
13950,13825.5
13500,12792.58
13250,12870.54
12800,12850.4
12300,12229.74
11950,11959.09
11550,11558.55
11250,11126.21
11300,11081.37
11450,11450.65
11590,11582.24
11600,11600.98
12100,12092.39
12300,12261.48
12200,12212.26
12000,11975.22
11795,11795.43
11730,11734.29
13000,12972.66
13375,13461.45
13346,12580.73
13390,13346.82
13140,13113.43
13004,12925.96
12640,12695.7
12631,12645.14
12218,12238.0
11669,11671.6
11176,11177.6
10744,10746.04
10681,10683.13
10062,10061.96
9642,9644.54
9662,9662.04
9526,9529.03
9607,9608.3
9810,9812.29
10526,10530.48
10818,10818.7
9819,9821.47
9930,9930.86
9506,9507.8
9509,9510.62
10817,10817.99
11528,11529.17
11482,11487.01
11504,11469.57
11462,11465.45
11384,11387.86
11268,11269.52
11058,11064.9
10738,10738.1
10377,10385.13
10050,10050.06
9704,9708.43
9388,9393.22
9075,9079.62
9326,9328.02
9501,9502.75
9600,9600.52
9777,9787.83
10241,10249.99
10767,10768.17
11250,11242.43
11070,11071.93
11050,10942.91
10850,10842.13
10967,7997.53
12338,11609.07
13204,13228.9
12885,12598.41
12839,12862.59
12789,12807.11
12730,12745.06
12417,12418.5
12095,12102.61
11725,11731.63
11403,11403.53
10936,10649.81
10713,10720.08
10405,10411.61
10241,10249.37
10479,10478.97
10630,10622.04
11025,10932.05
11420,11403.93
11680,11038.1
12280,12269.98
12600,12583.96
12165,11938.81
12540,12545.69
12370,12342.18
12110,12109.35
13700,13628.29
13970,12427.07
13790,12424.95
14030,13803.18
13435,12384.74
13330,13320.12
13280,12445.62
13110,13082.53
12400,12579.33
12050,12042.99
11800,11805.57
11500,11506.72
11270,11279.62
11000,10490.25
11280,11283.03
11280,11269.9
11420,11426.91
11750,11730.08
12120,12119.78
12600,12571.96
12920,12862.12
12900,12905.8
12930,12894.85
12600,12478.02
12350,12230.99
13650,13493.94
14520,14117.4
14200,14424.27
14340,14082.19
14060,14047.25
14090,13811.13
13850,13112.28
13580,13423.88
13130,13222.17
12850,12788.03
12430,12396.67
12250,12216.42
11850,11836.21
11650,11606.31
11580,11569.67
11650,11642.61
11720,11727.71
12000,11997.48
12260,12265.06
12670,12609.17
12900,12883.02
13000,13008.06
12925,12926.21
12600,12603.17
12200,12213.62
13330,13294.69
13730,13395.19
13660,13935.65
13660,13725.9
13750,14017.24
13630,13696.07
13530,13566.69
13350,13386.78
13000,12998.0
12450,12226.72
12200,12196.96
11800,11803.34
11700,11702.28
11200,11099.28
11230,11228.6
11150,11044.22
11600,11588.53
11930,11909.61
12400,12259.18
12680,12671.36
12950,12928.97
12560,12484.91
12350,12339.2
11800,11782.91
11700,10840.2
12780,12738.59
13510,13584.07
13249,13232.04
13196,13266.47
13177,13240.55
13113,13118.37
13000,12968.27
12700,12637.96
12030,11999.47
11630,11630.02
11270,11262.36
11120,10725.54
10950,10973.39
10490,10509.18
10500,10498.24
10700,10689.52
10920,10898.63
11060,9668.89
11484,10787.79
11785,11791.31
12360,12364.29
12460,12457.99
12660,12601.14
12230,12241.17
11800,11783.95
13350,13272.97
13900,13851.27
13600,13461.31
13600,13540.46
13540,13505.74
13346,13319.89
13228,13247.61
13200,13055.62
12780,12600.61
12450,12384.26
11980,12019.77
11650,11665.24
11400,11404.3
10970,10979.35
10670,10666.7
10670,10637.27
10583,10584.7
10604,10606.73
10863,10391.69
11253,7451.17
12036,12054.11
11470,11399.33
11675,11679.59
11108,11108.17
10532,10535.57
11989,11991.13
12518,12534.36
12473,12501.27
12537,12552.82
12635,12646.87
12635,12651.99
12798,12814.99
12810,12768.31
12350,12317.48
12050,12019.99
11680,11676.3
11350,11342.67
11050,10912.86
10650,10658.71
10075,10069.58
10152,10152.15
10514,10517.57
10924,10828.15
11516,11012.08
12025,12034.45
12500,12514.16
12580,12460.23
12612,12631.79
12233,12237.08
11790,11796.55
13340,13245.05
14010,13302.57
13686,10153.16
13790,10464.98
13460,12922.07
13530,13309.57
13501,12788.14
13500,13328.66
12850,13087.9
12670,12583.56
12240,12121.01
12000,12006.03
11670,11659.88
11150,11083.2
10950,10955.05
11000,10997.1
11100,10886.12
11190,9024.14
11548,10846.32
11998,11998.87
12316,12339.51
12330,12326.29
12350,12339.28
12013,12027.78
11675,11678.65
13360,13286.33
13790,13439.19
13630,13532.59
13730,13693.41
13710,13719.75
13514,13627.64
13510,13493.34
13140,13251.95
12850,12804.24
12400,12404.0
12050,12130.43
11600,11619.0
11300,11281.49
11100,10710.97
11050,10964.02
11200,11188.38
11580,11570.54
11840,11846.67
12310,12322.09
12620,12593.51
12950,12816.66
12970,12928.32
13020,12859.51
12900,12825.69
12300,12289.62
13780,13648.61
14300,11804.8
14220,14200.43
14220,13917.75
13900,14090.77
13740,13656.87
13700,13563.68
13500,13438.7
13080,13136.7
12670,12686.36
12270,12194.47
11970,11957.67
11520,11514.67
11200,10902.65
11180,10593.41
11350,11370.07
11650,11634.43
11730,10434.46
12050,12020.21
12550,12553.08
12780,12520.11
12830,12747.2
12880,12814.52
12800,12718.94
12500,12527.77
14000,13717.52
14070,14171.0
14170,14237.43
14270,14156.05
13970,14176.82
13850,13762.12
13550,13650.47
13400,13369.9
13000,13041.68
12700,12697.48
12400,12326.62
11970,11998.33
11730,11731.63
11400,11347.88
11370,11350.63
11400,11367.06
11650,11638.32
12000,12066.74
12350,12382.04
12500,12563.36
12850,12839.47
12950,12783.53
13100,12988.73
12850,11348.39
12600,12296.29
13900,13646.59
14200,14042.5
14320,14267.37
14250,14274.71
14000,14152.3
13800,13641.54
13700,13502.11
13500,13320.82
13070,8189.07
12860,11514.86
12390,12366.18
12220,12244.42
11760,11756.0
11580,11552.64
11530,11560.42
11650,11657.83
11590,11589.35
11700,9601.13
11860,11857.93
11720,11272.64
11760,11758.17
11760,11552.56
11550,11546.76
9227,9227.78
8906,8908.24
10531,10533.24
13150,13106.77
13900,13921.29
13820,13961.25
13355,13841.34
13220,13237.37
12960,13017.77
12750,12718.34
12390,12349.07
12080,12111.33
11720,11710.22
11230,11240.48
11115,11115.36
10610,10619.34
10570,10559.84
10233,10232.9
10325,10317.78
10161,10161.32
10523,10527.4
10995,10520.58
11604,11298.0
10791,10791.92
10525,10528.45
9887,9889.9
9838,9838.29
11437,11436.93
11693,11696.06
11622,11627.98
11643,11649.21
11814,11815.08
11771,11775.58
11858,11862.88
11830,11829.88
11300,11304.47
11020,10730.42
10735,10735.3
10371,10377.43
10092,10098.38
9957,9956.98
10154,10153.98
10455,10458.87
10778,10784.19
11021,10449.54
11369,10164.76
11850,11861.36
12230,12239.83
12015,11996.96
11980,11954.56
11532,11534.74
11546,11553.22
12957,12989.41
13545,13536.26
13380,11070.56
13256,12453.22
13016,13025.14
12592,12637.22
12410,12419.42
12409,12412.55
11765,11756.24
11310,11312.82
10980,10881.1
10685,10678.73
10376,10383.27
10147,10149.77
10582,10582.33
10441,10441.39
10908,10718.0
11377,10676.08
11700,11695.85
12270,12281.89
12410,12378.71
12420,12382.48
12480,12476.43
12280,12261.39
12020,12011.04
13230,13148.06
13730,13629.78
13530,11375.82
13430,13450.94
13150,13198.77
12789,12812.48
12616,12639.17
12462,12481.86
11940,11935.23
11420,11419.95
11030,10938.82
10681,10683.22
10438,10439.46
10246,10251.49
10484,10484.01
10513,10516.39
10777,10792.74
11184,8725.9
11657,11662.14
12200,12194.57
12304,12292.26
12376,12397.46
12540,12534.98
12112,12118.41
11877,11885.63
13700,13701.43
13900,13773.56
13760,11216.8
13670,12574.33
13390,10932.87
13080,12794.32
12853,12854.87
12549,12579.46
12110,12099.89
11580,11578.69
11360,11359.31
11015,10931.2
10755,10743.82
10536,10539.23
10824,10824.31
10905,10811.45
11160,9975.82
11530,11216.58
12000,12017.22
12620,12582.71
13020,13000.92
13000,12942.49
13050,12771.61
12941,12848.52
12350,12341.66
14000,13689.53
14237,13895.48
14140,14087.66
14150,11953.71
13900,13926.45
13740,10519.59
13770,13587.22
13500,9378.7
13100,11244.27
12750,12686.53
12250,12176.55
11900,11918.01
11700,11693.84
11500,11538.79
11500,11510.52
11220,11219.18
11685,11352.52
11970,11947.02
12320,12274.55
12550,12524.38
12730,12577.56
12120,12148.79
11883,11894.3
11425,11427.79
11692,11696.01
13430,13462.02
13125,12673.82
13010,12885.86
12840,12862.06
12488,12521.95
12317,12338.24
12039,12054.58
12015,12028.53
11470,11478.15
11150,11067.45
10670,10674.27
10330,10324.42
9960,9935.29
9874,9880.84
10170,10175.68
10200,10200.04
10205,10206.0
10358,10357.97
10637,10640.65
10943,10854.16
11114,11114.08
10464,10467.35
9709,9710.51
9384,9388.89
9937,9938.28
11243,11247.06
10996,10507.65
11003,11008.1
11009,10915.84
10782,10787.51
10658,10657.96
10348,10350.94
10203,10203.58
9732,9736.87
9568,9567.99
9109,9111.39
8799,8802.43
8785,8795.26
8574,8574.21
8724,8723.99
8839,8840.62
8892,8895.5
8883,8886.54
9208,9217.62
9989,9989.11
10686,10690.77
9886,9888.79
9714,9715.17
9453,9456.68
9342,9343.68
11082,11083.66
11265,11266.61
11087,11088.44
11134,11133.99
11329,11330.42
11292,11298.42
11075,11077.51
11098,11099.47
10636,10636.66
10231,10231.36
10010,10012.25
9632,9633.27
9431,9432.79
9122,9122.0
9666,9666.79
9790,9800.46
9946,9945.98
10146,10151.92
10668,10669.28
11199,11200.43
11719,11730.36
11623,10787.79
11638,11644.64
11348,11348.43
11424,11426.88
13250,13183.64
13400,13400.12
13480,13417.48
13330,13292.6
13050,13046.04
12850,12781.29
12550,12531.91
12180,12164.81
11790,11771.37
11300,11307.56
10970,10871.14
10698,10700.71
10523,10524.84
10402,10404.09
10595,10595.48
10910,10909.42
10990,10686.35
11250,9639.5
11850,11784.19
12250,12240.48
12400,12414.14
12500,12537.29
12550,12608.51
12450,12486.78
12300,12298.97
13800,13756.44
13850,13738.8
13820,13802.93
13720,13765.96
13550,13618.56
13250,13315.66
13020,13004.59
12800,12727.42
12400,12326.89
11900,11914.22
11450,11455.04
11220,11122.53
10950,10970.53
10700,10696.62
10950,10959.05
10900,10930.24
11180,10391.7
11525,11011.85
11900,11899.16
12300,12300.31
12650,12645.71
12700,12509.69
12650,12682.21
12550,12545.15
12500,12536.58
13950,13772.33
13970,13406.39
14000,12592.31
13950,11216.47
13750,13747.51
13530,13526.9
13150,13287.66
12750,12740.52
12380,12277.28
12060,12052.62
11510,11513.44
11125,10646.44
10770,10770.59
10626,10627.85
10860,10849.65
10920,10896.76
11190,11157.92
11350,9827.55
12000,12066.67
12400,12450.21
12600,12591.66
12630,12465.96
12670,12686.99
12415,12503.88
12350,12351.84
13700,13643.73
13900,13240.01
14000,13186.37
13900,12260.98
13770,13739.87
13620,13541.67
13500,13460.99
13300,13239.78
12900,12993.98
12350,12396.67
12100,12108.13
11650,11631.51
11400,11355.76
11200,11105.31
11250,11031.94
11300,11087.6
11350,11303.84
11750,11383.06
12100,12140.14
12400,12366.41
12600,12629.23
12630,12227.16
12670,12689.34
12415,12394.11
12350,12369.96
13600,13647.22
13900,13565.69
14000,13210.0
13900,13633.81
13770,13792.14
13716,13586.37
13550,13536.91
13400,13346.84
13000,10731.05
12450,12372.99
12200,12255.1
11750,11762.75
11500,11496.91
11300,11329.97
11350,11348.94
11400,11390.97
11500,11493.1
11900,11881.16
12200,12104.07
12500,12530.0
12600,12635.86
12730,12786.64
12720,12718.07
12450,12555.27
12400,12376.52
13500,13484.38
13800,13402.31
13850,13585.26
13900,12810.89
14000,13722.24
13800,13722.35
13600,13628.25
13400,13381.53
13100,13173.56
12450,12765.28
12200,12225.15
11750,11730.22
11400,11259.34
11200,10678.98
10630,10583.43
10490,10487.43
10280,10264.14
10302,10305.32
10484,10484.0
11199,8333.03
11806,11806.75
11066,9518.02
10970,10881.61
10515,10516.11
10190,10190.08
12178,12198.31
12302,12314.24
12286,12301.5
12263,12285.82
12301,12313.59
12310,12327.79
12222,12233.17
12100,12136.87
11600,11586.13
11250,11230.56
10839,10743.74
10432,10434.58
10211,10211.72
9970,9970.06
9984,9984.02
10087,10091.19
10171,10171.03
10216,10217.71
10739,10740.52
11305,10290.56
11700,11038.59
11800,11852.77
11850,11863.84
11500,11529.41
11900,11880.78
13100,13318.24
13150,12933.53
13180,12887.71
13024,12914.93
13195,13213.81
12850,12632.47
12550,12513.51
12200,12194.84
11700,11653.67
11500,11507.55
11159,11043.38
10591,10590.99
10439,10440.11
10205,10205.66
10462,10462.99
10542,10546.82
10855,10760.87
11090,9799.47
11550,10136.25
12100,12067.62
12225,12218.94
12050,12036.93
12010,12006.99
11880,11922.53
12050,12028.02
13350,13461.74
13400,13281.65
13300,13256.98
13250,13176.07
12950,12994.03
12648,12675.16
12348,12369.32
12100,12156.32
11600,11671.02
11400,11367.78
11000,10912.08
10489,10488.81
10214,10214.56
9945,9946.04
10316,10318.79
10293,10297.06
10712,10721.45
10977,10601.15
11395,10783.44
12050,12038.75
12300,12285.59
12150,12157.5
12250,12246.89
11760,11745.91
11870,11858.05
13200,13450.12
13350,13330.23
13360,13321.83
13230,13225.98
12900,12970.88
12538,12579.28
12375,12387.7
12162,12185.31
11720,11720.26
11110,11102.47
10702,10706.53
10375,10382.39
10133,10139.04
10034,10033.8
10468,10469.47
10595,10595.44
10633,10637.48
10926,10640.88
11261,9273.64
11963,11975.83
12140,12141.56
12065,12078.2
12109,12113.89
11670,11672.1
11710,11707.76
12820,12799.45
12730,12718.49
12570,12580.99
12227,12250.34
11902,11908.29
11696,11700.63
11241,11243.6
11140,11140.0
10419,10421.62
9397,9397.02
8717,8717.01
8575,8575.19
8506,8505.84
8435,8436.76
8926,8926.65
9295,9294.97
9486,9487.22
9712,9713.23
10077,10082.14
10719,10723.89
11124,9562.8
11080,9810.76
11078,11080.47
10813,10814.5
10923,10924.39
12580,12562.29
12301,12310.85
12012,12027.54
11835,11835.69
11700,11703.47
11316,11319.36
11114,11114.28
10822,10821.92
10332,10332.5
9926,9928.26
9503,9504.75
9197,9198.38
8983,8982.99
9024,9024.78
9428,9429.8
9803,9804.19
9918,9919.09
10688,10691.96
10688,10692.01
11095,10519.77
11420,11223.5
11275,9969.16
11247,11250.57
11078,11082.39
11187,11187.39
12630,12638.07
12393,12407.04
12145,12151.2
12026,12031.45
11785,11789.29
11228,11232.0
11121,11121.29
10805,10808.14
10342,10344.38
9760,9762.2
9381,9382.65
9016,9016.7
8867,8867.0
8669,8669.03
8766,8766.41
8866,8869.33
8752,8752.0
8637,8636.86
9020,9022.71
9603,9581.81
10436,10439.67
9590,9587.77
9450,9454.67
9050,9049.98
8960,8960.0
10899,10900.95
10719,10723.95
10708,10715.27
10638,10640.37
10556,10568.79
10439,10440.15
10321,10323.22
10106,10111.68
9627,9627.9
9257,9257.36
8843,8844.0
8500,8502.51
8415,8414.98
8390,8389.99
8725,8725.0
8908,8913.15
8990,8992.67
9041,9043.9
9561,9561.0
10293,10298.25
10750,10757.54
10533,10537.62
10708,10717.79
10449,10453.47
10777,10778.2
12330,12324.86
12270,12174.14
11946,11949.49
11733,11734.01
11463,11467.03
11208,11212.75
11001,11004.67
10662,10662.02
10097,10100.44
9726,9729.35
9304,9304.5
8970,8969.98
8759,8759.03
8857,8857.24
9371,9371.42
9740,9744.51
9914,9913.9
10131,10132.24
10556,10558.7
11126,10754.67
10975,10902.98
11150,11185.08
11100,11090.68
10860,10859.03
11100,10986.47
12450,12434.62
12350,12328.38
12195,12200.5
12073,12080.03
11790,11793.28
11524,11525.11
11087,11087.92
10820,10819.93
10246,10250.5
9882,9887.9
9486,9486.07
9128,9127.99
8891,8891.04
8908,8910.09
9378,9378.57
9658,9640.62
9826,9826.05
10156,10157.02
10760,10748.31
11300,11305.88
11350,11099.07
11150,11159.52
11140,11178.16
11000,11014.17
11300,11253.88
12550,12526.16
12250,12233.02
12380,12364.52
12360,12346.98
11993,11993.89
11709,11709.82
11292,11297.89
10475,10475.22
10082,10084.56
9559,9559.08
9362,9370.22
9198,9200.85
9238,9238.04
9821,9821.33
10011,10012.33
10152,10153.37
10271,10270.99
10694,10696.9
11200,11219.29
11500,11495.16
11300,11364.28
11350,11386.07
11150,11187.91
11500,11482.74
12650,12667.26
12505,12517.17
12139,12152.31
11876,11885.75
11518,11519.49
11310,11313.05
10881,10889.75
10576,10576.02
10229,10229.03
9663,9662.97
9379,9380.14
9117,9117.0
8836,8838.28
8870,8869.99
9516,9515.99
9760,9763.47
9874,9880.84
10016,10017.75
10501,10501.78
11037,10850.6
11182,10359.36
11022,10747.54
10999,10999.73
10888,10892.37
10925,10926.05
12414,12416.8
11968,11979.1
11857,11862.2
11670,11672.28
11422,11425.04
11050,11056.08
10647,10647.63
10496,10496.0
9914,9913.88
9506,9506.01
9123,9122.99
8748,8748.0
8778,8779.33
8893,8892.94
9276,9277.6
9616,9618.0
9738,9795.16
10025,10025.35
10340,10340.61
10905,10822.12
11180,10274.91
10968,10684.81
10870,10860.0
10700,10705.2
10798,10798.11
12251,12260.18
11705,11706.59
11533,11535.9
11449,11452.51
11060,11062.33
10735,10734.82
10379,10386.37
10099,10103.63
9627,9627.92
9215,9216.95
8955,8955.0
8679,8679.01
8400,8400.0
8351,8351.49
8370,8376.34
8624,8602.21
8413,8413.0
8329,8328.99
8628,8615.59
9308,9309.91
9912,9912.14
9119,9120.31
8810,8810.03
8562,8565.96
8783,8787.58
10277,10277.02
10055,10055.12
9873,9879.83
9853,9854.69
9892,9892.12
9671,9675.59
9392,9394.51
9121,9121.02
8719,8718.99
8347,8349.89
8093,7980.21
7926,7875.38
7630,7630.0
7799,7799.0
8395,8395.01
8597,5897.02
8552,8555.35
8293,8293.02
8741,8750.45
9431,9432.79
9663,9615.62
9585,9582.77
9188,9188.45
9265,9265.0
9894,9894.21
11246,11247.45
11009,10618.59
10736,10735.92
10638,10639.8
10411,10412.92
10068,10068.59
9646,9648.12
9358,9366.12
8753,8753.0
8489,8492.35
8203,8204.86
7931,7877.87
7794,7794.0
7938,7884.72
8397,8396.99
9104,9107.16
9105,9108.01
8997,8999.89
9306,9307.99
9858,9859.38
10173,10173.05
9777,9782.9
9643,9515.16
9500,9500.0
9727,9730.23
11186,11186.22
10727,10727.33
10571,10570.89
10462,10462.99
10126,10126.71
9733,9737.48
9282,9282.44
8961,8961.02
8495,8498.32
8033,7923.78
7868,7868.02
7537,7539.78
7425,7425.0
7724,7724.0
8376,8381.92
8604,8604.33
8735,8748.52
8728,8730.48
9213,9224.19
9704,9708.43
10045,10045.0
9649,9576.16
9593,9588.47
9378,9379.15
9652,9652.48
10934,10936.95
10690,10691.64
10531,10531.44
10433,10435.3
10125,10125.84
9687,9687.0
9228,9228.83
8917,8917.51
8431,8430.99
8088,7975.41
7869,7870.61
7659,7654.19
7562,7562.01
7679,7664.14
8598,8597.97
8832,8836.3
8990,8992.67
8976,8987.64
9197,9199.07
9599,9584.84
10017,10018.04
9857,9858.72
9584,9581.92
9556,9556.03
9635,9635.65
11273,11273.73
10727,10727.35
10486,10485.97
10321,10323.34
10204,10203.99
9789,9794.16
9260,9260.15
8954,8954.0
8622,8622.16
8272,8279.44
7938,7884.72
7721,7721.0
7657,7657.0
7761,7761.5
8435,8436.76
9023,9025.77
9039,9041.2
8925,8928.95
9310,9312.05
9693,9707.56
10139,10141.91
9728,9735.81
9681,9683.18
9516,9515.99
9911,9911.03
11087,11087.7
10734,10733.95
10684,10685.82
10577,10576.98
10121,10122.91
9819,9819.76
9273,9274.31
8938,8939.31
8586,8586.08
8263,8261.13
7922,7871.53
7637,7637.0
7499,7499.0
7731,7731.0
8475,8448.62
8979,8979.37
8930,8933.73
8967,8979.68
9336,9340.3
9875,9882.29
10095,10102.93
9739,9744.6
9550,9549.99
9234,9234.04
9790,9794.33
11166,11166.8
10589,10589.03
10421,10422.5
9918,9918.36
10178,10177.96
9706,9706.08
9272,9272.04
9149,9149.58
8441,8443.47
8122,8036.58
7844,7843.99
7569,7569.0
7321,7321.0
7259,7279.36
7564,7564.0
8009,7954.29
7620,7620.0
7663,7654.43
7869,7870.61
8530,8530.01
9132,9136.0
8046,7935.12
7577,7581.9
7395,7396.19
7836,7836.01
9183,9183.0
9036,9036.01
9006,9006.24
8945,8944.99
9015,9014.98
8683,8683.13
8451,8460.36
8291,8291.0
7996,7916.16
7472,7472.0
7232,7235.18
7017,7017.03
6915,6914.83
7161,7161.0
7773,7773.0
8324,8324.0
8325,8325.0
8136,8135.99
8541,8544.51
8993,8994.78
9437,9438.98
9091,9098.54
8933,8936.23
8735,8735.82
9350,9350.32
10353,10355.53
10471,10472.96
10318,10320.11
10148,10150.53
9947,9947.12
9522,9525.11
9008,9008.22
8768,8768.31
8374,8380.08
7892,7839.64
7704,7704.0
7452,7452.0
7309,7309.06
7549,7549.22
8178,8186.88
8777,8777.65
8877,8879.31
8755,8755.14
9016,9016.15
9361,9370.99
9718,9721.23
9399,9401.08
9002,9002.86
9007,9007.25
9615,9616.61
10624,10626.05
10312,10315.35
10092,10098.38
10020,10020.39
9762,9764.84
9444,9446.46
8996,8996.0
8666,8666.01
8190,8196.26
7745,7745.0
7477,7477.0
7268,7287.81
7125,7125.6
7449,7449.97
8175,8172.64
8679,8679.0
8512,8511.72
8432,8432.91
8775,8774.98
9398,9400.18
9357,9365.98
9238,9247.79
8889,8890.9
8864,8863.98
9405,9406.0
10545,10549.67
10222,10222.4
10184,10183.94
10139,10141.62
9774,9781.77
9478,9478.78
9008,9008.22
8530,8530.05
8022,7912.82
7764,7773.33
7472,7472.0
7256,7279.52
7150,7150.0
7517,7516.92
8210,8210.0
8909,8911.02
8824,8824.01
8664,8663.98
9006,9005.51
9465,9469.9
9521,9522.65
9264,9265.69
9138,9142.99
9155,9155.01
9469,9473.66
10676,10676.85
10440,10440.82
10134,10140.09
10010,10012.26
9891,9891.26
9491,9491.52
8961,8961.0
8620,8617.81
8083,7975.56
7701,7701.0
7384,7385.3
7234,7237.16
7131,7136.52
7439,7440.08
8184,8194.54
8770,8769.99
8853,8856.11
8899,8902.15
9118,9119.32
9652,9578.58
9797,9799.83
9192,9194.59
9133,9136.86
9130,9130.01
9409,9409.94
10666,10666.83
10408,10413.55
10289,10291.6
10050,10050.04
9892,9892.1
9466,9471.33
9008,9008.22
8687,8687.01
8125,8039.43
7788,7787.89
7453,7453.0
7239,7263.88
7235,7238.16
7480,7480.02
8203,8204.85
8880,8882.08
8823,8823.01
8708,8707.97
9092,9100.75
9675,9683.67
9988,9988.05
9576,9575.97
9408,9408.9
9192,9192.82
9631,9632.99
10800,10800.73
10497,10497.4
10399,10399.34
10212,10212.71
10031,10031.33
9496,9496.03
9216,9217.33
8889,8889.0
8384,8387.24
7995,7915.24
7585,7585.83
7437,7437.0
7303,7303.01
7319,7319.0
7605,7605.0
8091,7978.32
7965,7911.18
7766,7776.9
8201,8202.92
8936,8937.49
9360,9369.39
8168,8138.66
7769,7776.92
7640,7640.0
8099,8098.97
9335,9336.78
9340,9341.81
9366,9370.79
9338,9339.73
9285,9285.4
8987,8987.03
8709,8709.12
8271,8278.5
7994,7914.29
7521,7521.0
7328,7328.0
7064,7064.0
7121,7121.0
7367,7367.0
7980,7925.83
8537,8537.01
8353,8354.03
8328,8328.02
8765,8765.41
9424,9426.0
9743,9745.47
9337,9343.84
9078,9082.23
9001,9001.36
9497,9496.98
10812,10813.77
10227,10227.38
10136,10141.04
9945,9944.99
9872,9876.46
9557,9557.02
8971,8971.0
8648,8647.98
8221,8219.27
7867,7868.64
7524,7524.0
7244,7268.48
7262,7282.16
7668,7640.31
8612,8612.13
9036,9036.0
9094,9106.02
8972,8985.27
9327,9333.42
9875,9882.29
10054,10055.48
9631,9488.9
9575,9574.97
9303,9303.63
9716,9715.97
10745,10746.54
10695,10696.68
10341,10342.38
10306,10309.03
10093,10099.37
9579,9578.98
9079,9083.27
8691,8691.02
8301,8300.98
8046,7935.12
7777,7778.6
7552,7552.0
7433,7433.0
7617,7616.99
8441,8443.47
9026,9029.33
9074,9078.59
8824,8824.0
9052,9055.05
9603,9587.5
9964,9964.16
9461,9468.26
9134,9105.13
9117,9028.57
9474,9474.86
10749,10752.67
10554,10567.38
10391,10391.74
10274,10277.54
9960,9959.98
9372,9372.48
9099,9096.09
8758,8758.48
8274,8281.32
7849,7849.0
7565,7565.0
7394,7395.2
7279,7279.0
7307,7307.0
8296,8296.0
9010,9010.1
9105,9069.9
8938,8945.79
9265,9266.69
9920,9921.68
10029,10029.35
9553,9552.97
9136,9136.73
9292,9292.01
9450,9450.53
11049,11058.84
10494,10494.46
10329,10329.39
10226,10126.67
10182,10083.49
9574,9573.85
9103,9094.33
8719,8718.99
8283,8287.53
7835,7835.0
7594,7594.0
7416,7416.0
7375,7375.0
7660,7654.42
8356,8357.47
9074,9078.71
9051,9054.06
8878,8880.52
9100,9108.7
9595,9591.44
9968,9967.98
9392,9398.05
9192,9192.81
9183,9183.06
9510,9440.08
10889,10892.32
10381,10385.91
10245,10151.3
10230,10130.72
9960,9959.98
9495,9495.03
9059,9060.8
8633,8633.0
8213,8213.83
7760,7762.45
7509,7509.0
7306,7306.0
7202,7202.0
7546,7549.06
8192,8198.06
8843,8844.0
8959,8960.51
8853,8856.1
9143,9142.26
9596,9592.56
9973,9973.01
9517,9518.55
9147,9148.37
9147,9148.37
9538,9540.87
10745,10746.57
10423,10423.42
10265,10164.83
10201,10101.85
9820,9821.15
9466,9467.47
8938,8939.31
8571,8573.97
8252,8188.39
7908,7855.32
7422,7421.99
7163,7163.0
7194,7194.0
7217,7217.0
7468,7468.0
8073,7961.54
7953,7900.47
7839,7839.0
7951,7898.53
8679,8681.04
9404,9404.93
7690,7688.64
7354,7353.93
7207,7207.0
7596,7596.0
8930,8930.61
8897,8896.97
8858,8858.71
8850,8850.6
8777,8777.65
8410,8410.01
8036,7926.6
7739,7739.01
7209,7209.0
6950,6929.58
6701,6701.0
6460,6460.01
6403,6403.0
6810,6810.0
7467,7467.0
8029,7923.3
7843,7843.0
7586,7586.28
7889,7836.7
8463,8452.11
8916,8918.04
8446,8457.52
8237,8214.17
8291,8291.0
8920,8920.65
10236,10141.99
10007,10007.57
9943,9944.07
9820,9821.14
9565,9564.97
9069,9075.19
8653,8652.98
8107,7993.68
7774,7781.47
7377,7377.0
7135,7136.6
6934,6833.17
6833,6833.0
7148,7148.0
8019,7911.77
8751,8751.0
8974,8979.48
8655,8655.0
8821,8820.98
9411,9410.95
9809,9810.8
9172,9172.88
8870,8872.56
8884,8886.0
9208,9211.1
10201,10101.92
10105,10110.79
10088,10092.33
9956,9956.07
9689,9707.73
9304,9304.53
8629,8629.0
8152,8132.43
7813,7813.0
7306,7306.0
6984,6984.0
6837,6837.0
6809,6809.0
7058,7058.0
7635,7635.01
8624,8614.77
8693,8693.0
8626,8625.3
8892,8895.15
9380,9382.04
9775,9782.63
9255,9255.77
8945,8944.99
8856,8856.52
9280,9281.41
10267,10166.82
10036,10037.61
10069,10070.41
9909,9908.98
9706,9706.23
9191,9191.83
8700,8699.99
8246,8217.57
7787,7787.05
7522,7522.0
7144,7144.0
6998,6998.0
6955,6955.0
7384,7385.31
7992,7912.43
8792,8802.1
9014,9014.0
8804,8803.97
8978,8986.79
9549,9549.31
9734,9741.71
9236,9245.27
9029,9031.91
8836,8838.3
9281,9281.82
10406,10411.06
10312,10316.54
10107,10110.91
10028,10030.5
9874,9880.79
9350,9350.32
8712,8712.02
8249,8213.68
7914,7861.17
7485,7485.0
7222,7222.01
6960,6959.99
6771,6771.0
7288,7288.01
7931,7881.56
8660,8660.02
8777,8777.65
8623,8591.85
8844,8844.98
9155,9155.01
9598,9583.97
8978,8992.15
8681,8682.94
8669,8669.02
9021,9021.62
10162,10163.26
10096,10101.29
9923,9928.61
9835,9835.0
9104,9093.48
8628,8628.0
8232,8232.89
7714,7713.99
7464,7463.99
6983,6983.0
6826,6825.98
6734,6734.0
7168,7167.98
7736,7736.0
8447,8457.65
8756,8756.51
8737,8737.81
8820,8819.92
9207,9219.17
9645,9527.4
9263,9264.77
8782,8785.71
8597,8596.91
9075,9079.62
10354,10355.62
10083,10088.65
10019,10019.37
9930,9931.2
9722,9723.85
9237,9237.02
8782,8785.71
8359,8360.39
7678,7632.62
7362,7362.01
6932,6932.0
6835,6835.01
6590,6590.0
6932,6932.0
7029,7029.0
7735,7735.0
8020,7911.21
7932,7936.83
8080,8085.7
8609,8606.8
9396,9398.46
7960,7960.0
7384,7387.17
7299,7299.0
7653,7653.0
8931,8931.58
8879,8881.06
8869,8868.97
8876,8878.09
8753,8753.0
8405,8405.0
8142,8141.99
7669,7640.86
7325,7325.0
6858,6857.98
6565,6565.08
6325,6324.99
6258,6258.0
6724,6724.0
7389,7390.25
8283,8287.53
8375,8380.99
8245,8207.69
8360,8361.35
8976,8985.1
9382,9389.98
8999,9004.88
8590,8590.01
8370,8376.37
8968,8968.01
10123,10126.1
10043,10042.79
9933,9933.64
9875,9882.31
9596,9596.02
9140,9142.73
8649,8649.0
8283,8287.53
7643,7643.0
7295,7295.0
6930,6930.0
6709,6709.0
6617,6617.0
7055,7055.0
7751,7751.0
8462,8459.55
8631,8630.62
8650,8650.01
8843,8844.0
9450,9454.65
9828,9827.99
9287,9290.87
8902,8910.88
8574,8574.21
8839,8840.63
10291,10293.12
10064,10065.79
9943,9943.08
9805,9806.15
9636,9636.69
9249,9251.16
8747,8746.99
8221,8219.27
7826,7826.03
7413,7413.0
7208,7208.0
6676,6675.99
6569,6569.01
6620,6620.0
6940,6889.5
7354,7353.94
7355,7355.0
7293,7293.0
7542,7552.86
8054,7942.8
8573,8575.9
8078,7970.03
7356,7355.99
6964,6964.0
7296,7296.0
8653,8652.96
8591,8591.08
8560,8564.04
8556,8559.26
8433,8433.91
8204,8205.83
7811,7811.66
7481,7481.03
6828,6828.0
6535,6534.98
6259,6259.0
6118,6118.0
6024,6023.99
6405,6405.0
7324,7324.02
8343,8347.29
8725,8725.51
8642,8642.01
8923,8925.31
9387,9396.46
9765,9769.22
9158,9157.96
8975,8982.41
8762,8762.45
9051,9051.01
10205,10205.66
10320,10325.92
10048,10048.54
9953,9952.91
9651,9651.49
9308,9308.49
8776,8776.66
8360,8361.35
7782,7781.99
7459,7459.0
7199,7199.0
7037,7036.99
6975,6975.01
7411,7411.0
8012,7903.17
8785,8796.15
9007,9006.86
8780,8783.67
8924,8924.94
9480,9481.5
9807,9808.7
9312,9314.23
8898,8900.82
8788,8799.77
9243,9243.0
10422,10424.2
10454,10457.61
10213,10213.55
10111,10114.66
9806,9807.45
9520,9523.14
8862,8862.62
8505,8507.46
7981,7926.86
7600,7600.01
7327,7327.0
7143,7144.0
7031,7031.0
7501,7501.31
7972,7918.04
8787,8797.43
9067,9073.91
8884,8887.27
9142,9146.66
9782,9796.09
9810,9812.05
9407,9407.92
9240,9249.58
9044,9044.01
9357,9364.54
10513,10515.05
10350,10351.39
10089,10093.26
9985,9984.92
9826,9826.58
9292,9292.02
8982,8663.27
8498,8500.68
8036,7926.6
7684,7663.48
7298,7298.0
7148,7148.96
6989,6989.0
7200,7200.0
7331,7330.99
7980,7925.85
7966,7912.16
7824,7824.0
8076,7966.61
8792,8802.53
9235,9244.33
7873,7822.59
7392,7394.84
7176,7176.0
7696,7695.74
9067,9073.25
9144,9146.15
9042,9041.95
9053,9053.01
8964,8964.0
8674,8674.0
8229,8238.68
7884,7831.81
7466,7466.0
7126,7127.78
6818,6818.0
6600,6600.0
6512,6511.98
6879,6878.99
7391,7392.24
8143,8142.98
8177,8183.98
8220,8233.55
8391,8391.0
8792,8802.51
9132,9135.99
8659,8659.0
8604,8604.03
8592,8592.03
9084,9085.2
10229,10229.39
10282,10283.06
10163,10163.91
9911,9911.04
9763,9765.77
9763,9765.76
8796,8801.1
8417,8417.0
7840,7840.0
7530,7530.41
7340,7340.96
6981,6981.0
6909,6863.44
7328,7328.0
7778,7778.79
8696,8695.96
9127,9127.0
9070,9076.53
9222,9234.23
9688,9707.42
10073,10074.33
9556,9556.03
9009,9011.59
8935,8936.53
9265,9265.0
10614,10616.19
10285,10288.41
10195,10195.75
10169,10169.49
10055,10057.56
9329,9329.07
8880,8882.08
8337,8337.0
7913,7860.21
7660,7659.24
6945,6945.0
7126,7126.02
6988,6988.0
7396,7396.0
7882,7882.0
8313,8313.03
8929,8929.12
8899,8902.18
9050,9053.73
9411,9411.01
9972,9971.86
9450,9454.01
8877,8879.8
8818,8817.99
9099,9102.57
10454,10456.6
10376,10381.93
10167,10167.84
10228,10228.0
9824,9824.54
9344,9344.06
8855,8855.55
8431,8431.02
8022,7967.52
7535,7537.69
7311,7310.97
7063,7062.99
7010,7010.01
7382,7383.58
7910,7910.0
8563,8567.02
8823,8823.01
8864,8867.13
9081,9083.72
9563,9563.15
9906,9906.99
9459,9462.73
8963,8979.62
8825,8827.67
9209,9212.04
10482,10482.05
10396,10396.44
10383,10387.36
10073,10074.66
9935,9935.59
9318,9319.97
8889,8889.0
8454,8461.77
7908,7881.66
7489,7489.0
7231,7234.26
7039,7039.01
6910,6910.0
7150,7150.0
7689,7685.38
8548,8548.0
8959,8959.37
8863,8866.17
9151,9153.22
9712,9713.21
10027,10027.42
9456,9462.35
9163,9163.0
8879,8881.06
9089,9095.54
10341,10342.37
10205,10205.66
10064,10065.83
10033,10033.0
9760,9762.16
9283,9283.47
8945,8945.0
8390,8389.99
7938,7888.34
7554,7554.0
7272,7283.14
7070,7070.01
6950,6950.0
7404,7404.96
8014,7960.46
8804,8803.97
9153,9153.81
9101,9109.18
9155,9155.02
9856,9857.74
10096,10104.07
9470,9475.51
9112,9114.72
8900,8900.43
9192,9192.82
10424,10423.97
10254,10053.99
10255,10256.31
10071,10072.54
9879,9885.24
9528,9531.19
9011,9010.95
8542,8544.52
8025,7918.6
7604,7604.0
7430,7430.0
7183,7183.0
6981,6981.0
7256,7279.52
7329,7329.0
8280,8284.64
8145,8144.96
7786,7786.0
8021,7912.59
8937,8939.04
9293,9294.61
7904,7855.65
7288,7288.01
7132,7140.76
7620,7620.0
9033,9033.0
9091,9096.58
9025,9026.07
9011,9010.95
8934,8934.22
8585,8585.09
8252,8181.26
7971,7917.06
7332,7332.0
7121,7121.0
6765,6765.0
6547,6547.0
6518,6518.0
6884,6875.43
7381,7381.28
7888,7835.72
7975,7920.98
7835,7835.0
8191,8197.13
8685,8686.91
9169,9169.04
8799,8803.92
8490,8495.8
8648,8648.0
9032,9033.61
10220,10220.48
10411,10416.27
10206,10206.65
10072,10073.19
9914,9913.96
9296,9296.02
8946,8946.0
8415,8414.98
7930,7882.92
7492,7492.0
7264,7284.02
7028,7028.0
7009,7009.0
7340,7340.96
7785,7785.0
8889,8889.0
9178,9180.96
9152,9153.93
9262,9262.88
9900,9900.13
10154,10155.1
9633,9477.81
9359,9368.34
9079,9083.38
9391,9394.79
10424,10424.08
10501,10501.62
10286,10288.91
10175,10174.99
10000,10000.01
9657,9657.17
8998,8998.34
8666,8666.01
8006,7896.72
7663,7654.43
7370,7370.0
7180,7180.0
7106,7106.02
7581,7584.72
8064,7952.45
8916,8915.98
9395,9397.83
9141,9145.36
9339,9345.82
9932,9935.82
10094,10101.57
9812,9817.49
9367,9369.35
9152,9152.76
9380,9380.53
10613,10617.48
10486,10485.96
10463,10464.12
10283,10285.59
10001,10001.02
9652,9652.65
8980,8979.92
8552,8555.35
7978,7923.92
7617,7616.99
7364,7364.0
7152,7152.0
7101,7101.0
7485,7485.0
7909,7856.31
8759,8759.5
9385,9391.04
9172,9172.88
9402,9403.06
9913,9912.96
10162,10163.3
9672,9672.91
9291,9292.63
9018,9018.76
9287,9287.53
10380,10386.97
10266,10266.39
10316,10318.8
10228,10228.38
9962,9962.01
9574,9573.95
9122,9122.0
8480,8433.81
8104,7990.8
7669,7636.2
7351,7351.85
7082,7081.05
6952,6931.54
7382,7383.5
8038,7928.49
8896,8896.04
9335,9336.75
9048,9048.04
9272,9274.66
9764,9768.56
10087,10093.67
9531,9533.94
9201,9203.18
8829,8832.18
9175,9176.1
10336,10336.06
10118,10120.05
10107,10113.29
9970,9971.35
9829,9828.97
9430,9431.86
8898,8898.0
8514,8518.73
7795,7795.0
7440,7441.07
7119,7118.99
6919,6610.97
6826,6825.98
7344,7344.92
7903,7850.44
8890,8890.0
9477,9477.75
9480,9481.53
9665,9664.93
9971,9972.3
10143,10146.53
9753,9754.83
9395,9396.23
9156,9155.97
9308,9308.44
10393,10394.17
10500,10503.57
10426,10433.53
10336,10336.78
10022,10023.71
9604,9604.92
8976,8976.01
8420,8420.0
7860,7860.0
7478,7478.0
7283,7283.0
7069,7069.0
6844,6844.01
7008,7008.01
7040,7039.97
7757,7759.6
7976,7921.96
8147,8146.91
8371,8375.77
9449,9452.05
9993,10000.73
8382,8382.0
7622,7622.0
7395,7396.19
7689,7685.38
9084,9085.41
9218,9218.89
9213,9215.3
9170,9170.67
9204,9205.6
8681,8680.97
8141,8141.01
7909,7856.3
7293,7293.0
6929,6798.56
6716,6160.55
6407,6407.01
6330,6330.0
6776,6776.0
7271,7284.95
8210,8210.86
8657,8656.98
8645,8644.99
8846,8847.64
9445,9447.35
9699,9710.86
9450,9422.41
8850,8818.86
8600,8589.12
9060,9063.03
10420,10411.68
10440,10418.94
10410,10412.89
10150,10140.07
9968,9969.33
9439,9443.73
9065,9069.93
8515,8519.67
7952,7899.5
7453,7453.0
7253,7276.76
6908,6607.18
6874,6836.12
7378,7378.0
8001,7891.92
8952,8951.98
9348,9363.73
9411,9406.43
9432,9423.95
10052,10029.84
10261,10257.81
9858,9837.02
9304,9292.0
9147,9123.19
9314,9310.65
10844,10839.86
10547,10550.98
10586,10586.83
10427,10434.48
10309,10315.33
9761,9763.55
9023,9023.76
8756,8756.44
8321,8321.0
7666,7651.67
7355,7355.0
7143,7144.0
7081,7079.97
7533,7535.1
8381,8385.82
9339,9340.76
9531,9533.96
9296,9297.61
9424,9426.03
10000,10005.94
10350,10345.11
9851,9824.89
9558,9546.49
9262,9262.0
9443,9446.98
10786,10786.62
10752,10755.91
10510,10515.64
10554,10567.37
10155,10155.84
9655,9655.18
9158,9157.96
8638,8638.0
8154,8055.84
7589,7589.0
7567,7567.0
7320,7320.02
7151,7151.0
7778,7778.79
8366,8368.52
8960,8937.88
9545,9524.47
9167,9156.29
9523,9519.62
9991,9999.52
10354,10357.51
9813,9818.8
9382,9389.94
9213,9215.3
9512,9513.64
10508,10514.51
10731,10731.99
10587,10587.71
10498,10500.84
10267,10268.58
9764,9766.66
9163,9162.99
8697,8696.98
8228,8228.36
7832,7832.0
7526,7526.0
7267,7286.82
7238,7262.89
7572,7572.4
8179,8188.07
9126,9126.0
9715,9716.2
9473,9476.76
9498,9497.95
9980,9983.28
10042,10041.98
9452,9456.55
9355,9359.44
9119,9119.0
9359,9367.13
10508,10514.54
10707,10714.48
10488,10488.0
10454,10458.1
10167,10167.91
9895,9894.78
9182,9182.03
8741,8741.35
8024,7915.51
7581,7585.03
7367,7367.0
7266,7285.88
7157,7157.01
7669,7644.54
8352,8353.03
9608,9620.78
9359,9378.39
9582,9579.87
10170,10170.5
10431,10441.19
9955,9957.05
9439,9443.76
9075,9079.62
9284,9284.37
10510,10511.56
10689,10690.64
10480,10480.07
10427,10434.47
10239,10254.66
9956,9958.05
9322,9324.42
8880,8882.08
8303,8303.01
7988,7934.82
7575,7577.22
7190,7190.0
7119,7119.0
7366,7366.0
7423,7423.0
7797,7797.0
8380,8384.91
8212,8211.99
8450,8460.23
9017,9017.75
9725,9721.33
8252,8213.7
7528,7527.99
7283,7283.0
7697,7696.69
8914,8914.87
9185,9185.49
9352,9352.31
9305,9305.54
9204,9205.9
8912,8913.68
8543,8545.31
7999,7917.71
7544,7552.81
7183,7183.0
6974,6973.96
6748,6748.0
6594,6594.0
6970,6970.0
7531,7531.74
8576,8576.7
8856,8859.03
8651,8651.0
8800,8802.62
9404,9404.95
9782,9795.99
9607,9586.12
8966,8983.41
8739,8739.74
8937,8938.42
10600,10601.42
10725,10726.75
10472,10472.71
10410,10415.47
10280,10284.86
9681,9703.26
9298,9297.96
8762,8762.45
8190,8196.73
7771,7778.76
7458,7458.0
7177,7177.0
7217,7217.0
7536,7538.9
8324,8324.0
9300,9280.37
9744,9745.97
9513,9514.64
9651,9577.67
10040,10040.22
10452,10459.36
9955,9957.05
9531,9533.94
9398,9398.59
9510,9511.64
10766,10757.31
10975,10984.13
10657,10657.02
10599,10599.67
10460,10460.92
10043,10042.82
9429,9430.85
9005,9005.23
8491,8494.3
8008,7898.64
7776,7783.29
7505,7505.01
7495,7495.0
7784,7784.0
8668,8667.99
9384,9388.92
9778,9790.44
9634,9481.37
9743,9745.47
10182,10187.05
10418,10423.41
10130,10138.23
9738,9743.99
9527,9530.08
9713,9714.32
10767,10767.61
11155,11157.27
10765,10765.78
10715,10721.46
10640,10644.5
10065,10065.31
9480,9481.61
9093,9101.27
8508,8512.84
8069,7957.2
7674,7627.93
7517,7516.99
7469,7469.0
7854,7854.0
8664,8663.99
9358,9366.18
9854,9856.95
9675,9542.06
9710,9710.25
10242,10261.98
10465,10457.6
10210,10212.69
9740,9722.29
9513,9514.63
9714,9715.17
10701,10704.89
10901,10903.9
10772,10773.91
10725,10726.8
10458,10459.77
10125,10127.79
9427,9428.73
8966,8965.98
8415,8414.99
7967,7913.14
7687,7675.71
7426,7426.0
7365,7364.99
7908,7855.32
8542,8544.52
9363,9370.81
9682,9703.32
9496,9496.01
9576,9575.99
10149,10154.87
10434,10441.58
10046,10046.0
9788,9803.56
9347,9348.74
9468,9473.18
10577,10576.98
10893,10897.06
10879,10883.66
10769,10769.62
10658,10657.95
10054,10054.03
9529,9531.89
9064,9068.41
8553,8556.31
8061,7949.52
7750,7750.0
7578,7582.76
7525,7525.0
7927,7880.07
8704,8703.95
9539,9540.36
10025,10026.01
9795,9798.56
9890,9891.47
10341,10346.0
10662,10662.32
10328,10332.99
9999,10005.41
9603,9603.94
9746,9748.53
10790,10789.95
10940,10944.76
10888,10892.44
10828,10831.14
10510,10515.66
10131,10137.97
9482,9483.2
9002,9002.22
8446,8456.79
8111,7997.51
7861,7861.0
7623,7623.0
7469,7469.0
7748,7748.04
7881,7828.86
8469,8452.6
8792,8802.1
8589,8588.91
8751,8751.25
9463,9471.41
10194,10201.07
8653,8652.96
7983,7928.83
7523,7523.0
7820,7820.0
9419,9420.81
9583,9582.99
9601,9601.52
9553,9553.69
9566,9566.16
9246,9248.67
8814,8814.0
8363,8365.16
8052,7940.89
7410,7410.0
7219,7219.0
6991,6991.0
6992,6992.02
7443,7444.03
8184,8195.01
8889,8889.0
9123,9124.26
9143,9147.2
9094,9106.65
9767,9770.97
10141,10145.13
9681,9703.54
9179,9180.29
8910,8911.98
9394,9394.63
10505,10506.9
10799,10795.38
10720,10710.74
10620,10610.91
10423,10431.41
9970,9971.38
9514,9515.72
9050,9050.0
8445,8452.71
8085,7980.34
7785,7785.0
7595,7595.0
7429,7429.01
7960,7906.28
8798,8801.89
9769,9772.32
9827,9827.37
9730,9739.39
9773,9778.26
10060,10060.56
10590,10590.25
10183,10187.82
9888,9890.86
9600,9600.54
9614,9615.94
10675,10664.51
10985,10992.61
10824,10827.6
10794,10794.8
10601,10603.69
9952,9954.9
9605,9606.16
8438,8440.54
8096,7983.12
7754,7755.6
7551,7551.0
7521,7521.0
7964,7910.2
8748,8748.0
9613,9615.26
9662,9616.92
9751,9739.81
9782,9785.6
10376,10383.94
10543,10549.25
10227,10232.13
9749,9751.0
9573,9572.94
9759,9761.84
10637,10625.23
10966,10963.46
10864,10840.36
10748,10742.98
10475,10463.58
10086,10090.67
9608,9610.63
9015,9014.98
8412,8412.04
8134,8133.96
7717,7717.0
7554,7554.0
7357,7357.0
7713,7713.01
8696,8695.94
9591,9570.01
10088,10078.86
9877,9884.01
9912,9923.98
10032,10032.03
10607,10611.19
10276,10278.3
9727,9718.46
9631,9611.64
9719,9719.96
10667,10659.53
11067,10944.37
10930,10936.46
10867,10857.45
10675,10666.22
10162,10162.84
9598,9568.07
9109,9115.88
8527,8527.56
7944,7860.17
7772,7742.85
7624,7593.0
7573,7557.16
7762,7731.8
8657,8635.65
9550,9527.23
10075,10058.6
9910,9904.39
10060,10048.62
10420,10415.86
10700,10690.95
10275,10269.62
9700,9677.89
9520,9514.33
9750,9732.11
10870,10859.66
11070,11004.91
11100,10689.91
10920,10911.23
10780,10781.78
10136,10122.0
9636,9604.42
9083,9084.38
8460,8451.76
7835,7835.0
7733,7733.0
7384,7385.3
7313,7312.99
7841,7841.0
8592,8591.92
9520,9477.31
10200,10192.72
10210,10199.85
10318,10324.13
10540,10546.35
10870,10849.44
10320,10315.36
10026,10029.28
9701,9712.34
9855,9836.76
10615,10592.32
10890,10907.57
10810,10805.32
10870,10869.48
10540,10542.5
10132,10138.44
9667,9667.74
9219,9219.85
8463,8434.95
8028,7922.44
7691,7688.7
7457,7457.0
7222,7222.01
7296,7296.0
7395,7396.19
8149,7997.58
8709,8683.34
9030,9032.55
9187,9164.59
9695,9707.48
10392,10393.35
8826,8829.34
8217,8217.04
7787,7787.12
8125,8039.45
9225,9225.86
9734,9737.37
9657,9657.22
9613,9615.27
9592,9592.11
9353,9353.87
8985,8985.0
8407,8407.05
8062,7950.51
7521,7521.0
7266,7285.88
6993,6993.0
6968,6968.0
7452,7452.0
8080,7976.54
8993,8966.92
9484,9463.95
9479,9430.79
9555,9549.48
9905,9905.7
10436,10428.14
10118,10113.73
9367,9357.78
9233,9234.63
9351,9351.31
10616,10621.55
11028,11036.16
10844,10846.4
10748,10754.51
10536,10539.07
10007,10008.23
9605,9606.14
9053,9053.01
8455,8455.21
8079,7974.01
7722,7722.0
7606,7606.0
7447,7447.99
7858,7858.0
8749,8749.0
9780,9801.33
10294,10294.47
10058,10050.16
10093,10078.84
10588,10592.23
10786,10783.7
10272,10268.13
9917,9913.28
9459,9423.92
9438,9427.13
10741,10739.61
10968,10963.83
10916,10914.73
10821,10819.52
10604,10587.09
10040,10020.94
9524,9526.97
9008,9008.2
8481,8435.57
8159,8149.12
7917,7870.57
7633,7633.01
7600,7600.01
8029,7923.34
8871,8866.11
9877,9868.46
10272,10243.57
10003,10000.58
10202,10184.84
10596,10595.6
10999,10892.15
10550,10546.6
10000,9996.34
9670,9657.63
9900,9884.95
10670,10667.66
11025,10984.69
10990,10978.25
10800,10810.05
10650,10641.55
10112,10106.98
9657,9657.2
9300,9300.73
8651,8598.19
8315,8289.08
7828,7803.26
7697,7638.9
7668,7642.0
8069,7922.81
8795,8757.69
9670,9670.7
10270,10273.73
10250,10236.32
10370,10352.63
10830,10834.5
11160,10344.77
10870,10865.38
10090,10084.51
9660,9671.92
9970,9954.87
10740,10732.31
11180,11158.6
11020,10983.84
10880,10862.65
10764,10770.65
10228,10225.02
9687,9706.71
9156,9156.04
8430,8405.44
8240,8247.21
7825,7782.0
7630,7602.99
7501,7501.0
8008,7898.58
8840,8810.66
9734,9698.95
10309,10318.44
10264,10254.41
10418,10400.81
10810,10791.28
11122,10905.58
10600,10564.85
10150,10142.4
9780,9788.16
9940,9937.71
10980,10965.31
11140,11128.56
11090,11078.57
11020,11028.43
10741,10741.95
10233,10224.04
9625,9626.18
9132,9132.93
8543,8522.85
8175,8152.31
7930,7848.46
7695,7648.5
7595,7569.0
8140,8000.39
8960,8941.29
9815,9811.06
10433,10421.34
10200,10194.02
10315,10322.69
10811,10815.45
10986,10979.18
10491,10498.87
10192,10174.77
9857,9849.4
10006,9999.6
10800,10787.72
11225,11189.93
11050,10989.64
10895,10872.0
10741,10734.83
10295,10301.52
9749,9727.29
9341,9342.68
8794,8804.07
8366,8368.52
8043,7932.2
7758,7760.51
7654,7654.0
7789,7789.0
8103,7989.84
8717,8717.01
9142,9144.62
9200,9186.68
9420,9400.8
9910,9895.57
10600,10600.66
9006,9010.8
8542,8547.04
8184,8194.94
8310,8310.0
9332,9339.08
9682,9681.77
9805,9806.77
9769,9772.34
9665,9664.92
9434,9435.8
9038,9038.0
8614,8610.31
8150,8150.09
7726,7725.98
7390,7391.24
7208,7208.0
7076,7076.0
7444,7445.03
8180,8190.92
9026,9012.99
9533,9520.08
9618,9604.41
9805,9810.19
10325,10313.91
10521,10530.99
10330,10328.18
9994,9995.34
9718,9718.97
9661,9661.17
10720,10724.24
11385,11388.68
10994,10999.07
10894,10896.67
10738,10737.83
10312,10317.76
9800,9800.78
9214,9215.87
8676,8675.98
8348,8350.25
8091,7978.31
7849,7849.0
7652,7652.0
7989,7935.76
8870,8870.0
9670,9659.2
10200,10183.4
10184,10180.52
10328,10333.2
10728,10728.93
10989,10807.9
10725,10726.77
10363,10364.1
9917,9918.22
9852,9854.44
10535,10536.16
11229,11231.98
10878,10884.51
10844,10847.58
10483,10482.91
10138,10141.38
9776,9784.68
9350,9350.31
8863,8863.01
8308,8308.01
7948,7899.14
7722,7722.0
7525,7525.0
7702,7702.0
8043,7932.2
9052,9052.03
10127,10130.38
10200,10203.35
10256,10259.87
10770,10767.7
11238,8630.94
10930,10831.3
10500,10493.67
9975,9976.51
10003,10002.91
10820,10826.98
11380,11369.81
10990,9682.76
10960,10964.69
10675,10676.08
10321,10329.75
9741,9742.5
9359,9367.11
8746,8746.01
8259,8251.56
7948,7899.14
7794,7794.0
7713,7713.0
8096,7983.12
9016,9016.67
9915,9913.5
10422,10431.97
10348,10350.53
10241,10246.61
10932,10845.71
11074,10851.06
10560,10557.1
10255,10234.48
10073,10066.11
10015,10025.5
10756,10745.13
11480,11472.33
11158,11159.5
10917,10919.65
10706,10713.56
10441,10449.24
9954,9953.95
9416,9417.87
8959,8959.0
8407,8407.06
8088,7975.41
7874,7823.57
7781,7781.77
8065,7953.19
9080,9059.05
9580,9557.8
10390,10374.98
10460,10451.12
10590,10592.47
11010,10829.46
11350,9523.7
10819,10809.5
10509,10516.21
9993,9994.26
10134,10130.24
11100,10977.13
11635,11629.76
11489,11488.97
11341,11343.28
10942,10940.22
10500,10497.77
9865,9848.83
9280,9266.59
8813,8813.0
8282,8286.58
8231,8239.81
7985,7930.79
7825,7825.0
8258,8248.53
9163,9163.04
9608,9577.2
10584,10591.2
10499,10489.78
10740,10746.52
11248,9131.31
11420,10706.39
10945,10858.84
10700,10699.12
10200,10193.79
10170,10165.98
11000,10977.69
11620,11620.57
11550,11546.97
11315,11312.92
10920,10921.47
10550,10546.7
10093,10084.16
9524,9526.97
8879,8882.07
8483,8461.55
8186,8192.01
7952,7880.44
7903,7824.94
8155,7989.84
8447,8410.01
9278,9215.19
9392,9394.85
9264,9253.09
9402,9391.95
9860,9874.66
10423,10405.45
8865,8858.91
8401,8396.23
8157,8041.9
8223,8198.06
8827,8814.46
9910,9889.88
9857,9849.26
9810,9812.66
9736,9720.98
9384,9388.87
8853,8853.55
8578,8578.01
7999,7917.71
7546,7549.16
7253,7276.76
7018,7018.0
6901,6892.02
7281,7281.0
8313,8286.58
9079,9023.12
9373,9373.97
9652,9643.19
9845,9833.3
10143,10142.47
10535,10542.04
10085,10081.89
9760,9733.97
9555,9543.63
9509,9512.52
10386,10419.19
11275,11276.66
11085,11080.42
10867,10867.37
10762,10752.29
10175,10156.94
9669,9662.54
9125,9124.97
8495,8498.32
8179,8188.45
7768,7776.91
7502,7502.14
7519,7518.97
7901,7848.46
8975,8977.97
9920,9915.61
10400,10383.62
10330,10324.55
10420,10407.28
10810,10817.78
11080,10680.65
10656,10633.99
10148,10147.28
9785,9793.98
9821,9813.38
10650,10613.05
11374,11377.94
11076,11078.93
10966,10973.39
10695,10683.56
10310,10297.44
9684,9662.19
9268,9239.18
8533,8517.54
8180,8190.37
7906,7853.34
7755,7756.58
7537,7541.31
7989,7935.76
8995,8971.75
9880,9851.47
10385,10368.46
10295,10276.8
10340,10330.41
10770,10759.75
11060,10468.74
10760,10748.75
10370,10362.53
10005,10005.58
10000,9985.56
10830,10827.52
11420,11420.1
11130,11114.67
10900,10901.82
10737,10725.55
10382,10387.29
9733,9737.46
9399,9399.5
8755,8755.02
8263,8261.13
7875,7824.51
7724,7724.0
7719,7719.0
8072,7960.08
9045,9021.67
10020,10007.22
10265,10260.04
10352,10348.83
10547,10557.76
11060,10843.51
11380,9536.88
11000,10878.55
10480,10466.54
10210,10213.54
10170,10156.32
10870,10859.94
11650,11633.65
11300,11303.0
11150,11134.85
10936,10936.6
10442,10452.89
9876,9883.21
9392,9394.53
8823,8823.01
8221,8236.25
7978,7923.92
7827,7827.0
7813,7813.0
8031,7924.63
9080,9100.41
10030,10013.02
10550,10552.5
10330,10333.73
10620,10615.55
11010,10888.83
11440,9975.96
10965,10872.15
10825,10828.13
10405,10404.51
10266,10242.1
11138,11130.03
11870,11877.11
11620,11617.71
11470,11443.13
11305,11305.54
10701,10704.9
10281,10286.26
9665,9664.92
9087,9088.57
8771,8771.18
8498,8500.67
8242,8230.66
8223,8223.7
8520,8519.99
9343,9334.85
10128,10121.15
10710,10713.14
10825,10833.28
11035,10836.09
11443,11136.26
11750,11376.99
11370,8825.94
11005,10984.86
10750,10740.79
10690,10683.89
11330,11324.64
12070,12030.28
11660,11642.35
11520,11521.55
11350,11337.71
10920,10924.6
10500,10489.27
9994,9995.34
9275,9267.62
8797,8801.54
8695,8685.01
8540,8528.99
8391,8391.0
8246,8248.43
8730,8709.91
9367,9372.11
9423,9409.35
9290,9293.35
9537,9525.87
10203,10184.24
10606,10609.6
9145,9148.39
8786,8797.14
8676,8675.98
8698,8698.0
9150,9150.86
9865,9867.13
9666,9665.99
9569,9569.07
9217,9217.91
8919,8919.71
8574,8574.08
8145,8144.95
7532,7533.89
7148,7148.96
6988,6988.0
6952,6952.0
6920,6919.96
6935,6935.0
7278,7280.74
8107,7993.68
8292,8292.03
8235,8234.95
8547,8547.07
9054,9056.91
9611,9574.64
9573,9572.93
8986,8991.18
8592,8591.87
8748,8748.0
9780,9790.45
10317,10320.99
10170,10170.44
10077,10084.91
10074,10078.44
9730,9735.26
9287,9287.51
8759,8759.46
8315,8314.99
7998,7916.79
7695,7692.62
7514,7514.0
7474,7474.0
7914,7861.19
8940,8941.0
9728,9731.22
10304,10309.52
10274,10293.4
10370,10359.46
10875,10883.47
11295,9150.37
10760,10759.34
10620,10625.25
10397,10398.15
10257,10258.01
10764,10764.81
11739,11739.63
11279,11283.21
11190,11190.07
11046,11051.78
10556,10569.96
10076,10083.99
9527,9527.13
9029,9029.68
8529,8528.99
8352,8353.01
8101,7987.92
8061,7949.52
8509,8508.79
9565,9549.68
10640,9917.78
10770,10779.72
10772,10768.61
10810,10814.02
11380,10727.65
11380,10232.29
11214,9527.52
11051,11038.58
10744,10744.71
10727,10727.92
11178,11147.2
12170,12179.83
11940,11927.98
11840,11831.81
11530,11528.88
11010,11001.89
10422,10427.8
9831,9831.0
9259,9259.0
8854,8854.56
8586,8585.93
8484,8474.85
8356,8357.47
8636,8636.0
9680,9655.67
10739,10734.04
11008,10990.29
11008,10507.04
11160,10183.51
11623,11598.93
11965,11947.23
11616,10881.91
11275,11276.43
10992,10997.88
10771,10771.1
11660,11653.19
12210,12197.16
12090,12081.83
11760,11737.52
11590,11602.54
11325,11326.56
10740,10732.19
10303,10305.41
9664,9664.02
9049,9049.04
8857,8857.25
8619,8616.92
8579,8578.98
8765,8765.41
9970,9960.79
10890,10875.21
10885,10863.49
10870,10867.91
11130,10826.07
11190,10187.17
11658,11312.67
11311,8164.69
11121,11124.33
10858,10851.76
10825,10826.23
11303,11295.04
12312,12292.61
12068,12039.69
11908,11899.48
11714,11720.71
11170,11138.02
10809,10812.34
10185,10184.96
9694,9694.97
9105,9107.25
8753,8753.0
8533,8532.86
8520,8519.99
8844,8844.98
9680,9693.2
10657,10657.76
10965,10960.09
11020,10508.36
11050,10848.75
11590,11253.11
11860,11867.93
11460,11355.69
11155,11132.46
11035,10613.47
10860,10851.34
11520,11520.8
12315,12256.48
11935,11910.64
11725,11726.11
11496,11495.99
11085,11078.95
10142,10142.28
9727,9730.25
9317,9318.94
8989,8989.0
8641,8641.0
8634,8634.0
8684,8683.96
9142,9126.08
9550,9546.92
9625,9592.82
9540,9514.9
9740,9738.64
10191,10193.61
10645,10646.56
9565,9564.95
9055,9057.84
8857,8859.75
8781,8784.31
9429,9430.84
10578,10578.1
10445,10455.07
10423,10431.51
10422,10427.8
10207,10209.46
9808,9810.24
9586,9585.98
9065,9069.91
8574,8574.08
8278,8285.09
8083,7975.56
8120,8034.67
8344,8347.84
9153,9153.16
9785,9792.64
9680,9697.86
9550,9533.77
10000,9966.78
10600,10582.45
11040,10847.9
10551,10556.73
10291,10297.33
10002,10002.03
9838,9839.04
9983,9985.82
9200,9202.46
9269,9269.0
9654,9654.54
10297,10299.21
10316,10320.66
10071,10072.9
9813,9818.8
9353,9353.33
9066,9072.05
8731,8731.54
8503,8505.53
8391,8391.0
8682,8682.0
9765,9755.09
10356,10350.72
10257,10232.95
10058,10058.16
9920,9907.52
10257,10237.73
10665,10666.8
9963,9963.03
10280,10282.2
10290,10304.82
10330,10334.54
10945,10951.55
11910,11894.0
11810,11804.26
11630,11621.69
11307,11309.87
11026,10922.16
10377,10364.78
9990,9992.01
9394,9394.65
8821,8820.97
8609,8609.13
8405,8404.99
8336,8336.4
8623,8619.92
9634,9613.51
10340,10333.49
10730,10722.66
10640,10612.39
10900,10885.84
11450,10284.63
11600,10947.63
11456,9602.48
11210,10392.59
10984,10993.65
10880,10876.63
11360,11355.15
12280,12261.0
12120,12139.61
11945,11956.78
11550,11565.62
11160,11167.44
10665,10647.76
10135,10127.03
9585,9579.79
9150,9131.48
8850,8834.1
8650,8622.69
8510,8489.71
8960,8949.02
9970,9955.12
10485,10487.92
10870,10858.7
10830,10830.83
10992,10910.59
11430,9891.8
11770,11508.7
11450,9493.96
11455,11442.43
11080,10873.02
11060,11068.29
11725,11724.0
12658,12566.54
12328,12061.55
12187,12199.04
11822,11823.07
11250,11251.66
10752,10754.69
10378,10386.12
9772,9775.55
9316,9318.41
8859,8859.97
8729,8729.66
8547,8547.07
8832,8835.1
9800,9798.64
10550,10544.88
10763,10763.8
10742,10744.93
11051,10678.96
11427,11034.66
11850,11856.84
11528,10815.39
11295,9089.32
10985,10973.66
11000,10979.81
11580,11565.81
12500,12465.01
12330,12111.84
12165,12144.49
11975,11976.42
11551,11556.68
10804,10806.96
10213,10214.22
9614,9614.38
9235,9235.0
8807,8806.97
8544,8545.7
8431,8431.03
8969,8968.99
10050,10032.67
10650,10637.72
10870,10872.25
10850,10850.29
10970,10872.11
11570,11234.84
11760,11754.66
11410,9048.42
11400,11408.83
11080,10966.23
10790,10790.46
11690,11676.16
12460,12407.78
12130,12010.72
11940,11940.38
11710,11698.46
11319,11303.62
10968,10971.0
10332,10333.91
9857,9825.15
9425,9422.05
9101,9076.21
8831,8794.61
8727,8690.83
8926,8926.62
9548,9518.15
9930,9935.67
10017,10015.75
10110,10112.84
10300,10152.05
10890,10798.17
11470,10538.74
10350,10262.17
10050,10028.91
9900,9896.3
9675,9662.93
10355,10362.89
11350,11352.6
11270,11269.18
11160,11124.65
11065,11056.2
10815,10799.72
10299,10300.73
9898,9898.86
9469,9473.24
9053,9053.03
8878,8880.12
8547,8547.07
8392,8392.01
8839,8840.62
9825,9825.37
10405,10412.52
10348,10351.21
10337,10340.95
10634,10638.24
11341,9921.34
12025,12034.38
11913,11919.15
11929,11930.04
11726,11732.34
11482,11488.5
12056,12071.8
13454,13335.05
13258,12596.58
13062,12737.71
12744,11947.53
12649,12111.95
12098,11500.83
11457,11459.25
10769,10769.55
10495,10495.82
10897,10900.57
10919,10920.85
10070,10070.79
9388,9393.22
9370,9370.52
9978,9978.48
10736,10736.28
11250,8935.22
11894,11900.58
12459,12499.59
12617,12513.17
12529,12564.31
12280,12198.14
12270,12271.1
12250,12266.36
12180,12184.61
12850,12729.57
12555,12568.03
12780,12657.81
12695,12695.41
12569,12580.19
11910,11914.48
11292,11300.08
11023,11031.3
10636,10636.66
10931,10934.76
11314,11316.97
10355,10355.69
9611,9613.4
9925,9927.72
10380,10386.99
11101,11106.37
11750,11754.6
11936,11939.15
12349,12372.04
12746,12648.52
12521,12533.59
12241,12277.97
12149,12167.22
12213,12222.6
12233,12227.56
12887,12828.2
12667,12712.5
12651,12650.0
12533,12506.48
12398,12404.62
11964,11978.42
11468,11476.27
10965,10969.56
10503,10504.05
10704,10711.01
11354,11357.44
10163,10164.19
9305,9305.54
9568,9567.95
10256,10256.97
10992,10996.85
11508,11312.67
11746,11750.1
12028,12036.3
12418,12431.46
12452,12493.93
12371,12395.75
12250,12267.26
12336,12359.84
11986,11988.45
12565,12586.97
12518,12523.12
12360,12377.65
12315,12338.95
12146,12163.14
11661,11662.5
11138,11137.84
10636,10636.66
10297,10299.12
10601,10603.66
11059,11065.13
9950,9950.01
9171,9172.48
9433,9434.83
10064,10065.06
10823,10739.24
11236,8641.83
11306,9702.43
11689,11694.29
11656,11660.21
11776,11777.6
11647,11643.93
11900,11906.9
12099,12103.04
11737,11738.2
12391,12402.42
12434,12455.49
12292,12304.23
12299,12310.02
12178,12198.25
11625,10168.26
11064,11069.57
10549,10553.31
10250,10252.23
10448,10454.01
11152,11152.18
9916,9771.37
9120,9119.98
9376,9375.39
10147,10152.72
10810,10530.87
11111,10141.59
11325,9608.89
11515,11198.07
11940,11937.4
12105,12109.96
11885,11897.02
11985,11988.29
12054,12070.69
11686,11690.3
12245,12260.38
12224,12231.85
12168,12186.69
12026,12032.83
11894,11900.24
11535,11539.92
11038,11038.75
10554,10566.15
10117,10119.09
10234,10234.04
10934,10938.35
9720,9721.48
8860,8860.89
8665,8665.0
8897,8900.04
9284,9287.79
9716,9718.2
9950,9950.02
10514,10517.62
10878,10603.28
9741,9745.42
9926,9930.17
10136,10141.7
10639,10641.63
10696,10698.86
10810,10812.14
10970,10974.97
10884,10885.23
10968,10972.88
10930,10933.35
10509,10514.64
9990,9990.05
9424,9425.94
9087,9088.57
9397,9397.01
10082,10087.47
9083,9084.38
8359,8360.38
8540,8541.67
9236,9235.99
9959,9958.99
10260,10261.09
10743,10746.25
11075,10596.26
11484,10568.08
11734,11734.97
11677,11475.17
11541,8766.4
11886,11896.89
11849,11851.09
12293,12306.01
12267,12285.19
12280,12292.19
12270,12174.83
11735,11736.21
11461,11464.75
10963,10968.21
10588,10588.3
10162,10163.13
10468,10469.45
11129,11129.31
10103,10108.01
9195,9195.72
9473,9476.31
10097,10103.5
10891,10893.58
11449,11058.7
11851,11852.72
12219,12230.04
12528,12546.87
12659,12575.62
12593,12616.64
12441,12452.55
12535,12549.24
12099,12105.14
12604,12507.54
12763,12757.57
12758,12752.49
12738,12731.39
12575,12600.54
12141,12157.3
11660,11661.73
11057,11063.88
10610,10614.7
10807,10809.53
11396,11396.78
10128,10134.9
9467,9471.79
9858,9857.92
10462,10463.01
11201,11204.93
11604,11501.23
11950,11954.07
12381,12382.92
12747,12656.77
13047,13092.6
12909,12343.1
12696,12743.49
12881,12535.13
12585,12619.85
13034,13073.35
13138,12673.03
13088,11550.71
13102,11918.45
12830,11471.22
12377,12360.96
11859,11864.01
11303,11306.39
10864,10865.03
11070,10777.58
11521,11522.39
10653,10652.66
9717,9718.19
9964,9964.0
10415,10419.88
11039,11039.45
11680,11225.19
11945,11930.4
12140,12135.76
12700,12562.2
12960,12965.02
12970,12949.16
12830,12700.14
12890,12873.71
12600,12634.63
13216,13239.1
13245,13248.8
13229,13244.35
13283,10521.22
13079,10506.34
12621,11550.2
12120,12097.82
11650,11654.12
11291,11296.9
11348,11348.39
11747,11749.6
10711,10717.69
9836,9836.58
9863,9863.02
10590,10590.84
11370,11365.81
11963,11951.59
12106,12112.45
12609,12595.9
12950,12944.12
13135,13141.08
13090,11398.63
13020,11843.33
13018,12550.52
13064,13095.4
13507,13529.48
13594,13622.61
13440,13585.53
13628,11007.51
13401,9257.45
12833,9943.51
12391,12379.05
11930,11930.3
11634,11637.92
11810,11810.75
12033,12044.12
11133,11133.21
10221,10221.45
10498,10498.1
11055,11063.35
11659,11347.56
12195,12219.12
12445,12432.35
12935,12816.81
13420,13441.41
13480,10586.0
13635,9830.13
13570,8256.63
13650,12210.78
13659,12542.66
13841,12367.1
14156,11327.88
14332,12587.46
14420,13422.21
14021,13756.47
13684,10430.53
13395,10211.68
12823,12105.0
12501,12513.88
12680,12557.73
12605,12626.16
11709,11794.93
11066,11073.63
10671,11614.67
10875,10877.67
11210,11198.29
11285,11286.36
11585,11155.81
12270,12270.07
12770,12675.07
12097,12008.52
12228,12244.79
12523,12540.44
12627,12531.09
12730,12718.94
13642,13847.53
13658,13655.35
13739,13845.06
13902,13768.26
13897,12129.2
13633,11639.44
13178,8114.84
12505,11327.68
12372,12375.99
12433,12456.46
12794,12694.76
11873,11974.76
11195,11196.71
11222,11230.7
11634,11637.75
11779,11780.95
11972,11980.74
12243,12263.29
12738,12642.28
13295,13312.19
13870,13584.67
13910,10915.88
13870,10919.68
13910,10679.12
14080,11601.6
15120,11640.57
14980,14808.62
15023,14592.24
15375,14664.8
15210,15243.77
14835,15099.0
13675,14386.57
13246,13228.6
13277,12931.39
13481,12231.87
12467,9492.14
11907,11905.17
11817,11818.58
12275,12287.64
12840,12699.74
13265,13273.75
13280,11115.88
13700,13680.03
14424,12984.11
14680,14509.66
14305,14516.07
14330,14283.78
14435,14348.52
14400,14444.82
15035,14947.31
14740,15014.54
14350,14813.12
14571,14774.91
14509,14580.31
14075,14444.52
14405,13969.09
13480,13901.75
13050,9518.46
13270,12555.81
13280,10780.55
12420,10276.38
11723,11730.36
11721,11729.47
12088,12097.69
12630,12480.72
13270,13203.09
13355,10886.57
13485,11247.87
13775,10529.79
14130,14140.06
13490,12856.36
13270,9836.26
13340,12362.09
13423,13680.08
14272,14360.17
14236,14373.17
13991,13950.13
14492,12374.74
14228,14388.18
14304,14337.87
13980,13203.65
13410,9701.61
12940,10191.86
13225,13171.32
12869,10381.82
12120,12217.49
11366,11374.32
11409,11412.22
11962,11976.32
12450,12447.82
12900,12743.51
12835,12815.05
13370,13317.12
13405,10945.35
13645,11057.66
13785,8796.55
13925,12077.48
13775,11711.3
13841,13865.23
14390,13972.04
14411,14457.07
14400,14512.25
14568,14664.87
14320,14400.41
13862,13983.48
13555,11303.65
13041,9113.68
12760,12320.59
12870,12833.92
12881,12902.1
11978,12095.11
11151,11150.89
11161,11160.87
11756,11759.06
12394,12407.73
12950,12819.22
13140,13130.34
13440,12317.9
13785,11166.02
14000,10481.64
14100,12052.75
14170,12754.41
14200,14039.61
14300,14318.55
14730,14641.52
14750,14843.35
14720,14867.86
14580,14728.37
14590,14470.99
14360,14290.79
14130,13681.75
13645,12558.74
13290,8922.88
13420,11005.92
13530,11271.48
12640,8896.16
11929,11949.1
11972,11981.04
12461,12454.0
12761,12640.76
13170,13142.98
13275,11385.82
13505,11109.55
13740,13668.04
13700,13886.36
13385,13787.1
13300,13289.09
13400,13407.38
13422,13654.16
13495,13731.43
13599,13866.57
13565,9888.72
13807,10284.87
13639,11387.73
13394,9618.3
13130,10143.12
12575,11661.29
12275,12283.13
12425,12406.13
12535,12534.84
11445,11474.66
10755,11676.54
10505,11431.41
10525,11453.01
10846,10846.73
10988,10994.75
11065,11072.12
11539,11584.25
12088,12103.01
10684,10688.3
10943,10949.29
10768,10768.75
11055,11063.4
11365,11373.49
11711,11712.27
11619,11624.88
11716,11725.65
11948,11951.93
12002,12004.19
11837,11843.24
11526,11527.4
11004,11005.15
10603,10605.28
10874,10876.1
11151,11151.01
10161,10160.88
9361,9367.61
9559,9559.04
10216,10216.59
10735,10735.28
10654,10653.89
10746,10748.27
11020,11029.54
11300,11288.81
11563,11571.85
11345,11337.72
11448,11444.87
11693,11695.96
12009,12024.85
12334,12354.44
12451,12493.5
12491,12513.0
12568,12587.98
12483,12492.96
11881,11908.27
11621,11626.61
11111,11110.9
10765,10765.84
10929,10932.35
11223,11230.75
10116,10118.23
9314,9314.5
9476,9476.86
9955,9955.01
10755,10756.52
11502,10996.74
11754,11756.21
12300,12311.69
12498,12517.88
12665,12574.44
12578,12602.58
12471,12476.54
12519,12424.05
12685,12582.21
12872,12871.68
12859,12880.16
12922,12943.46
12962,12983.46
12844,12855.49
12616,12633.77
12047,12073.31
11456,11458.93
10990,10995.24
11363,11367.09
11355,11358.63
10334,10334.18
9454,9465.88
9615,9617.73
10244,10251.14
11174,9706.76
11572,11479.45
11798,11800.76
12345,12373.98
12731,12635.78
13015,13029.0
13013,12671.46
12836,12508.19
12907,12914.31
13094,13123.93
13127,11928.29
13340,12141.23
13128,10182.98
13178,11609.41
13076,11071.74
12741,11623.35
12305,12285.83
11831,11830.96
11393,11393.25
11754,11757.17
11745,11745.56
10496,10495.99
9802,9804.07
10066,10068.15
10826,10826.0
11375,11086.39
11940,11942.52
12251,12267.93
12734,12637.82
13048,13089.64
13253,12648.0
13302,10759.76
13205,10695.14
13261,10840.66
13438,11473.2
13727,11387.77
13867,10485.63
13300,11403.47
13627,13715.89
13649,13628.82
13018,8138.57
13013,12666.9
12344,12170.67
11851,11852.14
12091,12099.45
12098,12102.99
10888,10890.15
10220,11169.67
10234,11178.93
10398,10398.7
10987,10316.24
11537,11347.28
11926,11927.62
12360,12379.79
12847,12733.1
13169,13214.08
13144,11346.2
13143,11572.36
13283,11707.99
13410,11444.66
13943,11560.93
14126,11747.24
14003,12824.63
14278,11854.23
14091,13498.93
13752,11319.53
13489,10289.1
12901,9156.32
12478,12510.71
12643,12528.97
12553,12564.15
11545,11613.41
10622,11570.21
10834,10836.58
11278,11282.28
12040,12056.78
12762,12668.36
13318,13351.12
13943,11702.09
14296,10194.81
14483,13581.65
14384,14179.23
14225,13650.46
14109,13353.46
14049,13721.99
14851,13860.59
14791,14558.81
14851,14678.76
14876,14590.19
14806,14483.79
14627,14439.77
14292,14383.8
13787,13418.34
13274,10510.33
13421,11686.08
12944,10967.66
12122,12273.82
11148,11147.98
11117,11117.25
11241,11243.46
11581,11605.27
11890,11898.33
12318,12120.37
12878,9644.29
13303,13334.24
12863,10765.72
13390,13465.76
13390,11529.93
13427,11779.45
13795,11961.47
14436,14476.12
14792,14808.61
14749,14907.51
14989,14891.05
14744,14903.88
14660,14630.21
14576,14448.03
13996,14079.53
13561,9917.76
13693,10008.89
13492,10790.9
12785,9930.27
11676,11860.46
11404,11405.22
11293,11300.6
11569,11178.28
11851,11852.61
11991,11993.13
12201,12225.97
12535,12550.44
13080,12975.66
13270,12482.94
13070,11035.74
13150,12397.1
13530,12856.1
14330,14207.07
14315,14450.82
14164,14141.79
14350,13459.62
14210,14125.22
14148,13894.64
13968,13047.79
13500,9918.89
13082,9857.94
13365,13083.02
12992,11246.66
12186,12220.38
11161,11160.87
10835,11750.5
10734,11675.65
10929,10934.41
10854,10858.83
11109,10051.35
11428,11045.43
11974,11982.01
12403,12413.41
12398,12406.06
12273,12284.83
12302,12314.25
12682,12579.32
13041,13101.81
12838,12513.81
12670,12573.13
12628,12400.99
12710,12472.61
12715,12481.94
12670,12637.36
12405,12396.24
12066,12044.87
11665,11652.23
11279,11282.98
11159,11158.88
11030,11030.61
11359,11363.13
10839,10839.27
9783,9794.59
9702,9710.0
9976,9976.67
10274,10278.42
10556,10568.63
10763,10763.79
10662,10662.29
10421,10423.21
10119,10121.28
9752,9753.24
11796,11800.57
12050,12068.48
11990,11991.38
12231,12243.01
12300,12310.96
12422,12436.49
12342,12365.66
11850,11851.26
11440,11440.46
11113,11113.11
10564,10575.55
10474,10474.0
10060,10059.98
10037,10037.03
10430,10431.12
10356,10356.27
10236,10242.97
10280,10281.18
10573,10573.07
11165,8598.44
11550,11571.94
11469,11087.28
11168,11167.84
10732,10732.21
10380,10386.82
11847,11848.02
12564,12586.79
12576,12602.19
12453,12462.44
12713,12726.94
12634,12618.01
12641,12621.08
12204,12200.02
11840,11845.1
11630,11632.06
11336,11339.62
11126,11126.82
10803,10805.52
10635,10635.38
10624,10627.52
10594,10594.33
10503,10503.85
10470,10470.83
10921,10732.68
11418,11120.73
11752,11755.79
11623,10578.08
11323,11325.3
11032,11033.41
10640,10642.74
12603,12622.8
12903,12934.8
12874,12888.75
12886,12903.64
12949,12973.56
12931,12954.48
12779,12767.04
12466,12455.89
12105,12070.66
11795,11796.82
11490,11473.22
11325,11337.61
10795,10810.79
10735,10728.93
10717,10706.4
10659,10659.69
10821,10737.87
11024,10545.0
11320,9705.68
11720,11731.02
12020,12030.05
11921,11922.59
11626,7257.03
11362,11366.24
11015,10728.61
12858,12855.84
13118,13135.87
13077,11540.2
13032,11864.44
13016,12553.58
13069,12743.84
13061,12032.65
12701,12169.63
12391,12388.68
12028,12035.55
11672,11675.31
11490,11492.48
11133,11133.25
11009,11011.37
11036,11036.78
10788,10790.18
10871,10872.87
10971,10481.21
11479,11090.63
12189,12207.07
11694,11699.48
11491,9246.68
11093,11093.46
10899,10900.48
10847,10847.78
12664,12680.53
12859,12839.69
12933,12957.3
13033,13057.76
12899,12564.27
12999,13014.92
12952,12859.36
12698,12751.06
12301,12305.54
11966,11979.07
11677,11683.39
11389,11391.56
11011,8950.87
11096,11095.97
11305,11307.89
11596,11500.1
11737,11738.12
12071,12084.67
12603,12629.03
13096,13124.12
13277,12536.86
13354,11608.55
13035,10686.57
12662,12370.64
11502,11634.95
12775,12793.59
12184,12225.99
12240,12252.87
12893,12930.21
13146,13163.61
13234,12226.21
13355,11435.84
13130,11252.94
12650,11654.94
12300,12238.6
12110,12092.7
11900,11879.29
11450,11442.12
11629,11632.25
11806,11807.09
12296,12308.49
12575,12596.23
12933,12968.31
13378,13466.24
13879,11829.06
14152,12185.93
14177,12749.07
14120,12510.15
13728,11017.05
13164,13472.62
15020,14097.07
15075,14629.55
15045,14783.22
14764,14602.14
14269,14424.22
13567,13514.84
11520,8895.71
11069,11082.64
10870,10774.62
10363,10366.51
9661,9661.16
9267,9267.1
9392,9394.52
9795,9808.79
10327,10321.4
10682,10687.51
11263,9673.74
11800,11801.8
12598,12627.0
13196,13161.1
13530,11523.23
13670,10021.39
13720,13002.55
13320,8782.57
13010,12973.61
14800,14100.79
14720,14874.3
14580,14828.71
14570,14566.04
14355,14228.58
14323,13262.48
14273,13036.85
13848,13002.07
13341,13026.84
12932,10286.27
12464,12488.06
12390,12387.23
11984,11988.05
12208,12217.03
12485,12501.88
12780,12762.22
13450,13506.53
13910,13884.82
14100,13954.33
14450,13733.91
14550,14175.74
14650,14277.68
14480,14450.66
14250,14132.52
13720,14250.57
15320,14616.35
15460,15301.61
15480,15407.95
15500,15361.23
15385,15308.86
15250,15242.94
14950,15089.9
14500,14492.15
14200,14110.62
13570,13383.69
13210,11890.0
12750,10434.68
12390,12359.92
12600,12565.71
12765,12737.7
13100,13095.19
13520,13510.2
13950,13931.32
14350,14244.01
14530,14549.46
14740,14784.65
14700,14795.01
14630,14641.28
14400,14470.69
14100,14460.57
15600,13694.56
15850,15551.96
15850,15561.8
15880,15557.11
15680,15488.64
15430,15357.26
15280,15283.64
14840,15000.26
14430,14451.72
14080,13874.9
13750,11637.22
13450,11577.62
13150,12447.64
13140,13104.38
13195,13147.82
13295,13277.67
13660,13613.98
13870,14072.55
14200,14266.22
14298,14422.63
13330,14277.12
13740,14076.19
13440,13818.99
13023,13230.66
11171,11118.57
13087,13113.63
13585,13798.33
13539,14002.57
13553,13981.18
12930,13562.21
11973,12057.82
11195,11179.83
11040,10840.87
10903,10900.88
10836,10811.96
10641,10624.54
10380,10376.27
9912,9892.11
9846,9849.42
10038,10015.88
10420,10428.62
10720,10723.96
11199,8234.83
12094,11999.12
12709,12729.46
12232,11895.26
12421,12436.0
11975,11981.54
11706,11707.12
11572,11574.14
13491,13429.89
14123,13104.18
14040,11992.49
14147,10983.72
14119,11210.99
14061,10952.73
13749,9588.65
13344,13305.31
12989,12288.9
12614,12607.79
12288,12275.25
11846,11848.05
11363,11367.01
11575,11567.75
11830,11838.44
12220,12229.09
12430,12430.96
13000,9790.97
13340,13332.15
13500,13442.58
13790,11511.27
14000,9804.2
13800,9483.65
13700,9624.44
13660,11461.03
15060,14308.59
15160,14741.88
15260,14873.43
15350,15234.22
15300,15198.91
15200,15116.33
15000,15093.13
14570,14505.85
14250,14229.83
13680,14026.35
12720,9660.19
11925,11957.36
11136,11135.86
10338,10339.74
9713,9721.19
9881,9893.64
10681,10688.41
11217,8341.75
12244,12266.89
13245,13235.77
13585,13461.4
13730,13658.67
14110,13924.6
14030,11870.38
13550,14011.59
15000,14179.81
15280,15157.13
15380,15362.5
15120,15385.71
14970,15081.15
14870,15010.64
14820,14863.89
14240,14676.09
13740,14041.94
13300,13340.89
13050,12987.93
12670,12106.48
12079,12084.01
11914,11919.72
11827,11824.3
11738,11724.19
12080,12071.9
12294,12301.54
12878,12850.77
13479,13537.63
13410,13532.29
13457,13569.75
12852,13205.34
12249,12346.02
12007,12026.07
14065,13519.03
14240,14383.41
14365,14419.32
14550,14575.8
14410,14498.96
13620,14266.73
13040,13558.61
12020,11911.19
10991,10994.35
10435,10438.39
10224,10226.44
9820,9833.18
9666,9666.79
10257,10257.83
10763,10763.78
11432,11469.85
12245,12264.74
12800,12796.43
13780,13792.58
14100,12464.98
14105,11510.01
14300,10882.49
14333,13140.5
13946,13211.24
13413,13930.67
15447,14210.31
15641,15337.52
15429,15326.26
15309,15317.06
15094,15117.08
15024,14762.1
14711,14596.42
14214,14409.32
13745,14006.03
13312,8445.06
13003,10627.34
12786,12413.26
12221,12233.28
12404,12272.94
12470,12495.23
13050,12919.9
13570,13276.76
13790,10372.28
14100,14159.36
13960,13975.29
12745,13914.4
11273,11014.74
9060,9063.66
9799,9802.34
10644,10648.43
11924,11926.62
12450,12521.33
12468,12525.0
12625,12516.59
12640,12382.63
12532,12172.36
12314,11894.95
12032,12043.1
11497,11508.59
11026,11029.72
10739,10740.04
10332,10332.46
9881,9887.32
10368,10373.42
10312,10315.37
10776,10782.58
11129,11129.69
10977,10983.11
10339,10342.12
10389,10391.0
10049,10049.61
10136,10141.68
10284,10285.83
10170,10156.63
10537,10540.94
12043,12059.08
12157,12181.84
12070,12073.82
12060,12059.48
11752,11755.78
11545,11552.53
11352,11355.72
10950,10949.18
10550,10556.21
10165,10162.39
9895,9890.13
9725,9718.21
9375,9363.47
9610,9594.73
9649,9615.68
9781,9795.04
9888,9890.77
10263,10263.97
11044,10661.01
11528,11124.62
10399,10399.44
10286,10291.24
9693,9707.54
9552,9552.0
9881,9887.12
11564,11570.06
11820,11821.04
11681,11686.72
11740,11740.89
11737,11738.16
11645,11650.69
11432,11433.0
11020,11026.64
10464,10467.35
10133,10139.05
9807,9808.71
9687,9707.65
9519,9522.15
9858,9857.98
9994,9993.99
10464,10467.19
10667,10668.5
11170,9795.0
11968,11980.03
12337,12265.41
12292,12304.45
12061,12075.6
12298,12308.62
12135,12153.92
12210,12218.41
14230,13505.19
14500,13168.67
14335,14022.0
14304,14158.24
14081,13657.03
13720,8680.08
13620,8125.1
13150,8677.85
12780,11605.5
12280,12298.05
11910,11909.85
11689,11693.51
11241,11242.61
11539,11544.16
11464,11469.36
12141,12156.59
12617,12633.1
12900,12891.13
13420,13457.29
14080,13348.17
14150,10498.78
14375,12301.83
14200,13390.89
13775,12831.59
13720,13700.3
15175,13933.0
15730,15098.28
15700,15345.52
15750,15336.51
15450,15298.07
15400,15257.32
15300,15226.62
14650,14971.9
14250,14525.52
13700,12869.54
13250,9448.71
12790,10405.35
12060,12069.96
11920,11898.57
11118,11118.71
10208,10210.67
10669,10671.61
11671,11674.65
12430,12413.43
12820,12814.05
12780,12560.17
13180,13177.78
13090,11171.16
12920,11391.26
12680,12648.48
14770,13992.57
15085,14923.43
14970,15089.39
14990,14999.44
14750,14948.66
14475,14815.57
14390,14429.92
13720,14128.88
13350,9415.5
13000,10448.67
12600,12281.68
12380,12351.14
12015,11985.34
12284,12245.08
12155,12149.3
12482,12375.01
12900,12870.03
13237,13194.68
13679,11367.53
14107,12552.7
14320,13418.24
14560,13829.05
14254,14133.51
13830,13567.74
13670,13930.16
15150,14325.83
15775,15192.74
15750,15389.57
15730,15357.8
15620,15347.01
15440,15326.36
15220,15256.38
14500,14973.61
14000,14101.14
13740,10507.46
13460,10064.63
13270,10455.48
12780,10487.54
12880,12852.31
12640,12657.54
12780,12753.94
13065,13074.77
13455,12932.03
13835,13470.55
14120,14221.29
14120,14112.95
14280,14235.94
14500,14338.82
14150,14121.44
14000,14067.24
15800,14374.04
16000,15478.18
16025,15482.33
16050,15471.67
15980,15473.72
15870,15451.52
15780,15363.56
15260,15085.95
14850,14970.25
14480,14427.28
14150,14118.67
13770,12192.19
13240,9890.51
13050,10557.2
13160,12408.16
13405,11624.02
13820,11323.57
14515,14284.75
14730,14748.45
14955,14642.04
14980,14755.95
15050,14947.49
15125,14737.57
14650,14771.59
14275,14862.2
16150,14864.24
16510,15548.56
16350,15506.25
16270,15476.28
16230,15472.36
16110,15469.36
16000,15456.18
15690,15131.4
15310,15098.8
14870,14998.32
14470,14470.42
14100,14071.32
13480,10632.79
13040,10572.83
12840,12507.85
12690,12579.24
12570,11858.83
12970,12511.05
13520,13451.89
13980,11746.99
13525,12743.82
13940,11713.98
13795,12392.68
13195,13808.48
12730,12890.1
14670,14086.42
15580,14968.23
15430,15420.32
15690,15415.11
15640,15445.78
15600,15433.78
15500,15399.79
15150,15144.95
14620,14968.74
14220,14561.77
13880,13888.99
13750,11125.21
13340,10340.54
13140,11211.88
13010,11755.51
12850,12632.61
12770,12807.24
12960,12956.41
13550,13577.36
13980,13760.53
14040,14117.68
14420,14121.91
14710,14298.99
14780,14442.17
14200,14775.51
15150,14584.67
15850,15120.84
15900,15437.16
16000,15510.62
15950,15556.03
15466,15529.03
15470,15442.89
15050,15128.68
14500,14710.56
13582,14255.21
13004,9764.51
12781,12560.12
12532,12565.02
12567,12585.84
12480,12496.19
13000,12986.45
13370,13212.21
13930,14007.06
14480,14322.7
14810,14788.29
14820,14854.53
15050,14948.35
14750,14959.22
14530,14627.66
14300,14516.77
15670,14891.83
16050,15455.35
16000,15471.79
15950,15472.94
15780,15464.87
15750,15459.46
15700,15376.5
15240,15105.12
14880,14989.67
14120,14589.95
13420,12671.0
12950,10176.55
12090,12228.67
11596,11599.21
11180,11181.26
11403,11416.21
11385,11199.96
11683,11689.15
12231,12029.55
12115,11905.65
12210,11991.75
12365,12147.58
11820,11813.13
11600,11586.65
11260,11262.09
12636,12643.87
12820,12608.84
12692,12569.59
12682,12425.1
12600,12235.22
12270,11709.1
11885,11880.82
11340,11332.76
10517,10519.29
9906,9907.11
9638,9639.01
9058,9059.03
9106,9109.05
9559,9559.03
9930,9932.69
10656,10656.07
11435,11253.31
12191,12210.29
12784,12768.82
13110,13087.19
12960,11393.58
13080,13049.83
12950,11747.43
12410,12423.1
12450,12404.25
14069,13530.22
14163,14035.52
13932,14034.34
13785,13716.51
13692,13222.01
13408,8243.35
13237,10308.42
12590,10754.96
12145,12106.33
11800,11800.42
11440,11438.07
11245,11244.23
11185,11157.91
11290,11298.96
11530,11559.52
11878,11897.41
12473,12509.05
12968,12983.76
13420,13437.26
13710,13038.82
13125,9620.71
13030,11593.67
12890,12350.73
12310,12326.27
12175,12076.29
13937,13528.59
14158,14211.7
13974,14148.55
13919,13685.44
13480,11520.48
13125,9610.06
12955,11324.13
12600,12599.21
12100,12082.58
11810,11811.04
11460,11448.96
11160,11128.08
10590,10579.84
10299,10302.33
9998,10005.46
9936,9939.55
10034,10033.95
10422,10424.42
10974,10498.38
11176,8133.63
10542,10548.35
10041,10040.87
9705,9708.1
9106,9110.01
9009,9008.97
10939,10942.99
11383,11387.2
11369,11375.89
11428,11430.76
11241,11243.56
11077,11079.53
11108,11108.18
10670,10670.79
10386,10388.51
10052,10052.03
9662,9662.01
9454,9459.1
9271,9272.1
9685,9705.53
9904,9903.99
10163,10163.66
10323,10325.9
10946,10956.45
11680,11662.43
12360,12379.03
11690,10836.72
11940,11931.12
11650,10583.03
11300,11301.81
11235,11242.57
13144,13151.81
13676,13188.97
13622,7880.05
13647,10741.53
13441,8949.59
13490,11030.2
13458,10069.71
12927,10955.21
12348,12393.05
11947,11950.25
11534,11537.53
11347,11347.44
10969,10973.2
11304,11306.6
11414,11431.34
11739,11740.14
11998,11998.79
12436,12467.48
12706,12733.07
12640,12522.12
12411,12204.48
12721,12745.8
12825,12831.38
12759,12754.67
12524,12530.19
14162,13733.33
14874,14121.69
14886,14514.32
14769,14508.99
14060,14430.62
14274,11495.85
14146,13447.64
13515,12564.51
13216,10158.27
12758,10985.04
12318,12339.32
12115,12121.22
11795,11799.53
11956,11969.2
11974,11981.29
12558,12581.21
13076,13115.42
13360,12988.18
13684,11983.26
13826,9060.6
13250,9361.75
13300,11401.03
13090,11494.11
12900,12184.15
12730,12742.03
14520,14081.65
14820,14886.66
14538,14898.51
14489,14590.84
14217,14443.98
14172,13921.88
13916,11651.21
13472,9979.54
12933,9438.66
12648,12685.33
12316,12318.04
12041,12055.39
11719,11727.99
11960,11974.85
12041,12055.89
12541,12554.28
13049,13087.75
13435,13178.97
13890,11600.42
14110,10412.75
14080,11864.39
14300,10404.81
14010,13474.63
13680,10817.67
13350,13532.11
15080,14420.25
15550,15137.4
15210,15330.59
15180,15244.42
14980,15138.94
14825,14705.69
14580,14620.05
14260,14181.14
13815,13310.61
13380,10397.99
13015,10907.11
12670,12302.97
12230,12204.35
11900,11894.15
11920,11916.11
12510,12511.75
12780,12777.37
12695,12143.46
13085,13130.04
12615,11558.13
12425,11136.25
12594,12620.92
12374,12375.02
12251,12266.71
12436,12493.66
14115,13539.96
14725,14118.39
14525,14866.05
14377,14627.43
14127,14400.7
13882,13146.06
13802,12037.17
13118,11153.16
12744,11526.37
12422,12446.99
12103,12106.78
11874,11883.62
11524,11524.92
11808,11809.6
11869,11880.43
12542,12556.53
13084,13106.21
13525,12752.86
14000,10365.05
14375,11176.56
14310,13695.97
14400,13697.09
14390,13606.15
14140,13666.55
13700,13744.67
15200,14534.76
16070,15265.62
16120,15386.71
16100,15370.27
15870,15367.61
15820,15364.04
15820,15348.26
15250,15124.57
14700,14990.65
14090,14433.44
13700,11891.37
13500,11395.08
12970,9853.24
12990,12864.33
12844,12758.86
13260,13296.9
13770,11974.63
14321,11850.77
14895,14764.5
15185,14866.82
15210,15185.93
15220,15188.43
14980,15138.73
14670,14529.31
14220,14822.66
15760,14907.58
16000,15533.76
16000,15539.91
16170,15540.1
16150,15503.13
16050,15496.32
15880,15483.64
15420,15139.6
14770,15059.14
14350,14447.3
14020,14041.27
13570,12143.75
12070,10572.01
12100,12107.58
12211,12218.95
12221,12235.35
12680,12696.75
13033,13103.08
13556,13518.3
14000,11740.79
13730,12795.99
14100,12149.1
13700,12299.86
13480,13850.93
13050,13185.31
15050,14229.41
15800,15135.17
15920,15496.45
16200,15508.56
16230,15534.45
16330,15560.79
16180,15532.98
15820,15198.5
15380,15132.91
15000,15066.07
14440,14542.94
14230,14146.83
13710,14015.75
13550,13223.79
13480,13457.04
13410,13452.45
13700,13594.92
14260,12799.98
14460,14424.37
14650,14279.83
14750,14591.98
15000,14474.19
14900,14543.11
14700,14456.2
14650,14822.0
16100,15088.5
16700,15506.11
16850,15506.65
17000,15560.94
16700,15498.68
16750,15497.68
16690,15497.67
16550,15269.44
16300,15159.68
15850,15158.52
15450,15130.79
15200,15099.54
14300,14992.44
14000,13588.65
13850,11672.6
14000,11802.29
14120,12565.82
14570,13491.11
14950,14898.16
15380,15058.88
15820,15335.83
15700,15379.49
15030,15330.84
13980,14873.49
12756,12061.85
13990,14061.99
14990,14524.58
14945,15040.43
15044,15040.68
15130,15037.47
15270,15180.25
15050,15258.43
14693,15041.2
13943,14834.92
13284,12625.72
12919,10778.37
12706,12506.97
12174,11248.22
12130,12127.34
12070,12072.16
12240,12120.24
12720,12733.0
12850,12066.79
12965,12993.45
13360,13409.08
13420,10938.68
13850,11561.98
13704,14008.63
13247,10255.06
12904,9851.32
14464,14125.23
15342,14926.37
14906,15342.71
14987,14976.61
14730,14990.45
14880,14899.78
14800,14934.66
14190,14535.21
13580,13278.84
13290,12587.21
13030,10553.17
12895,12397.17
12460,12442.35
12570,12523.53
12700,12681.69
13200,13240.11
13500,11133.27
13730,13198.63
14540,12992.85
14810,14455.83
14640,14546.41
15110,14607.93
15210,14848.16
14570,15148.63
14140,14419.68
15480,14573.78
16040,15489.85
15950,15539.4
16060,15535.03
16000,15489.75
16000,15480.1
15850,15379.69
15600,15165.11
15350,15092.45
14920,15055.35
14470,14485.98
14280,14099.19
13650,13083.3
13770,9604.79
13550,10517.56
13540,9916.42
13820,13111.02
14150,14242.89
14290,14248.03
14620,14465.79
14450,14646.89
13730,14442.27
13580,13967.14
13680,13837.64
13690,14108.13
15050,14540.82
15780,15159.36
15800,15499.95
15950,15494.64
15820,15499.35
15620,15461.2
15405,15410.49
14970,15140.08
14520,14878.07
13590,14321.74
13255,9892.66
12887,10379.63
12515,12317.93
12440,12429.99
12429,12446.14
12850,12825.82
13170,13175.58
13405,11915.35
13645,13897.44
13840,14036.48
14150,13480.72
14310,13438.21
13930,13787.78
13470,12515.26
13070,13382.33
14480,14257.57
14830,14844.34
14620,14891.72
14920,14896.26
14520,14884.93
14640,14704.8
14600,14788.87
14150,14331.16
13700,12185.96
13510,10395.33
13320,9645.88
13040,11204.72
12420,12177.92
12220,12212.19
12120,12102.73
12250,12232.0
12371,12393.4
12563,12588.19
13316,13338.03
13773,12367.35
13501,11258.1
13910,11105.4
13525,10703.69
12956,9261.98
12176,12219.35
13810,13519.31
14077,11761.08
13661,11809.34
12914,9930.18
12400,12346.54
12656,12678.44
12533,12293.22
12329,12328.26
11534,11537.49
11360,11364.1
11219,11224.99
10802,10803.38
10304,10304.37
10329,10329.32
10714,10720.61
11542,11468.12
11996,11997.04
12468,12508.03
13200,13233.82
13575,12225.44
13600,11087.17
13490,9736.31
13096,9711.98
12939,12130.22
12728,12750.44
13914,13900.98
14219,12075.78
13822,13336.5
13415,9273.46
12348,10344.17
11599,11602.33
11493,11495.45
10939,10844.57
10839,10839.4
10928,10930.55
10615,10617.91
10314,10317.11
10232,10232.35
10685,10679.89
10970,10979.46
11545,11347.76
12110,12113.99
12470,12502.82
13085,12968.75
13690,13448.16
13890,10058.9
14130,10270.27
14020,12423.99
13735,10836.82
12980,13769.21
14340,14044.76
14750,14449.0
14650,14455.29
14310,14441.97
14030,13132.6
13700,8724.33
13630,8565.37
13430,10374.2
13080,10925.18
12780,11732.97
12520,12504.45
12160,12132.95
11770,11754.69
11785,11767.97
11760,11744.22
11760,11757.88
12380,12390.69
12830,12805.75
13120,13104.57
13050,11630.47
12860,12284.52
13030,13054.32
13100,12616.89
12830,11437.55
12640,12399.68
13950,13877.58
14775,14451.19
14610,14738.54
14725,14827.78
14490,14579.7
14415,14242.91
14320,13782.21
13680,13335.93
13280,8964.02
13000,10906.6
12795,12433.65
12565,12567.47
12283,12262.86
12277,12284.51
12220,12213.02
12490,12478.42
12690,12669.91
12780,12748.77
13040,13063.59
12789,12323.97
12490,12500.91
12830,12819.26
12120,12184.61
11950,11948.03
11870,11866.65
13070,13079.78
13406,12705.76
13390,11014.04
13320,10887.37
13100,10863.47
13130,11918.67
12870,11262.18
12430,12463.4
12035,12011.47
11785,11769.19
11675,11668.87
11540,11531.0
11270,11274.63
11575,11576.47
11765,11756.5
12155,12166.8
12710,12686.0
13035,13045.21
13645,13336.27
13755,8652.95
14010,11410.59
13930,9389.76
13035,9088.0
12680,12267.43
12644,12640.07
13935,13854.24
14310,11781.36
14193,13507.94
14090,12703.31
13615,9940.39
13170,8350.29
12910,11048.98
12875,12878.28
12660,12658.62
12180,12189.48
11855,11854.27
11750,11737.33
11215,11215.2
11650,11637.68
11780,11767.4
12095,12092.85
12760,12757.5
12880,12874.36
13375,13426.38
13585,11391.82
13560,10457.58
13540,9291.02
13620,9185.63
13420,8540.97
13150,10404.43
14620,14029.39
15280,14871.72
15050,15168.34
15120,14630.23
15100,14740.06
14950,14713.9
14730,14495.79
14310,14409.96
13930,13193.3
13500,10336.19
13240,10059.71
13060,11667.71
12160,11856.82
11902,11907.7
11552,11560.97
11743,11743.62
11979,11983.54
12257,12279.58
12614,12630.63
13054,13097.38
12265,11847.95
12440,12431.24
11920,11924.93
11678,11684.58
11562,11570.75
13380,13422.39
14185,11971.52
14166,13252.07
14080,13475.83
13990,12460.17
14050,12054.79
14250,11725.72
13680,13797.82
13180,9528.42
13020,11763.33
12760,12397.64
12550,12509.4
12080,12057.97
12140,12134.0
12200,12202.16
12410,12403.43
12630,12627.32
13010,13021.53
13350,13196.91
13680,11841.44
13635,10202.36
13750,9857.31
13625,10304.33
13210,9191.23
12910,10844.65
14460,14065.94
15225,14830.28
15300,15172.51
15400,15181.12
15275,15215.33
15210,15106.91
14950,15066.97
14690,14450.54
14170,14390.3
13920,12095.76
13650,10226.69
13400,9000.71
12840,10834.51
12967,12903.89
12940,12782.38
13510,13433.74
13640,10565.17
13870,13734.41
14310,13467.36
14480,13974.75
14260,14234.42
14280,13942.37
13880,13757.56
13760,12098.79
13400,13837.93
14950,14396.1
15500,15093.02
15120,15411.74
15235,15188.09
15060,15198.16
15200,15066.25
15200,15133.28
14800,15000.07
14300,14622.19
14000,13840.6
13650,12345.99
13420,10013.33
12820,10273.39
12850,12840.78
12750,12716.83
12950,12921.06
13200,13167.15
13700,11777.56
14080,11586.38
14260,13893.37
14200,14426.43
13970,14201.77
13680,12043.9
13510,9664.84
13100,13506.56
14700,14272.42
15060,14920.45
15050,15034.78
15130,15019.72
14670,14954.28
14550,14799.56
14400,14470.95
14000,14205.82
13700,12759.77
13300,11358.01
13150,10954.19
12940,11364.11
12550,12541.77
12520,12516.06
12540,12514.64
12885,12849.91
13310,13279.3
13650,11979.24
14230,10479.97
14560,14478.01
14760,14716.38
14970,14515.53
14920,14582.43
14720,14523.25
14120,14720.41
15350,14456.65
16070,15357.17
16120,15465.21
16420,15482.73
16350,15414.5
16300,15407.5
16290,15381.5
16000,15150.15
15360,15096.78
15020,15025.45
14680,14551.38
14400,14404.17
13700,13675.78
13660,10170.3
13200,8912.04
13500,10995.4
13800,10828.54
14140,14105.08
14500,14193.02
14760,14757.1
14750,14846.07
14800,14857.77
14375,14775.16
13600,14278.42
12869,12640.52
14750,14096.93
15430,15001.67
15450,15415.55
15800,15439.37
15530,15442.19
15490,15410.97
15280,15231.56
14780,15032.27
14230,14738.56
13780,13966.45
13450,12294.31
12920,9900.03
12050,12088.87
11670,11676.87
11060,11054.16
10745,10727.76
10770,10761.71
11015,11026.19
11310,11305.35
11236,11239.12
11050,11028.46
10710,10708.85
10560,10543.86
10178,10180.31
9851,9850.09
10713,10719.96
10776,10777.11
10608,10612.14
10290,10292.72
9901,9901.05
9698,9710.62
9444,9447.01
9016,9016.69
8649,8649.0
8250,8212.09
7625,7625.01
7372,7372.01
7297,7297.0
7380,7380.0
7490,7489.95
7629,7628.98
7996,7916.14
8789,8803.58
9414,9416.01
9850,9852.7
9716,9718.23
9983,9982.98
10086,10090.07
10233,10233.41
10509,10514.77
11691,11695.68
12537,12549.79
12670,12693.9
13299,13315.88
13088,11528.48
13209,12470.11
13241,11270.79
12598,11323.33
12211,11991.23
11936,11938.59
11812,11815.9
11567,11570.24
11382,11386.13
11611,11616.45
11831,11833.71
12102,12102.86
12405,12411.6
12492,12515.48
13111,13115.9
12789,11106.4
12418,11561.15
12534,12548.95
11608,11533.24
11376,11380.29
11959,11971.72
12955,12976.66
13730,13796.0
14250,11542.11
14695,12961.03
14700,14306.87
14662,14439.22
14550,14285.44
13700,13841.89
13150,9375.11
12750,11152.82
12420,12299.08
12250,12234.23
11720,11719.42
11786,11790.39
11801,11801.63
12241,12254.74
12432,12453.92
12635,12640.66
12878,12538.75
13044,13093.26
13058,12502.89
13114,12421.68
12764,11672.51
12363,12367.02
12358,12374.76
13104,13114.37
13503,13567.4
13332,10211.21
13631,11659.55
13749,10304.22
13769,10695.01
13728,9101.47
13169,9244.87
12760,11086.0
12379,12402.0
11969,11980.25
11207,11213.25
10702,10707.02
10593,10596.2
10385,10382.85
10987,10993.89
11516,11529.89
12117,12127.2
12798,12815.72
13258,13277.89
13331,11404.43
13513,11115.4
13388,9003.03
13078,10297.56
12715,11630.91
13957,13977.62
15100,11327.32
15005,14897.35
15030,14744.07
14500,14724.36
13479,14121.9
12439,8945.13
11775,11774.45
10991,10697.23
9973,9979.73
8908,8910.09
8827,8828.98
8908,8910.09
8982,8663.24
9410,9410.99
10084,10089.23
10820,10737.9
11411,11211.2
12041,12056.08
12558,12581.8
12797,12799.49
13017,13033.78
12858,12531.81
12425,12432.52
12110,12117.13
13475,13470.48
14104,13053.88
14193,11669.2
14306,13930.95
14205,13307.0
14170,12899.09
13855,10970.64
13300,8623.94
12750,10432.77
12225,12235.56
11708,11507.08
10957,10965.93
10098,10103.64
10105,10110.76
10567,10577.79
11231,11233.6
11371,11278.52
11795,11801.1
12186,12209.7
12542,12556.56
12477,12511.35
12518,12535.15
12408,12411.33
11871,11881.16
11626,10796.75
13070,13100.93
14121,13155.7
14053,12737.97
14038,11692.39
13943,11615.68
13839,11517.58
13554,9142.87
13159,8659.84
12859,11018.41
12603,12626.46
12256,12250.97
11966,11979.24
11063,11066.83
10828,10827.98
10714,10720.55
10624,10628.06
10813,10814.62
11141,11140.99
11485,11513.98
11815,11816.6
11751,11755.47
11436,11153.32
11080,11081.58
10615,10618.58
10521,10522.76
12091,11992.59
12879,9756.09
12955,12993.5
13231,13240.11
13123,10509.55
13145,11590.37
12931,11323.69
12628,12672.38
12201,12205.89
11838,11843.74
11410,11411.87
10998,10999.43
10280,10281.11
10006,10006.62
9952,9952.05
9842,9844.9
9773,9777.83
10064,10065.24
10431,10433.57
11319,9499.2
11086,11087.65
10673,10674.63
10324,10326.75
9937,9937.13
9770,9772.96
11547,11554.44
12351,12361.45
12219,12224.63
12427,12430.68
12390,12394.09
12596,12608.25
12507,12500.49
12298,12293.42
11899,11905.87
11623,11628.34
11350,11351.34
11092,11092.77
10677,10679.54
10544,10546.58
9805,9806.73
9253,9256.02
9290,9293.35
9372,9374.05
9697,9709.87
9769,9773.09
9841,9841.66
10210,10209.98
10491,10490.97
10435,10437.19
10545,10547.53
11661,11662.62
12556,12577.1
12778,12776.83
13105,13122.61
12991,12741.31
13052,13079.2
13044,12815.59
12665,12708.86
12378,12373.34
12015,12027.5
11677,11681.05
11400,11399.98
10827,10826.89
10830,10830.0
10719,10724.13
10837,10660.42
10844,10668.55
10838,10661.33
10607,10610.66
11563,10640.81
12129,12136.63
12099,12106.56
11859,11866.14
11271,11273.58
10538,10543.13
11850,11851.82
12729,12743.27
12845,12841.83
13223,13235.32
13346,11951.72
13497,11764.5
13465,10365.86
13350,10460.26
13170,10743.16
12875,11005.79
12580,12580.04
12300,12278.37
11484,11483.45
11509,11509.13
11399,11413.9
11247,10143.38
11272,10980.68
11211,10231.06
11385,11403.62
11659,11659.99
12021,12029.33
12086,12101.55
11989,11991.33
11447,11449.96
10940,10944.62
12354,12371.51
13090,13076.95
13400,12523.69
13920,11593.46
14050,13802.29
14235,13849.34
14290,14012.52
14000,13978.61
13750,11884.16
13370,11083.35
13150,11093.51
12930,11388.5
12194,12296.11
11996,11996.44
11787,11793.23
11642,11534.72
11635,11419.72
11539,11239.99
11761,11763.81
12295,12303.85
12509,12529.82
12602,12636.79
12403,12390.22
12072,12085.37
11377,11380.72
12660,12640.93
13280,13225.46
13340,10984.84
12950,10451.86
12250,12239.42
12120,12012.77
12180,12042.79
12140,12123.77
12240,12238.98
12130,12123.54
11980,11953.81
11810,11796.28
11031,11032.31
10862,10863.7
10828,10827.99
10863,10685.74
11075,10399.4
11139,9881.06
11679,11684.37
12318,12339.77
12702,12727.57
12685,12708.74
12586,12591.37
12161,12172.23
11407,11409.67
12390,12382.69
13215,13230.09
13406,11552.78
14055,11208.43
14085,8572.92
14400,8454.58
14370,13368.75
14110,13117.94
13850,10284.19
13620,8630.95
13295,8114.65
12960,10499.3
12228,12346.57
11884,11895.52
11882,11894.84
11695,11705.65
11787,11793.17
11932,11934.6
12277,12287.38
12641,12652.57
13031,13050.33
13089,12659.95
13042,11852.66
12543,12130.6
11874,11893.07
13230,13230.31
14230,14134.49
14320,14359.63
14770,14632.66
14880,14806.06
15080,14835.9
15080,14813.29
14850,14741.18
14550,14477.78
14270,14252.53
13850,13436.93
13680,11239.66
12976,9760.75
12639,12540.26
12445,12461.76
12156,12189.98
12068,12081.64
12226,12241.11
12523,12541.5
13322,13329.31
13048,11276.64
13275,12789.72
13194,11245.07
12801,11232.1
12162,12246.86
13338,13347.41
14600,14262.55
14750,14745.67
15290,15010.15
15410,15244.6
15490,15337.52
15650,15371.22
15410,15118.06
14880,15091.13
14730,14507.31
14460,14434.5
14100,14074.5
13230,9974.45
12980,10983.29
12835,12704.38
12712,12780.85
12986,13015.14
12850,12765.23
13301,13330.25
13781,13867.98
13898,13805.91
14123,13040.07
13950,12137.63
13573,9721.82
12689,12950.02
14085,14001.45
15007,14222.6
15182,15119.41
15487,15363.17
15521,15461.77
15617,15459.09
15725,15447.93
15350,15161.97
15120,15101.36
14665,14894.74
14346,14562.2
13929,13504.38
13376,10941.87
13013,11155.7
13078,12871.77
13319,12945.4
13631,12249.15
13779,10351.2
14143,11085.3
14069,13388.43
14091,12499.9
14065,12274.74
14210,11021.01
13722,13169.4
13097,11064.64
14370,14268.82
15100,14914.49
15300,15211.27
15640,15360.64
15460,15447.17
15585,15429.13
15490,15429.08
15262,15187.28
14790,15054.2
14550,14806.63
14217,14445.6
13923,13106.44
13079,10937.07
12970,11819.18
12646,12614.93
12876,12779.09
13155,13206.9
13569,12452.11
13816,10540.75
14226,12256.36
14125,14125.14
14344,13724.16
14296,14014.69
13747,13369.93
12870,11538.6
13990,14093.11
14939,14446.93
15034,15000.28
15035,15027.05
15000,14986.1
15130,15016.99
15205,15117.23
14650,15068.66
14115,14812.7
13719,13375.32
13280,11566.16
12698,10812.43
12062,12095.95
11805,11806.36
11745,11745.3
11896,11904.58
12290,12304.71
12443,12503.31
12826,12846.43
13139,13187.0
