Actual,Predicted
12662,12448.961
12690,10536.027
12568,10756.342
12110,10932.895
11500,11303.696
11175,10897.589
11000,10837.196
10785,10612.037
10370,8051.8315
10313,9215.605
10420,10331.683
10865,10225.07
11279,10621.376
11570,10334.131
12150,12050.311
12140,12031.763
12100,11966.095
12120,12025.837
11850,10366.548
11670,10181.655
11385,9905.924
12680,11929.954
13850,13240.374
13695,12005.562
13950,13233.736
13734,13236.133
13421,10674.57
13143,11691.64
12850,12074.125
12650,12022.532
12300,12325.921
12100,10282.855
11900,10410.35
11250,9975.042
11320,10031.546
11250,9947.009
11900,11617.488
12050,10844.923
12231,12147.499
12526,12025.521
12849,12336.156
12792,11772.542
13136,12649.417
12750,12909.325
12450,12477.496
12150,12208.127
13450,13425.479
14100,13999.11
13940,14118.211
14040,14089.501
13600,13231.943
13500,12384.618
13300,12697.327
12900,11740.26
12650,11472.373
12500,10596.197
12300,10334.521
11800,10040.788
11200,10015.792
10900,9523.626
10900,9625.562
11250,10561.612
11600,10502.616
11800,11304.078
11500,10598.423
12050,12148.432
12050,12126.032
12150,11612.205
11900,11479.453
11650,10273.523
11380,11239.379
12780,12702.513
13850,13720.523
13700,13943.747
13700,13224.491
13500,11698.503
13400,12666.08
13100,12022.4375
12700,11610.486
12450,11270.144
12200,11013.941
11700,11851.041
11500,11460.953
10900,10849.491
11100,9799.722
10900,9728.71
11450,10833.024
12050,10794.028
12350,11156.926
13050,11723.002
1300,11748.261
13200,11736.726
13300,11761.057
13100,10934.298
12700,9339.95
12650,10794.145
13900,13729.252
14000,13756.03
14100,14067.928
14400,14115.539
14200,14394.158
14200,13749.376
13700,11740.119
13200,11412.079
13000,10429.703
12850,10336.972
12650,10434.493
12450,10736.699
11900,10253.578
11950,10555.24
12000,10222.837
12400,11374.695
12600,11583.989
12900,11700.275
13300,10998.647
13550,11703.937
13700,12128.594
13850,10563.801
13750,9664.826
13400,11643.052
13100,13055.209
14200,12310.358
14600,14453.484
14800,15188.924
15000,14971.134
14900,14844.089
14800,14686.007
14500,13962.196
14000,13318.318
13650,13398.953
13500,12015.688
13350,12049.477
12800,10286.756
12500,10365.223
12100,7514.763
12200,10518.143
12300,11369.353
12400,11688.178
12300,12712.02
12800,12392.524
13000,13019.936
13100,13100.818
13300,13257.192
13100,11702.331
13000,12295.7295
12650,11648.551
13650,13649.9795
14050,14376.621
14050,14426.837
14125,14492.199
13825,14143.611
13700,13127.284
13400,13535.351
12900,13116.607
12650,12691.857
12550,12606.154
12350,12546.506
12050,10885.276
11750,10144.07
11250,11371.196
11350,10952.571
11240,10818.9795
11450,11126.046
11650,11943.104
12350,11392.999
12700,11130.317
12550,12180.891
12900,12522.701
12600,11762.055
11700,10956.277
10587,10501.357
10791,10553.287
10392,10105.436
10963,10742.847
11974,11949.99
12560,12335.375
12730,11960.399
12700,12017.303
12550,11310.918
12150,11009.905
11750,11038.662
11650,10268.013
11470,10157.494
11100,9651.533
11125,9764.2705
11225,9978.324
11350,10176.48
11550,10308.49
11800,11303.852
12300,12406.959
12050,11707.402
12100,12137.707
12170,11675.968
11880,10654.78
11350,9895.579
10682,9295.883
11013,9633.87
1067,8632.18
10775,8766.778
11886,11386.932
12410,12380.157
12750,11377.304
12700,11509.561
12450,11239.887
12000,11949.403
11700,11687.015
11300,9915.347
11087,9593.157
10674,9136.344
10730,9719.759
10800,9817.361
11150,10489.405
11650,10517.515
11800,11265.135
12000,10607.532
11950,9381.094
11775,9382.812
12300,12254.593
12000,9147.167
11400,9961.792
11000,11160.425
12250,11997.244
13150,12036.657
12975,11529.908
13267,12141.974
13141,11961.651
13200,12066.84
13100,11706.652
12600,11851.167
12000,12107.248
11650,10259.312
11400,10031.691
11100,9654.347
10700,7994.267
10560,9869.476
10570,10685.109
11080,10341.286
11200,9357.003
11600,10433.747
11800,11776.083
11950,10796.713
11840,11345.288
11900,11965.756
11800,9906.481
11550,10175.502
11395,11314.747
12810,10044.536
13540,12948.703
13355,12772.98
13332,12525.162
13080,12451.941
13250,13181.539
12661,11898.207
12600,10684.845
12200,11534.899
11900,10196.713
11400,10026.059
11300,9919.893
10825,8147.4985
10861,8731.877
10930,10641.152
11600,11099.439
11950,10690.749
12250,10853.117
12600,12054.112
12400,11923.818
11460,9841.521
11650,10406.865
11900,9963.986
11700,9055.305
11290,10103.396
12506,10883.958
13508,13392.558
13479,13496.091
13596,13326.038
13373,13476.674
13450,12189.63
13100,11994.6
12800,10378.075
12400,10257.45
12200,10240.814
11950,10037.535
11700,10339.67
11150,7128.4688
11100,9794.442
11500,11616.446
11900,10076.599
12300,11064.197
12500,10995.917
12730,11689.231
12700,11605.195
12400,10321.31
12120,9924.986
11780,8583.211
11600,8920.952
11900,11145.555
3375,12782.124
13839,13800.413
13688,13741.557
14168,13887.1455
13839,13970.453
13800,12991.256
13500,12855.457
11479,11841.045
12600,11369.009
12400,10695.01
12200,10548.521
11600,9844.926
11700,10405.885
11700,10579.408
12300,11207.691
12450,10396.898
12850,11729.583
13050,11342.562
13050,12027.07
13000,11953.295
12900,11794.327
12550,11089.373
12100,10407.198
11850,9935.835
13500,13304.956
14100,14097.867
14050,14162.787
14250,14352.867
14200,14281.854
14000,14027.427
13350,12945.081
13050,10266.823
12950,11539.785
12500,12691.506
12450,10671.571
11900,9967.062
11650,10405.817
11050,7247.833
11250,10863.327
11350,10898.248
11650,11731.37
12350,11750.159
12850,12846.663
12375,12731.486
12400,12789.477
12375,11456.319
11950,10426.489
10975,8826.072
12291,11773.449
13620,13569.831
13830,14042.641
13860,14118.126
13850,13768.517
13600,13469.287
13700,12959.754
13200,13213.331
13000,12722.151
12700,11238.613
12500,11384.511
12300,10486.459
11800,10092.472
11400,10027.065
11200,9948.02
11000,8506.723
11300,10136.648
11600,11084.513
12070,11520.772
12250,11788.864
12400,11425.77
12700,12125.201
12800,10980.319
12700,11098.159
12260,12421.368
13380,12907.941
14150,14140.46
14200,14187.951
14500,14439.451
14450,14521.858
14450,13968.088
14250,13707.761
13600,13395.932
13400,11949.97
13250,11807.134
13100,11781.846
12900,10927.068
12300,10709.576
12150,10582.361
12100,11156.21
12400,12488.664
12600,12541.466
12800,12741.851
13250,13027.814
13300,13276.74
13400,13290.888
13500,13487.823
13300,13422.133
13050,12848.583
12500,12807.357
13900,13703.227
14500,14256.71
14400,14880.902
14600,15070.784
14550,14875.811
14200,14508.994
14000,14130.299
13350,13744.418
13300,13050.739
13250,12581.157
13200,12588.124
13050,12527.829
12200,12540.47
11620,11851.306
11500,11713.366
11850,11929.147
12050,12090.68
12300,12240.675
12536,12489.635
12700,12496.327
12750,11885.0205
12550,12591.916
11900,11987.858
11500,11588.804
11100,10995.308
12498,12434.829
13299,13201.446
13310,13614.189
13395,13375.536
13389,13189.047
13350,13076.488
12950,13197.54
12400,12453.862
12200,12393.308
11900,12016.177
11500,11525.082
10900,10900.7705
10064,10116.346
9793,9768.99
9532,9571.759
9435,9364.977
9344,9322.149
9407,9402.99
9530,9521.143
9824,9820.444
9831,9820.444
9656,9682.825
9281,9290.682
9133,8717.579
9059,9054.593
10173,10207.161
11357,11376.532
11476,11489.375
11566,11514.168
11668,11681.253
11624,11553.834
11524,11495.6045
11283,11215.649
10657,10700.095
10090,10135.807
9701,9712.791
9139,9138.144
8067,7945.254
7744,7722.9824
7678,7680.493
7589,7586.0625
7423,7432.605
7723,7713.125
7917,7926.435
8157,8152.439
8454,8459.813
8181,8171.0894
8112,8106.013
7785,7780.1597
7884,7881.2417
9070,9066.199
10147,10151.933
10265,10270.453
10301,10319.703
10543,10503.48
10355,10355.383
10127,10122.38
9830,9814.064
9315,9315.511
8974,8968.436
8687,8683.15
8667,8680.341
8280,8287.866
8429,8440.757
7955,7946.536
7361,7359.3193
6901,6889.6562
6672,6678.1826
6715,6559.685
7045,7045.9434
7368,7359.3193
7624,7629.819
7867,7863.0967
8048,8055.6743
8136,8127.2593
9441,9456.249
10564,10551.582
10682,10666.546
10896,10898.477
10904,10897.108
10761,10772.232
10544,10489.804
10046,10023.422
9773,9776.845
9438,9420.714
9288,9284.199
9093,9114.585
8658,8655.706
8445,8444.147
8467,8459.748
8343,8335.626
8000,7992.157
8251,8247.622
8674,8677.553
9391,9383.782
8944,8943.971
8157,8158.696
7521,7526.069
7219,7213.6943
7424,7431.858
8667,8677.209
9392,9384.566
9504,9488.494
9482,9491.215
10059,10083.636
10066,10083.636
9747,9741.902
9544,9567.859
9128,9136.978
8925,8943.971
8675,8683.15
8613,8608.6455
8256,8261.918
8178,8171.0894
8071,8076.761
8086,8076.761
8019,8010.391
8180,8170.4097
8701,8704.37
9026,9028.642
9044,9054.933
8647,8655.878
8141,8153.6206
7954,7945.8564
8297,8284.297
9308,9308.239
10460,10442.138
10582,10538.546
11031,10952.652
11198,11231.235
11058,11067.421
10700,10774.307
10400,10357.644
10115,10065.789
9790,9803.473
9580,9600.785
9275,9294.389
8930,8965.788
8850,8909.7
8900,8876.405
9050,9004.683
9300,9358.788
9430,9444.321
9658,9571.03
10130,10095.789
10450,10467.088
10058,9975.927
9690,9693.056
9070,8790.297
8784,8791.031
10059,10077.523
11130,11109.671
11347,11366.065
11720,11707.46
11876,11898.981
11739,11712.448
11622,11611.416
11180,11195.255
10661,10699.04
10181,10170.509
10034,9982.422
10007,9983.06
9464,9467.989
9324,9318.211
9337,9357.605
9433,9419.849
9567,9568.959
9821,9824.184
9951,9944.525
10053,10095.653
10306,10278.362
10331,10319.754
10035,10034.604
9723,9711.003
9460,9465.674
10679,10660.207
11914,11913.184
12122,12122.558
12454,12473.469
12388,12392.539
12605,12539.192
12449,12398.434
12095,12110.396
11740,11726.399
11246,11179.789
11114,11016.059
10733,10800.2
10134,10112.473
10050,10022.507
10064,10041.41
10272,10211.434
10450,10486.209
10615,10642.828
11051,11078.268
11406,11422.4375
11535,11500.637
11765,11838.448
11650,11660.799
11110,11031.974
10543,10514.859
11601,11554.866
13242,13131.655
13225,13260.147
13440,13463.193
13465,13451.833
13660,13696.903
13500,13420.878
13068,13185.812
12524,12740.829
12133,12185.875
11850,11823.913
11591,11615.851
10989,11021.258
10741,10811.091
10573,10611.212
10582,10611.212
10884,10826.108
11222,11235.991
11510,11503.305
11764,11708.181
11849,11784.651
12140,12178.809
11899,12031.232
11217,11243.494
10646,10676.979
12087,12124.505
13010,13007.674
13419,13430.387
13555,13520.359
13220,12775.061
13650,12857.288
13300,12565.061
12800,11706.25
12600,11378.807
12350,10487.957
12150,10265.499
11900,10429.953
11100,9640.347
10745,9367.749
10721,10072.301
10896,10218.2
1293,10606.298
11265,9623.972
11699,10957.445
11601,7857.594
11187,9831.527
11267,9890.25
10940,9470.704
10764,9375.907
10255,9892.485
11566,11003.654
12879,12265.642
12962,12535.126
13087,12313.831
13196,12684.1875
13215,12593.811
13040,12163.037
12800,11505.249
12400,10905.876
12150,9756.086
11750,10360.055
11650,10309.006
10730,9307.008
10267,10120.9375
10103,7597.85
10176,9924.742
10162,8729.343
10216,9958.344
10746,10122.759
11242,10535.686
10946,9647.52
11039,10421.312
10779,9552.8125
10058,9697.607
9739,9365.783
11069,10579.475
12337,11709.532
12611,9954.391
13049,12328.346
13059,12293.4375
13343,12396.858
13220,12400.747
12780,10662.669
1245,11231.54
12100,11030.076
11794,10338.589
11599,10177.204
10824,9351.767
10850,10045.922
10900,10237.507
11150,10503.958
11400,10180.755
11489,10259.378
11800,10537.648
12300,11737.994
12193,11120.436
12545,11606.41
12490,11100.501
11940,10998.499
11229,7094.0547
12516,11990.18
13931,13312.09
14055,13682.239
14085,13743.42
14087,13933.231
14150,14035.139
13900,12696.778
13250,12085.098
13070,10896.683
12950,11466.498
12750,11349.258
12500,11275.387
12050,10318.235
11723,10333.26
11610,11647.288
11753,11759.969
11865,11911.402
12500,11805.974
12600,11675.105
13020,10983.3955
13150,11875.064
13250,12171.369
13100,11745.152
12900,11845.552
12500,12565.716
13400,13404.498
14550,14405.962
14600,14739.049
14850,14812.493
14600,14665.194
14500,14541.812
14300,13762.788
14000,12880.848
13700,12887.788
13150,13497.049
13000,12953.531
12900,10352.764
12800,10380.429
12600,10318.495
12500,12775.812
12650,11346.784
12800,12746.018
12850,12916.392
13200,12783.3545
13500,12854.254
13600,13469.36
13650,13250.772
13300,13567.398
13000,13182.651
12220,12050.232
14000,13737.484
14150,14529.359
14180,14503.524
14765,14553.71
14300,14817.526
14300,14134.017
14300,14101.805
13700,12148.518
13500,10018.019
13350,9840.676
13150,11233.294
12950,12927.301
12300,12511.379
11886,10271.359
11923,10218.477
12400,12059.237
12800,12413.126
13150,12913.346
13400,13363.853
13300,12980.915
13200,12578.291
13550,13185.941
13400,11738.527
12950,11320.545
12950,12762.215
14150,13950.046
14600,14548.928
14557,14833.801
14921,13834.533
14900,14877.577
14700,14679.04
14550,13985.086
14000,11420.117
13800,11993.255
13500,11485.311
13400,12482.967
13200,8600.729
12950,10090.252
12650,10522.883
12400,10682.707
12400,12026.21
12750,9661.753
12900,9748.399
13350,11699.884
13300,12853.663
13400,13043.798
13500,13072.367
13100,12828.55
12700,11628.689
12160,12266.882
13370,13259.54
14550,14327.618
14580,14654.693
14780,14843.96
14657,14654.845
14650,14786.924
14550,14454.709
13850,13313.299
13750,12617.511
13450,12014.076
13250,12759.741
13150,11631.815
12800,11445.608
12600,10980.254
12600,11604.544
12950,11935.675
13250,13107.393
13350,12999.78
13500,13071.369
13600,13614.058
13650,12813.883
13700,13247.906
13500,12751.819
13300,11158.308
12550,12332.197
13900,13762.433
14750,14484.929
14900,14826.045
14870,14945.767
14720,14819.865
14700,14812.915
14250,14534.979
14000,13861.999
13750,13240.309
13600,12989.364
13350,12655.913
13150,12404.376
12570,11517.119
11558,10685.513
11340,11484.901
11075,11109.114
11037,11142.659
11179,10792.083
11796,11787.563
12198,12219.267
11739,11764.656
11852,11819.963
11564,11502.302
10993,10990.997
10622,10636.446
12090,12284.025
13457,13289.996
13316,13731.194
13870,14208.907
13890,13971.475
13980,13876.75
13600,13359.924
13300,13409.41
12800,12977.597
12600,12570.517
12300,12378.546
11950,11914.837
11600,11657.259
11400,11438.651
11400,11437.891
11650,11739.636
11634,11602.133
11931,11342.089
12339,12315.694
12430,12431.457
12470,12323.32
12850,12898.593
12800,12749.551
12250,12580.779
11520,11546.954
12636,12594.125
14206,13824.487
14398,14090.263
14545,14151.61
14396,14407.851
14480,14155.729
14150,14353.178
13550,13799.623
13250,13238.122
12850,12938.162
12700,12572.406
12400,12323.614
11800,11947.353
11850,11848.178
11700,11820.316
12000,11915.028
12400,12330.479
12385,12297.327
12680,12586.38
12933,12960.306
12842,12855.794
13151,13162.146
12750,12484.071
12450,11152.971
12030,11073.008
13245,11623.946
14450,14220.01
14480,14824.517
14485,14710.978
14480,14741.244
14250,14509.198
14100,13424.23
13650,13612.492
13450,13011.695
13300,12492.775
13200,11261.161
13000,12118.807
12000,10306.939
11950,10552.893
11875,7857.3267
12350,12295.997
12450,12069.219
12775,11723.315
13000,12263.387
13300,11979.027
13300,12061.455
13600,12249.972
13500,12489.097
13060,12261.911
12700,11992.111
13650,12065.047
14876,14418.337
15000,14937.999
15066,15016.02
15060,14770.169
15050,15052.993
14700,14134.848
13900,14373.221
13700,13498.901
13500,13293.19
13400,13073.287
13100,11963.467
12750,10844.928
12600,10644.317
12600,11516.354
13000,12710.534
13100,12545.522
13200,13022.551
13500,13060.929
13600,13425.487
13650,13343.297
13700,13410.034
13600,12022.666
13300,11268.324
13300,12574.659
14350,13356.65
15000,14812.117
15100,15141.71
15200,15142.365
15250,15010.644
15150,15366.595
14950,14615.16
14500,14371.631
14350,13816.73
14100,13191.611
13950,13016.271
13700,12750.415
13250,12625.889
13100,12366.541
13150,13221.997
13450,12158.887
13550,12421.091
13700,13833.829
14200,14047.386
14200,14219.158
14150,14201.079
14200,14280.669
14100,12916.093
13800,12812.3545
13900,13546.864
14600,12978.883
15450,15472.951
15550,15476.442
15600,15503.416
15500,15477.634
15450,15449.461
15200,15144.523
14800,14447.763
14500,14455.879
14400,14232.72
14300,14378.888
14100,13771.61
13850,13420.768
13600,13471.296
13600,13672.083
13650,13712.045
13900,13872.348
14150,14075.941
14250,14336.74
14200,12842.3955
14150,14176.588
14200,14098.255
14100,13983.542
13800,13902.874
13400,13312.981
14500,14687.101
15000,13901.954
15100,14977.112
15499,15271.044
15530,15276.523
15450,15225.246
15150,15080.876
14700,14660.396
14500,14315.359
14400,14087.489
14200,14186.869
14000,13079.567
13500,13435.886
12950,12495.079
12600,13047.802
12350,12232.9795
12200,12058.404
12250,12222.925
12491,12336.874
12600,12533.265
12325,12036.329
12600,12495.316
12500,12233.132
11950,11356.756
11250,11080.259
12600,12291.9
13580,12079.174
13740,13956.963
14344,14354.717
14450,14332.619
14600,14760.869
14000,14462.8125
13600,13270.746
13300,13460.615
13000,12957.739
12900,12723.312
12100,11923.322
11990,12017.61
11900,11948.382
12000,12006.301
12175,12241.888
12500,12371.109
12800,12361.245
13200,9668.114
13340,11847.383
13550,12352.342
13530,12440.409
13450,11205.638
12600,11706.837
13870,12976.517
14950,14045.733
15100,14411.652
15300,14812.399
15370,14900.507
15600,14947.09
14300,14478.864
14500,13602.073
14200,14339.39
14100,13618.921
13900,13606.289
13700,12765.177
13200,12520.925
13100,10904.546
13000,12983.158
13200,12868.632
13500,13512.843
13700,13870.903
14100,13968.47
14250,13144.808
14300,13143.87
14400,11675.159
14300,11942.088
14100,13876.332
13500,13574.512
14800,14739.384
15000,13877.232
15100,13681.491
15300,15235.167
15250,15175.819
15150,15054.566
14750,15220.647
14100,14483.996
13900,14123.404
13750,13589.576
13600,13442.692
13400,13428.665
13000,12753.119
12900,12053.989
12950,11775.109
13400,12949.271
13500,13489.906
13700,13765.831
14200,13094.565
14250,14342.404
14050,14251.131
14250,14228.615
14000,14193.911
13800,13928.372
13600,13595.899
14700,14700.597
15450,15293.982
15400,15299.574
15550,15291.146
15500,15253.769
15300,15078.7295
14950,15060.506
14600,14388.299
14300,14417.232
14000,13862.002
13800,13847.369
13600,13232.072
13300,12931.807
13200,12375.119
13250,12060.907
13350,12272.778
13500,13460.985
13700,13626.011
14200,14097.286
14300,14211.131
14250,14308.21
14350,14268.099
14200,14136.298
14000,13823.64
13420,13625.685
14570,14548.534
15500,15094.621
15280,15068.459
15520,15278.056
15500,15227.946
15500,15119.183
15350,15427.194
14850,14401.773
14500,14433.602
14250,14311.258
14100,13855.29
13750,13719.581
13400,13022.921
13000,11377.473
12800,13054.543
13000,12963.749
13200,13109.577
13600,13462.443
13900,13689.026
14100,12066.661
14050,14129.732
14150,14238.089
1400,14268.0205
13600,13786.618
13100,13425.582
14400,14236.529
15300,14780.099
15200,14780.099
15420,14954.334
15280,13756.049
15250,14755.71
14850,14539.13
14200,14567.109
14000,14028.788
13800,13624.99
13750,13750.238
13550,13436.114
12650,10541.192
12500,11376.696
12525,12507.294
12800,12652.584
13300,10734.544
13650,13494.398
13800,13884.057
14000,14048.712
14050,14075.034
13900,13338.435
13840,13875.253
13530,13397.267
12850,13336.643
14389,14066.838
15200,14390.945
15160,14793.186
15000,14894.256
15150,14724.795
15150,14871.653
14600,14378.726
14100,14357.6455
13900,13552.255
13750,12617.269
13250,13327.144
13150,12378.96
12300,11845.068
12070,10945.964
11679,11730.141
11426,11024.658
11611,11589.463
11800,11116.17
12118,12022.905
12600,12557.321
12215,12322.709
12460,12248.126
12225,12340.244
11640,11110.266
11159,11103.211
12760,12415.193
13800,13518.401
13780,14051.628
14300,14376.083
14350,14255.524
14390,14270.918
14330,14266.719
14000,13811.969
13500,13698.759
13170,13184.862
12880,12561.95
12740,12111.637
12190,11683.457
12200,11972.032
12040,10348.55
12200,12216.986
12300,11982.781
12320,11746.676
12656,12658.26
13158,12241.032
13142,11853.425
13463,11815.75
13332,9120.689
12935,11764.807
12505,11602.612
14165,13740.512
14990,14219.562
15000,14502.489
15175,14575.934
15200,14418.658
15100,14541.423
14900,14781.948
14400,14398.492
14100,14029.395
13800,13536.666
13400,12500.223
13300,12155.11
13200,12041.534
13170,12323.9795
13180,12988.201
13400,13203.918
13650,13490.233
13850,13623.402
14150,14006.659
14500,12776.318
14490,14350.593
14550,14566.636
14450,14416.045
14200,13871.298
13700,13849.565
15200,14769.811
15350,15199.735
15400,15199.735
15700,15382.233
15700,15270.59
15650,15156.4
15450,15559.791
14700,14620.294
14500,14537.171
14350,14229.248
14300,13984.854
14000,13950.9
13700,13381.771
13500,13600.996
13550,13713.333
13900,13746.231
14300,14097.705
14550,14351.857
14750,14797.997
14500,14896.16
14670,14796.711
14150,14683.31
13850,13407.527
13400,13402.053
14950,14511.403
15100,15170.276
15000,15140.046
15220,15342.46
14900,15168.105
14850,14987.285
14800,15042.81
14400,14487.5
14200,14442.675
14100,13790.18
14000,12835.353
13900,13923.66
13500,13311.283
13300,13031.306
13450,13521.953
13550,13638.18
13900,13798.583
13500,13775.142
13300,13644.587
12400,13309.034
11970,12098.361
11814,11734.517
11870,11191.304
11248,11233.736
11299,11141.116
13291,13025.509
13970,14204.911
13950,14191.873
14050,14200.349
13900,13977.948
13800,13853.254
13800,13888.653
13450,13463.57
12650,12359.246
12350,11784.812
12250,11551.618
12000,10723.541
11500,11336.013
11430,11598.515
11500,10856.74
11768,11672.19
11950,12069.571
12130,11735.937
12350,12036.904
12580,11217.993
12590,11624.418
13000,12157.54
12800,11764.167
12300,10864.035
11900,11246.234
13850,13531.771
14500,13986.243
14600,14533.757
14550,14408.972
14500,14505.617
14350,14427.043
14150,12413.694
13700,11561.851
13100,11067.081
13100,8950.696
12800,10326.373
12500,11877.275
11800,9790.364
11700,10000.253
11670,10219.137
11850,10524.786
12200,12243.533
12600,11733.714
12900,12816.978
13000,12092.348
13025,12384.646
13100,12410.231
13000,12005.391
12417,10854.013
11912,11822.354
13950,13831.816
14670,14429.418
14573,14704.016
14842,13686.931
14550,14430.403
14500,14194.287
14200,14488.837
13600,13443.921
13400,12905.687
13200,12807.251
13000,12173.671
12800,11905.371
12050,10247.237
11550,10028.432
11300,9823.035
11100,9781.724
10907,10463.969
11110,11200.443
11689,11763.27
12220,11844.803
11350,11572.85
10920,11114.588
10388,10504.429
10267,9928.005
10230,10151.327
12344,11983.236
13083,12917.152
13044,13264.189
13395,13667.936
13501,13071.432
13650,12961.053
13461,12897.222
13000,13138.49
12730,12376.328
12320,12248.39
12130,11998.4375
11900,11596.703
11380,9829.787
11130,9741.934
11132,9891.992
11720,10367.797
11930,11969.53
12200,12263.627
12650,12360.346
12800,12355.094
12600,12278.447
12720,12279.321
12450,12121.752
11970,10878.881
11653,10455.131
13524,13006.09
14207,13283.097
14171,13574.138
14217,14032.393
14100,12241.367
14000,12442.208
13650,10362.982
13200,10279.745
13000,11149.65
12400,10404.642
12000,10025.725
11520,10113.4
11250,11127.362
11050,10929.362
11150,9531.517
11300,9238.587
11340,9273.83
11520,11094.048
11850,12042.412
12160,12315.882
11960,12141.5
12050,12178.78
11875,9768.375
11800,10260.282
11590,11434.912
13125,10379.837
13600,10391.99
13500,10495.227
13640,11955.429
13572,11712.499
13600,12900.561
13250,11569.409
12450,12807.937
12000,12087.784
11700,10046.798
11200,9493.129
10700,9087.995
10177,9676.87
10335,9827.761
10491,9528.177
10750,9718.121
11087,9964.012
11200,9763.902
11550,10091.774
11600,10181.254
11148,9204.083
11294,9351.039
11063,9591.981
11070,9591.981
10820,10861.228
12461,11910.809
12669,12226.863
12711,12204.55
12729,12184.76
12469,12438.196
12173,12211.361
11915,11933.041
11378,9880.424
10981,9486.045
10679,9774.165
10461,9550.308
10186,9808.594
9643,9234.201
9525,9144.483
9714,8838.361
10024,9648.768
10410,9555.82
10634,9896.478
10921,10167.081
11301,10585.45
11341,9879.628
11496,9489.698
11158,9207.099
10862,9405.156
10590,10577.895
12491,11941.507
13253,12253.611
12963,12029.718
12846,11774.174
12787,11795.608
12717,11430.741
12634,11438.289
12001,11040.208
11500,9694.713
11400,9657.026
10990,9428.788
10616,9657.054
10366,9425.57
10285,9895.9
10552,9625.366
11080,10323.924
11549,11235.238
11975,11984.757
12258,12204.571
12600,12203.86
12650,12131.898
12800,12293.884
12550,12585.341
12000,12034.73
11650,11636.879
13400,12786.04
13900,12939.715
13680,13077.307
13776,12888.418
13730,12537.137
13650,12580.375
13300,11448.738
12041,11705.51
12550,11493.035
12350,11258.704
11850,9716.082
11730,9918.076
11250,9456.269
11150,9310.214
11075,9618.254
11425,11105.394
11800,11789.796
12085,12098.89
12500,12466.157
12650,12637.296
12700,12821.306
12880,12718.787
12560,12617.579
12100,11401.123
11720,11481.8125
13410,13130.21
14047,13929.945
13999,14069.857
14026,13924.643
13810,13312.393
13650,13022.653
13220,11350.253
12850,12108.805
12700,12051.617
12550,11727.764
12250,12272.088
12150,10111.931
11350,9673.829
11000,9245.642
10925,9191.472
10650,8364.783
10698,10729.138
10939,10967.297
11396,11323.633
11773,11688.2705
1182,11284.755
11248,10741.249
10672,9368.454
10465,9572.715
10107,10064.97
12491,11879.283
13205,13052.407
13095,12998.749
13333,13155.573
13396,10826.882
13510,10041.2705
12402,12305.748
12750,11458.763
12500,9808.416
12260,9785.169
12050,9614.334
12000,11943.375
11300,11474.695
11100,9457.605
11000,10804.466
11300,10004.117
11500,9007.762
11900,11838.018
12200,10652.937
12300,12279.644
12325,11871.914
12300,11923.132
12050,11115.546
11640,9756.698
11485,10669.829
13385,11601.032
13889,13328.594
13910,13386.799
13835,13368.223
13695,13131.804
13370,12254.883
13130,11396.2
12520,10036.983
12140,10460.217
12060,10465.894
11420,9841.59
11240,9246.888
10850,8980.336
10750,9376.355
10690,9340.747
10900,9533.101
11100,9534.343
11270,11246.294
11660,11533.794
11671,11475.422
11639,11316.644
11952,12071.103
11837,11943.704
11370,9501.794
11228,11335.465
12826,12671.45
13665,13403.491
13618,13562.578
13365,13023.147
13202,12758.825
13075,12254.614
12850,10145.391
12275,10258.564
11900,8227.752
11650,7756.5566
11475,7646.919
11240,9500.676
10700,8985.033
10800,9733.343
10790,9876.679
11235,10358.316
11600,10147.085
12140,12135.06
12550,10970.404
12600,12159.673
12500,11923.139
12850,12408.146
12550,12006.297
12280,10769.716
11880,11750.142
13740,10814.958
14200,13450.639
14090,14026.88
14100,13930.129
1400,13811.875
13950,13863.494
13800,13698.898
13400,13060.775
12900,11778.625
12600,12496.592
12400,12306.467
12250,11915.985
11550,11251.412
10927,8671.511
10875,10888.076
10791,10826.08
10906,10949.625
11189,11176.448
11476,11456.519
11896,11879.108
11841,11867.094
11701,11730.646
11502,11031.357
11222,11234.662
10907,10952.748
12981,12926.554
13455,13488.982
13398,13444.597
13904,13195.658
13850,13477.625
13800,13860.453
13780,13891.887
13000,10411.031
12570,12083.612
12400,12359.556
12000,12069.37
11900,11881.488
11630,11268.865
11520,11521.857
11665,11650.4795
12030,12116.114
12450,12403.774
12650,12418.348
13000,12785.323
13100,12904.799
13050,12434.371
13200,11983.512
12850,12040.124
12650,11933.359
12450,12251.053
14230,13335.092
14650,12589.033
14650,14351.778
14750,14475.939
14600,14406.357
14600,13933.478
13650,14170.267
13350,9587.817
13250,12045.278
12950,11846.995
12800,12529.458
12600,12497.846
12250,10077.465
12000,9869.001
12200,12054.042
12450,11417.817
12600,12147.747
13000,12770.691
13400,11980.604
13600,11744.779
13500,13555.765
13650,13404.629
13350,12834.532
13050,12372.472
12900,12792.693
14350,14225.599
14600,14324.587
14700,14621.476
14850,14683.249
14800,14608.947
14650,13937.065
14500,14513.552
14050,10544.926
13750,6772.25
13650,9162.663
13350,8932.26
13050,8893.954
12500,10250.433
11600,9075.818
11550,10832.598
11100,10527.814
11050,10732.301
11000,10593.924
11453,11360.0
11864,11753.484
11734,11835.599
11970,12099.586
11903,12083.789
11420,11509.024
10740,10775.817
12825,12719.276
13650,13536.437
13750,13871.892
13957,14056.19
14100,13903.628
14150,13955.5625
13775,13531.695
13500,8850.222
13300,7953.2183
13150,11780.173
13000,11703.719
12800,11243.171
12400,10536.191
12050,10157.904
11850,10226.925
12050,10714.725
11993,12069.309
12112,12240.74
12365,12372.248
12515,12166.364
12650,12063.587
12800,12267.415
12600,12126.229
12500,11954.8955
12224,12095.052
14100,13413.677
14500,14340.146
14430,14510.897
14700,14614.073
14450,14403.956
14400,14277.438
14200,14148.781
13900,9565.1
13800,9448.073
13700,9122.425
13600,9549.684
13400,8860.696
13100,11127.565
12800,8924.249
12900,12786.341
13050,12227.684
13200,12595.962
13550,13517.425
13600,13819.003
13950,13452.229
13850,14075.887
14000,13638.458
13800,13573.897
13450,12605.056
13000,13410.27
14750,14483.492
14900,14814.775
14900,14248.287
15200,14784.046
15000,14613.163
14800,14040.1875
14400,13932.724
14000,11357.24
13800,10075.282
13700,9736.3545
13600,10311.422
13500,10044.69
13000,9514.3545
12900,12721.608
12850,12753.257
13100,13082.119
13350,11855.966
13100,13242.604
13150,13201.825
13600,13509.72
13550,13731.656
13750,13737.737
13650,13854.773
13550,13627.572
13150,13342.51
14850,14491.075
15250,15018.913
15200,14896.237
15360,14823.369
15200,14624.581
15100,15135.312
14800,14477.4375
14200,11884.769
13950,9893.733
13800,9471.166
13700,8942.802
13500,9247.843
13250,9938.054
13000,11392.08
13100,12900.266
13200,12281.11
13250,12160.071
13300,13319.371
13380,13476.169
13450,13442.262
13500,13512.743
13150,13403.491
13050,12960.967
12650,12428.052
12250,12161.151
14500,14027.604
14450,14714.4375
14300,14708.583
14513,14295.608
14300,14534.731
14150,13604.218
14050,13359.295
13350,12058.168
13150,13201.344
12700,10905.293
12450,11946.809
12000,11898.826
11500,11214.708
11300,11150.991
11048,11053.972
11650,11008.999
11750,11562.948
12140,12096.356
12600,12620.106
12730,12794.463
12638,12747.54
12701,12785.709
12600,12281.197
12320,11647.169
11811,11650.884
13830,13430.32
14180,13660.84
14180,14372.036
14194,14166.378
13900,13999.386
13875,13651.459
13600,13474.682
13050,12843.241
12750,11734.028
12425,11803.82
12300,11534.879
12050,9940.448
11650,9949.712
11460,9586.176
11500,9298.853
11650,10291.393
11800,11568.933
12232,12375.853
12731,11999.292
12868,12065.974
12510,12313.119
12412,12160.273
12198,12270.804
12000,11461.485
11848,11833.457
13945,12549.282
14215,14118.468
14225,14216.192
13995,14126.138
13665,13291.393
13610,12595.262
13360,13005.22
12830,11140.0
12450,11948.506
12050,10928.387
11750,10020.909
11350,9558.746
10750,9041.67
10257,9655.589
10188,9826.533
9846,8911.672
9794,9526.614
9912,9921.726
10484,10494.532
11044,11245.0
10376,9968.516
10186,9865.23
9642,9231.2705
9580,9205.046
9705,9662.387
11768,11734.308
12247,10656.76
12098,12113.156
12278,12174.659
12262,12211.8545
12230,12140.232
12131,12157.081
11651,11163.184
11286,9848.223
10978,9595.633
10566,9898.939
10283,9998.405
9880,9586.181
9748,9466.599
9901,9620.053
10150,10036.218
10059,9824.729
10444,9679.764
10904,10246.77
11303,11329.201
11377,11382.99
11496,10072.723
11310,9934.063
11037,9683.806
11093,9733.617
13284,12562.412
13560,13506.631
13450,13576.421
13500,13662.877
13287,12118.635
13280,11998.411
13000,11764.425
12450,11369.03
12000,10931.681
11680,9668.716
11240,9612.975
11100,9456.56
10775,9246.088
10650,9698.615
10550,9652.237
10930,10779.077
11483,10799.104
11738,10445.456
12365,12457.627
12614,12221.383
12501,12579.057
12715,12769.9375
12505,11506.753
12086,11895.262
11756,11815.377
14300,13737.899
14350,14043.191
14340,13625.732
13875,13620.022
14163,13428.966
14000,13471.866
13700,12401.011
13150,12415.662
12800,11902.958
12700,11847.872
12150,11503.409
11900,10163.258
11550,9832.17
11240,9428.744
11470,11360.901
11470,11336.476
11850,11842.068
12450,12478.746
12600,12511.48
12900,12667.148
13000,12010.758
13100,12423.647
12800,12920.093
12750,12204.233
12177,12062.478
14200,13794.142
14490,14299.083
14550,14363.513
14540,14480.439
14400,14366.418
14400,14009.89
14100,14414.226
13650,13783.042
13400,13331.483
13300,12987.74
13000,12910.238
12600,12628.719
12100,12209.326
12050,12038.601
11950,11919.816
12330,12230.117
12700,12711.135
13020,13125.538
13382,13348.653
13800,13040.258
13550,13740.507
13600,13703.35
13530,13480.899
13150,12418.702
12650,12959.76
14600,14108.878
14800,14842.311
14850,14799.479
15000,14711.357
14800,14058.452
14700,13968.432
14500,14610.189
14300,14482.612
14000,14018.806
13700,13807.492
13500,10925.848
13300,10662.68
12850,11858.567
12500,12558.007
12480,12321.258
12780,12695.777
13000,12750.489
13270,13119.177
13490,13396.543
13700,13419.0205
13700,13838.55
14000,14130.705
13750,13863.459
13300,13623.729
13100,13422.633
14900,14416.334
14900,14775.8545
15000,14742.6
15300,14758.287
15250,14692.266
15200,14256.745
14800,14027.91
14300,14512.717
14000,10072.154
13800,10512.401
13600,11048.551
13500,10831.194
12800,10068.88
12500,12554.172
12750,12196.251
12900,12586.615
13000,12807.5625
13650,13189.317
13800,13706.79
13700,13819.503
13550,13830.713
13600,13617.992
13400,13534.17
13400,13389.702
13300,13450.995
14850,14043.057
14950,14915.865
15000,14737.939
15300,14841.262
15250,14681.339
15100,14190.029
14850,13379.35
14300,14017.591
14000,9919.805
13800,9016.737
13700,8777.249
13450,8813.191
12900,7947.2793
12650,12455.708
12500,12658.504
12600,12525.738
12200,12008.178
12100,11139.012
12500,12414.211
12830,12948.862
11950,12520.018
12130,12208.287
11830,11935.699
11490,11449.511
11280,11138.007
13670,13351.942
13970,14292.678
14200,13769.601
14380,13829.565
14450,13668.326
14400,13621.96
13800,13799.197
13650,12846.482
13350,8720.841
13350,11063.173
13300,11550.839
13100,11949.495
12600,11647.421
12000,12057.819
12100,12005.696
12150,12135.905
12300,12270.569
12396,12460.382
12764,12794.071
13242,13237.956
13288,13319.256
13305,13207.267
13400,13334.554
13150,13164.192
12900,13009.924
14600,14001.127
14850,14526.484
14890,14018.879
15100,13449.606
14800,13570.356
14700,13869.829
13450,13886.41
13000,10223.298
12350,11973.623
11050,10962.16
10900,10754.291
10450,10414.644
10470,10378.113
10670,10544.485
11250,10975.815
12070,12218.173
12544,12641.644
13295,13189.47
13530,13496.971
13600,13825.604
13800,13859.841
13500,13772.726
13200,13394.049
12900,13014.002
14700,14268.942
14850,14982.811
14950,14416.984
15100,14372.182
15150,14177.174
14067,14202.337
14200,12964.566
14200,13878.723
13700,12840.106
13400,9928.782
13100,11792.992
12700,11731.895
12000,12074.168
11750,11673.757
11550,11502.833
11800,11680.352
12300,12351.95
12760,12792.367
13230,13186.248
13400,13401.068
13600,13515.533
13700,13721.81
13700,13747.25
13250,13598.926
13100,13429.106
14600,14309.523
15200,14861.763
15150,14308.954
15100,14963.155
15000,13960.965
14800,14015.848
14400,14307.024
14000,13862.527
13800,13497.653
13700,13131.011
13500,13466.055
13300,13195.445
12600,12735.575
12500,12376.207
12600,12487.375
12900,12793.737
13000,12896.315
13550,13371.888
13900,13793.375
14100,13798.266
14000,14067.063
14150,14111.436
13850,14217.6045
13400,13641.793
13100,13423.636
14950,14495.443
15250,14925.015
15150,14796.484
15350,14883.185
15200,14673.007
14900,14874.754
14400,14160.539
13900,10431.023
13850,8708.371
13800,9058.684
13700,9702.484
13400,9550.049
13000,10562.585
12700,11171.004
12600,12751.451
12750,12714.229
12800,12639.9375
13000,12066.862
13400,12967.492
13500,13549.548
13550,13690.321
13600,13776.582
13400,13660.466
13000,12852.382
12700,12397.2295
14300,14046.788
14400,14422.377
14600,14258.697
14700,14262.84
14650,14153.438
14600,14656.021
14450,14395.304
13800,9979.497
13600,8340.972
13500,8499.0205
13300,8954.429
13100,11113.524
12750,11701.993
12200,12108.577
12000,11953.88
12200,12007.534
12600,12335.205
12750,12832.392
13200,13264.655
13300,13326.015
13500,13683.407
13600,13874.754
13400,13497.253
13000,12353.973
12550,12565.797
14000,13874.508
14300,14387.243
14350,14366.107
14500,14323.266
14500,14537.02
14450,14566.946
14150,14323.612
13500,8892.717
13300,8451.55
13100,11297.355
12800,11485.336
12500,11165.665
11700,9699.071
11060,9465.24
10570,10598.883
10296,10315.6875
10335,10534.052
10430,10639.237
10585,10565.266
11191,11235.461
10753,10839.834
10764,10893.297
10423,10622.483
10372,10393.773
10312,10294.758
12667,12669.466
13009,13071.081
12987,13228.032
13300,13022.685
13280,12912.416
13280,11996.571
13180,13052.353
12600,11557.284
12200,12030.898
11900,11753.056
11600,11387.575
11500,11316.369
11200,11001.719
10950,10944.523
10958,10915.302
11150,10878.03
11400,11274.695
11690,11645.773
12035,11426.116
12210,12220.146
12420,11976.634
12700,12154.963
12600,12111.03
12400,11432.343
12280,11686.068
14650,13701.364
14700,13734.103
14800,14383.29
15000,14436.386
14800,14452.584
14700,14473.933
14300,14490.7
13800,11062.046
13500,10268.914
13300,10026.506
13200,11614.458
13000,11594.73
12300,12251.234
12200,12143.15
12150,12044.781
12450,12268.419
12920,12845.267
13070,12793.671
13350,13050.501
13550,12987.443
13700,13594.181
13650,13672.517
13150,13397.92
13000,12965.046
14950,14388.291
15150,14807.449
15250,14813.879
15370,14841.235
15200,14714.24
15000,14739.211
14800,14347.808
14500,14395.872
14100,11887.081
13800,10671.872
13700,10310.958
13500,10098.301
13100,9665.655
12400,10832.72
12600,12274.995
12800,12673.068
13100,13115.206
13400,13384.139
13500,13392.226
13800,13759.794
13750,13920.738
13700,13875.365
13400,13566.024
13200,13264.269
13050,13328.439
15000,14279.661
15100,14209.415
15175,14161.271
15100,14226.82
15000,14066.403
14930,14170.494
14650,14227.532
14200,14498.82
13950,10643.621
13550,10292.259
13200,9871.921
13050,11678.211
12900,12264.108
12400,12528.828
12300,12021.07
12450,12184.573
12850,12786.547
13100,12989.143
13435,13338.694
13425,13421.055
13200,13319.971
13600,13470.848
13300,12604.998
13000,12509.598
12700,12882.86
14600,14070.206
14650,14710.788
14700,14664.246
14800,14413.278
14770,14533.641
14750,14693.995
14450,14459.896
13800,14126.934
13450,9869.8125
13150,9543.566
12900,11238.998
12600,12080.991
12050,10899.723
11750,10984.431
11750,11158.821
11900,12030.324
12300,11986.855
12540,12376.517
12780,12613.463
13030,13068.915
13100,13120.452
13350,13415.137
13150,12923.886
12600,12094.104
12350,12262.268
14600,13842.034
14750,14556.49
14800,14588.912
14830,13204.83
14650,14516.357
14600,14051.971
14200,13842.417
13900,13693.617
13550,13255.646
13200,10330.813
12900,11171.853
12500,11833.197
12000,10043.475
11875,10233.143
11725,10118.221
11850,11436.66
11852,12029.199
12347,12325.531
12610,12692.361
12985,13205.891
12830,12740.464
12930,13011.855
12900,12151.401
12500,12600.865
12300,12289.114
14450,14019.633
14350,14598.726
14450,14272.055
14350,14677.597
14370,14138.658
14450,12038.488
14250,14343.788
13750,13802.655
13400,13221.661
13100,11626.758
12800,8965.507
12450,10773.604
11480,9841.298
11250,9083.081
10950,9561.2
10800,10097.595
10700,10877.692
10927,10716.36
11455,11596.684
12112,12251.0
11825,12014.581
12026,12169.578
11635,11111.765
11350,10265.509
11050,10863.962
13650,13404.018
13900,14156.713
13850,13968.089
14050,13890.103
14150,13374.839
14250,13418.542
14150,13579.708
13650,13818.427
13250,13335.632
13000,11964.707
12700,9629.667
12500,12376.06
11950,11976.452
11950,11963.189
11850,11837.875
11800,11747.429
11900,12017.111
12002,12023.728
12675,12637.915
12800,12447.956
12975,11358.253
13225,13096.924
13275,12483.531
13075,11931.932
12900,13009.924
14850,13999.382
15050,14449.534
15100,14551.831
15350,14625.275
15300,14490.044
15300,14614.121
14900,14714.978
14500,14303.899
14350,12468.1875
14050,11066.603
13900,11128.001
13750,11218.041
13350,10425.031
12900,11973.41
12950,12774.128
13100,12784.714
13500,13499.718
13700,13715.958
13950,13858.822
14000,13919.315
13850,13961.211
14000,14063.687
14000,14110.443
14000,13965.955
13750,13708.619
14900,14542.401
14780,14735.701
14600,14669.32
13500,14584.624
13550,13757.552
13950,14043.271
14050,14154.346
13800,14052.609
13350,12084.274
12950,11313.69
12700,11293.665
12600,12108.844
12100,11890.412
11850,11687.662
11800,11824.637
12000,11596.871
12200,11171.736
12800,12801.009
13080,13122.012
13150,13182.055
13100,13083.826
13150,13203.952
13100,13238.742
12800,12748.444
12700,12199.896
14450,13810.346
14650,14609.213
14500,11700.454
14270,13898.414
14180,14044.283
14100,13583.957
13600,13209.859
13220,10742.106
12900,11644.813
12550,11988.14
12250,10610.766
12010,9952.27
11400,9641.19
11100,9383.962
11100,9704.516
11300,9915.019
11530,11677.401
12170,12416.549
12630,12706.756
12625,12739.15
12380,12176.576
12470,12555.495
12320,12526.859
11840,10753.963
12230,11924.013
13500,13303.753
13700,13914.466
13890,13420.051
13715,13709.332
13460,13490.823
13400,9103.194
13100,11934.781
12750,11673.011
12420,11841.083
11950,8901.794
11600,9961.616
11490,9499.007
11000,9244.536
10875,9099.761
10800,9872.848
10935,10007.137
11185,10341.363
11585,11097.859
11865,12016.65
12148,12270.738
11660,11246.997
11363,10106.298
11187,9702.003
11226,9754.46
11927,11881.518
13250,12876.334
13190,12953.5625
13120,12732.812
13070,11719.0625
12930,12653.4795
12740,12159.291
12550,10685.0205
12140,11103.725
11790,9705.787
11450,9314.16
11380,9222.4
11100,8961.994
10770,8732.982
10570,9077.234
10640,8634.83
11130,9689.795
11290,9874.747
11429,10080.248
11696,10256.5
12010,11976.385
11556,10157.058
10700,8763.045
10745,9881.963
10724,9830.596
11415,11387.418
12833,12732.482
12861,12884.018
12834,12884.018
12698,12794.956
12504,12072.768
12350,11698.175
12060,11339.412
11780,10049.911
11445,9760.19
11020,9432.85
10810,9320.7295
10601,9729.748
10083,9704.776
9838,9438.238
9824,9470.027
9737,9515.61
9725,9483.324
9790,9574.954
10398,9710.347
10900,10129.969
10130,9894.689
9940,9533.525
9471,9103.753
9397,8987.817
10250,10197.144
11917,11903.21
12037,12058.487
11962,11999.1455
12183,12201.644
12234,12196.579
12095,11582.471
12085,11897.597
11689,10228.547
11257,11219.234
10923,9529.765
10616,10647.754
10519,10390.9795
10164,9873.217
9974,9686.311
9950,9954.855
10154,10144.716
10478,10523.422
10699,10083.482
10686,10058.012
10809,10160.072
10681,10024.938
10767,9973.787
10603,10538.011
10664,10683.279
11515,11432.796
12990,12753.291
13240,12861.784
13195,12769.483
12973,13070.894
12802,12866.341
12676,12683.291
12457,12293.689
12084,11693.5
11780,11374.227
11279,10854.708
11065,10625.055
10733,10729.801
10410,10419.334
10278,10297.083
10508,10515.705
10910,10918.187
11285,11244.495
11568,11559.529
11824,11949.158
11971,11420.654
11596,10150.118
11384,9996.216
10938,9556.789
10771,9990.827
11433,11393.163
12790,12731.183
12734,12768.499
12852,12861.802
12622,12693.802
12625,12627.127
12350,12340.026
12270,12200.872
11950,11514.539
11600,11524.23
11220,11102.427
11000,10922.177
10900,10453.395
10480,10464.725
10540,10480.444
10660,10581.587
10967,10938.735
11476,11450.998
11829,11893.641
12262,12195.179
12415,12361.484
12202,11849.78
12490,11971.437
12350,11826.841
11985,11428.548
12470,12431.338
14120,13609.963
13870,13960.719
13850,13834.474
13760,13728.269
13550,13662.283
13500,13387.008
13200,10814.455
12850,11901.839
12300,12178.56
12100,12069.255
11700,11658.227
11470,11333.501
11000,10871.801
11050,8655.874
11190,10868.313
11500,11244.381
11850,11879.484
12131,12193.58
12429,12227.425
12754,12770.965
12604,12066.091
13000,12492.193
13050,12147.613
12650,12015.165
12900,12920.673
14500,13868.753
14600,14367.327
14750,14367.327
14675,13983.553
14600,14443.939
14220,14478.165
14170,14049.573
13820,10402.121
13300,9987.35
12900,10991.659
12700,11917.241
12400,12382.83
11800,11758.736
11600,9958.167
11580,9946.508
12050,12029.059
12070,12165.262
12280,12362.603
12690,12699.4795
12780,12396.146
12880,12990.096
13100,13125.654
13060,11581.212
12650,12295.114
13200,13207.057
14700,14227.983
14760,14692.13
14900,14700.933
14800,14697.69
14650,14337.551
14600,13962.969
14550,14444.084
14200,14434.508
13650,13464.683
13300,9996.061
13000,11187.013
12800,11672.581
12250,11679.035
11550,9483.599
11480,10095.618
11265,9868.605
11565,10743.127
11810,11313.124
12315,12239.589
12920,12884.508
12950,12795.201
13150,12860.002
13000,12073.774
12520,12584.768
13150,13068.416
14550,14182.8125
14580,14656.563
14600,14633.886
14700,14683.895
14500,14054.701
14450,14635.791
14200,14440.863
14000,11755.977
13700,11763.988
13400,10933.357
13100,12045.371
12850,11028.325
12300,10374.719
11550,9472.561
11320,11160.87
11270,11258.569
11300,11287.029
11450,11313.413
12000,12006.741
12420,12386.755
11950,12174.349
12150,12274.32
11550,11565.295
11200,11093.844
12000,11725.443
12908,12616.001
13140,12997.61
13485,13681.577
13430,13500.746
13650,13538.328
13670,11716.694
13500,11746.707
13000,10123.857
12600,12321.53
12500,12251.181
12200,12098.802
11500,10481.648
11290,9574.884
10728,9081.671
10340,9303.63
10425,9030.612
10500,9755.747
11050,10293.542
11450,10831.789
11850,10532.421
11660,10331.855
11980,11475.83
11800,10408.331
11600,9957.944
12830,12609.434
13820,13353.587
13730,13206.381
13900,13451.459
13650,13680.06
13600,13539.008
13600,13407.301
13330,10651.556
12950,10814.632
12600,11371.123
12300,11258.206
12050,10694.804
11730,9300.753
11400,9386.716
11200,9215.674
11200,9525.6
11450,9978.396
11840,10586.494
12000,12069.091
12530,12547.305
12636,12227.776
12622,12274.748
12800,12347.112
12370,11079.676
12110,12060.897
13000,13067.978
14200,13785.773
14200,13978.3
14175,13489.0205
14100,12959.908
13900,13468.613
13800,13742.386
13600,11025.606
13050,9684.728
12700,12371.935
12350,11554.336
12150,11333.992
11950,10219.889
11400,9611.855
11300,9431.33
11250,8867.919
11250,9641.714
11500,10121.804
11902,12060.715
12293,12361.493
12040,11672.312
12520,12587.075
12800,12340.331
12550,12209.739
12250,12055.253
13200,13060.277
14200,13949.241
14050,13063.475
14100,13066.484
14100,13510.689
13700,13848.917
13800,12737.4795
13550,13347.203
12800,9252.942
12450,11871.293
12100,9944.0625
11800,10026.79
11500,9672.926
11200,9315.177
11100,9214.953
10950,9485.846
11120,10138.678
11490,10112.279
11779,11936.672
12085,12087.132
12100,12299.868
11596,11556.612
11720,10943.686
11350,9558.225
11120,10853.515
12450,12124.523
13360,13162.785
13100,12829.776
13075,12726.217
13080,12282.324
12810,11499.339
12600,12464.383
12430,12241.936
12200,11230.298
11550,9086.681
11270,9157.305
11020,8914.923
10600,9001.713
10310,9543.279
10085,9574.656
10102,9712.233
10439,9064.484
20587,9168.906
10716,8272.459
11311,11023.805
11214,9255.967
10686,9215.607
10715,9861.492
10559,9668.469
10640,10652.643
11725,11696.034
12582,12576.187
12443,12405.159
12421,12402.138
12126,12124.897
11930,11896.528
11595,10892.985
11310,9718.109
10855,9378.723
10386,9509.737
9932,9560.39
9667,9278.431
9372,8953.805
8825,8326.881
9188,8750.505
9614,9208.027
10070,9959.008
10438,9593.073
10602,9248.727
10985,10106.505
10836,9974.038
11037,10186.095
10618,9181.085
10478,9610.733
11298,10424.123
11300,10741.673
10976,10405.405
10954,10930.441
10795,9917.963
10446,9564.885
10236,9820.284
10234,9820.284
8008,7592.126
8981,8534.362
8947,8545.713
8873,8448.594
8769,8326.268
8614,8571.179
8295,8283.722
8238,8211.066
8281,7874.51
8368,7948.6035
8693,8387.05
9326,9030.276
9911,9670.042
9539,9298.843
9362,8992.405
9068,8711.515
9057,8684.645
10117,9793.681
11189,10329.473
11326,9381.4795
11316,9381.4795
11396,9471.369
11306,9867.168
11235,9776.194
11175,9723.737
10563,9214.86
10302,9558.124
9963,9696.54
9728,9755.335
9330,9215.714
9296,9009.35
9215,9128.667
9703,9722.343
10120,10134.415
10319,10342.692
10336,10221.637
11030,10971.27
11528,10251.3125
11303,10055.221
11675,9758.716
11334,9960.22
11130,10984.819
12147,12143.553
13458,13348.63
13206,13265.849
13183,13204.224
13098,13067.864
12918,12947.037
12750,12667.112
12520,12370.618
12100,11637.74
11650,11133.323
11270,10779.714
11120,10595.733
10850,10439.432
10600,10140.805
10344,10386.909
10368,10370.174
10718,10732.082
10996,10971.215
11427,11256.064
11991,12065.042
12031,12127.785
12065,12116.248
12088,12145.05
12150,12136.729
11798,11806.755
12900,12825.223
14060,13785.839
13841,13906.0625
13875,13885.1455
13630,13695.498
13489,13520.571
13230,13202.347
13030,13136.187
12550,12191.719
12100,11528.134
11670,11172.398
11300,10542.916
11120,10032.864
10880,10101.075
10670,9882.768
10740,9978.945
10890,10101.439
11123,10835.978
11445,11432.246
11911,11914.307
12239,12193.838
12230,12231.021
12430,12247.614
12280,12228.789
12150,12175.357
13200,13248.064
14220,13860.382
14191,14039.075
13912,13952.269
13880,13857.245
13600,13784.141
13300,12842.317
12830,12903.24
12230,12456.429
12010,11869.98
11590,11166.753
11420,10818.86
11020,10490.788
10751,10521.025
10886,10636.787
11033,10703.715
11130,10856.583
11708,11734.26
12224,12217.511
12437,12421.261
12242,12255.644
12427,11883.029
12250,12209.716
12020,12031.192
13250,13101.853
14085,13870.103
14040,14006.36
13835,14052.656
13643,13750.631
13498,13277.551
13450,13426.324
13265,13409.078
12750,12964.171
12300,12316.3955
12000,11895.943
117000,11577.011
11440,13090.805
11170,10822.483
10940,10683.292
10900,10667.313
11220,11004.085
11300,11274.825
11900,11629.53
12290,12005.432
12425,12232.541
12309,12006.224
12450,12115.579
12325,12308.47
12100,11898.49
13300,13169.31
14400,14226.25
14450,14439.1455
14470,14449.065
14217,14487.1045
14125,14163.916
13850,14006.599
13650,13122.072
13050,13216.41
12600,12691.761
12450,11423.914
12200,11520.376
11900,9908.613
11650,10000.483
11200,11187.195
11250,9860.001
11480,11276.646
11550,11587.394
11980,12063.682
12130,12178.573
12400,12372.78
12700,12460.773
12900,12518.322
12650,12495.584
12400,12393.448
13800,13117.165
14200,14223.004
13950,14245.074
14000,14065.483
13930,14142.301
13700,13712.561
13450,12947.403
13200,12539.844
12700,12767.012
12250,12285.748
11900,11997.092
11560,11596.433
11170,11168.646
10700,10721.131
10050,10082.378
9830,9900.142
9613,9617.42
9676,9703.913
10162,9945.79
10593,10427.453
11125,10898.485
10820,10884.122
10998,10985.718
10488,10535.637
10194,10211.794
11537,11465.923
12617,12030.943
12697,12715.202
12852,12502.311
12712,12470.956
12670,12686.494
12550,12485.497
12350,12301.934
11990,12020.514
11600,11545.157
11090,11032.075
10890,10895.721
10465,10490.102
10105,10111.73
10012,10049.853
9972,9983.856
10166,10176.975
10237,10225.381
10790,10851.41
11230,11130.418
11427,11367.792
11322,11296.942
11650,10354.307
11450,10210.456
11240,9775.822
12870,12412.368
13720,12612.327
13460,13075.085
13670,12513.458
13440,13629.531
5743,13249.157
13200,12956.822
12950,12971.048
12050,12384.851
11800,11769.843
11220,11202.947
11200,11150.444
10950,10932.458
10420,10437.205
10425,10442.415
10375,10391.906
10800,10748.947
11195,11026.135
11570,11132.624
11975,12102.533
12070,12164.971
11985,11987.746
12300,12315.805
12050,11678.9795
11950,11921.8545
13400,13348.775
13870,13345.799
13852,13391.623
13811,13889.257
13471,13646.87
13315,13480.485
13030,13078.933
12680,12786.414
12000,12150.358
11750,11715.944
11400,11450.573
11000,10964.094
10650,10667.772
10270,10023.53
10320,9739.716
10285,9959.574
10447,10497.363
10809,10611.499
11271,11004.264
11862,11905.331
12055,12038.91
11900,11843.422
12100,12060.516
11850,11667.26
11775,11533.36
12600,12358.321
13450,13305.781
13742,13842.049
13664,13195.691
13391,13628.002
13224,13276.447
13060,13009.371
12450,12551.55
12175,11779.274
11600,11580.308
11350,11353.441
10800,10825.059
10530,10538.226
10200,10160.379
10185,10157.007
10270,10201.73
10540,10515.775
10754,10799.049
11407,11430.13
11800,11706.196
12050,12078.501
12120,12177.628
11870,11833.584
11850,11767.512
11800,11782.243
13200,12678.3955
13712,13737.559
13832,13890.726
13585,13761.379
13446,13635.802
13299,13276.447
13000,13064.499
12610,12710.5625
12150,11800.555
11600,11169.031
11170,10588.373
10800,10358.22
10600,10150.709
10220,9757.845
10222,10192.707
10512,10526.637
10638,10663.801
11040,11071.531
11485,11461.131
11833,11859.265
12043,12024.019
11650,11558.83
12200,11872.8
11800,11555.855
11850,11701.341
13050,12826.929
13600,13143.1045
13050,12718.29
13313,12663.183
13225,12768.983
13102,13085.354
12823,12952.186
12320,12517.275
11870,11416.23
11300,10806.555
11045,10984.302
10533,9016.51
10339,9437.739
9946,9934.876
10150,10151.135
10156,10172.183
10435,10472.453
10861,10896.802
11036,11081.904
11503,11493.608
11970,11990.7705
12050,12027.957
12150,12166.044
11740,10300.404
11700,11500.999
12800,12147.7
13550,12877.038
13370,13065.643
13300,13299.682
12750,13046.602
12510,12181.424
12025,11714.801
11695,11651.566
11220,11110.509
11090,9447.172
10690,9196.356
10270,9791.909
9808,9411.501
9427,9018.776
9025,8596.424
9045,8670.799
8998,9002.506
9278,8933.807
9499,9146.92
10165,9812.721
10790,10400.114
10340,10378.849
10310,10290.137
9950,9939.197
9543,9580.684
11350,10953.783
11780,11465.238
11570,11342.588
11450,11375.121
11600,11513.383
11450,11345.421
11200,11078.682
10990,10938.59
10520,9823.319
10041,9744.857
9735,9450.721
9409,9128.364
9212,8898.867
8974,8642.996
9121,8808.248
9478,9489.116
10085,10095.411
10301,10355.771
10785,10791.576
11390,11384.849
11640,11555.331
11700,10971.412
11720,11706.285
11580,11495.031
11260,11164.263
12650,12513.93
13180,13096.111
12970,12953.895
12672,12427.275
12520,12453.413
12039,12081.947
11699,11714.472
11738,11710.398
11176,11169.202
10800,10818.572
10428,10457.217
10036,10045.685
9719,9712.294
9499,9492.524
9610,9595.347
9974,9962.284
10433,10464.263
10890,10508.967
11400,10903.601
11800,11292.262
12100,11635.871
12000,11866.095
12000,11974.972
11700,11712.486
11550,11640.74
12100,12133.012
12600,12510.226
12820,12740.54
12948,12867.689
12481,12607.062
12260,12217.296
12020,11988.94
11770,11711.919
11300,10820.559
10933,10926.933
10614,10649.073
10275,10281.923
9993,9960.173
9754,9741.934
9886,9896.603
10311,10326.595
10635,10664.633
11090,11000.933
11390,11386.948
11850,11820.626
11800,10486.699
11400,10037.3545
10881,9594.642
10436,9071.897
10571,10563.118
12144,12126.329
11978,12000.961
11903,11911.9795
11828,11876.876
11484,9974.808
11221,9749.886
11097,9634.862
11111,11064.014
10810,10816.655
10345,10331.546
9985,9754.916
9759,9536.993
9370,8972.001
9178,8690.508
9157,8690.508
9316,8919.741
9321,9029.768
9389,9144.914
9784,9568.644
10238,9995.476
10512,9779.137
10257,9945.231
10123,9897.5205
9711,8852.282
9661,9308.652
11093,11133.533
11269,11235.193
10987,10992.291
10998,10982.8545
10726,10735.137
10572,10566.042
10333,10343.746
9983,9975.997
9748,9759.492
9207,9171.311
9125,9113.688
8867,8837.796
8563,8518.805
8504,8462.847
8745,8676.129
9153,9122.438
9709,9716.247
10023,10060.914
10599,10593.843
10768,10808.032
11125,11118.7295
11264,11192.532
11450,11411.051
11075,10970.417
10850,10824.535
12410,12281.544
12425,12379.775
12250,12199.955
12114,12132.994
11864,11867.532
11494,11470.595
11172,11174.328
10963,10929.807
10511,10516.723
10148,10164.853
9876,9877.816
9558,9586.084
9404,9438.196
9206,9150.784
9445,8987.068
9685,9650.867
10055,10065.612
10194,10224.982
10900,10888.083
11289,11030.83
11560,11380.656
11440,11393.9795
11560,11289.098
11360,9971.415
11185,11149.01
12450,12411.546
12730,12756.825
12370,12027.481
12370,12235.267
12050,12052.588
11815,11767.728
11510,11435.286
11162,11179.868
10611,10654.24
10409,9500.773
10059,9873.899
9719,9326.62
9462,9081.291
9042,8583.22
9005,8596.424
8976,8975.713
9000,8946.176
9068,9081.304
9270,9070.89
9860,9696.03
10336,10144.441
9831,9651.863
9697,9495.35
9377,9411.281
9208,9203.068
10983,10854.449
10967,10959.825
10958,10962.19
10894,10004.451
10771,10565.806
10711,10715.912
10422,10416.245
10235,10205.844
9817,9716.734
9506,9251.119
9203,8918.747
8697,8728.558
8560,8533.297
8411,8250.681
8694,8548.414
8907,8879.974
9166,9189.724
9263,9290.6
9717,9745.479
10299,10252.03
10381,10305.827
10446,9817.199
10529,9829.402
10269,10031.077
10269,10040.041
11469,10669.808
11798,11742.072
11651,10272.427
11508,10135.852
11227,11115.605
10862,10762.03
10603,9872.185
10368,9602.756
9972,9723.638
9505,8761.696
9206,8921.394
8812,8491.992
8543,8205.965
8502,8154.2856
8873,8563.819
9000,8953.417
9589,9622.95
9682,9596.747
10190,10087.428
10675,10438.479
10897,10669.007
10759,10147.099
10714,10064.094
10409,9656.964
10516,9750.925
11825,11802.774
11566,10135.911
11408,10070.0625
11291,9971.151
11130,9764.164
10686,9342.486
10434,9688.265
10219,9913.478
9715,9326.62
9279,8830.141
8961,8513.696
8700,8232.82
8517,8044.1377
8476,8007.3716
8840,8367.961
9244,8944.578
9504,9265.11
9838,9597.834
10228,10008.12
10823,10492.103
11039,10700.219
10814,9505.694
10902,10153.601
10694,9864.655
10613,9784.355
11977,11987.843
11951,11899.85
11718,10247.629
11691,10174.956
11358,9892.026
10981,9496.253
10651,9784.051
10413,9522.633
9945,9551.849
9523,9540.935
9216,9022.685
8951,8986.982
8702,8668.198
8643,8591.928
9000,8931.674
9380,9406.194
9682,9699.815
10119,10159.972
10493,10421.43
11078,10960.47
11611,11417.927
11352,11191.13
11479,10080.292
11058,9625.358
10526,9054.647
11800,11155.652
12466,11831.177
12377,11358.308
12151,11111.737
11692,11461.457
11349,11371.407
10958,10929.807
10661,10683.345
10288,10281.5
9893,9913.584
9489,9508.074
9187,8772.733
9006,8614.62
8872,8466.241
9274,9297.649
9480,9506.89
9872,9887.649
10215,10239.639
10821,10126.056
11030,10229.034
11115,10285.1875
11360,9972.804
11700,10371.8
11275,9745.161
12510,10816.309
12570,12143.19
12400,12114.66
12410,12395.319
12060,12057.444
11683,11673.374
11295,11321.599
11118,11117.624
10522,10525.0
10112,10135.053
9817,9830.921
9601,9612.219
9254,9272.587
9243,9251.423
9460,9461.351
9699,9707.79
9910,9925.162
10446,10354.5
10746,10671.997
11209,11186.349
11700,11735.378
11670,11717.595
11650,10371.56
11400,9214.209
11170,10966.582
12650,12573.415
12520,11306.38
12420,12093.185
12300,12226.889
11900,11914.727
11656,11524.24
11444,11388.846
11168,11114.167
10614,10654.24
10327,10330.071
9921,9913.584
9607,9612.219
9354,9375.953
9186,9188.692
9128,9134.038
9084,9080.815
8889,8920.368
9076,8868.364
9270,9030.053
9782,9562.473
10473,9788.741
9798,9589.197
9660,9471.186
9370,9008.755
9394,9355.56
11058,10954.416
10919,10929.063
11000,11011.597
11040,9530.486
10965,10926.399
10823,10808.321
10630,10637.303
10376,9513.734
9814,9573.513
9538,9281.631
9265,8985.182
8998,8995.192
8834,8873.938
8659,8674.1875
9037,8783.265
9260,9098.588
9209,9061.997
9359,9193.931
9731,9611.884
10302,9701.644
10751,10122.61
10566,9923.939
10700,9989.123
10620,9752.936
10630,9750.178
12270,11598.282
12115,11132.507
12015,11376.383
11874,11291.892
11573,10142.171
11220,9839.953
10948,9537.449
10844,10060.82
10127,10019.993
9683,9398.059
9382,9080.078
9120,8808.924
9036,8726.8545
8894,8605.267
9334,9005.137
9634,9488.38
9885,9771.489
10211,10222.827
10482,10415.103
10908,10926.231
11000,10876.663
10850,15375.681
10890,10780.889
10600,10541.902
10783,10777.904
12197,11597.271
11704,11764.506
11774,11242.499
11657,10235.785
11327,9931.437
10937,9545.99
10478,9718.674
10391,9616.346
9835,9425.54
9528,9539.039
9206,8774.479
8732,8321.226
8621,8191.815
8534,8118.5093
8829,8367.522
9264,8984.907
9490,9267.531
9754,9527.719
9849,9665.73
10465,10148.125
10900,10479.6455
10520,9771.467
10450,9646.1045
10360,9483.281
10320,9936.703
11741,10332.722
11585,9509.491
11277,9779.09
11210,11022.595
10803,9376.005
10565,9689.566
10103,9774.006
9952,9596.197
9380,8657.601
9010,8600.286
8615,8229.305
8433,8059.857
8313,7930.6353
8279,7555.323
8744,8332.112
8928,8675.385
9226,8948.705
9535,9303.685
9831,9598.156
10339,10258.5625
10600,10530.306
10480,9657.68
10290,10000.525
10015,9628.054
10090,9791.293
11175,11026.678
11253,11234.512
11042,11074.932
10850,10881.922
10537,10303.881
10126,10132.058
9851,9874.821
9586,9611.033
8991,8999.701
8619,8633.068
8347,8068.823
8125,7615.531
7970,7493.473
8017,7535.8423
8405,7942.434
8880,8597.206
9076,8848.147
9231,8970.605
9597,9374.477
10250,9765.171
10376,9861.151
10170,9799.09
10050,9809.52
9812,9480.43
9994,9632.291
11315,9968.39
11204,9291.99
10985,9047.206
10889,10058.281
10562,10350.774
10206,9849.51
9794,9582.03
9497,9295.777
8958,8769.676
8581,8200.748
8233,7511.9424
8071,7682.4766
7938,7550.892
8003,7615.427
8632,8203.22
8828,8522.281
9125,8842.6045
9246,8999.173
9526,9307.066
10048,9875.915
10457,9723.663
10192,9978.444
10106,9894.954
9949,9600.771
10040,9699.278
11740,10372.691
10798,9380.127
10699,9863.637
10414,9566.657
10413,9557.636
9957,9595.875
9721,9372.456
9550,9230.696
8984,8599.642
8453,8086.7075
8249,7752.6426
8054,7560.6914
7805,7455.0806
7748,7415.6514
7848,7417.476
7970,7607.6997
7737,7164.619
7817,7574.4443
8062,7738.1895
8705,8451.039
9316,9136.949
8532,8550.304
8152,7945.4077
7886,7496.104
8032,7687.769
9411,9059.194
9498,9139.798
9556,9210.489
9480,9134.225
9386,9015.346
9182,8816.601
8861,8466.342
8752,8328.008
8377,8033.8745
8006,7643.9604
7647,7407.234
7377,7150.4604
7369,7129.605
7493,7194.383
7976,7601.3374
8298,8253.777
8325,8345.648
8408,8434.88
8892,8827.242
9414,9456.357
9869,9896.6
9706,9739.959
9581,9465.738
9533,9285.042
9669,9435.635
11207,10220.851
11015,10989.731
10842,10877.674
10729,10720.363
10532,10510.744
9941,9946.875
9628,9370.186
9332,9041.332
8948,8628.319
8429,8114.696
8191,7791.739
7839,7525.26
7754,7462.602
7868,7725.327
8339,8274.968
8715,8706.238
9082,9085.431
9217,9263.507
9616,9647.866
10201,10228.974
10638,10550.437
10338,10497.239
10176,10313.983
10000,9861.957
10020,9923.499
11680,10398.187
11196,9876.652
10981,9639.056
10746,10023.587
10497,10393.404
10180,10203.39
9647,9370.932
9297,8998.847
8841,8428.89
8447,8004.103
8314,7873.3423
7914,7702.41
7806,7776.113
7927,7906.671
8451,8401.721
8923,8959.986
8978,9003.563
9192,9229.771
9489,9529.791
10157,10194.369
10531,10422.45
10204,10004.371
10123,10131.946
9939,9954.651
10074,10100.396
11553,11490.293
11292,11321.823
11092,11119.005
11038,11073.563
10692,10739.258
10212,10203.39
9770,9792.819
9537,9537.531
8972,8956.649
8567,8539.811
8342,8296.898
8074,7758.703
7882,7479.9336
8007,7534.865
8557,8292.199
9062,9034.29
9150,9193.428
9451,9504.231
9799,9816.889
10298,10253.54
10650,10548.922
10355,10346.631
10340,10334.427
10100,10097.585
10140,10137.292
11657,11688.133
11210,11230.69
10890,10927.533
10855,10865.427
10540,10513.302
10269,10290.696
9940,9945.583
9587,9612.606
9049,9079.514
8234,8181.8647
8410,8366.258
8150,7833.634
8060,7736.9365
8113,7787.2754
8709,8423.653
9015,9050.255
9188,9094.112
9337,9274.655
9663,9660.79
10363,10374.605
10585,10525.751
10300,10298.06
10230,10198.74
10145,10131.58
10291,10298.12
11892,11917.849
11518,11501.978
11188,11177.077
11097,11114.833
11009,10982.901
10527,10530.024
10224,10204.476
9934,9949.755
9312,9339.02
8935,8920.595
8720,8698.247
8424,8403.735
8260,7941.9307
8341,8054.3164
8798,8520.947
9380,9404.668
9485,9508.173
9339,9377.274
9677,9435.191
9805,9563.116
10205,9970.136
9927,9716.823
9814,9478.212
9682,9338.496
10147,9821.093
11088,10272.894
10759,9293.678
10552,10304.361
10495,9647.827
10255,9945.357
9739,9404.742
9502,9152.687
9227,8816.626
8827,8383.462
8229,7725.3877
7989,7534.553
7610,7269.5254
7381,7040.872
6968,6603.4634
6877,6514.998
7046,7010.123
6845,6630.239
6752,6523.6367
6801,6567.494
7098,6893.573
7319,7110.6636
6243,6128.7974
5437,4953.2153
4897,4542.4814
4789,4417.034
6108,5285.549
6390,5786.4434
6607,6269.0137
6770,6418.7974
6897,6540.1357
6922,6565.84
6834,6484.1943
6670,6313.6265
6447,5958.343
6179,5693.3496
5946,5065.8926
5748,5729.3076
5719,5119.849
5980,5377.115
6568,5952.859
7156,6761.263
7486,7101.2837
7677,7308.052
8075,7616.927
8588,8617.606
8741,8641.879
8729,8612.895
8829,8688.491
8769,8763.552
8862,8901.574
10596,10089.472
10373,9326.068
10057,10093.775
9907,9910.323
9907,9907.947
9483,9506.143
9008,8703.741
8627,8610.564
8246,8252.835
7868,7840.995
7640,7637.2563
7427,7201.964
7338,7112.6133
7402,6816.12
7942,7948.124
8400,8406.574
8716,8721.289
8815,8813.11
9074,9103.556
9557,9606.319
9898,9931.638
9406,9335.657
9649,9480.527
9419,9325.91
9538,9538.134
11033,11084.344
10761,10894.928
10535,10511.225
10455,10460.944
10275,10290.272
9872,9873.753
9537,9536.359
9086,9097.517
8477,8448.99
8222,8104.968
7911,7562.2217
7710,7365.994
7592,7246.0127
7620,7290.516
8165,7655.8027
8728,8691.648
8804,8832.9
8908,8820.779
9376,9297.539
9737,9534.888
10055,10051.73
9904,9918.094
9695,9687.215
9488,9510.291
9694,9727.788
11253,10989.4375
11044,11077.109
10623,10661.359
10534,10511.225
10358,10374.955
10011,10039.297
9393,9407.0205
9128,9149.98
8694,8670.519
8335,8297.69
8007,7934.8604
7868,7839.934
7812,7794.509
7884,7861.052
8389,8320.876
8829,8803.971
9010,9022.882
8968,8979.052
9253,9281.687
9707,9736.991
9861,9869.926
9620,9373.4795
9560,9350.898
9307,9125.267
9679,9475.898
11034,9736.711
10694,9290.798
10560,10349.743
10306,10337.19
10109,10130.989
9745,9757.876
9283,8913.139
9069,8706.94
8606,8161.2085
8163,7657.6367
7777,7373.3687
7665,7262.18
7580,7185.1797
7707,7305.161
8324,7875.9673
8820,8403.911
8680,8400.73
8653,8280.449
9002,8636.342
9457,9217.794
9720,9500.708
9598,9372.348
9346,9106.613
9143,8766.5205
9234,8859.2295
10696,9866.984
10424,10461.99
10327,9470.8545
10090,9777.59
9914,9555.641
9556,9229.95
8988,8606.347
8682,8310.983
8388,7984.858
7951,7531.605
7556,7208.0557
7507,7164.7803
7341,7003.2046
7450,7100.7524
8060,7602.835
8733,8450.338
8546,8167.307
8581,8339.517
8887,8624.277
9340,9118.296
9655,9462.847
9367,9148.212
9257,9271.939
8919,8753.727
9268,9093.036
10409,10429.611
10397,10214.406
10264,10079.642
10184,10202.802
9827,9828.667
9354,9373.699
9042,9033.317
8748,8700.655
8251,8143.331
7854,7829.1997
7652,6973.9995
7438,6656.8022
7277,6494.5015
7417,6648.605
7437,6788.222
7804,7239.9824
7496,7113.055
7339,6833.2837
7558,7598.8574
8215,8260.083
8829,8840.948
7914,7921.08
7327,6719.787
7278,6889.644
7582,7374.5557
9061,9069.521
9047,9071.613
8960,8755.809
8981,8990.26
8804,8823.19
8642,8668.867
8253,8143.224
7962,7887.9165
7621,7339.6973
7146,6499.1255
7001,6045.535
6838,6072.5845
6700,5938.3794
6967,6199.304
7624,6956.58
7988,7872.314
7389,7115.162
7433,6825.6196
7857,7334.083
8140,8054.2104
8566,8602.154
8351,8389.894
8267,8164.747
8516,8249.572
8901,8617.715
10583,9919.426
10297,9679.404
10103,9999.954
9918,9766.805
9600,9353.97
9264,8961.987
8857,8559.95
8516,8168.5933
7987,7625.8145
7595,7294.136
7327,7027.171
7124,6842.406
7092,6799.28
7454,7172.4927
7913,7881.008
8451,8399.917
8426,8389.744
8575,8551.871
8728,8730.18
9325,9369.003
9573,9623.839
9347,9387.389
9075,8976.512
9064,9098.491
9421,9437.859
10721,10725.533
10419,10423.384
10160,10161.592
10060,10093.775
9890,9909.5205
9414,9435.942
9001,8989.872
8689,8620.25
8164,8040.947
7872,7839.841
7467,7114.3335
7329,6961.8047
7273,6920.783
7504,7147.112
8136,8013.0474
8559,8514.497
8579,8585.796
8460,8496.82
8930,8978.609
9553,9624.804
9859,9917.316
9490,9520.475
9400,9196.75
9258,9271.847
9620,9412.192
10831,10130.254
10646,9939.432
10455,9723.792
10438,9725.926
10017,10038.882
9678,9688.858
9166,8887.757
8871,8597.337
8427,8385.126
8020,7711.2036
7698,7330.4077
7570,7432.63
7508,7503.9165
7692,7410.6045
8257,7854.798
8750,8559.786
8680,8316.419
8840,8760.359
9106,8975.924
9651,9538.681
10016,9888.406
9614,9521.511
9461,9492.217
9320,9090.702
9788,9418.462
10847,10657.663
10715,10720.363
10586,10559.486
10298,10337.19
10009,10038.975
9651,9626.503
9277,9263.265
8920,8915.274
8446,8388.028
8069,7542.173
7768,7354.0713
7583,7185.1797
7400,7412.9966
7676,7662.2427
8095,7758.964
8595,8164.309
8805,8791.05
8810,8738.481
8875,8474.822
9615,9379.262
9795,9794.526
9590,9606.169
9245,9263.8125
9120,8904.755
9546,9240.42
10786,9953.964
10756,9914.927
10436,10460.944
10360,9509.1
10108,9777.109
9699,9371.71
9321,8943.77
8882,8511.331
8408,7950.0454
8051,7541.747
7719,7305.161
7487,7145.6274
7398,7051.1387
7562,7343.642
8141,7637.5107
8770,8759.948
8968,8737.155
8894,8920.905
9210,9262.181
9608,9634.707
9692,9769.246
9580,9626.2295
9387,9409.699
9180,9209.209
9284,9304.147
10725,10727.959
10506,10504.554
10312,10126.079
10288,9936.873
9946,9595.129
9598,9611.86
9345,9373.699
8821,8778.201
8521,8481.835
8127,8015.0693
7908,7882.0654
7615,6859.3506
7375,5965.3354
7382,6984.4634
7450,7043.659
7627,7630.334
7361,7358.8936
7330,7318.35
7585,7603.264
8306,8326.5
8808,8821.542
7860,7867.7144
7604,7340.7227
7461,7464.8228
7629,7630.9697
9095,7502.4106
9203,9205.115
9138,9150.461
9199,8994.004
9032,9047.744
8710,8726.941
8444,8398.841
8160,8040.0356
7689,7393.574
7377,7380.69
7061,6780.529
6903,6602.423
6874,6584.736
7092,6804.077
7517,7370.891
7931,6931.739
7770,7808.5464
7874,7866.9897
8182,7184.899
8864,8786.363
9135,9078.997
9000,8953.385
8711,8793.711
8700,8736.404
9225,9242.364
10636,9880.507
10408,10423.291
10198,10089.253
10137,9904.952
9945,9692.691
9470,9225.839
9090,8805.726
8710,8357.276
8268,7857.807
7902,7881.6875
7624,7628.688
7382,7088.57
7314,7027.171
7508,7212.478
7985,7914.661
8580,8525.462
8730,8666.963
8685,8589.146
9050,8957.233
9480,9247.903
9830,9851.665
9520,9543.052
9380,9955.289
9200,9207.726
9572,9567.447
10876,10095.764
10594,9900.15
10369,9716.1
10143,9905.274
10006,9782.9795
9589,9355.439
9075,8807.471
8741,8402.881
8198,7685.9946
7875,7461.415
7624,7230.109
7424,7032.148
7224,6990.4834
7674,7439.531
7887,7861.4775
8576,8514.59
8777,8744.588
8685,8690.957
9001,8999.582
9415,9447.722
9646,9637.904
9397,9403.393
9302,9333.307
9146,9154.451
9524,9328.545
10762,9921.154
10921,9675.351
10544,10312.638
10312,9469.043
10056,9739.415
9661,9335.071
9196,9207.603
8755,8779.849
8345,8279.068
8039,7977.4077
7830,7434.9263
7445,6952.4536
7347,6854.906
7675,7262.18
7972,7491.749
8531,8475.083
8658,8653.707
8708,8728.706
8970,8986.493
9039,8864.596
9558,9479.248
9252,9018.19
8990,8606.412
8883,8498.031
9452,9115.845
10838,9626.312
10243,9988.055
10245,9850.652
10209,9849.244
9760,9386.122
9532,9165.031
8948,8558.542
8616,8221.518
8045,7560.8228
7785,7373.3687
7528,7126.359
7388,6980.039
7309,6918.64
7409,6990.7314
7738,7722.588
8565,8575.587
8665,8681.474
8662,8647.24
8948,8935.827
9153,9174.485
9263,9254.065
9139,9136.681
9186,9191.335
9046,9057.926
9805,9775.278
10827,10813.57
10474,10504.554
10349,10357.239
10083,10075.579
9971,9931.135
9539,9520.807
9154,9164.83
8655,8653.48
8195,7840.5273
7614,6193.6675
7333,7123.295
7101,7101.775
6835,6833.804
6896,6889.7456
7317,7319.291
8125,8128.41
8526,8509.328
8557,8214.545
8762,8761.879
9214,9224.168
9358,9357.109
8821,8598.354
8556,8190.596
8554,8168.1733
8926,8553.834
9839,9599.393
9501,9134.225
9308,8924.309
9160,8773.986
8964,8578.498
8503,8073.8403
8139,7798.9565
7717,7312.612
7390,7040.872
6936,5617.1855
6854,6517.861
6648,6283.387
6539,6300.486
6651,6310.1743
6755,6481.42
7342,6946.796
7324,7039.015
7147,7175.746
7411,7437.2773
8019,7390.409
8503,8241.502
7482,5840.8286
7097,6883.9824
6956,6637.107
7275,7278.5283
8608,8597.79
8598,8595.627
8589,8534.63
8619,8544.6875
8611,8544.207
8339,8273.382
7948,7865.751
7667,6909.0107
7044,6759.3945
6819,6585.025
6645,6065.931
6458,5869.0093
6263,5668.2495
6501,6258.688
7041,6759.3457
7658,6388.055
7645,6993.6597
7557,7414.5044
7755,7456.3506
8067,7871.1045
8408,8233.96
8030,7864.65
7852,7642.694
7921,7615.024
8330,8046.126
9678,9549.948
9849,9598.146
9695,9449.983
9727,9482.27
9380,9096.457
9015,8739.076
8494,8136.1743
8090,7669.0967
7668,7370.711
7266,6291.0776
6917,6095.7363
6770,6540.7773
6672,6106.6963
7030,5749.6665
7429,6394.3213
8057,7650.024
8315,7962.2495
8242,8076.0493
8342,8162.1226
8640,8468.871
8800,8613.996
8684,8545.17
8450,8327.599
8275,8033.768
8638,8398.563
9773,9545.612
9733,9519.583
9697,9487.297
9668,9447.148
9434,9161.325
9090,8787.104
8610,8352.884
7989,7683.639
7505,7164.7803
7184,6854.8003
6914,5990.0107
6764,5495.2544
6576,5629.887
6785,5862.376
7260,6915.688
7997,7514.929
8224,7858.1626
8087,7834.3945
8255,8016.944
8635,8336.442
8956,8724.7295
8556,8339.836
8253,8031.222
8233,7904.5273
8692,8329.825
9966,9592.18
9909,9040.998
9731,9384.281
9761,9384.281
9505,9133.641
8966,8582.903
8559,8188.8315
8153,7763.908
7496,7043.4824
7143,6808.3955
6856,5927.8154
6685,5998.1655
6609,6282.7485
6817,6475.4365
7218,6526.5522
8048,7696.251
8201,7953.6616
8334,8121.6895
8388,8148.1704
8827,8823.219
9203,9196.006
8699,8721.266
8573,8578.487
8357,8012.929
8740,8384.731
9636,8790.788
10020,10016.259
10074,10186.363
9910,9888.7
9543,9249.39
8974,8620.643
8407,8059.0425
7988,7584.827
7442,7100.7524
7123,6794.708
6823,6150.998
6671,5643.808
6602,5487.488
6781,5702.491
7201,6854.8003
8053,7696.251
8421,8161.686
8336,8101.9365
8417,8170.738
9003,8744.677
9145,9143.839
8634,8394.119
8473,8229.556
8248,8040.879
8753,8760.061
10083,9868.083
9988,9637.387
9700,9391.63
9625,9290.647
9314,8963.209
8891,8557.562
8332,7985.1978
7916,7575.3335
7322,7282.9556
7049,6706.6406
6834,5885.122
6562,5611.997
6526,5544.532
6967,6621.132
7307,6956.451
7838,7477.1367
8376,8135.5015
8326,8100.025
8398,8170.738
8870,8654.17
8937,8589.407
8835,8629.0205
8441,8211.869
8304,7964.736
8842,8499.0
9911,9565.557
9787,9456.218
9690,9349.586
9537,9165.086
9371,9033.0205
8835,8500.023
8236,7899.1245
7990,7640.335
7416,7092.555
7029,6686.108
6790,6105.009
6567,5872.52
6439,5693.032
6555,5799.3447
6651,5940.727
7171,6808.368
7222,6973.0996
7079,6853.0786
7171,6953.224
7625,7428.995
8004,7693.789
7144,6916.0713
6589,5980.7593
6514,5776.1133
6926,6564.5684
8466,8111.5737
8342,7984.4624
8333,7983.2124
8434,8088.936
8401,8053.445
7956,7594.5635
7549,7191.9917
7202,6859.937
6786,6199.986
6341,5739.707
6033,4936.9365
5912,5406.194
5848,4993.1235
6038,5431.413
6182,5555.184
6677,6434.7983
6645,6510.9575
6602,6485.042
6762,6657.2974
7199,7091.3677
7563,7396.632
7445,6804.954
6691,6378.199
6421,6298.019
6706,6449.5947
8192,7285.2617
8159,7240.7236
8102,7431.6543
8097,7431.6543
7866,7363.3687
7672,7185.6772
7296,7009.2017
6927,6689.5923
6452,5884.5474
6169,5914.7026
5921,5678.1294
5693,5454.0273
5635,5390.5103
6111,5858.697
6638,6003.405
7556,6915.465
7877,7403.1836
7969,7893.274
8100,8004.804
8567,8585.174
8770,8576.309
8499,8291.966
8003,8014.6504
7908,7614.649
8238,7998.081
9638,9343.57
9648,9350.896
9580,9336.254
9365,9065.512
9116,8998.068
8736,8445.682
8190,7606.0933
7683,7393.334
7159,6751.2754
6752,6410.973
6490,6127.8145
6339,5970.8193
6274,5597.612
6509,5476.604
7092,6694.7476
8756,8490.79
8176,8059.758
8059,8069.7983
8550,8544.025
8756,8588.923
9200,9196.471
8895,8728.455
8432,8445.647
8318,8134.372
8570,8575.699
10111,10109.453
9874,9856.359
9639,9607.214
9616,9607.214
9346,9355.503
8825,8435.156
8232,7744.362
7755,7362.2017
7267,6917.6855
6887,6349.4077
6624,6013.887
6367,5784.3984
6353,5417.679
6765,6205.3013
7267,6892.5938
8013,7534.118
8347,8361.3955
8272,8048.8047
8459,8186.9126
8790,8532.325
9165,9201.317
8812,8817.514
8498,8488.981
8346,7984.724
8769,8760.061
10180,9846.64
10016,9810.47
9936,9595.932
9758,9404.799
9373,8998.895
8926,8730.956
8443,7995.4214
8076,7570.2847
7375,7040.872
6996,6313.5156
6748,6142.3975
6577,6228.104
6533,5782.7397
6838,6111.295
7391,6990.3057
8237,7733.4443
8519,8513.417
8264,8272.726
8495,8502.035
9048,9073.072
9283,9294.756
8858,8862.941
8549,8530.653
8494,8487.443
8597,8249.322
10093,10109.453
9924,9889.165
9838,9808.952
9734,9738.161
9443,9461.639
9025,9031.886
8448,8444.025
8067,7937.235
7491,7507.4854
7098,7124.2407
6912,5970.189
6667,6350.2935
6620,6254.3394
6871,6508.256
7492,7386.1875
8289,8286.876
8526,8512.952
8463,8471.383
8755,8781.27
9235,9243.984
9544,9588.858
9086,8881.154
8749,8757.331
8560,8578.165
8919,8941.726
10145,10258.738
10061,10186.828
9889,9892.127
9696,9724.497
9542,9583.404
9099,9114.585
8609,8599.068
8094,7983.134
7596,7607.8706
7279,7300.3096
7063,6746.9033
6827,6520.8613
6628,6016.132
6836,6470.0015
6961,6596.721
7451,7439.8887
7457,7458.8193
7416,7308.446
7626,7416.9697
8173,7880.1265
8733,8789.878
7377,7176.9785
9635,6752.0703
6814,6847.786
7321,7341.331
8694,8706.615
8663,8590.154
8684,8617.921
8677,8617.495
8590,8535.6875
8236,8130.435
7477,7503.5903
6871,6894.5244
6614,6640.608
6411,5744.953
6197,5804.3022
6252,5925.8247
6681,6314.469
6843,6489.4517
7543,7547.285
7689,7702.3013
7726,7630.5737
7969,7970.4565
8475,8495.239
8843,8867.954
8507,8541.941
8247,8270.186
8335,8355.009
8694,8725.027
9892,9899.429
9910,9886.805
9880,9851.037
9833,9826.684
9435,9417.178
9024,9031.743
7850,7822.0747
8063,8053.534
7476,7163.0137
7122,7156.5215
6831,6856.2256
6718,6739.1533
6565,6233.3203
6939,6962.125
7382,7401.6724
8133,8129.101
8559,8573.639
8557,8585.761
8748,8786.498
9141,9158.49
9494,9515.974
9027,9061.827
8565,8598.436
8466,8480.473
8881,8897.966
10203,10310.246
9985,9971.259
9958,9946.85
9940,9946.85
9662,9688.848
9148,9152.058
8570,8594.597
8079,7983.134
7624,7652.374
7288,7318.309
6975,7004.774
6844,6540.3115
6658,6697.526
6987,7016.5977
7313,7330.5264
7982,7915.4175
8527,8459.744
8375,8354.314
8536,8365.379
9015,9038.1455
9225,9023.812
8919,8954.122
8434,8448.135
8301,8314.564
8535,8535.87
9977,9944.521
9985,9953.0625
9805,9773.789
9709,9705.41
9428,9417.178
8944,8941.177
8417,8408.871
7913,7901.3076
7444,7462.6104
7118,7124.2407
6841,6591.061
6703,6148.4487
6544,6317.936
6892,6912.2114
7312,7341.331
8121,8012.715
8694,8706.15
8649,8662.726
8799,8815.254
9194,9213.88
9572,9595.041
9027,8830.852
8749,8550.076
8582,8618.564
8941,8959.922
10225,10319.41
10031,10036.815
10031,10036.815
9893,9907.361
9568,9583.727
9145,9152.522
8542,8536.894
8090,7983.134
7538,7547.285
7248,7277.546
7040,6405.1973
6916,6364.2993
6680,6076.2617
6943,6338.7065
7548,7547.285
8384,8320.45
8845,8848.973
8879,8890.414
9044,9062.274
9540,9548.461
9848,9885.018
9300,9345.982
8843,8872.624
8645,8654.3545
8943,8941.726
10396,10540.3955
10204,10313.908
10078,10204.56
9937,9946.385
9717,9707.29
9041,9073.768
8638,8649.08
8405,8404.988
7652,7660.183
7346,7365.0625
7161,7195.917
6926,6602.507
6840,6470.0015
7068,6704.049
7657,7636.875
8354,8299.973
9003,8970.227
9025,9041.603
9088,9100.278
9618,9631.05
9978,9978.861
8891,8918.048
8786,8790.225
8786,8790.547
9053,9054.226
10487,10603.369
10411,10515.972
10182,10295.712
10111,10224.38
9793,9773.309
9332,9313.039
8699,8707.8545
8208,7750.9375
7701,7365.994
7410,7051.1387
7152,6808.3955
6893,6167.2363
6765,5807.209
6844,5892.5376
7062,6345.3423
7684,7410.6045
7754,7759.8716
7805,7799.9004
7938,7989.2695
8465,8498.739
9033,9066.542
7685,7699.6475
7176,7167.7163
7085,6605.8735
7461,7462.7124
8944,8940.26
8955,8578.553
8978,8583.696
8934,8554.088
8925,8730.53
8582,8598.604
8040,7629.615
7701,7512.165
7141,7043.0166
6854,6762.171
6641,6545.3657
6434,5564.413
6281,6174.0376
6657,6686.5493
7139,6509.4614
7861,7839.841
8083,8079.196
8077,8090.8853
8359,8398.163
8923,8959.97
9368,9427.459
8772,8765.336
8643,8532.801
8343,8224.514
8717,8593.6045
10239,10294.98
10262,10383.806
10056,10186.828
9993,9953.527
9706,9707.29
8625,8611.425
8168,8076.782
7601,7629.5786
7385,7401.6724
7123,6812.094
6791,6818.2417
6752,6777.079
7068,6753.851
7373,7379.044
8422,8227.247
8729,8733.182
8896,8907.776
8929,8950.255
9514,9528.42
9648,9621.05
9257,9264.936
8631,8612.178
8436,8329.181
8660,8650.509
10204,10310.246
10180,10313.908
9845,9806.873
9894,9905.466
9669,9668.291
9250,9251.246
8690,8680.356
8039,7980.986
7580,7607.8706
7259,6915.688
7010,6656.9297
6733,6377.34
6598,6372.1396
6936,6740.045
7232,6900.201
8073,7562.1543
8690,8679.117
8513,8523.745
8591,8598.83
9084,9094.311
9331,9342.692
9049,9083.28
8558,8580.975
8399,8077.4644
8610,8393.017
9482,9502.511
9944,9924.548
9771,9773.789
9763,9737.696
9423,9417.178
8860,8880.278
8312,8312.778
7923,7925.166
7474,7486.227
7023,6686.108
6667,6323.844
6550,5839.048
6514,6145.15
6900,6550.3535
7323,6979.473
8143,7792.2686
8615,8245.102
8819,8804.652
8896,8909.156
9294,9299.401
9599,9611.003
9110,9136.787
8607,8253.348
8482,8137.149
8628,8259.38
10056,9884.741
9900,9573.024
9883,9571.129
9773,9456.218
9621,9394.731
9015,9033.166
8250,8158.3457
7875,7530.887
7818,6979.473
7051,6363.2266
6771,6085.1196
6479,5780.6875
6464,6100.1353
6923,6576.0576
7468,7124.369
8391,8320.45
8959,8965.083
8922,8945.751
8985,8975.359
9287,9293.865
9548,9576.522
9079,9091.801
8840,8642.994
8472,8464.55
8658,8653.139
10131,10269.771
10109,10242.576
10048,9993.448
9988,9953.0625
9669,9670.187
9156,8813.787
8563,8226.57
7966,7562.47
7495,7164.7803
7090,6751.582
6820,6472.451
6820,6472.451
6481,6124.1016
6844,6652.5825
7371,7402.73
8416,8346.635
8848,8848.973
8967,8975.777
9107,9142.19
9508,9530.265
9766,9765.391
9291,9315.352
8936,8734.64
8574,8580.975
8894,8907.618
10107,9868.36
10090,9870.965
9895,9535.285
9857,9497.622
9680,9315.302
9138,8746.718
8547,8149.3247
8171,7665.182
7619,7229.683
7215,6944.5527
6871,6514.998
6686,6191.594
6576,6346.5645
6751,6389.592
7090,6858.6978
7762,7012.0386
8133,8130.0654
8124,8140.9263
8120,8141.3833
8731,8496.218
9230,8978.972
8021,7815.5327
7480,6504.583
7265,6158.267
7569,6470.1294
8919,8552.226
9140,8744.127
9168,8774.309
9110,8724.386
8905,8519.926
8595,8208.65
8106,7718.2295
7648,7244.263
7062,5853.9087
6700,6473.794
6370,5779.31
6266,5668.2495
6149,5893.662
6518,6258.688
6800,6585.025
7709,7414.7495
8197,8025.5103
8193,8073.137
8165,7300.908
8712,8601.76
9219,9250.632
8757,8792.226
8077,8083.1274
7633,7016.7676
7805,7148.1587
8828,8550.454
9113,8856.452
9001,8719.32
8854,8594.557
8843,8557.141
8335,8045.0205
7702,7410.8545
7195,6213.8823
6578,5470.956
6284,6164.6045
6000,5873.159
5756,5640.141
5740,5265.5063
5808,5670.4424
5639,5518.592
6139,5892.6045
6132,6008.981
5877,5739.2363
5813,5626.1855
5979,5859.3203
6791,6683.4175
6500,6372.856
5497,5349.598
5192,4841.5684
5500,5244.659
7175,6885.7554
7445,6612.3384
7468,6635.955
7458,7178.027
7367,7072.5083
7012,6708.9062
6322,6079.49
5916,5651.473
5511,5136.3994
5300,4943.9775
5075,4729.4717
4997,4624.54
5004,4624.54
5479,5254.4053
6214,5983.6597
7264,6858.568
8292,7683.937
8290,8008.2114
8283,8025.982
8810,8558.878
9187,8599.696
8632,8372.423
8303,7867.6357
8016,7629.999
8088,7693.0264
9440,8926.33
9566,9210.812
9501,9134.547
9391,8997.952
9199,8801.699
8714,8321.2
8044,7394.074
7500,7120.108
7082,6694.462
6784,6063.471
6439,6078.798
6332,5969.755
6272,5902.024
6713,6302.0225
7331,6356.7505
8217,7703.4023
8718,8306.981
8849,8568.501
8770,8497.824
9189,8938.356
9324,9062.072
9028,8780.658
8496,8061.2485
8222,7835.829
8529,8150.0737
9698,9015.668
9746,9384.707
9759,9384.707
9640,9253.334
9434,9064.188
8939,8556.797
8287,7900.973
7822,7055.163
7374,6984.4634
6975,6585.157
6660,6266.0854
6542,6149.847
6495,6091.637
6720,6319.3057
7290,6899.9937
8425,8042.689
8776,8388.268
8681,8300.723
8849,8227.198
9280,9080.493
9516,9318.915
9010,8776.802
8726,8478.473
8493,7929.657
8670,8103.849
10077,9377.47
10086,9721.699
9972,9620.806
9509,9185.604
9616,9252.854
9087,8691.712
8589,8211.46
8065,6922.385
7622,6484.1772
7202,6453.6787
6895,5820.9746
6716,5992.388
6734,6319.821
7086,6694.489
7390,6984.4634
8563,8166.8403
8977,8212.344
9112,8716.454
9187,8179.4897
9530,8940.961
9833,9585.475
9351,8917.022
8992,8398.625
8703,8135.7983
8945,8366.633
10017,9307.11
10280,9918.677
10039,9667.701
9949,9577.735
9716,9353.836
9308,8925.8955
8694,8312.023
8305,7565.8145
7638,7241.9165
7272,7013.037
6987,6717.4526
6773,6501.9194
6656,6397.23
6950,6694.5176
6964,6695.0327
7564,6313.998
7940,6934.1816
8118,7115.5845
8295,7076.6255
8852,7163.0464
9589,8624.146
8111,7844.5547
7545,7163.1978
7162,6825.884
7539,7200.2036
8898,8519.568
9065,8686.737
9064,8726.976
9084,7943.295
8889,8160.105
8498,7736.9785
7865,6916.6006
7396,7006.0674
6889,6602.3335
6575,6424.478
6358,6196.262
6167,6046.0464
6118,5990.535
6588,6441.5376
6991,6826.4053
7686,7531.698
8392,7104.2886
8401,7131.154
8510,6933.161
8914,8382.61
9247,8908.967
9101,8753.219
8702,7882.2275
8323,8028.748
8807,8514.523
1005,9684.017
10286,9958.647
10189,9568.789
10126,9497.457
9926,9666.13
9152,8865.671
8486,8202.767
8172,7886.213
7532,6894.1753
7159,6859.1675
6910,6626.8296
6672,6389.652
6652,6661.939
7100,7100.628
7685,7686.969
8755,8756.764
9202,8994.829
9337,9181.932
9443,9288.493
9557,9574.085
9611,9601.539
9622,9611.496
9327,9142.578
8872,8881.99
9155,9049.333
9989,9958.058
10209,10296.177
10437,10444.882
10289,10384.231
10004,9956.009
9560,9555.587
8793,8671.52
8203,7911.0234
7436,6841.779
7177,6777.176
7010,6255.3823
6807,6130.7236
6722,6739.996
7158,7148.472
7709,7724.1284
8619,8607.422
9018,9029.671
9162,9166.011
9211,9226.874
9335,9333.307
9445,9481.764
9407,9438.203
9338,9375.202
8795,8812.018
8972,8968.337
10078,10097.869
10368,10359.373
10262,10272.557
10077,10093.775
9838,9810.793
9230,9225.371
8647,8653.48
8260,8260.671
7647,7637.5547
7314,7318.7026
7160,6644.2085
6849,6876.5674
6811,6834.143
7221,6987.2373
7848,7840.3066
8867,8879.465
9238,9312.301
9370,9260.311
9630,9616.11
9800,9803.373
10070,10128.353
9789,9777.883
9364,9359.509
8916,8911.966
9207,9190.909
10212,10300.2705
10517,10606.411
10354,10468.488
10388,10518.57
10086,10186.348
9357,9356.973
8823,8804.568
8240,7920.861
7665,7262.86
7345,7003.2046
7062,6068.3096
6834,5873.0874
6792,6452.4214
7102,6257.15
7878,7884.141
8749,8759.845
9362,9354.196
9294,9284.4795
9477,9489.127
9843,9811.301
10047,10019.094
9691,9438.1455
9351,9088.313
8993,8591.531
9166,8955.325
10190,9861.879
10501,10488.491
10515,10493.028
10401,10405.1875
10138,9931.804
9485,9135.962
8765,8376.382
8231,7744.362
7713,7306.2666
7330,6560.6147
7021,6629.2734
6891,6554.352
6736,6411.259
7174,6151.9014
7976,7491.749
8754,8359.889
9512,9294.571
9454,9484.731
9459,9482.986
9935,10002.063
10200,10313.115
9950,10039.484
9580,9343.473
9235,9018.266
9574,9250.996
10544,9312.547
10507,9281.452
10294,9589.44
10305,9125.878
9937,9612.032
9519,9204.24
8810,8459.1045
8447,8091.2437
7933,7562.1943
7468,7232.202
7248,7023.521
7015,6793.941
6937,6708.4404
7203,6961.916
7307,7063.567
8189,7918.4077
8434,8210.954
8599,8597.902
8556,8368.6045
9087,8869.548
9620,9441.734
8586,8381.179
7712,7354.8267
7392,6918.357
7737,7259.765
8997,8619.573
9530,8705.57
9495,9171.86
9502,9170.115
9339,9003.359
9031,8685.57
8460,8119.6987
7930,7410.4526
7314,6909.3276
6959,6324.2466
6729,6213.3496
6579,6165.3545
6485,6062.1475
6832,6465.7515
7349,7237.438
8092,7872.9307
8750,8673.238
9100,8933.348
9140,8981.903
9380,9057.88
9550,9358.797
9640,9429.519
9225,9178.0625
8940,8695.696
8990,8741.61
10080,30630.002
10550,41714.76
10560,41730.83
10440,46532.49
9990,19388.111
9700,9782.106
9200,9119.688
8590,8485.377
8094,7828.121
7419,7308.919
7213,6275.182
6960,6335.5767
6956,6334.564
7394,7267.5024
8071,7826.1924
8750,8478.278
9100,9088.124
9400,9066.355
9650,9501.18
9900,9885.883
10200,10132.476
9800,9796.53
9400,9142.91
9187,9082.259
9330,9206.46
10500,11140.437
10700,17680.484
10550,13235.946
10276,10399.403
10190,10313.428
9645,9607.738
8957,8718.205
8324,8085.569
7749,7294.286
7340,6981.686
7155,6786.877
6937,6579.806
6942,6579.806
7311,6961.8047
8092,7620.068
8748,8397.202
9400,9012.127
9450,9142.407
9750,9642.88
10000,9820.495
10140,10058.351
9680,9456.662
9370,9150.51
9088,8749.15
9067,8739.495
10118,9836.329
10616,10481.433
10555,10408.406
10540,10615.174
10202,10304.459
9543,9244.353
9014,8683.658
8232,7901.934
7786,7320.239
7294,6938.7827
7001,6639.261
6886,6532.685
6763,6425.8403
7067,6718.424
7837,7838.9946
8950,8860.627
9300,9144.053
9350,9425.83
9525,9592.4
9975,10018.174
10200,10286.403
9980,10044.817
9670,9731.311
9164,9186.71
9282,9302.211
10340,10149.933
10713,10620.825
10589,10672.104
10565,10670.735
10275,10188.276
9873,9852.917
8597,8390.578
7854,7502.208
7502,7271.896
7208,6856.723
7023,6899.21
6840,5855.419
7210,6323.228
8033,7675.7437
9050,8791.196
9450,9427.411
9700,9738.418
9788,9853.246
10009,9816.196
10337,10317.586
9900,9758.323
9300,9348.364
9278,9252.484
9497,9296.212
10400,10600.453
10455,9220.434
10450,9220.434
10364,9629.212
10156,9900.284
9653,9316.771
8985,8643.982
8410,8059.3647
7647,7281.8916
7233,6612.337
7113,6172.394
6975,6242.1304
6843,5874.869
7249,6602.732
7962,7570.859
8832,8448.555
9350,8799.61
9700,9514.654
9800,9525.322
10200,10732.501
10300,10941.573
10000,9768.752
9600,9448.414
9354,9027.875
9378,9056.333
10450,9727.065
10692,10619.457
10375,10486.685
10331,10450.573
10159,10272.36
9624,9627.168
9040,9037.698
8329,7988.0073
8114,7709.53
7624,7406.5146
7353,7359.153
7173,7173.1953
7047,6919.7427
7240,7016.1997
7579,7585.149
8209,8195.878
8485,8485.42
8381,8383.235
8430,8451.23
9186,8940.219
9831,9602.885
8340,8135.522
7500,7265.661
7281,7043.339
7510,7153.291
8557,8224.866
9061,8660.702
9227,8853.046
9164,8792.183
9141,8761.946
8765,8312.621
8193,7693.0195
7818,7401.897
7181,6943.6475
6852,6605.782
6568,6456.153
6494,6360.47
6284,6158.099
6640,6388.977
7418,7202.1436
8198,7946.8755
8829,8666.506
8770,8792.395
8850,8756.496
9230,9074.572
9550,9478.017
9250,9170.946
8950,8856.7295
8500,8400.109
8630,8386.766
9920,9685.026
10250,10107.358
10288,10183.424
10213,10095.795
9906,9656.59
9490,9234.431
8804,8572.796
8282,8054.7534
7791,7545.3467
7470,6871.8174
7248,7007.5635
7077,6839.6074
6939,6344.923
7348,7094.067
8060,7711.3657
9060,8741.827
9550,9448.59
9460,9322.907
9625,9524.085
10000,9938.907
10260,10236.8125
9750,9638.197
9435,9309.29
8965,8699.09
9100,8835.476
10281,10186.46
10580,9940.023
10435,9839.348
10381,9803.921
10029,9817.757
9454,9263.475
8876,8648.971
8481,8231.675
7848,7479.0654
7459,6985.403
7257,6898.0195
7033,6668.4395
7013,6668.4395
7391,7158.2544
8039,7675.7437
9110,8701.109
9565,9273.166
9361,9114.925
9491,9254.974
9954,9969.974
10233,10331.101
9806,9608.1455
9470,9278.931
9000,8668.897
9264,8903.345
10425,9710.512
10717,10618.992
10534,9788.556
10423,9704.046
10177,9960.013
9512,9184.375
8957,8638.517
8461,7995.0923
7863,7502.6333
7579,7228.344
7299,6938.7827
7126,6777.0396
7021,6668.4395
7475,7127.959
8300,7952.03
9225,8768.3545
9628,9376.257
9725,9495.136
9820,9603.287
10100,9923.825
10400,9830.813
9960,9798.238
9550,9571.172
8973,8693.067
9344,9049.372
10215,10088.064
10715,10008.701
10485,10404.227
10332,10447.975
10063,10204.544
9540,9206.561
9040,8702.626
8560,8169.0073
8007,7597.3887
7729,7365.264
7380,7030.8364
7152,7021.4976
7119,6975.485
7511,7377.8823
8252,8262.424
9250,9227.455
9800,9677.536
9800,9934.528
9900,9956.829
10300,10517.398
10500,11124.308
9960,10014.13
9660,9644.273
9350,9000.726
9530,9565.869
10410,10571.968
10704,10618.992
10530,10410.897
10347,9656.276
10205,10313.428
9682,9688.383
8955,8988.347
8579,8594.597
7744,7746.719
7525,7399.868
7223,7087.4937
7009,6870.0317
6958,6834.234
7430,7313.8545
8270,8261.081
8840,8845.461
9490,9480.11
9640,9621.651
9730,9787.8955
10260,10314.702
10500,10756.469
10200,10562.035
9800,9816.338
9400,9436.003
9630,9627.743
10170,10355.717
10424,10575.23
10247,10315.316
10229,9999.641
10119,9926.42
9590,9295.616
9004,8975.294
8707,8707.8545
8091,8082.6626
7732,7727.9
7516,7377.8823
7194,7067.9023
7025,6899.9272
7361,7358.62
7619,7629.1196
8410,8190.4497
8860,8853.086
8750,8774.188
8740,8559.423
9290,9056.663
9660,9729.728
8400,8395.715
7930,7928.2725
7567,7565.8936
7700,7685.8677
8816,8820.918
9283,9295.308
9311,9328.748
9303,9328.748
9283,9297.637
8868,8898.797
8319,8312.778
7930,7925.166
7337,7365.0625
6979,6856.018
6783,6657.675
6609,6488.002
6526,6523.4077
6939,6814.427
7515,7503.1235
8500,8503.643
8815,8817.978
8986,8981.243
9124,9015.555
9562,9569.854
9689,9608.096
9415,9291.188
8835,8702.572
8780,8648.05
8780,8533.721
9649,9393.414
10550,10510.594
10407,10534.168
10308,10450.108
10025,10032.36
9588,9611.292
8918,8930.097
8461,8462.785
7924,7815.4443
7496,7525.5806
7277,6955.838
7085,6768.9683
7008,7017.73
7307,7317.2515
8049,8057.0513
9000,8957.984
9300,9334.121
9220,9260.751
9380,9433.964
9750,9792.78
9980,9940.105
9700,9580.175
9370,9274.952
8870,8744.1045
8870,8869.057
9720,9709.42
10425,10609.142
10350,10420.334
10278,10398.132
10089,10204.079
9645,9617.773
9010,9023.373
8495,8486.752
7895,7808.923
7584,7607.8706
7336,7365.0625
7126,7156.566
7082,7113.44
7557,7569.9136
8350,8365.449
9232,9200.8545
9440,9151.723
9700,9794.957
9800,9883.341
10150,10580.622
10250,10536.258
9900,9772.394
9650,9460.507
9370,9029.792
9240,8909.11
10260,10012.243
10600,10440.425
10550,10747.789
10465,10568.788
10255,10314.105
9690,9641.346
9196,9207.034
8701,8726.051
8003,8016.2925
7590,7607.8706
7319,7341.331
7120,7124.2407
6988,7004.774
7305,7318.309
8197,8206.206
8900,8907.274
9550,9398.378
9550,9466.6
9650,9675.767
9900,9754.686
10450,10941.436
9800,9678.863
9530,9569.276
9445,9202.8545
9490,9514.283
10265,10394.797
10888,11018.363
10656,10784.655
10309,10448.439
10232,10204.052
9723,9725.912
9108,9132.781
8816,8760.005
8269,8148.911
7881,7885.2944
7537,7325.4863
7321,6979.473
7294,7318.309
7649,7636.875
8590,8600.299
9380,9161.903
9800,9587.96
9800,9807.808
10000,9778.089
10400,10843.715
10450,10665.965
9900,9764.923
9830,9837.71
8470,8494.743
8800,8815.335
10290,10054.354
10980,9921.258
10820,9614.235
10550,10588.114
10500,9783.441
9780,9541.228
9130,8774.146
8697,8338.907
8119,7616.545
7717,7305.161
7436,7039.9194
7425,7031.722
7297,6895.618
7623,7229.683
8615,8215.273
9590,9332.592
10000,9823.585
9850,9759.929
10000,9817.483
10400,10371.243
10490,10454.364
9950,9723.653
9920,9662.905
9530,9315.691
9440,9026.396
10250,9782.257
10850,9853.615
10540,9610.049
10370,9446.115
10125,9560.672
9640,9186.959
8938,8576.738
8688,8250.412
8077,7566.047
7629,7229.683
7471,7063.536
7241,6900.201
7165,6834.059
7302,6956.451
7735,7322.0996
8290,7826.2466
8418,8064.056
8386,8045.8174
8534,8207.311
9108,8836.13
9670,9470.134
8040,7766.6035
7700,7464.159
7503,7293.182
7546,7220.081
8558,8205.323
9345,8958.67
9268,8871.156
9227,8827.731
9179,8816.601
8816,8416.96
8322,7864.2134
7826,7463.4097
7469,7233.9575
6992,6748.8496
6849,6605.782
6702,6448.277
6604,6469.788
7032,6778.028
7908,7652.933
8679,8320.49
9100,8900.615
8946,8812.893
9160,9009.227
9455,9291.064
9945,9652.841
9624,9502.721
9037,8912.615
8827,8653.241
8858,8579.485
9797,9542.17
10645,9980.827
10480,9802.547
10290,9947.02
10155,10014.357
9600,9372.985
9000,8692.687
8638,8301.586
8122,7784.8794
7651,7406.1763
7370,7149.403
7202,6619.917
7140,6899.503
7468,7172.067
8470,8094.142
9400,9090.159
9700,9638.261
9550,9474.094
9770,9846.9795
10150,10215.041
10440,10565.901
9945,9934.656
9705,9613.929
9295,9152.134
9310,9071.2705
10110,9932.395
10740,10856.198
10445,10531.248
10360,10516.642
10210,10204.889
9650,9676.874
9030,9068.974
8750,8686.356
8173,8059.332
7749,7754.134
7445,7039.9194
7211,6465.719
7115,6414.5435
7434,7039.9194
8330,7819.8647
9350,8914.308
9760,9529.453
9655,9713.464
9827,9863.798
10150,10094.748
10300,10199.434
9875,9713.76
9600,9398.478
9200,9020.958
9200,8889.59
9930,9616.421
10900,9733.811
10760,9669.125
10520,9793.969
10260,9992.998
9750,9402.5
9075,8711.649
8760,8339.647
8098,7594.873
7763,7354.0713
7505,7103.9473
7332,6942.3716
7288,6547.779
7662,7262.18
8500,8102.9624
9410,9006.238
9850,9571.59
9920,9645.501
10215,10239.394
10407,10087.396
10635,10288.323
10240,10225.063
9980,6544.0034
9670,9488.14
9570,9216.548
10275,10106.763
10930,9670.538
10770,9835.265
10630,9904.5625
10400,9443.838
9970,9640.643
9330,8960.807
8830,8416.96
8304,7857.188
7644,7237.918
7431,6419.0205
7460,6442.637
7733,6940.1553
8575,8175.4233
9500,9072.475
9900,9726.529
9950,9700.794
10050,9929.73
10570,10052.049
10770,10045.004
10290,10220.6875
10100,9941.284
9790,9292.884
9560,9114.582
10300,10123.384
11043,10067.365
10836,9276.808
10797,9807.109
10488,9501.633
9895,9367.915
9290,8806.153
8915,8502.673
8420,7956.6304
8046,7560.321
7770,7374.1157
7604,6826.001
7492,7085.5415
7853,7440.6187
9050,8600.954
9603,9219.187
10020,9836.768
10250,9983.473
10480,10447.458
10980,10580.993
11095,10298.208
10640,9305.655
10315,10004.145
10000,9684.359
9820,9326.383
10320,10087.426
11040,9434.592
10580,9027.905
10590,9554.7
10560,9501.553
9960,9424.395
9500,8989.885
9100,8584.91
8721,8260.511
8282,7830.4614
8042,7560.321
7776,7374.1157
7699,7280.783
7989,7511.5913
6950,5977.0396
7410,7032.3696
8700,8322.269
9100,8750.289
9450,9228.507
9800,9630.083
10200,10030.801
9000,8801.5205
8665,8463.918
8430,8188.2026
8360,7987.503
9000,8631.204
9850,9352.413
9925,9407.173
9840,9395.407
9760,9384.462
9330,8847.076
9330,8604.562
8330,8105.894
8165,7770.329
7747,7463.6597
7602,7317.5337
7324,7028.2285
7228,6565.8394
7635,7339.1235
8410,8109.9077
9350,9059.822
9400,9233.261
9370,9232.096
9700,9584.891
10050,9916.721
10300,10074.068
9930,9777.26
9630,9529.402
9500,9322.429
9300,9013.741
10330,9890.452
11275,9584.529
11070,8973.524
10930,8920.901
10670,10631.914
10240,10195.558
9530,9414.088
9055,8964.123
8545,8532.386
8150,7750.857
7940,7928.8877
7720,7412.5884
7660,7363.319
7800,7516.905
8560,8417.219
9600,9488.418
10150,46532.395
10000,10003.033
10400,10464.224
10800,10634.491
10825,10569.456
10400,10311.784
10150,9877.381
9875,9664.695
9600,9327.795
10600,9987.372
11350,9768.338
11140,9596.726
11025,9459.487
10793,9393.432
10000,9824.844
9620,9631.639
9130,9118.725
8700,8288.98
8265,7867.0454
7988,7516.356
7720,7366.741
7644,7298.3926
7970,7493.9263
8950,8556.732
9750,9400.645
10150,10174.845
10200,10112.66
10500,10291.063
10900,10461.617
10920,10537.41
10700,9949.446
10340,10369.83
10150,10217.519
10000,10105.949
10650,10840.376
11600,9735.152
11450,9231.087
11240,9583.019
10916,9305.237
10400,9871.7
9770,9250.917
9330,9363.258
8900,8887.016
8270,8267.104
8050,7836.863
7763,7354.8184
7785,7773.7524
8260,8141.929
9050,9013.204
9900,9842.094
10200,9785.385
10300,10312.559
10550,10563.565
10870,10902.976
10000,10080.115
10360,10361.5625
10100,10056.124
9950,10004.397
10100,10465.852
10763,10759.72
11600,11549.985
11364,11317.318
11247,11251.081
10800,10790.937
10200,10182.496
9844,9758.402
9345,9356.249
8855,8855.742
8399,8412.272
8083,8081.513
7855,7216.631
7627,7411.7793
7759,7763.235
8118,7237.966
8924,8541.05
8870,8602.804
8887,8888.804
9220,9006.901
9810,9806.242
10042,9804.147
9826,9589.2295
9197,8914.315
8492,8220.131
8407,8021.53
8907,8518.902
9940,9578.07
9893,9546.466
9786,9427.123
9828,9808.575
9616,9606.411
8941,8901.587
8777,8744.361
8179,7659.6953
7922,7505.4355
7624,7229.683
7429,7031.722
7368,6959.1836
7522,7125.933
8250,7831.8716
9160,8747.165
9245,8779.509
9289,9001.22
9589,9344.166
10067,9842.167
10307,9591.645
10027,9806.365
9793,9559.464
9199,8940.517
8707,8343.056
9429,9080.756
10474,9638.54
10598,9691.339
10495,9636.406
10270,9934.259
9893,9555.641
8869,8515.84
8488,8114.9956
7699,7299.7363
7397,7189.859
7332,6942.3716
7251,6854.855
7210,6874.3916
7450,7039.9194
7697,7279.6104
8307,7914.7163
8595,8332.981
8616,8601.773
8978,8696.588
9346,9113.818
9743,9439.733
8614,8371.371
8234,7990.684
8030,7804.825
7902,7904.729
8569,8205.323
9893,9686.112
9616,9606.892
9492,9295.189
9472,9504.075
9288,9261.52
8809,8778.201
8561,8513.484
8090,7964.1455
7635,7629.7456
7432,7439.982
7281,7300.3096
7133,7156.566
7351,7359.246
8017,7934.1807
8850,8840.967
9210,9176.025
8896,8920.905
9402,9294.06
9774,9670.818
10155,10044.397
10129,10044.397
9777,9668.395
9478,9370.451
9451,9483.09
10223,9952.309
11132,10359.999
10845,9520.635
10756,10003.948
10642,10676.104
10244,9945.278
9692,9469.272
9211,8953.096
8815,8473.05
8313,8256.188
7852,7816.4136
7678,7678.615
7480,7506.4277
7439,7461.5527
7867,7839.3022
8670,8617.488
9135,9132.491
9374,9387.478
9725,9717.737
10066,10119.625
10211,10228.974
9987,9989.09
9712,9729.106
8626,8634.028
9081,9094.144
9657,9436.808
10307,9577.28
9912,9662.547
9598,9362.669
9019,8723.873
8759,8410.184
8293,7934.729
7825,7500.1396
7315,6975.7373
6883,6546.6177
6745,6403.5244
6657,6302.44
6606,6360.314
6491,6250.996
6611,6275.014
7211,6987.032
7717,7424.326
7716,7424.326
7891,7658.1113
8230,7848.5566
8789,8487.336
8615,8287.03
8307,8052.9688
7848,7606.7847
7927,7517.8867
8700,8337.203
9551,9578.863
9419,9436.753
9309,9329.646
9326,9074.907
9175,8753.794
8645,8222.6455
8437,7991.0737
7840,7417.8345
7593,7185.6055
7347,6598.9575
7213,6470.1445
7118,6763.396
7525,6782.945
8304,8045.7104
9356,9198.821
9688,9565.44
9787,9695.516
10132,9936.941
10663,10345.722
10628,10311.868
10260,9983.903
1000,9730.176
9560,9376.111
9615,9276.02
10130,9811.806
11075,10345.901
10970,9611.439
10760,9984.594
10396,9685.751
9755,9403.996
9345,8985.665
8971,8558.786
8514,8066.389
8175,7658.157
7933,7505.8613
7735,7322.5254
7604,7208.371
7950,7469.5835
8709,8376.9795
9690,9507.174
10110,9903.732
10137,10049.102
10505,10168.706
10874,10524.825
11112,10736.568
10565,9079.572
10400,9795.853
9944,9675.399
9834,9480.43
10537,9650.11
11424,10526.624
11275,9751.658
11027,9532.952
10777,10793.428
10328,10339.268
9769,9438.939
9408,9436.688
8900,8868.291
8512,8464.385
8248,8136.1826
8130,7614.505
7937,7470.3306
8189,7683.275
8956,8565.515
9960,9683.548
10250,9980.272
10202,9984.344
10650,10354.832
11039,10849.5205
11080,10031.489
10700,9753.56
10416,9690.274
10239,9967.181
10094,9791.293
10495,9651.921
11437,10503.748
11323,9755.036
11062,9538.036
10611,9208.835
10082,9739.839
9733,9404.742
9356,8930.307
8914,8468.231
8482,8031.9077
8219,7706.078
8030,7560.321
7900,7482.75
8091,7563.327
8463,8001.6626
9090,8783.083
9193,8916.444
9154,8903.957
9336,9103.862
9859,9616.645
10145,9866.888
8915,8674.987
8716,8450.03
8549,8267.889
8353,7975.2935
8877,8492.434
10170,9787.953
10000,9610.539
9970,9582.549
9754,9385.8
9451,9108.185
9019,8606.369
8845,8594.321
8319,7966.776
7787,7483.6367
7646,6600.469
7496,6467.604
7303,6316.372
7657,6596.7334
8521,8230.695
9274,9106.138
9717,9578.852
9376,9212.426
9791,9642.588
10013,9801.662
10318,10186.718
10150,10028.947
10045,9889.134
9800,9631.826
9635,9373.26
10419,9653.975
11470,10335.745
11234,9842.857
11094,11112.9795
10793,10823.357
10285,10174.268
9756,9501.559
9493,9250.249
8922,8613.633
8548,8190.153
8299,7964.5005
7957,7663.0483
7913,7904.892
8268,8168.697
9250,9207.291
10150,10162.072
10320,10279.796
10270,10275.825
10700,10590.677
11040,10720.85
11340,10394.815
10940,10050.654
10730,10108.742
10550,9882.011
10400,9514.035
10700,9758.084
11930,11730.725
11500,10021.629
11460,10054.883
11065,9708.887
10400,10332.807
10072,9837.401
9799,9536.502
9393,9407.348
8977,8731.05
8466,7987.721
8226,7879.479
8132,7787.906
8220,7665.307
8808,8400.922
9733,9355.6
10234,9962.52
10096,9802.608
10172,14568.417
10701,10317.092
10860,10497.542
10400,10051.307
10525,10199.656
10400,6454.0386
10190,9825.309
10590,10568.987
11629,10666.116
11439,9938.614
11192,9699.201
10947,9479.955
10544,9657.771
10060,9739.839
9738,9547.511
9289,9268.585
8962,8533.885
8501,8431.966
8432,8384.427
8285,8227.306
8542,8076.4507
9280,8972.691
10100,9756.756
10380,10078.161
10482,10124.817
10838,10471.919
11220,10917.627
11110,10018.678
10760,9741.732
10736,10389.925
10552,9761.417
10530,9148.213
10890,9886.774
12040,11725.193
11790,10209.905
11640,10038.135
11221,9746.5625
10720,10538.297
10220,9815.445
9951,9561.194
9372,8977.601
9018,8579.99
8635,8136.906
8469,7968.487
8334,7861.734
8546,8041.345
9660,9241.64
10235,9967.83
10240,9979.5205
10370,10008.608
10745,10399.278
11060,10597.175
11240,10169.642
10795,9805.924
10630,10229.103
10500,9770.186
10310,8954.65
10695,9831.512
11800,10839.256
11530,9982.694
11269,9750.059
11087,9634.877
10675,9199.039
10242,9815.915
9635,9238.688
9233,8776.239
8845,8394.209
8559,8084.065
8272,7713.8027
8254,7712.5537
8453,7967.6626
9540,9141.47
10150,9871.608
10575,9797.545
10645,10250.924
11145,10790.891
11140,10074.761
11325,10290.371
10860,9999.972
10910,10175.55
10670,9921.989
10430,9427.113
10630,9707.962
11750,10759.33
11600,9939.579
11340,9807.285
11070,9583.969
10675,9199.039
10143,9772.975
9827,9440.853
9221,8758.043
8940,8485.8545
8630,8137.3315
8342,7843.9634
8246,7700.1904
8306,7820.465
8825,8334.6875
9145,8848.333
9125,8853.877
9050,8813.379
9385,9131.0625
9803,9589.239
10300,10096.508
9125,8922.316
8981,8726.118
8861,8606.824
8459,7591.3594
9275,8870.144
10535,9644.59
10280,9857.676
10390,9514.235
10248,9858.391
9980,9599.184
9615,9270.321
9150,8740.772
8735,8407.455
8454,8113.972
8223,7831.8687
7865,7550.5654
7897,7591.5913
8010,7643.7065
8930,8634.047
9420,9228.761
9535,9383.428
9365,9212.426
9663,9549.5
10000,9836.455
10310,10178.163
10200,10040.337
10010,9831.673
10060,9902.76
9952,9726.689
10440,9666.859
11700,10725.4
11825,10252.036
11600,10067.563
11270,9840.562
10690,9335.626
10285,9949.097
9821,9573.096
9290,8977.056
8948,8610.869
8517,8175.6655
8445,8092.898
8334,7985.9243
8646,8300.677
9515,9251.461
10110,9919.393
10400,9743.766
10550,10291.574
10825,10553.213
11300,10998.179
11330,10394.815
11070,10059.675
10790,9916.84
10580,9888.424
10430,9506.923
10825,9877.03
12045,11813.46
11980,11761.999
11689,10113.06
11485,10002.855
10820,9305.306
10410,9548.769
9940,9615.863
9423,9042.572
8962,8517.4
8718,8236.524
8435,7951.226
8420,7913.7485
8610,8134.5796
9625,9232.659
10250,9987.299
10430,10169.107
10770,10393.968
10980,10573.841
11300,10890.912
11600,10672.837
11350,10327.275
11230,9838.769
11020,9610.869
10820,8706.063
11200,11130.818
12400,12096.122
12300,12296.152
12170,12140.892
11700,11681.841
11440,11451.843
11000,9376.552
10500,10544.138
9880,9324.794
9625,9645.425
10050,9978.839
10395,9351.087
9378,8977.601
8575,8075.101
8674,8186.483
9310,8994.393
10050,9968.37
10600,10595.424
10975,10844.906
11415,11364.253
11725,11299.08
11950,11962.316
11900,10585.834
11900,10546.123
11700,9487.354
11960,11856.152
12300,11647.886
12000,12015.721
12130,12127.125
12150,12137.151
11920,11889.15
11180,11142.749
10925,10905.562
10420,10435.152
10120,10071.437
10620,10598.294
10850,10786.351
10050,10024.541
9260,9237.49
9410,9421.417
9960,9920.423
10500,10908.009
10880,10592.672
11380,11060.221
11900,11478.783
11950,11477.141
12050,11587.354
11900,10488.887
12000,10524.045
12000,10368.793
12200,11789.234
12620,12641.09
12780,12676.642
12640,12576.61
12600,12556.618
12250,12283.265
11910,11941.011
11500,11495.501
11050,10980.174
10700,10717.457
10870,10838.822
11300,11255.1455
10680,10667.945
9900,9886.861
10050,9980.145
10570,10532.577
11150,11026.674
11500,11630.688
11950,11342.212
12300,11942.753
12250,11991.213
12200,12152.312
11400,9864.254
11600,10289.945
11850,10222.48
11820,11805.533
12480,11955.252
12576,12040.885
12425,12473.736
12490,12420.351
12200,12206.293
11740,11724.628
11330,11260.762
10790,10807.484
10300,10291.946
10225,10232.038
10710,10667.0
10130,10034.967
9230,9271.936
8875,8905.802
9000,8978.916
9260,9298.052
9840,9846.962
10150,10218.021
10750,10704.483
11100,10912.271
10600,10512.039
11060,11061.189
10950,10980.069
11050,10831.487
11490,11415.071
12020,11990.7
12300,12281.672
12265,12293.795
12300,12293.737
12200,12197.66
11600,11596.348
11200,10924.417
10775,9239.753
10500,9530.85
10925,9902.792
10950,9943.7705
10274,9860.63
9391,8957.092
9540,9097.824
980,9670.651
10350,10710.203
10800,10658.633
11200,11087.937
11450,10539.932
11550,10688.03
11900,11091.121
11750,10642.28
11700,10580.368
11850,10281.78
12100,11927.426
12550,11942.832
12650,11503.563
12493,11622.101
12800,12304.479
12490,12610.139
11480,11577.18
10680,9159.111
9050,8772.509
9490,9214.137
10180,9815.724
10490,9564.593
9900,9457.811
9090,8742.776
9200,8874.88
9610,9460.847
10040,9864.114
10600,10355.66
10980,10727.221
11210,10888.877
11700,10862.441
11950,10964.603
11900,10616.113
11900,10582.386
11900,9859.5625
12300,11763.353
12700,11678.209
12830,11815.383
12900,11656.499
13000,10900.014
12800,11578.605
12200,11836.085
11750,9803.997
11250,9699.956
10950,9301.666
11100,9922.764
11220,9510.851
10470,8894.699
9750,9209.626
9750,9203.109
10200,9924.422
10950,10110.825
11450,10957.38
11700,11207.581
11900,10463.909
12100,10626.835
12450,10993.895
12400,10452.576
12300,10494.168
12000,10776.535
12650,12517.317
13050,11402.703
13320,11572.6455
13420,12055.221
13450,12041.874
13050,11362.034
12550,11823.609
12150,11508.524
11600,9988.734
11370,9717.09
11530,9838.954
11650,9917.836
10870,9238.13
10070,9469.203
10160,9489.319
10640,9751.078
11170,11123.143
11600,11682.771
11900,10524.166
12100,10759.361
12225,11624.163
12400,11288.489
12250,11300.318
11800,11711.052
11675,10856.166
11801,11305.959
11597,11029.779
11930,11378.775
11956,11453.005
12411,12397.541
12279,11830.819
11860,11340.99
11450,9902.82
10898,9424.928
10759,9870.848
10732,9808.782
10335,9427.147
8972,8561.713
8117,7625.5166
8133,8037.6626
8440,8429.787
8930,8645.394
9470,9247.989
9550,9320.013
9980,9963.546
10300,10298.923
10410,9686.097
10515,9782.519
10390,9550.179
10330,9873.001
10364,9488.122
10470,9613.146
10600,9753.457
10589,10772.151
10668,10718.139
10518,9649.846
10113,9782.225
9752,9409.111
9432,9083.898
9228,8855.624
9626,9261.055
9829,9466.187
8745,8745.982
8058,7745.769
8194,7682.849
8777,8806.589
9262,9280.049
9542,9346.824
10062,9869.549
10124,9917.781
10333,9603.759
10321,10011.876
10058,9872.478
10074,9744.413
10217,10209.05
10246,10209.372
10088,10095.89
9864,9876.67
9568,9586.425
9472,9507.935
9434,9416.747
9385,9385.93
9176,9180.482
8848,8873.938
8718,8729.452
8831,8806.759
9188,9206.399
8326,8120.911
7484,7359.409
7249,7128.79
7519,7548.624
7946,7904.4727
8242,8154.416
8531,8513.351
9066,9115.018
9735,9780.723
8773,8593.053
9031,9069.325
8989,8714.781
9170,8973.199
9720,9380.429
10003,9761.679
10243,9850.652
10194,9992.013
10354,10376.767
10310,10338.521
9899,9698.409
9513,9536.785
9067,8988.968
8784,8698.572
9018,8935.96
9390,9293.183
8404,8367.8
7730,7719.106
8021,7816.4697
8633,8447.763
9319,9321.039
9587,9634.707
9915,9934.418
10399,10314.787
10685,10567.987
10804,10693.49
10844,10151.077
10728,10069.055
10775,9957.961
11064,10314.093
11160,9818.67
11281,9871.55
11061,9716.524
10791,9469.198
10375,9606.928
10011,9783.403
9995,9956.433
9580,9597.927
9043,8787.984
8510,8306.168
8981,8699.315
8268,7861.364
7652,7407.603
8034,7667.746
8536,8361.223
9067,9094.89
9711,9596.736
10022,9922.186
10526,9879.422
10976,10682.659
11194,10549.255
11300,10082.459
11328,10091.316
11177,9339.515
10790,10826.95
11100,10366.362
11263,9865.644
11093,11100.809
11215,9874.818
11124,11112.662
11030,10982.579
10572,10582.458
10101,10138.119
9929,9956.776
10123,10138.757
10302,10333.775
9176,9152.649
8513,8467.832
8779,8790.961
9269,9284.94
9878,9890.131
10323,10355.591
10743,10689.403
11228,11250.221
11529,10014.195
11870,11937.989
11900,11926.594
11890,10570.799
11850,10229.222
12220,12136.805
12557,12434.217
12735,12743.645
12812,11755.754
12925,11518.071
12199,12213.467
11950,11949.581
11300,11315.169
10700,10715.115
10380,10343.736
10300,10288.927
10150,10141.508
9065,8670.418
8280,7877.358
7965,7398.539
8212,7822.523
8538,8547.192
8846,8578.501
9362,9174.932
9801,9833.324
10557,9782.256
10777,10586.753
10670,10516.736
10707,9990.441
10713,9336.285
11096,11140.031
11679,11682.092
11915,11929.583
11763,11811.967
12107,12119.541
11896,11918.698
11480,11476.135
10984,10924.177
10680,10679.212
10430,10453.062
10560,10525.928
10725,10712.067
9742,9763.834
9037,9061.955
9269,9285.967
9906,9914.208
10448,10483.517
10922,10820.708
11525,11377.758
11900,12002.547
12450,12477.953
12350,12391.838
12100,11699.067
12070,11315.974
12000,11984.576
11950,11948.811
11875,11838.773
11815,11766.038
11935,11897.009
12095,12123.768
11712,11717.11
11381,11379.172
10887,10919.7
10721,10715.41
10923,10903.628
10927,10921.04
10025,10072.266
9405,9443.796
9462,9483.251
9820,9814.571
10705,10741.808
11350,11321.838
11700,11700.485
11950,10756.599
12200,11340.428
12500,12235.947
12450,12001.067
12100,10278.581
11900,10210.758
11950,11722.739
12060,12055.048
12375,12318.933
12500,12448.879
12695,12300.6
12525,12455.464
12200,11857.514
11940,11970.988
11470,11405.957
11230,11201.8955
11380,11341.982
11280,11003.029
10440,10426.203
9493,9495.478
9590,9595.981
9725,9727.371
10175,10184.14
10330,10331.781
10765,10763.458
11250,10302.232
11710,10881.107
11220,10735.294
11420,10015.592
11325,9915.898
11475,9342.368
11900,11718.086
12750,12751.488
13000,10580.768
12990,10554.32
13250,10814.458
13080,11801.618
12730,11053.228
12320,11699.9375
11820,9871.718
11600,10023.075
11650,10084.7
11850,10319.049
11050,9450.88
10230,9270.724
10300,9845.754
10780,10083.1875
11080,10294.894
11600,10450.762
11800,10099.981
12100,10785.219
12600,11118.999
12550,10755.323
12650,10720.429
12500,10653.823
12700,9844.0205
13150,12097.257
13700,12324.611
13800,13550.73
13850,12527.631
14050,12176.217
14000,11756.771
13900,13273.537
13250,9164.53
13000,11074.746
12500,11607.914
12550,12424.407
12600,11704.701
11550,9928.039
9800,8820.99
7231,7299.2246
5627,5416.9185
7121,6869.719
8351,8248.548
9521,9169.809
10854,10164.19
11507,10779.952
12200,11944.625
12506,12166.112
12421,12139.329
12350,11704.488
12650,12490.729
13700,12015.748
13350,12805.057
13450,12721.285
13950,12993.057
13920,13008.062
13300,12889.458
12900,11847.013
12100,11200.857
12300,11370.91
12500,11150.671
12400,10059.39
11800,9806.681
11150,9511.268
11000,9105.423
11200,9822.571
11700,10385.045
12250,10516.614
12450,10252.66
12850,12235.251
13050,12006.341
13270,11439.991
13320,11189.352
13250,11501.15
13200,11719.3955
13430,12754.08
14350,13265.18
14380,13787.591
14350,14275.112
14650,14383.04
14550,13920.178
14250,14292.647
13750,10013.776
13400,8978.478
13200,11174.85
13300,10840.045
13200,11113.818
12900,10989.66
12000,10276.446
12150,10520.724
12150,10774.846
12250,10504.1045
12700,10793.261
12900,12454.316
13200,12915.757
13400,12038.291
13700,11853.474
13800,9216.79
13700,10089.5205
13100,10382.603
13800,13651.825
14600,14342.651
14750,14765.959
14800,14959.526
15000,15426.292
15100,14621.796
14750,14644.403
14400,12812.173
14200,11796.858
13900,10230.651
13750,10204.284
13600,9942.102
12950,8584.802
12250,10073.826
12150,10208.485
12200,12422.604
12600,12380.991
13000,12832.918
13150,12395.3955
13400,12110.439
13550,12224.404
13900,10326.939
14000,10606.818
14100,14136.398
13300,13727.089
14000,13975.526
14800,14596.652
14950,15204.214
15000,15212.594
15250,15423.053
15300,15117.145
14900,14926.512
14200,12365.945
14000,9625.75
13750,8903.111
13850,9192.614
13750,9753.974
13550,9513.814
12750,7086.5137
12750,10098.534
13000,12439.91
13200,12775.089
13400,11651.118
13600,12080.352
13700,9493.801
14000,10516.121
14100,10594.244
14300,13938.917
14400,14200.479
14200,13784.044
14900,14304.426
15000,14944.196
15200,15271.823
15300,15464.24
15500,15468.133
15400,15210.029
15000,14975.359
14500,15002.085
14000,11644.248
13900,9844.597
13850,10656.063
13800,11085.476
13500,10399.71
13000,9323.352
12900,12949.103
12700,12939.116
12700,12813.379
12850,12669.064
12900,12193.292
13400,12689.792
13600,12680.783
13550,10355.889
13700,11491.476
13900,11610.884
13800,13775.325
13800,13939.451
15000,14554.219
14900,15040.783
15100,15040.783
15300,15025.602
15150,13955.239
15000,14104.571
14400,13200.634
14100,11306.719
14100,10670.54
14200,10539.426
14100,11037.608
13900,11025.777
13300,10451.856
13000,11429.285
13100,13062.963
13200,11981.786
13450,12060.702
13700,9865.241
14000,10367.521
14200,10618.162
14400,11445.015
14650,12742.467
14450,13002.817
14400,13888.137
14600,14604.659
15550,15282.477
15400,15459.466
15400,15466.664
15700,15166.273
15700,14999.217
15600,15288.583
15350,14952.946
15000,13043.709
14900,12793.335
14800,12987.012
14500,13368.027
14200,12674.797
13300,10716.76
13000,12038.856
13100,12750.759
13000,12029.631
12500,12759.514
12350,12514.144
12300,12502.644
11500,11864.284
12100,12261.079
12500,12340.207
12500,12269.906
12450,12243.064
12850,12634.979
13600,13411.465
13840,13925.755
13720,13559.174
13850,13890.805
13700,13472.355
13650,13465.919
13200,10857.15
12800,11435.374
12600,11281.789
12500,11258.413
12300,11945.873
11800,11855.051
10900,10930.723
10950,10967.784
11250,11177.22
11600,11734.905
11950,11965.014
12100,11655.077
12200,12278.426
12450,12048.08
12100,11959.477
11920,12136.302
11765,11314.14
11570,11465.718
11850,11667.644
12700,12541.892
12830,12406.654
12660,11683.505
12800,12570.186
12600,12610.869
12350,12380.583
11500,11535.738
11050,10338.289
11100,10370.271
10900,10143.657
9850,9499.275
8930,8480.708
8851,8429.543
8968,8689.897
9501,9265.271
9948,9359.945
10220,9615.58
10541,10308.616
11063,11013.137
11400,10461.034
11440,10054.979
11416,10078.774
11336,9335.6455
11572,10045.127
12360,12150.452
12650,12475.262
12527,11414.652
12729,12800.676
12661,12276.403
12397,11985.821
12146,11572.889
11703,10421.691
11369,10098.825
11175,9679.899
10975,9482.838
9836,9449.353
9170,8735.088
8844,8376.013
9002,8655.014
9172,8877.591
9544,9216.401
9817,9215.262
10049,9906.237
10497,10301.945
11043,10303.456
10932,9568.028
10678,9932.139
10593,9656.765
11023,10975.298
11750,11112.745
11948,11987.909
11946,11987.909
11771,11795.583
11674,11066.48
11552,10217.785
11430,10151.996
11049,9797.12
10605,9387.973
10098,8688.333
9634,9223.034
9499,9102.352
9255,8830.965
9517,9133.676
9132,9152.662
8472,7478.668
8439,7394.0986
8624,7806.25
8894,8196.194
9176,8924.987
9366,9110.578
9355,9093.115
9035,8664.96
8774,8424.763
8722,8366.068
10424,9582.111
10705,8786.665
10707,10074.722
10929,10913.456
10952,10279.441
10758,10136.629
10527,9865.103
10166,9811.882
9770,9412.667
9481,9126.414
9225,8828.262
9012,8634.184
8664,8204.642
8775,8353.71
8917,8715.002
8981,8989.101
9146,9177.189
9278,9327.216
9632,9652.168
10745,10796.181
10461,10496.841
10416,9666.7
9943,9701.737
9707,9361.944
9490,9149.058
11450,10774.012
11670,10425.136
11568,10297.717
11762,11687.984
11987,11873.573
11795,9548.444
11649,8038.904
11265,9687.139
10910,9468.756
10710,9846.02
10390,9481.477
10145,9839.915
9640,9326.135
9617,9320.733
9870,9692.835
9800,9660.478
9797,9190.964
9943,9816.605
10399,10304.882
10854,10736.015
11230,11030.659
11280,9907.724
10973,9684.263
10644,9871.102
10205,9907.311
11844,11767.054
12510,12344.028
12650,11654.395
12700,11774.629
12500,11985.647
12440,11796.612
12245,11551.926
11820,9808.867
11500,9895.337
11070,9488.498
10820,9363.196
10700,9753.663
10100,9580.404
10150,9649.746
10240,10080.304
10310,10155.106
10340,10148.313
10600,10466.197
11020,10835.817
11390,10526.987
11700,10398.755
11700,10391.848
11500,10238.25
11200,9639.402
10970,9461.934
12550,12419.756
12800,12106.96
12800,12199.088
12880,12874.331
13000,12992.709
12900,12741.93
12900,12313.32
12580,11815.608
12120,11559.829
11870,10389.774
11650,7783.2896
11320,9608.772
10800,9169.936
10790,9732.047
10750,9971.129
11250,10366.608
11400,10078.37
11930,11203.555
12300,12170.949
12750,12348.972
12800,11601.877
13100,12455.624
12900,11199.976
12550,11388.253
12180,10592.707
13745,13743.094
13950,13784.702
13980,13860.255
14350,13867.939
14180,13908.625
14150,13946.499
14100,12755.393
13650,11087.843
1330,10671.364
13000,13069.889
12650,12470.642
12580,12395.617
12170,12233.915
11950,11901.037
121000,12261.625
12450,10914.648
12800,12673.959
12900,12903.25
13500,13298.969
13750,10606.641
13800,10755.086
13875,11985.829
11900,9061.92
11375,11431.547
10794,10839.854
12200,12676.217
12520,12732.486
12480,12966.738
12830,12899.744
13000,13321.32
13000,12983.1045
13050,13141.423
12600,12645.21
12400,12237.965
12150,11648.913
11950,11867.047
11900,11649.253
11600,10203.442
11420,10095.101
11560,11586.362
11720,11775.125
12650,12815.99
13230,12770.148
13500,12412.24
14030,11724.289
14100,11950.362
14200,10951.732
14050,11431.859
13550,10410.616
12300,12038.651
12900,12296.009
12900,12345.227
12850,12604.599
13100,13060.631
13500,13384.699
13600,13175.33
13800,11537.216
13200,10110.95
12900,11034.45
12650,11853.397
12350,11652.126
11780,10014.824
11232,9959.551
11220,9479.693
11000,10961.164
11680,11102.398
12220,12242.3545
12850,12478.129
13240,13125.557
13830,13622.808
13940,11979.799
14260,13067.257
14300,12786.323
13650,11532.261
13170,13100.6455
14900,13207.459
14950,13577.831
15000,13678.356
15080,14422.139
14800,14401.963
14650,14433.092
14550,13901.72
14150,13235.408
13800,11215.011
13600,10330.696
13250,9847.6
13100,11206.302
12400,10862.857
12100,11049.593
11900,11912.111
11750,7744.6436
11780,11865.399
12100,12240.717
12420,12475.198
13270,13177.632
12830,12039.168
13090,13147.715
12970,12044.96
12750,12355.834
12300,12060.482
13950,14066.3125
14180,14259.956
14260,14915.365
14520,14283.405
14600,14575.479
14800,14575.479
14700,14349.44
14600,13621.794
14150,12966.41
13850,12203.982
13500,10785.696
13200,9996.012
12780,11026.462
12650,11450.781
12500,11887.63
12620,11944.818
12930,12278.932
13270,12354.961
13800,13133.246
14000,11409.251
14090,12533.518
14320,12533.518
14400,12052.201
14000,12812.144
13850,14037.9
15400,14099.675
15600,14464.777
15450,14965.825
15750,15039.27
15500,15004.502
15600,15025.254
15500,15058.205
15300,14544.458
15100,14252.258
14650,13998.583
14400,13736.146
14270,13223.643
13600,11049.431
13500,9665.381
13500,10180.976
13880,11273.357
14250,12851.313
14550,14227.377
14700,14539.038
15120,14375.094
15150,14553.985
15350,14503.072
15300,14454.692
14750,14294.36
14100,14429.874
15750,14571.675
15650,14799.242
15700,14829.606
16000,14903.051
15900,14901.815
15750,14901.815
15500,15153.873
15100,14720.488
14850,14815.973
14600,14615.713
14200,13910.485
14000,12304.2
13650,11891.027
13450,10493.718
13550,11114.564
13900,10569.057
14200,12304.321
14450,13559.163
14800,14720.789
15100,14775.748
15180,14775.748
15220,14842.102
15150,14762.453
14820,14549.587
14600,14642.056
16150,15065.843
16400,15030.235
16500,15166.762
16700,15177.092
16400,15133.567
16300,15188.874
15900,15273.546
15300,14927.146
15200,14914.726
14900,14503.96
14600,14507.214
14500,14079.117
13600,13268.043
13600,11723.449
13700,11855.884
14050,12170.033
14400,13546.749
14450,14658.393
14875,14767.368
15000,14768.057
15200,14774.608
15300,14842.79
15200,14800.471
14950,14764.084
14800,14744.8
16450,15113.11
16600,15139.703
16625,15297.179
16720,15278.406
16450,15194.3545
16250,15240.934
16150,15467.126
15700,15150.24
15550,15150.24
15200,14796.031
14850,14754.377
14450,14106.284
14000,13209.3
13550,11473.334
13600,11416.892
14000,12280.982
14400,12402.566
14800,14719.227
15000,14772.726
15200,14400.411
15260,14735.608
15500,14790.567
15300,14735.608
15200,14699.222
14850,14679.9375
16420,15169.561
16500,15078.801
16600,15281.99
16774,15263.218
16600,15205.759
16250,15466.354
16100,15346.542
15850,15150.24
15700,15150.24
15400,15003.979
15200,15043.609
14900,14647.679
14000,13176.737
13800,11292.892
12800,11565.036
14150,14031.405
14750,13611.1
14500,13622.189
15150,14432.788
15550,14750.144
15600,14851.099
15550,15051.027
15450,14796.1875
15200,14838.472
15000,14724.461
16550,15123.324
16750,15123.324
16650,15267.788
16620,15295.595
16600,15199.937
16550,15299.728
16350,15465.389
15950,15150.24
15750,15255.843
15500,14993.4795
15200,15034.25
15000,14475.14
14500,13541.162
14000,12531.888
13350,11651.307
13080,12686.304
13270,12736.153
13530,13631.841
14180,13311.689
14400,14344.052
14200,14669.635
14550,14375.517
14150,14678.076
14250,14314.365
13550,13734.289
15500,14545.588
15700,14922.261
15750,15098.66
15870,15131.525
15820,15110.486
15700,15164.493
15500,15202.647
15000,14880.255
14600,14880.255
14250,13996.582
13900,12774.997
13650,12198.953
13150,11104.624
12900,12062.81
12850,12768.309
13100,13030.481
13600,12557.144
13800,10581.765
14400,13527.405
14800,14688.572
15100,15084.503
15200,14604.979
15300,14604.979
15200,14438.804
14950,14792.065
16600,15404.407
16750,15133.723
16750,15302.479
16650,15405.019
16520,15361.011
16450,15492.285
16150,15558.719
15770,14895.211
15470,14020.963
15400,14262.98
15120,13468.213
15050,13368.417
14760,13131.738
14450,12522.392
14450,12657.711
14650,12663.789
14850,12433.115
15150,13484.15
15350,14102.144
15500,14102.144
15800,14102.144
15850,14102.144
15800,14673.1455
15700,14932.469
15280,14359.364
16750,15595.866
16800,15070.222
16700,15381.317
17150,15427.035
16900,15369.576
16850,15347.676
16600,15119.403
16200,15277.698
16000,15277.698
15800,15096.103
15600,15052.125
15400,15081.993
15000,14408.767
14600,14106.305
14700,14461.126
14200,13200.119
15000,10992.319
15500,15275.678
15800,15273.849
16000,15273.849
16100,15275.678
16200,15289.854
16050,15308.0625
15900,14636.137
15500,15097.726
16750,15735.848
16850,15507.291
16900,15620.318
17200,15529.933
17100,15472.474
17100,15558.963
16900,15887.275
16300,15522.931
16100,15531.437
15900,15346.632
15750,15386.263
15600,15135.045
15050,14455.39
14900,14190.522
14750,13858.462
15200,13938.867
15550,14231.649
15800,15138.094
16100,15148.121
16250,15392.419
16300,15392.419
16400,15392.419
16450,15409.875
16350,15356.032
15600,15016.599
16700,15224.948
16800,15041.5625
16850,15171.408
17000,15288.13
16600,14904.361
16700,15494.684
16450,15467.126
16050,15268.117
15850,15268.117
15650,15005.03
15400,15044.661
15150,14778.04
1440,14108.084
14000,13869.831
13750,11743.283
13400,10609.815
12950,12310.767
13100,13180.934
13400,12800.02
13900,13855.868
14130,13260.499
14100,12243.126
13980,12766.882
13850,12643.464
13100,13427.651
15020,14399.722
15600,14803.247
15630,15232.266
15850,15014.445
15850,14992.617
15800,15055.757
15700,15214.521
15600,15179.741
15400,15179.741
15100,14609.812
14500,14557.535
14350,13354.398
13900,12675.879
13900,12017.075
13850,12183.87
14200,12004.657
14400,12646.202
14700,14285.579
14800,14399.613
15200,14521.683
15250,14514.411
15380,14546.308
15280,14531.617
14900,14135.508
14300,14523.693
15700,14649.938
15850,14948.219
15650,14993.321
15500,15009.753
15430,14987.925
15500,15077.689
15250,15266.673
14300,14653.042
13600,11522.675
13200,11246.669
12900,12105.705
12400,12009.953
11900,11954.252
11600,11728.478
11580,11702.46
12030,11487.188
12410,11994.002
12860,12827.99
13580,13520.966
14100,13278.424
13575,11335.923
13900,12040.947
13850,12604.325
13550,11556.704
12700,10536.794
14550,14007.75
15025,14621.494
14772,14696.644
15075,14777.938
15150,14617.382
15150,14659.494
14980,14554.99
14100,14405.437
13950,13955.265
13570,13720.173
13450,10795.107
13200,9950.823
12820,11929.781
12600,12614.814
12700,12713.974
13140,13245.686
13200,12340.446
13600,12922.564
14000,13994.276
14450,14058.141
14900,14431.289
15250,14798.528
15050,14489.265
14700,13675.508
14050,14403.78
15400,14608.947
15600,14831.401
14500,14990.985
14690,15030.689
14850,15072.304
14750,15036.066
14200,14832.8125
13800,13848.625
13100,10650.84
11225,10807.56
11195,11313.094
11212,11313.094
10992,10455.151
11019,11046.165
10874,10935.984
11616,11755.722
12057,11002.4
12577,11922.392
13260,12799.837
13680,13310.759
13730,13790.951
14000,14125.348
13974,14189.304
13850,13501.786
13050,13105.302
14400,14241.258
14350,14597.221
13700,13767.296
11850,10207.979
9835,19788.021
9168,9570.254
9832,9799.027
10276,10256.964
10499,8529.564
10324,10320.058
10271,10271.486
10061,10087.022
9606,9601.096
9855,9865.907
9831,9825.71
10377,10397.106
10642,10689.484
11070,11078.069
11237,11221.951
11100,11148.193
10252,10201.075
10289,10224.579
9331,9286.527
8997,8957.098
8883,8817.28
9522,9444.709
9409,9387.667
9027,8656.934
8983,8593.094
8648,8213.853
8182,7671.952
7818,6821.594
7787,6788.9043
7424,6447.6836
7282,6292.833
7295,6310.8325
7338,6357.586
7514,6752.798
8093,7211.005
8617,8033.2383
9186,8874.441
10022,9806.086
10680,10582.737
11356,11018.664
11660,11426.473
11985,11537.887
12154,11060.592
12272,8826.089
11966,11481.153
11675,10421.625
13081,12978.15
13638,12608.557
13609,12732.223
13437,13227.575
13062,13105.641
13022,12980.739
12679,12616.228
12183,12005.894
10882,10943.965
9756,9748.748
8588,7859.1343
7685,6938.2334
6874,6899.198
7322,7322.755
8154,7604.603
8793,8466.273
9501,9249.315
9895,9665.217
10663,10047.263
11145,10504.154
11109,9879.982
11258,10697.765
11156,11201.882
10950,10957.36
10744,10782.535
12480,12456.541
12781,12735.086
12618,12631.109
12240,12329.993
11981,12048.244
11947,11947.1045
11695,10397.444
11194,9952.879
10864,9594.208
10538,10500.475
10182,10202.067
9974,9983.839
9604,9610.772
9995,9974.492
10123,10138.763
10765,10787.48
11454,11441.137
11711,11718.451
12241,12204.54
12492,11945.928
12615,11700.622
12600,12007.427
12300,11824.435
11710,11824.903
11070,11045.027
12220,12281.017
12487,12483.263
12335,12240.895
12154,12148.059
12033,12066.773
11864,11883.077
11876,11928.489
11487,11481.378
10943,10941.024
10627,10660.528
10092,10148.932
9763,9755.8125
9410,9433.873
9307,8894.54
9080,9099.8125
9216,9260.904
9591,9655.914
9906,9968.462
10725,10779.593
11370,11212.186
11130,11090.015
11333,11287.053
11119,11113.811
10746,9300.637
10238,10197.451
12043,12066.126
12552,12555.353
12609,12565.35
12787,12843.04
12633,12637.277
12772,12715.51
12619,12637.277
12273,12266.436
11751,11771.91
11296,11307.53
10735,10716.819
10213,10195.003
9627,9617.375
9199,9195.364
8796,8752.103
8797,8757.664
9229,8833.618
10049,10111.69
10559,9929.52
11224,11210.887
11008,9750.352
11381,10154.518
11087,9882.146
11265,9954.622
10957,10919.085
12926,12768.455
13341,12894.325
13040,13171.322
12877,12924.895
12765,12745.946
12443,12501.794
12369,12386.663
11915,11935.284
11424,11421.724
11088,9840.136
10646,9410.094
10385,9726.166
10196,7656.5825
10368,10376.974
10544,10505.2705
11292,11304.458
11500,11412.455
12100,12098.184
12500,12636.554
12731,12454.051
12730,12303.247
12570,12003.382
12105,11467.259
11725,10402.957
11825,11770.75
13604,12820.43
14202,13455.195
13975,13620.791
13840,13769.158
13500,12864.7
13390,12787.522
13160,12820.282
12551,11799.933
12198,12218.173
12003,11965.512
11340,11325.589
11237,11221.626
10826,10814.322
10982,10979.445
11096,11085.319
11678,11655.072
12015,12019.735
12605,12580.776
12905,12056.5205
13170,12359.702
13288,11948.697
13630,12378.789
13420,12501.383
13320,12609.922
12790,11835.279
14530,13862.586
15150,14340.251
15020,14060.088
15100,14486.224
15000,14457.322
14970,14448.282
14575,13887.387
14300,14287.729
13870,13890.346
13600,11549.277
13330,11372.234
12900,11911.9795
12270,12453.071
12296,12284.714
12450,11931.9
12800,12238.419
13180,12679.77
13350,12842.133
13850,14084.162
14100,13828.932
14300,13453.138
14450,13451.414
14300,13747.61
14150,12112.007
13400,13770.833
15140,14316.979
15700,14650.666
15400,14723.509
15600,14789.629
15530,15033.229
15270,15096.368
15270,14899.254
14950,14536.265
14750,14453.374
14400,14255.008
13920,14186.524
13550,13517.334
12950,10743.411
12700,12628.105
12770,12928.234
13000,13106.699
13470,13169.19
13840,13829.502
14200,14056.519
14550,14173.011
14750,14516.364
14950,14466.822
14850,14412.219
14630,14256.525
14000,14341.532
15800,14651.599
16100,14938.128
15950,15050.019
16000,15116.139
16000,15089.27
15900,15110.373
15750,15293.495
15600,14958.801
15300,14884.067
14930,14292.658
14550,14277.659
14250,14237.921
13550,13640.274
13500,13443.24
13330,13536.739
13620,13526.309
14070,13965.031
14550,14256.861
14870,14574.941
15220,14574.941
15150,14616.194
15250,14736.618
15350,14811.352
14950,14525.824
14500,14437.602
15850,15160.963
15850,15160.963
15450,15163.603
15850,15237.988
16000,15178.641
15950,15180.529
15850,15205.039
15700,14991.619
15550,14916.886
15200,14548.361
14600,14374.771
14200,14223.743
13350,13705.556
13200,13251.32
13070,13141.325
12930,13130.18
12970,13137.957
13350,13591.198
13770,13869.792
14240,14133.376
14000,14188.1455
14175,14205.94
14400,14206.218
13800,14343.618
13250,13443.333
15000,14497.791
15500,14853.003
15350,14946.581
15700,15012.701
15750,14968.049
16000,15073.999
15800,15120.681
15600,14951.576
15200,14816.242
14700,14536.638
14350,14402.048
13880,13875.977
13000,13431.672
12580,12667.977
12200,12514.814
12030,12246.926
11690,11799.665
11260,10845.597
11670,10669.82
11926,11473.876
12271,12109.56
12601,12533.699
12664,12787.752
12717,12812.307
12448,12540.926
14216,13800.287
14628,14289.348
14350,14661.89
14371,14210.342
14120,14049.508
14108,14079.003
14127,14079.003
13800,14080.2295
13220,11619.17
12920,11931.969
12700,11914.35
12520,12188.347
1945,11701.919
11890,11817.1455
11900,11908.689
12430,12404.217
12720,12693.587
13150,13117.772
13640,12546.417
14000,13197.071
14000,13307.408
14100,13314.029
13850,13873.993
13100,13486.032
12100,12129.058
13650,13444.091
14300,13990.337
13930,14159.107
13955,13195.246
13716,13840.768
13511,13711.866
13422,14194.037
12840,11903.731
12343,12527.633
11913,11969.206
11493,11497.428
11263,11249.736
10691,10738.522
10813,10838.577
10884,10943.563
11417,11605.993
11849,11806.107
12590,12115.613
13030,12973.527
12569,12714.88
12425,12418.212
12430,12471.943
1290,12663.07
12380,12375.749
12100,12018.845
13707,13499.922
14376,13941.505
14135,13531.366
14170,14006.207
14035,13935.362
13990,13935.362
13970,13844.837
13600,13654.508
13300,13419.641
12800,11879.798
12300,12482.703
11870,11879.019
11388,11383.886
11354,11383.538
11436,11433.585
11906,11917.011
12588,12548.21
12981,13150.103
13300,12981.853
13770,13144.333
13844,13260.552
13962,13131.285
13943,12761.536
13455,13647.697
13056,12827.6
15000,13973.248
15500,14516.125
15585,14552.109
15585,14611.418
15368,14484.824
15550,14499.761
15450,14074.633
15100,14431.965
14480,14366.426
14100,14183.894
13400,11653.101
12750,11813.868
11388,11721.294
10853,10918.513
10869,10911.597
11375,11551.204
11640,11562.522
12071,11950.338
12640,12668.044
13200,13290.899
13570,13616.043
13700,13799.037
13730,13773.9
13480,13000.94
12950,13510.333
14720,14171.308
15300,14669.756
15300,14760.865
15550,14802.854
15450,14666.429
15500,14670.719
15500,14744.952
15200,14728.61
14600,14541.136
14300,13840.217
13700,13818.812
13550,13455.881
12950,10541.248
12800,12564.422
12970,12918.855
13150,12898.783
13600,13429.383
14080,13794.084
14400,13998.502
15000,14387.83
15100,14424.959
15250,14473.482
15160,14391.95
15000,14217.439
14200,14610.014
15600,14683.412
16100,14940.853
16000,15039.258
16400,15118.509
16040,15082.13
15850,15123.006
15650,15138.38
15400,14617.076
15250,14513.793
14350,14336.943
14350,14042.841
14050,13992.018
13080,13591.799
12480,11962.862
12200,12356.533
11970,12182.387
12320,11942.744
12755,12866.7295
13454,13553.316
14150,14166.26
13750,14006.086
14250,14218.717
14130,14249.523
13840,14181.257
12950,13320.159
14870,14405.383
15410,14920.856
15380,15065.405
15850,15123.422
15750,15088.932
15840,15097.035
15850,15151.042
15750,14686.271
15400,14526.972
14850,14416.875
14600,14415.579
14525,14088.184
13550,13488.274
13450,13441.361
12830,12878.659
13000,12833.718
13420,12909.924
13950,13965.178
14350,14127.1455
14550,14123.833
14800,14511.074
14950,14533.556
14700,14435.1875
14200,14202.389
14900,14575.084
14800,14491.644
14500,15047.071
14292,15017.318
14600,14502.221
15450,15157.556
15500,15426.13
15350,14702.884
15200,14702.884
14900,14407.524
14600,14365.994
13970,14380.768
13170,11819.052
12980,12020.447
12600,11811.665
12850,12167.9375
12950,12566.72
12800,9752.681
13100,13053.19
13480,13441.185
13560,13552.627
13700,13645.691
13700,13778.013
13200,13009.598
12500,11128.666
13290,13012.619
13560,13759.944
13230,13005.33
12920,12085.479
12785,12808.611
12785,12096.966
12715,12214.887
12020,11439.455
11100,10509.703
9930,9774.105
8882,8827.472
8056,7884.1016
7075,7024.9307
6304,6059.4365
5553,5510.2524
5271,5160.933
4907,4762.582
4890,4732.3125
5323,5214.7837
5399,5399.801
5109,5024.5845
4506,4428.892
3886,3421.4968
3751,3742.6963
3847,3719.9758
4097,3904.9397
4157,3935.1606
4177,4075.6172
4554,4401.86
4553,4401.86
4369,4207.456
4240,3851.488
3986,3507.6194
3880,3507.6194
3708,3010.7559
3694,2952.2847
3651,2952.2847
3749,3269.1514
4025,3531.564
4692,4633.4585
5649,5527.545
6385,6281.07
7292,7197.844
8180,7996.8413
8585,8382.872
9268,9080.364
9657,9444.864
10708,9622.897
10621,8964.942
10402,8739.373
11811,10902.327
12085,10684.345
12038,11028.209
12451,8974.123
12553,6339.254
12900,6956.8296
13100,9062.867
13000,8569.506
12750,7198.8853
12314,10102.211
12081,11556.673
11923,11731.565
11469,9940.007
11296,9839.276
11601,10205.375
11857,11875.607
11887,11843.449
12021,10845.079
12459,11071.234
12689,12186.238
12848,11194.621
13025,12126.687
13520,11970.043
13000,11621.788
12390,11102.297
13900,12612.337
14630,12746.502
14500,13366.794
14700,13441.451
14770,13863.671
15050,13856.057
15050,11713.792
14800,11662.3125
13850,13096.816
13050,12424.296
12550,11746.778
11980,11347.069
11416,9922.026
11253,9737.929
11380,9364.188
11870,11770.906
12245,12260.168
12530,11813.618
13000,11494.865
13300,12065.404
13310,12724.301
13600,13048.18
13450,12137.462
12900,11874.546
12600,12158.129
14180,13849.843
14570,14325.442
14630,14775.445
14600,14780.7
14590,14560.174
14850,14637.7705
15020,14671.58
14500,14105.741
13950,13636.455
13570,12320.989
13000,13205.093
12400,11563.486
11600,9610.719
11300,9648.081
11100,9696.28
11140,9700.944
11320,10862.234
11400,11541.322
11700,11770.368
12360,12420.18
12050,12232.069
12080,12159.521
12040,12207.348
11700,10596.967
11500,11460.844
13190,12958.336
14100,14241.094
14100,14413.874
14200,14361.911
14250,14187.7295
14350,14157.39
14500,14169.171
14250,13894.949
13900,13806.217
13600,13574.157
13300,13295.776
13000,11939.591
12250,11628.35
12200,12185.659
12200,12231.0625
12550,12443.413
12980,12921.792
13300,12586.107
13700,13192.129
14200,13271.059
14050,13329.493
14200,13534.071
14350,13040.766
13950,13904.938
13600,12959.735
15150,14222.021
15800,14542.205
15850,14593.681
15750,14576.153
15400,14172.688
15450,14918.427
15550,14775.94
15100,14106.692
14750,14237.047
14350,14122.639
13850,13520.065
13650,13262.008
13020,10495.228
12900,11781.374
12950,12541.716
13300,12706.681
13600,13292.456
14000,13507.292
14375,14012.253
14500,14000.648
14750,14296.73
14850,14296.73
14750,14223.381
14500,14050.258
13750,14021.051
14950,14302.506
15600,14738.667
15800,14819.828
15950,14817.57
15800,14753.676
15800,14753.676
15700,14837.427
15280,14477.782
14800,14264.662
14250,14306.328
13900,13806.012
13520,13241.875
12900,12808.315
12800,12775.349
12600,12781.393
12570,12714.8
13030,13011.269
13400,13348.394
13700,13680.507
14100,14059.031
14250,14171.365
14300,14159.6455
14200,14155.418
13900,13276.128
12850,13223.021
14150,14147.932
15150,14546.058
15100,14849.568
15000,14897.307
14600,14836.385
14700,14826.663
14500,14608.558
14300,14075.827
1400,13560.626
13600,13924.989
13250,13149.478
12900,12700.463
12350,12389.628
12100,11613.911
12050,11462.153
12320,12411.713
12780,12829.939
13130,12949.472
13650,13632.388
13740,13983.105
14050,13987.084
14550,13633.061
14306,14317.469
13300,12431.27
12940,13040.556
14335,14143.537
15080,14303.962
14940,14631.332
14950,14694.781
14900,14552.107
14820,14573.662
14750,14330.26
14450,12989.984
14050,14079.951
13520,11134.07
13050,10411.409
12820,11871.432
12420,11824.601
12450,11137.591
12400,12326.054
13000,12933.71
13180,12949.522
13520,13346.313
14100,13924.749
14350,14250.159
14470,14201.415
14700,14550.537
14800,14140.464
14500,14095.473
14100,14251.401
15750,14666.38
16150,14964.192
16200,15019.414
16250,14973.862
16100,14894.948
16000,14899.782
15500,14914.792
14100,14196.158
13000,13160.858
13000,12472.125
12755,12231.28
12320,12342.903
11580,11586.406
11120,11043.74
11105,11116.301
11600,11582.504
12365,12350.082
12930,12981.965
13630,13578.333
13800,14073.512
14120,14121.723
14450,14173.271
14500,14523.468
14225,14415.017
13750,14030.604
14980,14265.935
15725,14683.35
15700,14691.474
15700,14774.77
15800,14617.212
15980,14647.546
15950,14419.26
15650,13749.864
15150,14058.515
14700,13551.795
14150,13542.374
13780,12980.936
13000,12328.003
12700,11971.072
12250,11949.603
12100,11279.321
12400,12144.592
12800,12756.072
13450,13292.364
13800,13683.884
13100,13612.282
13300,13344.3955
12350,12349.685
10769,10373.603
10490,10416.86
12551,12662.611
13516,13460.44
13646,13902.771
14093,15278.623
14200,13593.787
14330,14063.876
14225,14136.679
13891,13776.583
12849,10341.142
12589,11944.207
12442,12030.845
12268,12283.008
11851,11461.735
11610,10119.197
11280,8995.466
11475,11137.227
11890,12106.993
12550,12235.327
12850,12818.331
13035,12900.175
13400,13293.521
14050,13223.745
14100,13474.08
13950,13296.203
13800,12018.717
14950,13500.844
15950,13964.001
16050,14547.372
16400,14595.11
16300,14417.702
16250,14390.946
16050,14433.717
15700,13539.742
15070,13044.836
14800,13466.494
14300,13326.155
13980,12895.752
12900,9919.091
12830,11985.92
12850,12724.863
12950,12834.192
13450,13249.746
13500,13380.618
13850,13448.3
14050,14440.684
14300,13987.617
14550,13984.585
14400,14120.819
13850,14017.316
13500,13367.926
15100,14448.141
15650,14732.665
15800,14807.949
15900,14826.144
15800,14715.533
15800,14729.072
15700,14765.222
15350,14364.552
14900,14364.552
14300,14410.27
13750,12408.1045
13100,10631.288
12000,11370.4375
11387,11428.508
10963,11004.402
11581,11641.974
12311,12355.193
12620,12721.322
13250,13031.822
13250,13490.638
13311,13562.743
13695,13467.938
13865,13488.615
13510,13389.382
13143,13189.259
14426,14097.685
15150,14593.172
15050,14622.574
15450,14639.789
15080,14472.797
15300,14472.797
15250,14503.943
14940,14004.374
14550,13855.681
14250,14133.045
13830,12103.999
13520,11533.843
12750,10465.044
12830,12905.485
12900,12936.429
13350,13254.343
12600,13329.258
14000,14006.902
14550,14167.914
14800,14448.99
15050,14458.411
15150,14370.657
15070,14423.218
14650,14233.801
14270,14561.032
15500,14715.803
16450,15029.487
16500,15074.263
16700,15106.716
16600,15043.787
16600,15129.425
16500,15176.596
16100,14580.258
15850,14426.379
15200,14368.371
14900,14312.783
14600,13608.803
13800,13992.982
13650,12810.841
13250,13426.933
13680,12810.76
13920,13859.963
14020,14036.214
14500,14312.35
14900,14640.775
14900,14631.853
15400,14660.648
15200,14677.278
14950,14445.857
14250,14541.805
15650,14621.455
16050,14938.021
16100,14970.929
16450,15040.909
16650,15023.594
16600,15023.594
16300,15028.107
15980,14487.429
15400,14414.257
15050,14487.591
14380,14503.306
14150,13997.502
13450,13557.975
13000,13317.872
12750,12906.058
13050,13036.954
13350,13320.784
13800,13893.946
14400,14285.407
14690,14593.245
14750,14647.813
14700,14618.937
14070,14017.622
12552,11732.619
11410,11250.757
12815,12978.259
13950,14048.562
13760,14196.288
14100,14427.417
14350,14448.649
14325,14021.446
14300,14054.115
14100,13679.39
13920,13671.261
13375,13389.586
12770,11804.419
12325,11773.434
11350,11301.519
11075,10305.703
10800,11137.354
10682,10816.023
10832,10770.597
11182,10603.002
11929,11779.964
12629,12431.376
12340,12459.092
12671,12730.717
12474,12230.522
11917,10990.9
11620,11566.244
12998,12937.921
14057,13762.39
14320,14107.843
14510,14131.7
14590,14192.436
14820,14325.235
14900,14335.882
14600,13942.002
14050,13803.674
13700,12738.567
13250,12762.225
12670,12065.603
11880,10008.935
11075,9680.164
10854,8991.299
10941,10151.83
11002,10326.219
11345,10155.99
11757,12023.787
12065,12257.557
12367,12593.29
12269,12012.783
11765,10878.676
11435,9541.519
11109,11258.772
12391,12373.239
13369,13425.631
13335,13566.777
13723,14057.7295
13734,13827.841
13738,13827.841
13709,13827.841
13545,13126.352
12954,9943.734
12353,12455.536
11867,11531.437
11407,10014.374
10454,9079.243
10020,9735.253
9956,9657.538
9737,8967.004
9748,9610.071
9865,9730.445
10337,9689.803
10926,9996.043
11387,8355.315
11461,10229.368
11043,9840.451
10381,9051.607
10192,10298.63
11957,11960.055
12557,12548.389
12524,12488.035
12872,12766.067
12838,12567.488
13032,12969.792
13104,12925.849
12881,11791.492
12389,12045.578
12083,9408.131
11664,10161.012
11539,9983.383
10930,9410.495
10544,9602.363
9617,9253.253
9234,8975.178
8882,8566.903
8919,8624.992
9099,8822.005
9460,9237.887
10082,9862.017
10318,9584.527
10643,10419.848
10617,9733.602
10516,9608.503
11714,11717.226
12732,12695.962
12642,12608.459
12967,13088.64
12953,12687.917
13008,12687.917
13025,12687.917
12740,11916.142
12200,11321.931
11790,10015.353
11535,10142.661
11350,10010.715
10530,8996.421
10110,9691.339
9691,9278.6
9490,9132.57
9066,8655.249
9027,8643.897
9241,8992.341
9679,9439.237
10172,9957.471
10085,9848.194
10000,8965.892
9567,9193.253
9094,8702.727
10493,10500.672
11387,11368.364
11370,11396.206
11633,11548.276
11794,11782.572
11879,11901.202
11819,11868.318
11580,9971.743
10990,7086.3213
10758,7719.729
10538,8536.342
10434,8448.501
9487,9104.247
9315,8830.529
9072,9027.672
8846,8811.143
8627,8116.4927
8630,8116.186
8773,8282.999
9155,8860.989
9078,8625.562
8771,8322.027
8439,7998.907
8131,8012.393
8058,7939.4927
9345,8961.759
10183,8788.442
10159,9808.474
10636,9994.984
10711,10070.483
10814,10157.463
10809,10157.463
10510,9867.729
10172,10079.895
9891,9297.561
9583,9253.44
9237,8833.972
8415,8015.253
8415,7948.0225
8396,7948.0225
8675,8220.163
8920,8663.001
9029,8753.291
9352,9079.852
9424,9181.3125
9406,9173.159
9250,8869.795
8990,8766.881
8634,8612.061
8641,8652.064
9937,9933.915
10534,10506.622
10701,10205.94
10979,10324.479
11140,10471.248
11156,11183.135
11147,9917.553
10906,9685.041
10576,9916.338
10260,10281.572
10030,10035.969
9708,9720.774
8961,8539.39
9110,8679.966
9103,9076.874
9185,8870.932
9313,9284.907
9512,9527.797
10199,10209.145
11150,10995.237
11059,9794.492
10876,10071.555
10543,9850.994
10081,9963.799
9751,8253.011
11074,10377.77
12226,12050.272
12257,11657.145
12815,11817.232
12900,12777.92
13100,12380.883
13040,11309.916
12930,12045.15
12600,11599.29
12400,11597.346
12010,11431.792
11655,10372.202
10620,9378.37
10405,8541.807
10115,9968.3955
10243,7702.444
10266,10156.627
10436,10339.605
10825,10156.2295
11205,11095.665
11377,10121.951
11752,10412.647
11722,10460.956
11397,8982.941
10809,9431.009
12030,11884.646
13100,12867.3125
12738,12786.831
13436,13406.323
13600,12986.249
13930,13140.1455
13920,13231.04
13700,12471.97
13350,11780.244
13200,12919.354
12753,11134.234
12581,12011.016
11468,9944.054
11109,10992.947
11393,11254.8955
12019,12035.293
12303,12202.332
12441,12489.146
12719,12758.218
13235,12379.149
13542,12382.674
13410,12185.807
13640,12103.955
13077,12189.559
12015,11470.447
13306,12669.904
14200,13958.603
14200,14078.66
14510,13558.873
14450,14402.74
14650,14428.446
14700,14451.925
14550,14387.385
14380,14347.646
14100,13988.623
13950,13817.118
13550,13285.342
12024,12835.015
12135,12183.038
12295,12274.36
12750,12714.163
13100,13191.008
13125,12907.659
13500,13426.64
13450,13236.533
14000,13526.438
14100,13796.334
14150,13611.867
13800,12816.403
13300,12876.118
14500,14335.387
15000,14815.367
15000,15026.219
15200,15411.348
15200,15000.119
15450,14973.959
15400,14912.111
15150,14515.085
14800,14902.678
14700,14537.9
14600,14588.419
14400,14388.947
13850,14188.536
13700,13597.179
13900,13752.026
14100,14098.478
14300,14225.812
14500,13910.681
14650,14668.52
14600,14764.838
14900,14821.633
15100,14723.129
15000,14650.94
14700,14613.332
14100,14510.59
15300,15054.636
15400,15333.86
15500,15336.281
15600,15626.186
15700,15697.998
15600,15502.583
15450,15264.255
15200,14958.628
15000,14657.336
14900,14775.714
14800,14706.157
14700,14335.4375
14400,14328.107
14200,14460.775
13900,14024.471
14100,14035.348
14200,14179.737
13950,14179.737
14000,13956.546
14200,14150.101
14300,14222.259
14300,14246.94
14300,14246.94
14000,13397.141
13800,13717.3
15000,14742.383
15400,15486.621
15300,15486.621
15400,15465.802
15400,15426.804
15450,15500.589
15400,15172.614
15100,14777.078
14900,14664.098
14800,14651.152
14500,14459.868
14300,14361.891
13700,13582.6875
13400,12759.237
13300,11638.984
13550,13516.949
13600,13698.97
13700,13579.3
13800,13988.021
13850,13865.322
14050,13871.475
14150,14184.715
14000,14135.873
13700,13807.11
12900,13226.15
14100,14306.923
14850,14834.091
14600,15060.621
14800,15027.198
14760,14910.989
14750,14936.766
14700,14956.296
14400,14460.604
14300,14434.011
14200,13900.286
13950,13766.723
13650,13470.37
12750,12860.287
12050,12020.817
11480,11534.043
11180,11158.392
11250,11070.712
11500,10720.004
11900,11322.861
12600,12433.153
12290,12402.378
11900,11942.982
11465,11406.271
10990,10953.913
10680,10540.555
12230,12109.832
13350,13357.572
13300,13493.982
13720,13930.196
13725,13815.083
14100,13932.19
14200,13937.23
14000,13722.145
13850,13619.445
13450,13061.662
13200,12293.096
13000,11577.679
12100,11245.113
11950,11250.698
11627,9655.237
11480,10195.219
11000,9591.867
10850,9627.606
11280,11487.363
11475,11135.045
11530,9740.63
11870,11480.187
11950,11393.3
12150,10898.767
12080,11201.941
13340,12711.671
13850,13472.454
14000,14026.678
14350,14243.785
14450,14316.467
14650,14343.856
14600,14332.503
14150,14166.099
13800,13144.51
13700,12906.28
13550,12639.917
13300,11808.127
12100,11452.41
11800,9696.798
11900,10339.542
12200,12132.514
12600,11494.521
12740,11754.542
13100,11994.707
13250,12022.127
12950,12079.903
12800,11794.618
12030,11121.144
11950,11205.226
11710,11191.585
13260,13196.66
13530,13360.541
13390,13412.502
13493,13858.281
12925,13283.457
12393,12968.799
12725,12411.791
13300,11766.917
13100,12099.383
12800,11982.899
11950,11641.083
11720,9685.112
11049,9555.323
11093,9631.16
11273,9748.75
11680,10925.745
11980,11981.862
12480,12533.703
12880,12403.202
13100,12261.875
12700,12337.884
12850,11882.238
12680,11257.454
12000,11041.465
12100,10735.822
13420,12788.18
14120,13448.959
14070,13508.191
14030,13343.87
13960,13917.113
13810,12705.943
13670,13164.574
13200,12518.052
12770,12408.387
12170,11456.91
11970,11513.741
11740,9953.302
11350,9408.851
11180,9518.692
11150,10782.253
11640,9313.619
11960,11745.3125
12370,12400.756
12600,12753.341
12630,12039.683
12400,12177.935
12250,11958.533
11925,11283.362
11850,11634.124
11950,11737.439
12650,12474.162
13790,13737.292
13620,13734.701
13800,13886.603
13680,13711.87
13500,13557.602
13180,13080.694
12950,12146.376
12460,11480.906
12120,11381.313
11700,9933.452
11520,11486.939
111140,10764.109
11200,10946.101
11360,9719.929
11450,9992.753
11900,12015.047
12250,12382.476
12470,12341.308
12860,12551.704
12820,12459.299
13180,12808.819
12810,12308.254
12510,12146.994
12130,11510.722
13330,13358.6875
14350,14041.638
14150,14144.152
14250,14050.033
14270,14071.598
14240,13958.307
14080,13958.307
13580,12777.513
13220,12176.826
12720,10878.761
12330,11471.284
12150,11347.317
11500,9670.07
11525,9685.117
11520,9204.831
11730,10137.01
12140,12176.399
1450,12545.934
12850,13346.553
12950,13088.697
12860,12873.884
12700,12364.748
12620,11397.632
12250,11623.491
12100,11875.87
13000,12753.432
14050,13834.969
14100,14006.153
14250,14044.424
14150,13874.639
14020,13874.639
13880,13334.456
13330,12626.198
12920,12144.542
12760,11891.26
12360,11500.74
12230,11306.828
11550,9307.006
11100,9141.301
10960,9046.841
10830,10608.104
10675,10299.916
10603,10806.768
11167,11147.447
11731,11750.692
11135,10673.893
11227,11229.87
10797,10830.106
10646,10677.24
10321,10331.011
11579,11500.289
13207,13025.07
13229,13175.026
12974,12934.917
13028,12800.033
13096,12971.651
12700,12413.229
12450,12121.427
12020,11601.404
11661,11146.457
11270,9830.026
12090,11657.654
10978,9587.095
11185,10518.659
11775,11686.628
12030,12116.31
12190,12243.626
12750,12811.212
12520,12125.77
12900,12400.809
13120,12715.769
12970,12543.666
12540,11120.29
12100,11408.551
13450,12672.432
14650,13258.195
14650,13845.713
14620,13694.379
14660,13667.768
14430,14284.097
14570,13233.304
14120,13057.661
13840,12471.02
13350,12055.584
12880,12137.82
12630,11775.336
12165,11007.271
12280,12220.027
12540,12111.001
12807,12451.559
13148,12772.65
13580,12645.385
13820,12592.986
13875,13109.753
13100,12886.23
13700,12931.1875
13500,12406.628
12950,11821.233
14050,13099.67
15150,14187.348
15225,14464.092
15400,14532.077
15300,14439.233
15225,14344.838
15200,14427.242
15000,14386.541
14450,14089.832
14050,13675.206
13800,13110.195
13700,12468.62
12900,12274.492
12875,12338.797
12750,12454.844
12850,12890.976
13275,13335.986
13420,13513.589
13750,13729.265
13920,13972.013
14150,13963.897
14100,14213.119
14100,14215.012
13550,12993.613
13120,13275.677
14300,14496.149
15350,14758.223
15450,15031.332
15500,15008.348
15550,14944.453
15500,15002.201
15400,15335.698
14900,14581.462
14520,14361.111
14150,14206.222
13900,13823.267
13650,13206.599
13120,12845.436
12900,12272.944
12890,13003.624
13020,13128.473
13600,13501.44
13900,13701.196
14100,14066.533
14300,14281.64
14100,14067.46
14200,14182.232
14300,14211.909
13900,13732.608
13280,13525.24
14250,14499.226
15300,14642.712
15200,14928.862
15450,14976.601
15350,14699.202
15400,15011.574
15300,15102.876
14900,14880.043
14600,14273.812
14450,14135.439
14250,14156.029
14000,13570.909
13200,13200.114
13150,12729.811
13170,12903.076
13250,13084.78
10750,13314.779
13720,13169.289
13800,13867.061
14100,14002.091
13900,13229.737
14200,14472.225
14300,13980.595
14000,13782.742
13600,13912.591
14500,15016.439
15400,14704.319
15100,15719.873
15500,15715.379
15600,15613.243
15500,15609.082
15450,15750.241
15000,14031.221
14900,14823.659
14500,12744.719
14300,12130.5
14100,12396.359
13800,13180.973
13600,13016.439
13500,12870.243
13800,13040.129
13900,13393.925
14300,13343.229
14750,13403.195
14750,13538.349
14750,14101.9
14700,13694.642
14300,14080.871
13450,12968.368
12850,13402.958
13650,13861.387
14300,15246.165
14170,14871.948
14350,13148.338
14000,14309.115
14200,12536.339
14050,12544.852
13850,12037.422
13450,12337.5
13150,13875.611
12950,12826.845
12700,10362.437
11500,10818.444
11080,11584.527
10824,11144.975
10775,17712.652
10950,15999.18
11400,10085.495
11900,9922.826
11700,11669.282
11650,11558.394
11350,11258.719
11040,11669.82
10818,11430.527
11922,12459.256
13350,11006.852
13355,11836.748
13587,13585.079
13627,12353.38
13900,13676.775
13800,13093.209
13320,13282.082
12920,11346.713
12580,12221.994
12380,12199.162
12180,11524.645
11580,9926.162
11620,9711.85
11650,9768.548
12120,11281.036
12400,12393.8125
12650,12280.145
13100,12810.159
13550,12436.7705
13500,13148.065
13717,13143.579
13675,13285.556
13450,12189.148
12950,12016.431
13900,12976.452
15050,13598.953
15100,13979.648
15400,13987.998
15400,14483.162
15450,14548.03
15350,14243.602
14800,14148.51
14550,13499.699
14150,13477.318
13800,10873.906
13700,10681.742
13200,9861.257
12850,10491.222
12650,12144.849
12900,12548.359
13250,12705.756
13600,12901.843
14050,12607.649
14150,13922.461
14200,13921.108
14480,13972.149
14450,14306.94
14020,14085.191
13460,13472.8545
14500,14308.235
15600,14732.712
15600,14732.712
15700,14772.009
15650,14704.154
15500,14717.168
15400,14741.678
15200,14786.583
15000,14515.098
14700,14374.039
14400,14378.201
14100,14013.8
13550,13414.313
13450,12792.13
13300,10838.712
13500,12580.293
13750,13766.126
13800,13836.297
14150,14131.335
14400,14343.07
14480,14673.4795
14570,14672.832
14500,14522.464
14270,14325.529
13620,13628.372
14600,14631.519
15650,15051.094
15750,15004.515
15700,14971.092
15600,14917.636
15700,14995.38
15500,15006.748
15300,14786.583
15050,14786.583
14800,14665.339
14500,14484.619
14400,14338.39
13600,14114.507
13240,10739.959
13250,12311.57
13400,12555.246
13700,13536.197
13800,13836.297
14150,14157.66
14200,14253.349
14400,14337.598
14450,14642.762
14600,14632.203
14500,14560.717
13750,14281.451
14850,14622.376
15600,15051.094
15800,15051.094
16000,15068.832
16050,14984.941
15950,15280.478
15650,15278.039
15500,15131.894
15200,15018.604
14950,14566.016
14750,14602.173
14650,14278.42
13650,12426.284
13550,10945.608
13250,10976.6875
13050,12405.086
13300,13107.034
13220,12658.417
13750,13472.761
14150,11434.887
14200,14253.829
14250,12451.355
14000,12386.912
13900,13895.3
13500,13470.489
14700,14616.002
15400,14903.877
15450,14996.906
15800,14967.443
15900,14977.333
15850,15025.476
15750,15311.969
15350,15006.594
15200,15006.594
14900,14963.92
14650,14506.066
14600,13673.3545
14000,12801.553
13850,11356.151
13870,11179.569
14250,11929.374
14350,11366.791
14600,12270.9795
14700,13600.986
14900,14599.873
15100,14896.158
15300,14896.158
15200,14784.78
15100,14858.022
14200,14375.708
15200,14819.431
15900,15122.181
15800,15035.577
15900,14966.014
15800,14933.284
15600,14920.143
15500,14991.231
15300,14993.276
15100,14771.066
14900,14736.426
14700,14506.066
14450,14287.446
13600,12708.768
13300,10983.684
13000,12589.033
12600,12025.0
12650,12220.966
12350,12481.913
12700,12792.049
13150,13157.293
12800,12434.999
13000,13145.935
12900,13057.97
12050,12452.553
11450,11200.401
12750,12492.858
14000,13755.53
14050,14157.367
14450,14288.253
14550,14548.003
14650,14587.286
14700,14587.286
14500,14512.6
14100,13516.748
13800,11759.844
13550,10896.082
13300,10183.528
12700,11633.19
12450,12569.25
12100,11289.989
11840,11395.766
11850,11007.071
11530,10582.962
12170,12245.182
12425,12506.046
12550,12634.258
12570,12693.75
12380,11986.775
11775,10065.78
11191,10753.756
12600,12331.253
13700,13589.403
13450,12233.158
13800,12688.708
13950,13162.398
14120,13194.82
14070,13219.999
13650,12131.614
13400,11112.827
13150,11419.442
12950,11864.18
12700,11829.989
11800,10690.235
11559,10149.74
11278,9989.877
11013,9709.475
10940,9627.433
10823,10164.142
11156,11230.626
11568,11024.068
11802,11768.463
11743,11105.39
11490,10194.461
10746,9543.332
10308,10459.712
11519,11316.986
12770,12630.49
13000,12470.674
13500,13401.718
13580,12149.613
13675,12153.451
13710,11979.858
13320,11422.864
12930,10540.105
12630,11092.512
12360,10640.036
12150,10300.153
11419,9899.749
10920,8923.747
10631,9883.812
10608,9900.317
10489,9730.175
10593,9842.308
10665,9945.351
11102,10874.084
11094,9746.602
10921,9587.696
10818,10057.655
10403,9658.782
9765,9361.276
11195,11222.578
12700,12405.944
12580,12279.283
12860,12484.092
13000,12665.238
13245,13153.414
13140,11928.062
12896,11812.505
12377,12066.591
11983,11592.187
11788,11630.608
11481,10179.8
10685,9177.47
10607,9233.318
10542,9744.642
10597,9783.094
10660,9921.679
10722,10488.841
11119,10874.084
11582,9503.161
11640,8044.927
11869,10665.038
11513,10136.218
10800,9474.3545
10496,9598.128
11975,11961.192
13090,13008.988
13249,11421.198
13605,12734.612
13750,11227.139
13820,9996.485
13760,11496.355
13520,10871.079
13000,9526.895
12750,12272.567
12410,11780.412
12088,12101.776
11496,11450.893
11457,11235.768
11428,11191.971
11904,11590.033
12263,11951.401
12700,12340.808
13380,12520.496
13570,12467.72
13570,10771.27
13820,13233.218
13600,10985.047
12454,10474.429
11817,11978.827
13350,12651.572
14600,13370.054
14350,13878.023
14400,13562.207
14800,14376.795
14930,14409.217
14980,13968.172
14550,14374.574
14000,13558.113
13750,11437.149
13300,10828.377
13250,11258.48
12530,10846.23
12400,11057.542
12450,11901.121
12650,12015.752
13130,12877.314
436,12515.247
13750,14327.124
14250,14098.993
14425,14176.353
14525,14059.599
14275,13384.182
13650,12739.802
12882,12596.175
14250,14043.405
15175,14337.278
15150,14679.968
15400,14727.706
15350,14617.596
15500,14617.596
15450,14660.56
15200,14498.093
14900,14391.675
14500,13949.248
14270,13953.476
14200,12765.746
13300,12902.554
13100,12661.479
12600,12382.915
12570,12603.012
12500,11687.659
12600,12642.891
13020,13013.804
13570,13672.322
12940,13651.056
13320,13242.23
12750,12059.222
12450,12622.737
11600,11614.978
13400,13237.768
14300,14266.296
14450,14340.375
14700,14773.365
14820,14592.862
15150,14600.125
15050,14635.181
14500,14493.138
14300,14493.138
13980,13869.672
13700,11489.802
13600,10965.934
13100,10469.539
12730,11279.707
12750,12441.987
12950,12665.173
13080,12354.171
13100,12193.673
13680,13517.441
13750,11404.288
13850,13994.514
14225,13492.655
14000,13557.964
13850,13228.88
13000,13373.276
14550,13936.513
15450,14694.661
15400,14727.916
15500,14967.354
15550,14926.428
15700,14929.73
15800,14962.682
15450,14493.235
15100,14382.583
14750,14215.261
14600,14215.08
14400,14026.379
13620,11825.157
13450,9536.8
13500,10684.554
13750,11491.043
14100,13727.165
14150,14000.953
14500,14133.335
14800,14316.374
14850,14422.792
14900,14555.975
14900,14444.597
14300,14181.324
13600,13489.716
15100,14518.381
15750,14885.991
15850,14885.991
15950,14883.733
15900,14768.678
15975,14948.506
15600,14789.228
15400,14726.329
14800,14705.785
14550,14616.576
14250,14410.263
14100,12373.911
13800,11925.545
13500,10913.8125
13600,11180.178
13850,11238.475
14250,14031.888
14350,14318.652
14650,14418.818
14940,14882.272
15100,14882.272
15000,14882.272
14800,14565.964
14200,13771.199
13600,13665.388
15250,14619.65
15750,15099.256
15700,15056.637
15750,15023.826
15600,14959.932
15700,15114.659
15700,15300.207
15250,15014.34
14900,14818.167
14650,13932.77
14300,13972.4
14000,12081.198
13450,11060.981
13400,10942.1875
13250,12340.064
13500,12721.435
13900,11212.128
14050,11428.3125
14370,12359.445
14500,12427.697
14450,13622.201
14500,13665.701
14400,14556.281
14100,14267.283
13500,13604.714
15000,14685.364
15770,15052.975
15600,14963.372
15750,15062.181
15600,14998.286
15800,15142.638
15750,15312.212
15250,14787.765
14900,14621.151
14600,14244.544
14200,14292.1875
14000,13848.34
13350,11082.044
13400,12191.836
13375,12391.472
13700,12678.149
14000,11318.515
14200,12332.645
14400,12532.922
14600,14742.625
14500,14743.459
14750,14725.67
14450,14512.969
14000,14425.339
13800,13659.274
14800,14692.445
15250,15126.666
15170,15080.087
15300,15046.664
15350,14982.77
15450,14951.31
15350,14971.859
14530,14322.23
14100,14090.726
13650,11259.788
13400,10965.676
13050,11844.049
12480,12181.653
12280,12028.685
11850,11734.748
12300,12082.671
12290,11773.881
12280,11622.505
12650,12312.166
12700,12517.96
12100,12075.7
11919,11805.166
11480,11338.705
11175,10998.134
11014,10919.32
11948,11899.33
12374,12323.002
12126,12190.71
12362,12323.002
12224,12055.638
11962,11977.772
12480,12285.271
12084,11236.454
11573,11056.554
10967,10895.204
10604,10634.571
10277,10250.149
9849,9846.466
9524,9125.155
9533,9493.862
9462,9587.396
9552,9539.162
9606,9600.727
10003,10094.153
10657,9917.106
10146,9797.874
9851,9627.212
9607,8715.456
9607,9210.36
9462,9080.656
10993,10959.971
11788,11642.943
11746,11100.2705
11816,11729.967
11816,11729.967
11797,11812.95
11843,11729.967
11338,9907.738
10893,9512.615
10566,9736.809
10099,9825.221
9444,9174.578
9668,9377.732
9928,9641.345
10472,9722.95
10773,9991.392
10953,10249.217
11489,10731.725
11910,11972.609
11529,10230.992
11377,10120.213
11168,9805.918
11234,9821.273
11011,9576.489
12502,11893.315
13370,12383.7705
13085,11925.155
13270,12047.114
13280,12105.967
13140,11999.505
13020,11249.236
12570,12243.245
12200,11190.431
11840,9715.946
11380,9651.646
11150,9407.953
10830,9187.12
10730,10507.632
10985,9963.953
11820,10968.143
11810,11767.716
12060,11985.518
12620,12510.952
12910,12499.413
12750,12477.184
12740,12387.734
12080,11666.443
11310,9594.771
10503,10217.298
12270,12183.978
13150,13153.393
13100,13048.488
13090,12646.845
12990,12718.364
13100,12780.033
13010,11449.753
12720,11569.763
12330,11524.301
11900,9684.77
11700,9596.068
11550,9414.714
10860,8710.502
10550,8506.832
10400,9474.94
10317,9592.644
10337,9630.833
10439,10629.547
10554,10706.053
10754,10936.542
10697,10865.392
9785,9545.532
8747,8304.07
8617,8136.4663
10857,10840.673
11534,11485.793
11612,11554.115
12059,12039.54
12019,12034.958
12196,12171.488
12093,12141.316
11851,11832.171
11375,10768.996
11055,9564.357
10857,9360.526
10518,9582.069
10002,9567.067
9991,9072.163
10062,8761.143
10347,9612.309
10460,9697.817
10668,10439.6455
11098,10860.628
11503,10615.931
11706,10858.17
11675,10267.571
11417,10042.264
10918,9573.802
10171,9827.074
12155,11964.228
12919,12618.451
12879,12042.808
13064,12479.477
13178,12218.865
13250,11896.38
13350,12316.32
12900,10967.866
12550,11689.23
12200,11274.045
11950,11055.774
11900,9935.062
11300,9383.138
11270,9398.185
11320,9793.151
11550,9987.519
11920,10580.419
12200,12181.692
12450,11884.034
12700,12243.416
12740,12012.78
12890,12221.36
12600,11858.64
11980,11616.995
11260,9437.985
13140,13144.119
13800,13141.61
13730,11996.495
13790,12176.516
13750,12314.812
13840,12656.082
13800,11948.062
13550,10766.612
13100,9665.538
12750,10861.213
12600,11659.511
12250,11433.198
11600,9395.598
11450,9165.274
11550,11292.189
11700,10321.385
12050,12103.038
12050,11591.993
12800,13015.393
12800,12396.391
12850,12952.878
12970,12688.0625
12830,12045.897
12100,11206.944
11500,11317.227
13080,12885.674
13750,13584.485
13510,13792.057
13910,13929.224
13700,12317.47
13800,12244.667
143,11793.409
13400,13394.331
13280,12162.893
12700,11496.241
12420,11950.58
12130,11014.132
11350,8870.44
10850,8749.997
10830,8804.69
10650,10184.668
10620,10599.371
10590,10042.44
11100,10534.13
11770,11837.004
11113,11248.116
11220,11325.471
11040,9614.415
10560,8730.877
10196,10174.429
12250,11934.328
13020,12856.673
13050,12830.926
13380,13203.176
13280,13176.522
13360,12262.57
13270,12302.804
13000,11421.418
12600,11394.411
12360,11368.624
11750,9783.146
11860,11203.199
11180,9137.909
11200,8702.548
11100,8692.711
11500,9697.977
11625,10323.337
12000,11488.093
12270,12294.408
12575,12146.032
12700,12216.681
12770,11943.412
12520,11779.24
12100,11413.27
11700,10079.095
13230,12263.715
14100,13267.991
14050,13486.765
14130,13595.084
14030,13568.473
14040,13460.153
13960,13306.921
13730,12343.948
13370,12284.453
13080,11317.02
12740,11944.502
12410,11651.603
11930,9910.533
11800,10169.602
11850,10356.167
12100,11851.862
12420,12444.188
12540,12075.564
12930,12552.956
13000,12572.767
12750,12773.571
12900,12498.758
12680,12312.032
12230,12297.663
12025,12058.346
13650,13403.739
14325,14158.772
14475,14288.878
14500,14550.817
14400,14441.976
14350,14446.356
14250,14042.565
13870,13351.851
13750,12711.241
13420,12217.948
13150,12423.678
12750,11941.534
12150,11505.331
12000,11631.885
12100,12065.27
12330,12241.715
12750,12724.549
13000,13005.23
13210,12980.238
13500,12859.3545
13370,13465.334
13500,12979.841
13100,13384.2295
12250,12752.819
12120,12084.392
14150,13904.281
14480,14356.91
14550,14691.643
14400,14744.729
14350,14345.509
14350,14084.482
14325,14179.341
13900,13772.781
13500,13568.529
13200,13304.2295
12960,13007.416
12725,12715.297
12300,12292.081
12220,12147.948
12070,12052.502
12460,12460.452
12900,12816.976
13350,13317.521
13550,13725.37
13800,13837.391
13850,13523.3955
14000,13533.851
13700,12922.247
13500,12579.787
13000,13144.151
14600,14414.372
15000,14937.834
15050,15084.416
15100,14881.169
15050,14670.991
15100,14578.538
15000,14582.266
14450,13655.9375
14250,13678.297
14050,13754.711
13700,12561.314
13500,12321.969
12900,12200.893
12900,12541.015
12850,12853.292
13050,13112.829
13450,13263.104
13670,13661.953
14100,13898.714
14200,14166.663
14250,14261.936
14450,14237.363
14200,14631.49
14100,13685.011
13650,13609.804
15400,15001.572
15400,15498.891
15200,15408.379
15450,15193.351
15400,15040.964
15350,14880.391
15200,15348.244
14900,14173.741
14750,14173.741
14600,14157.005
14050,14167.835
13800,13496.686
13150,13108.349
13000,12799.639
13100,12993.785
13375,13437.755
13550,13595.71
13800,13680.777
14200,14090.664
14400,14237.25
14600,14596.578
14800,14671.649
14600,14541.024
14220,14469.28
13450,13554.558
15000,14869.834
15350,15382.3
15250,15382.3
15530,15361.48
15500,15297.586
15350,15277.59
15200,15305.704
14800,14539.323
14400,14371.44
14100,14203.729
13900,13760.521
13600,13108.946
12720,12725.87
11620,10976.236
11810,11642.906
11660,11720.762
11361,10854.635
11447,10159.847
12075,11377.337
12550,12423.463
11900,11709.839
11909,11766.633
11621,11476.728
11315,11269.069
10787,10758.807
12625,12577.058
13525,13467.32
13450,13769.084
13725,13958.072
13820,13823.361
13900,13872.821
13800,13688.826
13450,13025.471
12950,12544.228
12600,11745.989
12200,11655.88
11950,10915.27
11300,9686.933
11400,9316.337
11420,10040.703
11540,10162.334
11650,10352.137
11750,9927.836
12100,11889.136
12450,12410.232
12410,11978.78
12230,11761.025
11630,9923.123
11550,9775.186
11350,10592.542
13250,12890.912
13950,13198.153
13900,13874.545
14060,13841.722
13780,13972.883
13750,13826.297
13900,13272.3
13400,12716.458
12750,12258.3125
12420,11717.156
12170,11496.854
11700,10081.726
11270,9603.566
11300,9560.478
11500,10199.873
11900,10591.306
12050,12173.961
12350,12347.038
12630,12364.324
12850,12534.584
12890,12438.885
12900,12528.207
12520,12231.787
12350,11821.277
12110,11905.526
13940,13675.988
14130,13960.659
14250,14178.288
14230,14067.909
14000,14041.298
14000,14041.298
13850,12893.755
13350,12779.376
12900,12231.844
12600,11821.043
12250,11557.847
11850,9744.53
11400,9621.155
11250,9444.456
11170,9681.955
11520,10049.024
11450,10971.87
11840,12023.238
12200,12320.209
12310,12435.126
11910,12109.652
12000,11987.798
11710,11029.133
11430,9791.469
11300,11028.498
12820,12808.171
13450,13153.743
13100,13740.447
13450,13227.812
13030,12907.913
12820,12695.444
12750,12529.728
12180,11749.324
11770,10567.609
11450,9374.633
11150,9030.8545
11050,9428.23
10650,9031.355
10710,9949.132
10862,10089.947
11250,10424.037
11585,10177.833
11542,10105.2
11920,12019.301
12300,12261.746
12320,11772.013
12450,11993.711
12420,11860.02
12120,11429.182
11730,11627.536
13520,12833.813
13880,13122.152
13815,13313.972
13890,13167.753
13610,12709.953
13480,12179.799
13220,10155.232
11900,9947.332
11420,11617.414
11770,11672.561
11590,9423.779
11322,11300.231
10902,9406.236
10786,9897.4795
10856,9448.193
10925,10146.351
11313,10551.499
11590,9683.734
11970,11398.397
12155,11797.894
12140,11773.319
12050,11669.615
11975,11282.235
11695,9629.402
11754,11181.516
13150,12924.526
13576,13520.092
13450,13383.461
13400,12910.144
13200,12612.847
13250,12439.798
13020,11741.078
12570,11378.045
12170,11075.016
11750,9628.648
11400,9301.3545
10950,10207.575
10650,9128.893
10650,9137.1455
10385,9553.254
10940,10125.128
11201,10426.011
11525,10147.031
11704,10325.667
11839,11858.551
11568,11323.975
11715,10301.294
11295,9846.89
11020,9397.684
11045,10965.004
12690,11959.726
13040,12562.887
12807,12408.827
12784,12268.89
12468,11975.003
12459,12497.575
12306,11815.052
11646,9772.216
11353,9851.971
11183,9657.065
10796,10575.538
10406,9491.118
10078,9686.157
9795,9374.907
9745,9497.414
9678,9453.636
9739,9522.561
9930,9715.503
10406,9716.421
11121,10364.81
10874,9516.313
10898,10171.243
10714,9976.336
10117,9884.448
9923,9878.988
11858,11822.079
12510,12304.706
12440,11655.027
12545,12029.117
12600,11863.218
12760,12196.807
12640,11926.244
12100,11094.234
11900,9812.015
11520,9498.006
11370,9208.066
11000,10405.049
10500,9112.548
10580,9697.292
10505,9468.373
10815,10148.245
11035,10289.353
11359,10049.498
11760,10392.078
12195,12200.987
12235,11808.251
12480,11973.07
12260,11881.964
11940,11936.573
11650,9985.144
13700,13333.828
14100,13021.572
13950,13939.871
13970,12766.1875
13840,12638.367
13490,12399.053
12780,12353.67
12440,11300.761
12420,11204.8545
12080,10711.725
11680,9362.624
11450,9368.944
10960,9242.91
10821,9724.959
11075,9944.346
11410,10068.952
11550,10215.47
11700,10355.737
11980,12030.837
12310,12297.672
12300,12009.483
12230,11461.745
11850,10098.974
11480,10050.632
11250,11042.741
13250,13099.968
13200,13086.79
13050,12911.753
13050,12855.124
13050,12334.446
12830,11624.281
12800,11667.751
12230,11449.557
11670,9226.67
11310,9317.056
11120,9033.051
10900,8788.543
10250,9319.029
10090,9563.306
10140,9837.183
10320,10065.248
10470,9707.901
10735,9989.55
11090,11093.201
11650,10593.561
11435,10022.82
11500,10115.598
11340,9872.2
10990,8814.504
11150,10802.786
12800,12053.757
13150,12603.859
13225,12450.03
13175,12465.779
13050,11792.427
13000,12090.062
12900,11985.043
12230,11291.541
11870,9402.05
11650,9649.128
11500,9433.423
11250,9061.19
10700,8628.858
10680,9152.197
10800,9517.594
11180,10343.714
11250,9874.644
11585,10179.344
11970,11982.011
12320,12305.485
12400,11999.302
12650,12203.937
12510,11954.184
12350,11033.849
11800,11765.6875
13900,13245.006
14220,13460.144
13900,13209.13
14100,13360.219
13780,13205.871
13775,13127.328
13750,12542.078
13225,12527.246
12550,10883.371
12500,11617.518
12175,11508.779
12025,10415.408
11750,11546.619
11700,11627.72
12020,11804.009
12250,12195.502
12400,12301.548
12600,12446.665
13020,13030.472
13060,13038.78
13200,12084.708
13300,12845.549
13100,12755.84
12720,12063.013
12370,9066.876
14330,14010.361
14350,14211.611
14370,14330.893
14470,13777.632
14300,14571.9795
14250,14230.632
14150,14166.77
13450,11050.767
13250,10669.356
12950,11903.5625
12750,12511.037
12550,11673.307
12150,12178.381
11900,11841.577
11970,11976.043
12550,12471.344
13000,12855.197
13250,13038.113
13450,13244.985
13800,13650.136
13850,14007.142
14300,14056.959
14000,13527.581
13700,13189.625
13150,13235.85
15100,14216.171
15000,14618.225
15000,14845.566
15000,14671.465
14950,14461.287
14920,14474.738
14800,14479.238
14200,14464.469
13800,13813.54
13500,13517.754
13000,10077.946
12700,12484.68
12200,12216.198
11750,11759.457
11725,11721.069
11750,11296.245
11825,11373.53
11875,11009.515
12450,12194.419
13000,12953.943
12450,12245.918
12770,12682.554
12430,12259.986
11850,12051.17
11400,10975.423
13500,13336.863
14130,13950.339
14100,14410.977
14150,14377.722
14400,14241.682
14650,14223.268
14750,14546.156
14250,14200.236
14000,13147.275
13600,13048.485
13200,12592.587
13150,12245.449
12600,11918.923
12350,11639.877
12200,10549.662
12450,12018.795
12550,12024.045
12900,12493.284
13250,13235.247
13650,12489.493
13650,13086.758
13830,13366.653
13750,13066.8
13250,12956.259
13050,12810.14
15150,14168.395
15300,14624.289
15250,14748.82
15250,14971.124
15200,14810.026
15150,14886.7295
15150,14654.847
13814,14351.262
14600,13301.424
13950,14010.953
13500,13182.033
13400,9889.432
12850,11010.009
12650,11773.369
12400,11987.003
12650,11984.831
12850,12831.287
12900,12768.041
13400,13108.983
13600,12232.431
13470,9954.583
13700,13701.832
13700,13844.005
13350,10020.951
12970,12982.465
14850,14171.335
15150,14613.272
15000,14606.1455
15060,14653.884
15000,14506.237
15000,14723.198
14850,14512.098
14400,12552.111
14200,12160.936
13800,10972.462
13700,11138.073
13500,10893.667
12750,9414.567
12700,12488.304
12500,12492.108
12570,12483.394
12980,12981.949
13020,12798.509
13650,13155.918
13800,10318.484
13900,10610.642
13920,11403.626
13850,13937.369
13650,13695.461
13050,13839.796
15150,14400.179
15350,14899.342
15250,14892.215
15200,14903.408
15050,14693.23
15150,15128.227
15000,14920.961
14750,14263.835
14500,14255.608
13750,14044.399
13250,10977.514
12500,11780.311
11900,11931.197
11530,11487.455
11500,11440.853
11550,11538.163
11850,11823.708
12320,11510.665
12600,12611.64
13000,12803.29
13200,12891.132
13400,12326.514
13500,13651.593
13250,13461.425
12850,13188.585
14800,14291.266
15000,14886.45
14800,14780.247
14980,14840.877
14820,14630.699
14600,14693.23
14550,14792.906
13800,14369.699
13800,13499.806
13300,13579.645
13200,13063.294
12900,11948.121
12350,12370.847
12050,12094.828
12150,12161.239
12550,12297.294
12850,12588.89
13200,12804.887
13800,12628.564
13900,10424.987
13800,10444.714
13870,14164.446
13750,14021.225
13350,13324.936
13100,11330.211
14700,13080.536
14900,15298.862
15100,14756.716
15350,14900.76
15100,14538.61
15100,14708.992
15000,14633.332
14600,14195.862
14400,14713.875
14100,14464.199
13800,13674.137
13200,12602.761
12650,12757.007
12700,11330.437
12450,12273.431
12450,12427.404
12750,12600.027
13100,11511.136
13300,12227.735
13600,12223.476
13800,13748.628
13990,13857.757
13800,14029.019
13600,12861.595
13300,13638.581
15000,14624.458
15200,15345.055
15300,15323.204
15350,15290.517
15250,15110.617
15200,14898.952
15150,15076.827
14650,14580.97
14200,14392.459
13800,13692.202
12850,12962.951
12650,11958.24
11650,10759.929
11100,9493.947
11050,10409.351
10850,10385.852
11080,10538.064
11400,10853.379
11950,11613.292
12770,12837.523
12600,11695.796
12800,12680.306
12100,11326.501
11960,11572.905
11540,9715.807
13950,13629.591
14200,14337.113
14250,14353.364
14650,14403.053
14650,14625.212
14700,14662.232
14750,14652.294
14450,14417.404
14100,14222.434
13850,13920.743
13500,13504.728
13200,13190.736
12700,12753.417
12100,12249.012
11870,11559.667
12230,11807.052
12400,12048.446
12650,12448.513
13250,12536.598
13600,12116.512
13800,13904.603
13850,9725.468
13830,13325.743
13750,12282.367
13700,13590.845
15300,14812.049
15500,14882.49
15500,15102.764
15600,15319.628
15550,15129.493
15500,15154.838
15400,15114.984
15050,14346.083
14600,14215.548
14050,13928.188
13850,13396.993
13550,12680.223
13030,9690.359
13050,11211.928
13000,11971.534
13100,12284.486
13700,11474.625
13850,9904.723
14430,10357.624
14500,14368.306
14350,14355.788
14450,13831.779
14350,13916.45
14200,13527.473
14100,13269.712
15500,14912.87
15800,15214.043
15900,15194.0
15800,15169.221
15700,15078.733
15650,15098.776
15600,14904.924
15200,14753.967
14900,14497.492
14750,14320.721
14600,14296.953
14400,14136.338
13800,12390.258
13500,10901.185
13250,10796.859
13400,12132.922
13500,12248.543
13800,13859.041
14200,14154.078
14500,14423.3125
14650,14852.012
14750,14921.125
14650,14737.951
14500,14625.656
14200,13837.173
15350,14892.815
15850,15656.57
15900,15656.57
16100,15708.936
15900,15635.628
15800,15328.595
15700,15223.261
15300,14721.919
15000,14721.919
14700,14465.056
14500,14532.852
14300,14218.4
13900,13832.96
13800,10950.612
13800,11360.26
14000,9962.58
14300,9928.068
14550,11165.4375
14700,14852.012
14650,14967.815
14750,15005.725
14775,14828.693
14700,14746.662
14600,13470.33
14200,13924.641
15500,15101.894
15700,15620.922
15850,15620.922
15900,15383.818
15720,15110.991
15650,15299.928
15470,15297.489
15250,14799.958
15050,14618.272
14850,14606.15
14600,14486.954
14500,14298.893
14100,14157.802
13698,10916.612
13624,11294.64
13850,10591.84
13871,10428.453
14238,10804.594
14578,11197.597
14600,14754.1045
14500,14745.115
14600,14721.311
14600,14787.419
14300,14323.428
14100,14031.651
15500,15142.283
15650,15203.495
15750,15201.705
15900,15199.447
15750,15136.347
15620,15280.451
15450,15268.462
14970,14591.96
14750,14483.395
14550,14541.859
14100,14486.393
13900,11759.133
13600,11022.992
13500,10896.317
13550,11068.885
13750,10323.15
13900,10808.225
14150,10865.327
14500,14342.223
14550,14660.043
14500,14672.672
14550,14728.302
14350,14526.635
14050,14065.275
14000,13927.599
14950,14681.941
15050,14988.155
15100,14989.066
15300,15044.816
15250,14980.922
15200,14990.022
15100,15363.469
14650,14463.352
14400,14393.959
14300,13614.193
14100,11610.573
13800,11217.474
13100,10705.139
12650,11737.3955
12450,11884.08
12200,12193.868
12180,11885.47
12150,11679.337
12580,12656.061
12940,12870.51
12190,12410.866
12250,12134.341
11640,11580.792
10800,10437.635
10710,10601.578
12340,12211.642
12340,12035.562
12130,11872.497
12380,12012.933
12230,12054.441
12100,11848.066
11620,11347.252
10880,10174.82
10420,10002.439
9982,9527.079
9471,9397.82
8610,8686.483
7837,7409.613
7916,7497.325
8509,7748.943
9188,8506.192
9566,9042.42
9621,9862.213
10079,10342.354
10543,9849.31
10320,9675.275
10402,9761.469
10299,9558.901
10182,9903.284
10128,10221.863
11453,11561.581
11401,10019.396
11456,11005.538
11228,9996.158
10739,9426.733
10754,9996.692
10840,10026.688
10280,9782.705
10000,9570.176
9530,9197.972
9095,8786.898
8970,8676.42
8730,8056.8657
8906,8235.825
8978,8302.351
9334,8757.688
9638,9467.763
9840,9672.895
10333,9675.501
10390,9756.57
10251,10049.853
10296,9670.377
10388,9640.196
10298,9554.003
10764,10000.209
11834,11800.162
11876,11853.736
11948,11927.483
11679,10221.28
11030,9580.822
11091,9713.921
11014,9575.297
10674,9165.818
10333,9396.384
10065,9677.616
9809,9411.501
9631,9207.441
9207,8755.856
9286,8846.459
9447,9097.229
9734,9490.119
9955,9682.2705
10347,9612.309
10996,10155.854
11252,10439.784
11438,10022.221
11521,10142.549
11438,10068.406
11163,9701.933
11682,10165.256
13235,12683.304
13450,12064.482
13480,12556.691
13375,12587.263
13470,12068.442
13085,12160.382
13000,11714.208
12650,11298.098
12300,10731.523
11930,8895.214
11590,8842.438
11380,8822.351
11000,8899.068
11260,9127.728
11500,9563.878
11880,10776.195
12400,12288.41
12930,12688.057
13370,12903.214
13530,12790.431
13630,12652.787
13800,12652.787
13600,12054.994
13300,12965.216
13200,12173.769
15050,13970.161
15150,14446.279
14900,14366.781
14900,14414.52
14850,14390.885
14970,14390.885
14900,14289.467
14500,14205.449
14150,14238.007
13700,13637.372
13150,10822.56
13100,12096.484
12700,11890.447
12600,12505.538
12650,12272.665
12750,12510.665
13120,13189.58
13500,12499.126
13900,13904.68
14130,13953.123
14170,14272.228
14480,13854.706
14250,14460.171
13720,13731.822
13870,14014.234
15500,14327.694
15650,14901.028
15600,14942.555
15720,14990.293
15630,14949.367
15600,14968.6045
15550,15046.172
15000,14507.229
14780,14392.651
14420,14343.199
13840,14193.19
13450,13476.122
13035,10698.6875
13270,12870.022
13270,12309.348
13300,12355.948
13480,12467.306
13870,13919.296
14500,14257.362
14700,14581.194
14950,14740.659
15100,14714.377
15050,14844.461
14700,14427.412
14950,14753.375
16150,15164.483
16200,15061.701
16275,14993.133
16300,15054.002
16300,14995.549
16250,15042.128
16200,15165.903
15650,14997.746
15350,14770.252
15100,14447.809
14850,14405.0
14600,14339.292
13900,14281.195
13350,13609.381
13150,12252.098
12720,11761.498
13100,13155.421
13400,13503.817
13750,13880.166
14150,14072.346
13950,14233.091
14350,14208.046
14050,14232.443
13450,13747.624
13400,13653.602
15300,14611.503
14600,14913.198
14900,14937.8
14920,14960.219
14830,14932.744
14700,14947.761
14550,14864.045
14250,14382.157
14070,13829.289
13800,13647.146
13650,13562.202
13230,10968.236
12480,11769.36
12120,11649.737
11730,11391.162
11980,12381.0205
11850,11574.825
11600,10711.679
12470,11779.318
12910,12868.044
12950,12447.279
13000,13036.806
11800,12359.731
11230,11357.093
10975,10362.128
12050,12026.602
12345,12137.106
12595,12529.806
12880,12596.703
13140,12638.656
13385,13323.152
13500,13471.105
13300,13132.006
13000,12690.107
12680,12279.699
12450,12517.728
11950,12119.668
11690,11720.695
11630,11460.7295
11740,11219.155
12110,11096.736
12600,11921.391
13240,12714.331
13750,12792.504
13900,13445.169
14150,13424.802
14350,12800.548
14350,14325.609
14250,14111.405
14650,14474.13
15550,14741.051
15900,14539.495
16000,14627.835
16100,14584.984
16050,14604.226
15850,14808.912
15550,14814.264
15200,14780.789
14900,14610.6
14700,14579.47
14550,14607.635
14450,14587.572
14000,14454.129
13700,13835.482
13750,13952.02
13850,14018.222
14100,13471.175
14400,13631.901
14670,13925.117
14670,13982.515
14620,13978.582
14700,14776.659
14550,14769.793
14300,14767.787
14700,14405.106
15900,15228.6875
15950,15228.6875
16000,15230.135
16100,15232.235
16050,15268.43
15700,15281.092
14500,15121.754
13700,14245.629
13100,13368.665
12690,12512.172
12500,12595.543
12465,12677.309
12180,11723.457
11913,11909.102
11973,11525.011
12550,12603.713
12900,13008.826
13240,13262.605
13700,13876.42
13800,13860.777
14100,14215.768
14250,14409.322
14050,14190.094
13700,13848.9
14150,13880.379
14800,14004.664
14950,14693.453
15000,14693.453
15050,14744.07
14950,14577.078
14990,14573.118
14900,14540.004
14400,14247.187
14000,13561.891
13700,10433.833
13300,10165.278
12800,10968.766
12070,10249.12
11870,10155.924
11700,11211.24
11800,11961.55
11950,12036.68
12135,11143.879
12050,11912.702
12100,11918.733
11709,11611.096
11762,11730.131
11540,10955.311
11640,11483.794
12335,11845.703
13239,13037.756
13188,13567.688
13221,13482.476
12920,13269.786
12779,12971.69
12671,12194.069
12530,12257.468
11910,11328.25
11450,10815.472
11095,10930.538
10920,10841.229
10725,9721.124
10420,9450.078
10482,9584.802
10636,9725.112
10928,10039.2
11170,10357.24
11400,10003.758
11620,10162.964
11950,11929.166
11530,10077.032
11661,10314.066
11110,9614.535
11134,10520.484
11914,11862.6455
12464,12461.993
12475,12517.973
12463,12499.557
12255,11766.21
12060,11596.236
11905,11876.032
11650,9995.916
11275,9678.507
10930,10897.906
10645,10660.8545
10410,10399.437
10239,10189.597
9922,9494.164
9747,9347.355
9820,9817.736
9775,9784.847
10021,9440.836
10382,9709.91
10955,10155.911
11600,10761.137
10727,9400.802
10587,9800.009
9992,9727.342
9798,9566.388
11141,11112.227
12235,12152.317
12210,12163.763
12277,12164.186
12372,12370.934
12460,12368.2
12445,12368.2
12305,12205.366
11775,11714.659
11290,11177.945
11050,10961.305
10735,10714.455
10665,10623.999
10460,10443.509
10660,10636.513
10712,10677.362
10870,10416.061
11270,10741.829
11650,11080.773
12360,11710.108
12515,12065.323
12640,11891.972
12880,12414.671
12790,12674.243
12420,12361.263
13400,13323.023
14500,13996.815
14500,14299.989
14700,14321.893
14300,14338.661
14260,14007.372
14100,13921.95
14050,13921.95
13560,13549.121
13150,13203.151
12650,11902.924
12400,12323.554
12250,12141.275
11920,11964.372
11850,11810.053
11980,11912.645
12060,12041.536
12090,11697.677
12455,12612.675
12860,12641.767
13320,13176.033
13500,13403.578
13550,13713.437
13350,13407.2
13050,11884.126
14400,14143.165
15100,14711.669
15100,14711.669
15200,14570.45
15050,14404.382
15020,14331.785
15150,14302.263
14850,14449.671
14300,14462.457
14100,13885.275
13900,13880.151
13500,13495.27
13200,13207.848
12800,12800.522
12800,12661.859
12500,12479.872
12750,12657.304
13100,13076.846
13400,12818.639
13650,13171.343
13850,13379.2
13950,13467.144
14050,14019.138
14000,14002.747
13550,11974.093
14400,14158.574
15300,14809.017
15400,14688.425
15420,14898.269
15190,14959.492
15080,14898.57
15000,14991.323
14500,12717.994
14100,12093.861
13600,11185.962
13500,13316.498
12700,12144.193
12400,10620.118
12280,11906.285
12100,12097.767
12000,11768.348
12330,12413.496
12700,12473.862
13350,13294.6875
13500,12249.905
13800,11861.802
13850,15687.176
14000,12042.049
13700,12623.777
13400,12060.952
14200,13984.4375
15000,14547.256
15100,14740.871
15200,14801.957
15100,14827.985
15000,14666.888
14950,14747.968
14700,14635.065
14100,14250.534
13700,13701.535
13500,13478.719
13200,13203.178
13000,12093.333
12900,11882.093
12670,12570.506
12480,12390.8125
12600,12431.616
13000,12889.421
13350,12808.808
13500,13581.171
13650,13740.112
13620,13690.425
13550,13621.452
13250,13522.782
12700,10346.197
14100,13911.431
14344,14307.229
14270,14284.307
14180,14265.994
14080,14326.477
14070,14164.727
14050,14089.852
13950,13991.44
13500,13293.122
13250,12925.21
12800,12645.265
12300,12347.543
11950,11916.681
11550,10728.797
11250,10325.3545
11300,10675.113
11450,11507.303
11590,11559.734
11600,10873.736
12100,11956.234
12300,12316.763
12200,11988.159
12000,11946.738
11795,11145.317
11730,11603.4375
13000,12079.358
13375,13493.197
13346,13639.167
13390,13657.013
13140,12789.892
13004,12868.517
12640,12744.787
12631,12603.178
12218,12216.073
11669,11750.833
11176,10369.339
10744,9281.592
10681,9744.318
10062,9686.157
9642,9214.873
9662,9312.115
9526,9275.214
9607,9357.164
9810,9568.205
10526,10663.451
10818,10046.327
9819,9582.126
9930,9550.514
9506,9106.216
9509,9476.575
10817,10758.287
11528,11435.871
11482,11436.859
11504,11478.097
11462,11475.396
11384,10779.779
11268,10633.993
11058,9572.708
10738,9380.358
10377,9552.758
10050,9803.051
9704,9421.238
9388,9034.08
9075,8754.267
9326,8988.079
9501,9196.299
9600,9337.743
9777,9636.075
10241,10056.561
10767,10122.7705
11250,10476.97
11070,9802.485
11050,9807.171
10850,9460.686
10967,10102.795
12338,12126.074
13204,12162.221
12885,11299.094
12839,11850.763
12789,11854.51
12730,11688.07
12417,11893.033
12095,11623.893
11725,10246.129
11403,10000.332
10936,9515.915
10713,9898.471
10405,10400.715
10241,9900.607
10479,9688.495
10630,9901.354
11025,10957.067
11420,11362.824
11680,11616.351
12280,11696.106
12600,12191.668
12165,11801.05
12540,12503.204
12370,11943.858
12110,11711.269
13700,13709.787
13970,13919.664
13790,13919.664
14030,13919.664
13435,13754.24
13330,12912.702
13280,12027.319
13110,12763.859
12400,12297.365
12050,11636.825
11800,11298.15
11500,11038.597
11270,10993.432
11000,10879.728
11280,11004.569
11280,11171.884
11420,10787.995
11750,11211.245
12120,11519.169
12600,12463.427
12920,12809.539
12900,12492.348
12930,12818.608
12600,12779.513
12350,11769.28
13650,13562.559
14520,13997.92
14200,14383.953
14340,14060.647
14060,13971.884
14090,13927.51
13850,13883.812
13580,13665.618
13130,13123.06
12850,12746.452
12430,12480.705
12250,12050.308
11850,11807.747
11650,11525.902
11580,11298.505
11650,11387.003
11720,11656.294
12000,11642.606
12260,12267.13
12670,12681.798
12900,12862.335
13000,13021.604
12925,12984.577
12600,12729.059
12200,12314.673
13330,13020.126
13730,14058.606
13660,13835.766
13660,13286.178
13750,13968.853
13630,13745.81
13530,13630.193
13350,13436.4
13000,13090.544
12450,12430.636
12200,12184.849
11800,11791.218
11700,11660.298
11200,11034.155
11230,11049.625
11150,11009.664
11600,11572.297
11930,11601.983
12400,12382.208
12680,12566.173
12950,12494.888
12560,11746.075
12350,12006.983
11800,11325.972
11700,11731.243
12780,12776.627
13510,13621.378
13249,13644.022
13196,13362.164
13177,13427.134
13113,13244.957
13000,13150.945
12700,12965.529
12030,12293.173
11630,11560.831
11270,10870.104
11120,10867.025
10950,10486.534
10490,9069.892
10500,10058.123
10700,10574.513
10920,10838.295
11060,10463.162
11484,10740.763
11785,10372.322
12360,12086.228
12460,11589.935
12660,11624.48
12230,11984.051
11800,11820.087
13350,13143.136
13900,13883.415
13600,13763.132
13600,13672.237
13540,13669.537
13346,13634.966
13228,13258.4
13200,13145.033
12780,12815.665
12450,12014.23
11980,11715.076
11650,11314.406
11400,10595.976
10970,10916.76
10670,10697.259
10670,10673.432
10583,9835.501
10604,9920.88
10863,10423.623
11253,10744.101
12036,11502.849
11470,10239.551
11675,10281.337
11108,9764.594
10532,10547.062
11989,11981.633
12518,12480.458
12473,12518.021
12537,12518.021
12635,12617.73
12635,12653.673
12798,12814.342
12810,12683.894
12350,12446.618
12050,11577.834
11680,11144.327
11350,10798.447
11050,10518.854
10650,10204.671
10075,10028.74
10152,10145.098
10514,10517.0205
10924,10441.764
11516,11124.443
12025,11679.302
12500,12444.939
12580,11820.248
12612,12216.665
12233,11911.15
11790,11350.175
13340,12767.747
14010,12792.976
13686,12820.456
13790,12426.353
13460,13168.23
13530,13561.385
13501,13561.385
13500,13351.27
12850,12743.532
12670,12615.65
12240,11943.6455
12000,12040.088
11670,11619.578
11150,10789.767
10950,10833.26
11000,10881.653
11100,10492.128
11190,9878.67
11548,10173.198
11998,11979.165
12316,11999.443
12330,12187.568
12350,11870.359
12013,11698.25
11675,11708.898
13360,12933.431
13790,13359.135
13630,13375.225
13730,13631.74
13710,13731.516
13514,13681.571
13510,13260.327
13140,12933.197
12850,12820.388
12400,12477.283
12050,12087.178
11600,11294.801
11300,10953.007
11100,10626.366
11050,10860.0625
11200,11044.031
11580,11052.286
11840,11452.603
12310,12223.9
12620,12542.673
12950,12509.6455
12970,12452.437
13020,12312.031
12900,12297.869
12300,12085.361
13780,13696.537
14300,13488.385
14220,14113.719
14220,14079.326
13900,14023.394
13740,13703.774
13700,13731.417
13500,13153.14
13080,13176.634
12670,12760.184
12270,12244.721
11970,11872.559
11520,11444.908
11200,11033.914
11180,10921.852
11350,10584.501
11650,11561.213
11730,11167.659
12050,11630.357
12550,12522.64
12780,12749.611
12830,12040.841
12880,12878.652
12800,12408.226
12500,12148.964
14000,13564.426
14070,14145.696
14170,14249.635
14270,14146.285
13970,14050.683
13850,13793.644
13550,13734.917
13400,13403.105
13000,13011.987
12700,12648.349
12400,12342.851
11970,12016.736
11730,11674.593
11400,11325.073
11370,11271.353
11400,11345.125
11650,11603.149
12000,11538.182
12350,11918.7
12500,12016.369
12850,12731.457
12950,12356.812
13100,12687.083
12850,11931.937
12600,12424.364
13900,13627.895
14200,14124.933
14320,14236.143
14250,14141.255
14000,14110.824
13800,14161.607
13700,13918.231
13500,13893.692
13070,10139.405
12860,11941.007
12390,12484.32
12220,12132.771
11760,11785.055
11580,11509.325
11530,10640.145
11650,11618.599
11590,11285.552
11700,11625.361
11860,11871.732
11720,11635.076
11760,11760.771
11760,11760.771
11550,11634.406
9227,9274.499
8906,8835.053
10531,9381.444
13150,12871.368
13900,13860.882
13820,13918.678
13355,12758.601
13220,13033.212
12960,12695.015
12750,12819.654
12390,12343.699
12080,12025.726
11720,11560.807
11230,11172.943
11115,11049.842
10610,10556.54
10570,10506.126
10233,10203.163
10325,10316.91
10161,9814.531
10523,10047.736
10995,10457.225
11604,10823.895
10791,8967.726
10525,10493.711
9887,9893.578
9838,9812.197
11437,11405.476
11693,11726.362
11622,11552.651
11643,11667.645
11814,11790.539
11771,11791.021
11858,11848.909
11830,11854.716
11300,11306.08
11020,10960.348
10735,10711.373
10371,10351.488
10092,10118.225
9957,9936.244
10154,10146.656
10455,10445.24
10778,10522.449
11021,10695.075
11369,11191.777
11850,11834.093
12230,12213.463
12015,11191.094
11980,11891.62
11532,10231.041
11546,10093.93
12957,12500.214
13545,12247.931
13380,12393.386
13256,12098.519
13016,13122.533
12592,12751.507
12410,12417.177
12409,12401.709
11765,11771.027
11310,11066.237
10980,9516.021
10685,9856.336
10376,9546.863
10147,9857.667
10582,9743.428
10441,10344.147
10908,10444.41
11377,10683.442
11700,11145.198
12270,12261.871
12410,11941.883
12420,11941.793
12480,12082.716
12280,12251.849
12020,11995.489
13230,12094.5625
13730,13060.478
13530,12819.042
13430,13281.798
13150,12786.136
12789,12955.196
12616,12605.817
12462,12504.286
11940,11976.555
11420,9853.792
11030,9467.9
10681,9165.818
10438,9520.138
10246,9796.914
10484,9576.261
10513,10514.101
10777,10309.506
11184,10686.308
11657,11180.06
12200,11751.716
12304,12204.74
12376,12194.972
12540,12160.635
12112,11733.863
11877,11855.738
13700,13667.877
13900,13990.407
13760,13198.881
13670,13767.895
13390,12672.009
13080,13075.75
12853,12448.389
12549,12615.266
12110,11713.897
11580,11452.438
11360,11064.703
11015,10738.168
10755,10764.281
10536,9570.418
10824,9391.148
10905,10147.249
11160,10278.063
11530,11055.261
12000,11631.489
12620,12579.728
13020,13114.956
13000,12931.099
13050,12982.616
12941,12870.783
12350,12161.342
14000,13725.775
14237,14325.1875
14140,14154.441
14150,13664.25
13900,14041.596
13740,12974.414
13770,13674.774
13500,12214.612
13100,12204.749
12750,11955.305
12250,12286.288
11900,11924.726
11700,11586.481
11500,11416.785
11500,11402.807
11220,11140.848
11685,11593.923
11970,11641.377
12320,11882.08
12550,12419.445
12730,12667.589
12120,12356.546
11883,11940.583
11425,11442.582
11692,11653.941
13430,13043.849
13125,13144.882
13010,13040.986
12840,12884.921
12488,11760.952
12317,12129.98
12039,12039.615
12015,12038.592
11470,10273.147
11150,9425.646
10670,8974.226
10330,9664.613
9960,9291.279
9874,9437.625
10170,9701.77
10200,9940.25
10205,9951.071
10358,10519.497
10637,10814.072
10943,11025.173
11114,10353.933
10464,8490.944
9709,9711.016
9384,8943.14
9937,9871.673
11243,11220.18
10996,11003.17
11003,10968.188
11009,10390.012
10782,10195.563
10658,9766.178
10348,9465.029
10203,9804.852
9732,9349.251
9568,8148.524
9109,8682.437
8799,8356.566
8785,8353.757
8574,8176.3784
8724,8333.187
8839,8569.071
8892,8623.806
8883,8602.139
9208,8908.044
9989,9722.385
10686,9905.297
9886,9626.122
9714,9440.296
9453,9110.825
9342,8973.9
11082,10190.965
11265,9768.081
11087,9653.38
11134,9653.38
11329,9859.084
11292,9850.543
11075,9600.285
11098,9644.781
10636,9278.367
10231,9932.642
10010,9762.572
9632,9354.63
9431,9164.0205
9122,8845.127
9666,9412.215
9790,9637.1
9946,9765.508
10146,10115.976
10668,10570.14
11199,10934.695
11719,10784.397
11623,11391.871
11638,11498.149
11348,11358.668
11424,11405.776
13250,13422.858
13400,13333.776
13480,13333.776
13330,13390.332
13050,13010.576
12850,12747.003
12550,12545.392
12180,11838.895
11790,11662.948
11300,11205.185
10970,10913.045
10698,10704.374
10523,10488.556
10402,10400.715
10595,10549.331
10910,10826.878
10990,10364.944
11250,10653.724
11850,11225.572
12250,11920.803
12400,11972.998
12500,12423.219
12550,10618.421
12450,10599.884
12300,12167.678
13800,13229.519
13850,13803.925
13820,13792.389
13720,13778.681
13550,13550.658
13250,13310.347
13020,13034.188
12800,12814.887
12400,12181.461
11900,11576.965
11450,11041.195
11220,9107.188
10950,10479.074
10700,9207.223
10950,8972.721
10900,10267.394
11180,9876.228
11525,10088.933
11900,10642.218
12300,12028.655
12650,12010.232
12700,12298.833
12650,11580.397
12550,11452.015
12500,12077.99
13950,12984.057
13970,13691.368
14000,13948.758
13950,13489.849
13750,13674.438
13530,13588.368
13150,13251.711
12750,12837.76
12380,12304.458
12060,12001.407
11510,11394.285
11125,10900.791
10770,10767.397
10626,10622.771
10860,10720.247
10920,10737.137
11190,10593.794
11350,10521.757
12000,11037.072
12400,12026.481
12600,12193.858
12630,12284.261
12670,12229.363
12415,11395.456
12350,11934.894
13700,13109.813
13900,13723.793
14000,13635.314
13900,13607.923
13770,13712.325
13620,13560.223
13500,13412.184
13300,13321.606
12900,13013.974
12350,12418.79
12100,11986.145
11650,11644.727
11400,11123.49
11200,11034.236
11250,11166.746
11300,11308.663
11350,10700.919
11750,10931.962
12100,11623.05
12400,11865.005
12600,12188.167
12630,12488.904
12670,11709.894
12415,12277.104
12350,12111.196
13600,12838.946
13900,13613.567
14000,13652.791
13900,13792.975
13770,13795.715
13716,13320.598
13550,13597.922
13400,13319.504
13000,12342.525
12450,12519.613
12200,12241.871
11750,11803.689
11500,11343.452
11300,11269.564
11350,11278.296
11400,11276.452
11500,11449.652
11900,11135.393
12200,11538.364
12500,11738.914
12600,12123.704
12730,11455.542
12720,11637.94
12450,11523.41
12400,12139.55
13500,11186.93
13800,13026.134
13850,13299.571
13900,13866.227
14000,13816.544
13800,13926.681
13600,13593.322
13400,13146.373
13100,12829.767
12450,12612.385
12200,11994.238
11750,11714.185
11400,11184.898
11200,10916.62
10630,8779.371
10490,9634.242
10280,10273.868
10302,9552.612
10484,9490.5205
11199,10066.741
11806,11159.614
11066,9843.602
10970,10390.437
10515,10627.667
10190,10104.201
12178,11539.108
12302,11264.518
12286,12115.082
12263,12119.669
12301,12111.252
12310,11691.011
12222,11674.319
12100,11966.864
11600,10846.805
11250,9474.847
10839,9439.887
10432,9611.149
10211,9875.781
9970,9677.68
9984,9847.226
10087,10084.087
10171,10087.684
10216,9694.037
10739,10264.074
11305,11115.655
11700,10463.408
11800,10038.933
11850,10611.394
11500,10264.746
11900,10281.298
13100,11996.65
13150,11787.163
13180,11846.67
13024,12012.709
13195,12091.871
12850,11540.338
12550,11387.884
12200,11577.198
11700,9687.444
11500,9786.832
11159,9394.579
10591,9138.237
10439,9605.255
10205,9870.209
10462,10297.609
10542,10460.07
10855,10808.486
11090,10507.133
11550,10946.12
12100,11472.869
12225,11638.263
12050,10310.104
12010,11786.776
11880,11710.656
12050,11896.505
13350,13205.755
13400,13280.939
13300,13268.629
13250,13195.972
12950,13068.402
12648,12743.37
12348,12397.049
12100,12090.117
11600,11243.227
11400,10983.531
11000,10453.002
10489,10481.847
10214,10168.029
9945,9914.717
10316,10318.955
10293,10275.923
10712,10255.658
10977,10459.355
11395,10803.692
12050,11216.653
12300,11880.167
12150,11367.561
12250,12161.156
11760,11507.02
11870,11830.581
13200,13209.385
13350,13312.028
13360,13353.468
13230,13299.259
12900,13000.96
12538,12503.111
12375,11891.646
12162,12128.673
11720,11621.044
11110,11043.094
10702,10710.327
10375,10126.983
10133,10146.656
10034,10024.842
10468,10491.752
10595,10553.592
10633,10181.375
10926,10408.127
11261,10676.307
11963,11607.135
12140,11762.88
12065,11676.107
12109,12109.505
11670,11660.911
11710,11149.239
12820,12743.893
12730,12796.97
12570,12503.817
12227,12315.818
11902,11039.15
11696,11099.79
11241,11212.272
11140,11093.463
10419,10414.061
9397,9337.393
8717,8708.446
8575,8574.608
8506,8518.65
8435,8220.196
8926,8504.37
9295,8976.172
9486,9213.456
9712,9441.357
10077,9825.012
10719,10322.71
11124,10971.412
11080,10868.947
11078,9674.852
10813,9436.737
10923,10859.019
12580,12434.894
12301,12275.974
12012,11982.153
11835,11855.147
11700,11690.733
11316,11303.885
11114,11099.428
10822,10788.034
10332,10305.6045
9926,9926.41
9503,9481.412
9197,9187.788
8983,8933.846
9024,8991.718
9428,9414.905
9803,9770.924
9918,9904.545
10688,10593.465
10688,10598.589
11095,10495.5625
11420,11211.748
11275,11017.082
11247,10961.526
11078,9719.977
11187,11164.592
12630,12530.468
12393,12379.239
12145,12127.998
12026,12033.461
11785,11753.19
11228,11192.489
11121,11080.321
10805,10805.05
10342,10323.556
9760,9713.174
9381,9360.423
9016,9033.379
8867,8840.011
8669,8621.271
8766,8701.628
8866,8885.3
8752,8777.022
8637,8668.851
9020,9035.251
9603,9609.282
10436,10491.261
9590,9343.993
9450,9437.943
9050,9059.564
8960,8969.248
10899,10898.095
10719,10715.792
10708,10707.574
10638,10632.075
10556,10545.058
10439,10446.516
10321,10322.762
10106,10113.539
9627,9605.161
9257,9224.993
8843,8808.626
8500,8426.98
8415,8347.562
8390,8320.127
8725,8733.7
8908,8904.976
8990,8987.641
9041,9068.994
9561,9581.139
10293,10300.21
10750,10667.885
10533,10385.47
10708,10453.658
10449,9779.556
10777,10764.679
12330,12220.262
12270,12248.903
11946,11999.029
11733,11690.985
11463,11427.907
11208,11194.555
11001,10949.7705
10662,10674.308
10097,10122.282
9726,9709.805
9304,9316.019
8970,8968.621
8759,8763.741
8857,8527.0625
9371,9383.5625
9740,9739.011
9914,9906.878
10131,10165.311
10556,10436.137
11126,10960.672
10975,10753.091
11150,11041.356
11100,11053.929
10860,10900.392
11100,10953.88
12450,12282.515
12350,12341.726
12195,12208.732
12073,12068.73
11790,11787.3545
11524,11507.581
11087,11097.288
10820,10804.365
10246,10196.08
9882,9860.835
9486,9491.093
9128,9136.476
8891,8478.88
8908,8476.07
9378,9167.122
9658,9671.144
9826,9825.272
10156,10171.492
10760,10601.764
11300,11276.815
11350,11187.679
11150,10042.465
11140,9844.88
11000,10733.451
11300,11154.069
12550,12445.542
12250,12211.032
12380,12304.441
12360,12231.241
11993,11989.931
11709,11715.326
11292,11306.272
10475,10507.974
10082,10084.808
9559,9571.318
9362,9358.456
9198,9189.392
9238,9225.356
9821,9808.561
10011,10025.429
10152,10165.853
10271,10284.373
10694,10601.142
11200,11089.246
11500,11434.096
11300,10296.948
11350,10327.166
11150,9908.009
11500,9483.961
12650,11936.18
12505,12499.438
12139,12147.969
11876,11916.196
11518,11290.89
11310,9832.681
10881,10905.865
10576,9640.4
10229,9794.304
9663,9272.125
9379,8954.145
9117,8678.833
8836,8417.122
8870,8448.764
9516,9117.37
9760,9496.656
9874,9621.63
10016,10041.998
10501,10136.332
11037,10202.415
11182,10086.957
11022,9920.762
10999,9579.159
10888,10153.823
10925,10908.359
12414,11886.737
11968,11004.742
11857,11254.948
11670,9674.431
11422,9440.285
11050,9573.668
10647,9196.765
10496,9585.468
9914,9498.53
9506,9092.698
9123,8705.156
8748,8332.057
8778,8357.461
8893,8476.07
9276,8848.119
9616,9361.993
9738,9538.141
10025,9791.976
10340,10007.7295
10905,10548.599
11180,10677.183
10968,9869.533
10870,10056.98
10700,9966.72
10798,10311.85
12251,11583.071
11705,9357.822
11533,9505.825
11449,9443.781
11060,9573.668
10735,9239.006
10379,9457.034
10099,9735.48
9627,9213.381
9215,8796.291
8955,8536.937
8679,8251.651
8400,7977.358
8351,7866.9106
8370,7866.9106
8624,8327.834
8413,8130.8413
8329,8058.5566
8628,8329.381
9308,9039.198
9912,9667.026
9119,9129.828
8810,8540.283
8562,8196.716
8783,8401.367
10277,9919.581
10055,9741.1045
9873,9516.294
9853,9514.398
9892,9549.686
9671,9320.575
9392,9004.441
9121,8748.1455
8719,8361.675
8347,8013.221
8093,7672.6743
7926,7615.276
7630,7342.496
7799,7488.116
8395,8056.414
8597,5733.8457
8552,8360.418
8293,8111.64
8741,8564.824
9431,9279.467
9663,9680.322
9585,9604.977
9188,9016.903
9265,8963.611
9894,9635.38
11246,9956.079
11009,9120.585
10736,9361.162
10638,9855.622
10411,9633.661
10068,9828.961
9646,9357.223
9358,9069.942
8753,8475.037
8489,8136.7056
8203,7792.8135
7931,7614.2183
7794,7487.0586
7938,7577.9404
8397,8055.3564
9104,9068.301
9105,9082.024
8997,8942.083
9306,9321.272
9858,9860.117
10173,10198.193
9777,9785.512
9643,9606.601
9500,9351.021
9727,9491.926
11186,9922.182
10727,9369.703
10571,9778.785
10462,9671.702
10126,10118.01
9733,9741.762
9282,9284.736
8961,8680.972
8495,8030.986
8033,7957.56
7868,7840.0073
7537,7526.069
7425,7431.858
7724,7722.2354
8376,8317.549
8604,8595.144
8735,8741.179
8728,8742.717
9213,9228.967
9704,9715.223
10045,10032.091
9649,9383.002
9593,9385.571
9378,9119.667
9652,9321.931
10934,10042.622
10690,9850.317
10531,9624.843
10433,9574.14
10125,10120.144
9687,9322.108
9228,8842.248
8917,8524.837
8431,7988.3096
8088,7563.086
7869,7443.096
7659,7265.405
7562,7169.942
7679,7282.835
8598,8594.463
8832,8844.002
8990,8978.239
8976,8981.049
9197,9195.812
9599,9601.493
10017,10032.413
9857,9869.087
9584,9366.786
9556,9567.396
9635,9609.864
11273,11219.458
10727,10715.902
10486,10482.2295
10321,10314.866
10204,10191.476
9789,9775.959
9260,9253.896
8954,8930.291
8622,8549.802
8272,8144.4736
7938,7867.0005
7721,7705.297
7657,7636.948
7761,7754.207
8435,8439.42
9023,9021.878
9039,9062.402
8925,8951.44
9310,9321.814
9693,9715.738
10139,10161.392
9728,9752.694
9681,9681.874
9516,9520.158
9911,9892.366
11087,11109.987
10734,10714.534
10684,10654.775
10577,10537.678
10121,10118.01
9819,9812.553
9273,9284.736
8938,8943.827
8586,8539.744
8263,8144.4736
7922,7903.2783
7637,7636.948
7499,7504.083
7731,7722.2354
8475,8421.614
8979,8685.237
8930,8951.956
8967,8976.421
9336,9364.226
9875,9864.537
10095,10132.228
9739,9753.21
9550,9566.201
9234,8958.947
9790,9769.124
11166,10320.387
10589,9116.319
10421,10236.29
9918,9894.027
10178,10191.383
9706,9708.96
9272,9284.221
9149,9133.028
8441,8384.701
8122,8010.495
7844,7419.9536
7569,7169.942
7321,6921.439
7259,6857.654
7564,7169.516
8009,7729.8564
7620,7416.98
7663,7449.477
7869,7626.884
8530,8479.882
9132,8887.299
8046,7700.7764
7577,7316.3804
7395,7121.5063
7836,7816.8647
9183,9182.607
9036,9032.473
9006,8994.516
8945,8899.954
9015,8994.035
8683,8621.494
8451,8401.113
8291,8223.655
7996,7912.772
7472,7463.672
7232,7128.68
7017,6737.662
6915,6688.445
7161,6885.6133
7773,7485.756
8324,8162.7495
8325,8220.659
8136,7846.838
8541,8304.777
8993,8939.309
9437,9431.799
9091,9055.312
8933,8896.206
8735,8677.555
9350,9161.661
10353,10353.607
10471,10466.012
10318,10296.515
10148,9878.068
9947,9918.974
9522,9508.6455
9008,8998.593
8768,8703.051
8374,8320.476
7892,7857.7744
7704,7704.2393
7452,7462.6143
7309,7207.3203
7549,7258.978
8178,7765.1006
8777,8568.478
8877,8660.445
8755,8592.757
9016,8865.795
9361,8998.236
9718,9717.344
9399,9400.618
9002,8955.349
9007,9030.9375
9615,9289.604
10624,9661.088
10312,10296.515
10092,10113.273
10020,10021.259
9762,9739.68
9444,9205.747
8996,8637.372
8666,8144.863
8190,7686.9717
7745,7325.8394
7477,7088.1084
7268,6941.7656
7125,6797.507
7449,7042.7183
8175,7657.2056
8679,8157.356
8512,8182.304
8432,8104.939
8775,8464.596
9398,8942.33
9357,9340.963
9238,9209.029
8889,8598.235
8864,8450.935
9405,9074.499
10545,9633.896
10222,9975.879
10184,10187.716
10139,10146.184
9774,9600.902
9478,9493.179
9008,8615.026
8530,8093.572
8022,7535.873
7764,7357.296
7472,7066.7607
7256,6857.654
7150,6750.3613
7517,7128.732
8210,7703.7437
8909,8578.557
8824,8582.937
8664,8599.047
9006,8998.203
9465,9470.787
9521,9533.864
9264,9048.074
9138,8645.966
9155,8859.841
9469,9257.223
10676,9796.468
10440,10442.748
10134,10143.073
10010,9667.379
9891,9891.324
9491,9487.768
8961,8933.832
8620,8166.068
8083,7564.85
7701,7705.297
7384,6983.2637
7234,6842.167
7131,6736.674
7439,7042.7183
8184,7656.0547
8770,8477.287
8853,8667.674
8899,8872.713
9118,8897.216
9652,9693.602
9797,9799.691
9192,9213.797
9133,9094.982
9130,9124.52
9409,9408.882
10666,9796.468
10408,9537.04
10289,9899.349
10050,9712.689
9892,9528.757
9466,9099.497
9008,8611.916
8687,8237.763
8125,7616.371
7788,7376.1675
7453,7066.7607
7239,6842.167
7235,6842.167
7480,7484.93
8203,8079.7803
8880,8832.349
8823,8577.257
8708,8464.574
9092,8890.961
9675,9693.602
9988,9981.501
9576,9352.058
9408,9432.493
9192,9191.013
9631,9609.386
10800,10795.374
10497,10486.357
10399,10405.1875
10212,10184.605
10031,10020.778
9496,9489.52
9216,9185.718
8889,8851.132
8384,8322.169
7995,7913.287
7585,7585.3154
7437,7440.055
7303,7295.754
7319,7318.776
7605,7388.0947
8091,7959.3174
7965,7894.4277
7766,7760.1484
8201,7864.7656
8936,8628.657
9360,9119.529
8168,8068.8877
7769,7504.5693
7640,7368.5283
8099,7722.2783
9335,9297.097
9340,9341.177
9366,9341.177
9338,9341.177
9285,9268.17
8987,8936.212
8709,8650.144
8271,7761.6377
7994,7625.449
7521,7526.069
7328,7318.776
7064,6956.9385
7121,7101.6855
7367,7359.3193
7980,7889.0015
8537,8469.588
8353,8295.772
8328,8281.505
8765,8704.946
9424,9233.832
9743,9762.526
9337,9370.25
9078,8899.25
9001,8685.778
9497,9232.913
10812,10024.789
10227,10183.88
10136,10143.073
9945,9817.744
9872,9599.239
9557,9309.316
8971,8642.661
8648,8302.012
8221,7813.8633
7867,6565.3687
7524,7238.8394
7244,6951.8486
7262,6967.3354
7668,7552.06
8612,8545.793
9036,8990.716
9094,9152.699
8972,9007.614
9327,9353.523
9875,9895.095
10054,10119.178
9631,9652.708
9575,9579.23
9303,9317.031
9716,9707.645
10745,10761.414
10695,10702.074
10341,10357.146
10306,10321.035
10093,10112.7
9579,9593.571
9079,9041.745
8691,8620.157
8301,8257.153
8046,7367.372
7777,7774.185
7552,7548.416
7433,7441.113
7617,7630.9253
8441,8030.667
9026,9028.432
9074,9089.631
8824,8847.134
9052,9092.359
9603,9634.26
9964,9999.25
9461,9507.901
9134,9107.951
9117,9078.19
9474,9490.828
10749,10763.84
10554,10541.197
10391,10405.095
10274,10272.464
9960,9931.042
9372,9388.731
9099,9111.524
8758,8700.5625
8274,8229.681
7849,7228.6055
7565,7567.5337
7394,7391.122
7279,7278.435
7307,6706.815
8296,8287.209
9010,9028.754
9105,9154.079
8938,8984.207
9265,9293.11
9920,9932.242
10029,10064.664
9553,9611.793
9136,9147.6045
9292,9284.49
9450,9464.843
11049,11073.684
10494,10507.159
10329,10318.901
10226,10186.243
10182,10184.3545
9574,9567.437
9103,9114.492
8719,8647.655
8283,8229.681
7835,7818.651
7594,7585.7373
7416,7432.28
7375,7380.5967
7660,7663.3735
8356,7551.2217
9074,9075.662
9051,9065.882
8878,8922.883
9100,9150.947
9595,9634.26
9968,9999.25
9392,9432.766
9192,9182.915
9183,9190.92
9510,9513.393
10889,10894.729
10381,10405.095
10245,10186.243
10230,10186.243
9960,9931.042
9495,9489.427
9059,9016.251
8633,8548.462
8213,7115.037
7760,7755.2646
7509,7504.505
7306,7296.176
7202,7194.525
7546,7548.416
8192,7092.234
8843,8848.625
8959,8976.575
8853,8892.562
9143,9171.114
9596,9634.26
9973,9999.572
9517,8815.666
9147,8382.146
9147,8387.506
9538,9521.886
10745,10762.564
10423,10442.748
10265,10272.557
10201,10184.928
9820,9810.793
9466,9462.387
8938,8944.831
8571,8577.291
8252,7398.716
7908,6892.482
7422,7433.009
7163,7173.451
7194,7194.828
7217,7214.4683
7468,6476.308
8073,7962.6426
7953,7131.8267
7839,6858.79
7951,7063.381
8679,8717.201
9404,9456.003
7690,6996.287
7354,7387.367
7207,6248.959
7596,6737.4897
8930,8939.9375
8897,8908.44
8858,8847.667
8850,8847.667
8777,8786.115
8410,8345.529
8036,7978.1987
7739,7740.216
7209,6487.1665
6950,6983.837
6701,6722.912
6460,6462.7915
6403,6393.6543
6810,6834.094
7467,6714.5156
8029,7958.531
7843,7093.1255
7586,6649.869
7889,6923.6406
8463,7689.5503
8916,8945.845
8446,8486.684
8237,7512.0093
8291,7538.899
8920,8940.618
10236,10190.43
10007,10021.581
9943,9931.615
9820,9811.273
9565,9565.634
9069,9079.746
8653,8592.483
8107,7241.7036
7774,7022.8647
7377,6652.5894
7135,6563.505
6934,6962.6865
6833,6856.0596
7148,6181.9053
8019,7932.6973
8751,8758.372
8974,8974.263
8655,8693.308
8821,8842.012
9411,9454.427
9809,9849.583
9172,9204.335
8870,8891.709
8884,8881.357
9208,9186.949
10201,10187.871
10105,10113.181
10088,10075.164
9956,9931.2
9689,9670.662
9304,9313.515
8629,8548.462
8152,8034.408
7813,7794.4155
7306,6706.389
6984,6856.865
6837,6708.3613
6809,6685.387
7058,6590.571
7635,7503.618
8624,8594.968
8693,8700.448
8626,8618.34
8892,8916.039
9380,9379.43
9775,9773.817
9255,9256.515
8945,8946.123
8856,8597.957
9280,9024.309
10267,10053.766
10036,9798.696
10069,9852.694
9909,9669.242
9706,9482.613
9191,8932.367
8700,8390.709
8246,7874.93
7787,7504.6167
7522,6909.088
7144,6670.507
6998,6280.8335
6955,6245.0356
7384,6763.194
7992,7646.349
8792,8518.582
9014,8878.196
8804,8702.198
8978,8861.825
9549,9477.764
9734,9654.399
9236,9104.513
9029,8885.026
8836,8597.531
9281,9062.006
10406,9785.512
10312,9695.225
10107,10001.96
10028,9795.734
9874,9630.032
9350,9098.36
8712,8451.28
8249,7874.93
7914,7637.1094
7485,6469.857
7222,6110.7915
6960,5857.5317
6771,5426.726
7288,6192.851
7931,7636.4297
8660,8382.286
8777,8675.374
8623,8487.57
8844,8713.19
9155,9075.247
9598,9543.113
8978,8892.701
8681,8590.477
8669,8462.922
9021,8811.223
10162,9924.6045
10096,10001.96
9923,9666.28
9835,9586.067
9104,8857.12
8628,8352.087
8232,7873.392
7714,7349.0054
7464,6360.769
6983,6629.246
6826,6480.742
6734,6363.621
7168,6908.17
7736,7457.518
8447,8112.686
8756,8491.564
8737,8585.228
8820,8531.444
9207,9225.861
9645,9648.995
9263,9296.171
8782,8514.26
8597,7467.2944
9075,7943.041
10354,9495.319
10083,9721.377
10019,9667.379
9930,9577.413
9722,9351.618
9237,8799.429
8782,8356.327
8359,6928.716
7678,7284.6655
7362,6963.759
6932,6605.474
6835,6498.5615
6590,6238.2046
6932,6606.1587
7029,6690.1064
7735,7382.9326
8020,7707.1504
7932,7990.815
8080,7875.036
8609,8634.558
9396,9423.222
7960,8017.7114
7384,6086.1807
7299,6989.8975
7653,6264.6987
8931,8552.329
8879,8448.626
8869,8445.816
8876,8445.816
8753,8309.812
8405,7957.9224
8142,6899.7095
7669,7278.5776
7325,7032.604
6858,6627.4004
6565,6329.472
6325,5735.9805
6258,6012.9136
6724,6490.878
7389,7093.626
8283,7935.8345
8375,8216.401
8245,7976.841
8360,8142.2144
8976,8812.213
9382,9231.897
8999,8817.811
8590,8612.439
8370,7977.057
8968,8675.037
10123,9861.05
10043,9764.941
9933,9674.976
9875,9599.72
9596,9335.451
9140,8844.28
8649,8302.012
8283,7933.191
7643,7350.3984
7295,6663.8604
6930,6385.737
6709,6144.619
6617,6390.5947
7055,6757.6523
7751,7466.342
8462,7842.704
8631,8442.546
8650,8432.787
8843,8692.264
9450,9337.32
9828,9851.324
9287,9325.953
8902,8806.299
8574,8577.998
8839,8736.042
10291,10012.577
10064,9819.262
9943,9675.298
9805,9518.362
9636,9350.094
9249,8961.665
8747,8384.685
8221,7811.885
7826,7435.193
7413,7035.7207
7208,6374.1265
6676,5768.415
6569,6219.9326
6620,6282.7485
6940,6605.323
7354,6913.1606
7355,7416.6562
7293,7348.3965
7542,7600.001
8054,7968.6704
8573,8552.248
8078,8028.687
7356,7155.4907
6964,6983.837
7296,7091.9253
8653,8651.776
8591,8148.1343
8560,8124.393
8556,8124.393
8433,7991.0737
8204,7705.6333
7811,7410.467
7481,7100.766
6828,6497.726
6535,6169.171
6259,5558.0254
6118,5078.9717
6024,4990.435
6405,6049.7104
7324,6921.954
8343,7993.3164
8725,8684.777
8642,8380.749
8923,8907.949
9387,9410.297
9765,9762.526
9158,9151.134
8975,8678.348
8762,8316.613
9051,9054.794
10205,9835.142
10320,9452.98
10048,9721.699
9953,9577.413
9651,9254.427
9308,8887.665
8776,8183.394
8360,8093.778
7782,7033.334
7459,7067.249
7199,6469.8486
7037,6382.522
6975,6318.7974
7411,7035.462
8012,7534.4595
8785,8459.947
9007,8712.069
8780,8754.886
8924,8909.487
9480,9306.52
9807,9797.946
9312,9301.892
8898,8875.916
8788,8510.768
9243,8854.212
10422,9580.828
10454,9576.412
10213,9831.148
10111,9759.394
9806,9419.997
9520,9164.709
8862,8267.738
8505,8076.5776
7981,7518.2607
7600,7211.685
7327,6921.954
7143,6750.8765
7031,6689.422
7501,7108.3228
7972,7669.6997
8787,8269.484
9067,8602.051
8884,8611.695
9142,8664.344
9782,9546.372
9810,9585.934
9407,9001.097
9240,8851.627
9044,9055.477
9357,8969.075
10513,9631.108
10350,9488.77
10089,9721.377
9985,9602.287
9826,9599.359
9292,8848.347
8982,8551.329
8498,8043.5234
8036,7560.649
7684,7282.835
7298,6898.843
7148,6750.787
6989,6584.882
7200,6797.192
7331,6945.596
7980,7668.5
7966,7888.4863
7824,7800.5234
8076,7965.259
8792,8748.607
9235,9001.747
7873,7879.0317
7392,7390.0156
7176,7172.936
7696,7471.785
9067,8864.938
9144,9097.175
9042,8810.037
9053,8810.037
8964,8546.137
8674,8622.01
8229,7718.7173
7884,7473.943
7466,7176.349
7126,6846.262
6818,6583.825
6600,6345.8066
6512,6257.537
6879,6894.172
7391,7103.1187
8143,7746.9253
8177,7882.02
8220,7927.392
8391,8143.9644
8792,8565.745
9132,8919.199
8659,8419.98
8604,8366.504
8592,8249.228
9084,8597.046
10229,9933.79
10282,10015.917
10163,9886.756
9911,9635.487
9763,9481.467
9763,9472.779
8796,8463.994
8417,8061.03
7840,7529.679
7530,7237.6885
7340,7053.9766
6981,6693.262
6909,6626.554
7328,7318.2334
7778,7772.536
8696,8355.539
9127,8981.034
9070,9050.758
9222,9090.121
9688,9692.544
10073,9957.327
9556,9437.848
9009,8861.132
8935,8655.452
9265,8962.876
10614,9856.856
10285,10013.645
10195,9938.79
10169,9897.258
10055,9829.597
9329,9029.942
8880,8595.093
8337,7988.845
7913,7482.509
7660,7265.405
6945,6543.7163
7126,6737.0996
6988,6585.3076
7396,6993.5303
7882,7484.3306
8313,8311.447
8929,8934.72
8899,8917.655
9050,9059.593
9411,9425.953
9972,9964.354
9450,9264.168
8877,8614.503
8818,8536.074
9099,8734.864
10454,9576.432
10376,9491.4
10167,9800.331
10228,9843.271
9824,9462.46
9344,8972.912
8855,8467.935
8431,8059.155
8022,7614.1597
7535,7129.1577
7311,6921.8647
7063,6670.851
7010,6598.8955
7382,6983.2637
7910,7504.9185
8563,8573.411
8823,8578.85
8864,8640.869
9081,9083.432
9563,9574.889
9906,9903.595
9459,9478.659
8963,8520.96
8825,8538.933
9209,8839.751
10482,10281.474
10396,10405.1875
10383,10196.21
10073,9721.699
9935,9576.933
9318,8927.469
8889,8525.521
8454,8078.3794
7908,7482.509
7489,7087.5933
7231,6842.167
7039,6588.1416
6910,6816.265
7150,7147.2725
7689,7289.916
8548,8136.9966
8959,8490.267
8863,8416.538
9151,8947.139
9712,9488.576
10027,9831.323
9456,9266.195
9163,8895.36
8879,8498.733
9089,8501.021
10341,9495.319
10205,9830.726
10064,9721.377
10033,9667.379
9760,9385.8
9283,8894.942
8945,8369.117
8390,7940.1426
7938,7471.24
7554,7150.5366
7272,6820.468
7070,6610.4756
6950,6502.633
7404,6993.6196
8014,7614.631
8804,8330.117
9153,8887.99
9101,8847.738
9155,8897.661
9856,9633.004
10096,9925.233
9470,9239.801
9112,8652.947
8900,8451.387
9192,8791.481
10424,9580.828
10254,9832.456
10255,9918.677
10071,9721.377
9879,9501.677
9528,9164.709
9011,8599.427
8542,7903.838
8025,7561.8486
7604,7211.685
7430,7043.2334
7183,6776.54
6981,6646.23
7256,6858.169
7329,6921.954
8280,7943.5957
8145,7754.908
7786,7499.922
8021,7657.6987
8937,8628.021
9293,8986.454
7904,7689.2344
7288,7088.167
7132,6926.424
7620,7445.2603
9033,8593.214
9091,8651.316
9025,8595.398
9011,8595.398
8934,8500.356
8585,8156.059
8252,7760.7354
7971,7504.792
7332,7055.274
7121,6876.1206
6765,6542.2715
6547,6296.1997
6518,6258.8877
6884,6664.0913
7381,7093.777
7888,7688.5566
7975,7779.439
7835,7796.486
8191,7915.1567
8685,8510.141
9169,9104.126
8799,8727.665
8490,8313.354
8648,8480.337
9032,8512.743
10220,9933.79
10411,9636.414
10206,9928.288
10072,9819.362
9914,9635.43
9296,8945.909
8946,8612.202
8415,8063.8403
7930,7792.338
7492,7197.065
7264,6582.1626
7028,6065.26
7009,6707.9414
7340,7231.567
7785,7772.536
8889,8858.082
9178,9120.871
9152,9137.793
9262,9032.066
9900,9769.012
10154,10169.245
9633,9482.17
9359,9186.407
9079,8716.71
9391,9097.006
10424,9677.011
10501,9717.584
10286,10013.783
10175,9928.288
10000,9699.369
9657,9414.4375
8998,8647.805
8666,8144.863
8006,7537.9263
7663,7265.92
7370,6983.353
7180,6776.54
7106,6704.864
7581,7189.1294
8064,7542.47
8916,8283.702
9395,9115.022
9141,8833.718
9339,9056.2705
9932,9711.995
10094,9898.839
9812,9596.517
9367,9130.016
9152,8778.08
9380,9000.501
10613,9773.289
10486,9617.888
10463,9574.278
10283,9916.221
10001,9601.807
9652,9316.875
8980,8550.242
8552,8088.7534
7978,7315.7485
7617,7233.6816
7364,6963.1333
7152,6812.345
7101,6766.3325
7485,7088.744
7909,7483.029
8759,8302.187
9385,9102.04
9172,8852.892
9402,9187.281
9913,9672.507
10162,9928.639
9672,9456.801
9291,8988.155
9018,8724.554
9287,8905.09
10380,9542.945
10266,9918.3545
10316,9452.658
10228,9832.134
9962,9576.933
9574,9213.649
9122,8708.81
8480,8041.907
8104,7594.7866
7669,7266.1787
7351,7024.015
7082,6755.5806
6952,6625.1304
7382,6984.0376
8038,7559.92
8896,8461.207
9335,8990.811
9048,8833.576
9272,9048.384
9764,9547.379
10087,9964.784
9531,9297.3
9201,8921.895
8829,8421.108
9175,8812.584
10336,9568.323
10118,9759.394
10107,9871.068
9970,9599.325
9829,9456.165
9430,9063.44
8898,8474.511
8514,8070.605
7795,7438.065
7440,6354.821
7119,5350.768
6919,5591.9185
6826,5510.273
7344,6019.0654
7903,7481.577
8890,8460.781
9477,9262.858
9480,9240.496
9665,9417.046
9971,9729.588
10143,10270.106
9753,9755.519
9395,9391.077
9156,8954.577
9308,8926.754
10393,9654.517
10500,9731.593
10426,9685.85
10336,9564.2295
10022,9663.937
9604,9159.232
8976,8590.989
8420,8001.48
7860,7501.3843
7478,7145.6274
7283,6938.4517
7069,6728.4595
6844,6513.8623
7008,7018.7876
7040,6319.4155
7757,7776.762
7976,7914.9487
8147,7951.102
8371,8321.37
9449,9478.801
9993,9976.329
8382,8370.108
7622,6906.7593
7395,6663.9136
7689,7702.3013
9084,8648.706
9218,8796.516
9213,8796.516
9170,8735.652
9204,8760.07
8681,8231.79
8141,7648.0024
7909,7550.7954
7293,5654.425
6929,6714.9116
6716,6740.045
6407,6409.1016
6330,6329.8115
6776,5803.101
7271,5885.5435
8210,8126.602
8657,8593.322
8645,8646.35
8846,8858.129
9445,9470.144
9699,9731.037
9450,9444.995
8850,8851.512
8600,8586.569
9060,9052.365
10420,10498.015
10440,10571.888
10410,10519.123
10150,10114.534
9968,9953.15
9439,9463.534
9065,8964.026
8515,8212.149
7952,7641.385
7453,6486.9683
7253,7027.9316
6908,6688.3013
6874,6645.196
7378,6542.1914
8001,7913.934
8952,8925.437
9348,9319.991
9411,9397.529
9432,9418.166
10052,9910.518
10261,10276.98
9858,9711.47
9304,9143.788
9147,9121.615
9314,9297.846
10844,10790.179
10547,9722.121
10586,9770.383
10427,9671.841
10309,9549.74
9761,9483.362
9023,8705.677
8756,8410.184
8321,7857.188
7666,6249.3374
7355,6365.2007
7143,7171.1006
7081,7114.287
7533,7526.843
8381,8320.876
9339,9313.178
9531,9529.942
9296,9326.585
9424,9440.545
10000,9976.598
10350,10088.799
9851,9631.396
9558,9346.908
9262,9256.285
9443,9464.471
10786,10796.742
10752,10757.705
10510,10493.028
10554,10541.29
10155,10140.459
9655,9670.755
9158,9126.6
8638,8592.483
8154,8039.076
7589,7256.88
7567,7238.4175
7320,6990.3403
7151,7171.1006
7778,7184.233
8366,8300.398
8960,8697.836
9545,9291.531
9167,8933.564
9523,9287.702
9991,9981.501
10354,10026.055
9813,9596.517
9382,9130.016
9213,8955.317
9512,9521.563
10508,10493.953
10731,10703.535
10587,10542.336
10498,10486.035
10267,10269.62
9764,9739.68
9163,9126.6
8697,8647.748
8228,8106.506
7832,7594.3335
7526,7526.843
7267,6881.617
7238,7020.2915
7572,6359.503
8179,7832.7275
9126,8906.943
9715,9707.1045
9473,9491.772
9498,9490.027
9980,9711.467
10042,9796.575
9452,9275.005
9355,9086.246
9119,8727.731
9359,8977.19
10508,9632.979
10707,9842.238
10488,9617.888
10454,9574.278
10167,9788.713
9895,9537.444
9182,8763.464
8741,8287.122
8024,7538.611
7581,7189.555
7367,6963.1333
7266,6881.5684
7157,6812.345
7669,7266.5557
8352,7154.4077
9608,9306.942
9359,9065.067
9582,9362.821
10170,9928.639
10431,10111.563
9955,9716.858
9439,9241.201
9075,8810.489
9284,8896.123
10510,9624.175
10689,9842.238
10480,9617.888
10427,9574.278
10239,9831.653
9956,9576.933
9322,8889.561
8880,8448.1455
8303,7857.188
7988,6101.4473
7575,7170.457
7190,6797.2812
7119,6835.858
7366,6963.559
7423,7036.0977
7797,7379.302
8380,8041.402
8212,7539.1567
8450,8408.526
9017,9047.45
9725,9701.437
8252,8195.101
7528,7552.0923
7283,7300.3096
7697,7352.4688
8914,8517.796
9185,8798.459
9352,8964.556
9305,8884.752
9204,9148.1045
8912,8862.545
8543,8268.219
7999,7586.076
7544,7317.644
7183,5532.0327
6974,6756.503
6748,6520.847
6594,6347.0063
6970,6730.72
7531,7296.3545
8576,8264.865
8856,8722.235
8651,8674.171
8800,8810.041
9404,9437.2705
9782,9795.833
9607,9512.69
8966,8854.489
8739,8739.837
8937,8942.941
10600,10744.145
10725,10810.238
10472,10597.606
10410,10516.437
10280,10383.325
9681,9670.329
9298,9282.086
8762,8703.198
8190,8108.1367
7771,7794.576
7458,7485.1694
7177,6496.636
7217,6486.109
7536,7547.5664
8324,8298.1045
9300,9120.064
9744,9749.133
9513,9542.833
9651,9632.173
10040,10042.108
10452,10463.419
9955,9954.038
9531,9420.199
9398,9253.661
9510,9308.997
10766,10049.227
10975,10292.526
10657,10004.092
10599,9881.954
10460,10553.517
10043,10015.683
9429,9300.886
9005,8994.183
8491,8433.763
8008,7959.2466
7776,7795.634
7505,7526.638
7495,7526.638
7784,7433.776
8668,8218.061
9384,9022.9795
9778,9573.061
9634,9633.23
9743,9537.309
10182,10322.619
10418,10426.451
10130,10077.627
9738,9555.752
9527,9322.971
9713,9402.047
10767,10660.428
11155,11197.673
10765,10881.807
10715,10809.773
10640,10765.514
10065,10183.427
9480,9488.629
9093,8956.922
8508,8469.737
8069,7605.5107
7674,7323.7603
7517,7187.513
7469,7125.116
7854,7500.7046
8664,8231.467
9358,8991.554
9854,9654.014
9675,9419.228
9710,9478.998
10242,10082.828
10465,10107.503
10210,9922.444
9740,9497.805
9513,9285.231
9714,9364.733
10701,9848.788
10901,10028.665
10772,9904.626
10725,9842.238
10458,9573.798
10125,9758.913
9427,9065.762
8966,8540.59
8415,7948.7124
7967,7494.2017
7687,7284.733
7426,7036.419
7365,6963.8804
7908,7482.98
8542,8069.7095
9363,9031.168
9682,9432.625
9496,9259.701
9576,9335.966
10149,9928.639
10434,10069.942
10046,10045.526
9788,9552.21
9347,9087.991
9468,9118.332
10577,9687.911
10893,10028.665
10879,10028.665
10769,9887.867
10658,9789.4375
10054,9718.763
9529,9166.6045
9064,8691.712
8553,8081.3022
8061,7543.422
7750,6694.347
7578,6565.028
7525,6505.034
7927,7505.8613
8704,8245.984
9539,9151.48
10025,10036.957
9795,9801.587
9890,9918.948
10341,10267.719
10662,10568.867
10328,10227.34
9999,9972.697
9603,9387.873
9746,9532.615
10790,9935.768
10940,10043.239
10888,10037.205
10828,9932.42
10510,9627.28
10131,9789.459
9482,9136.386
9002,8549.243
8446,7983.402
8111,7597.346
7861,7445.043
7623,7234.4287
7469,7068.2817
7748,7756.154
7881,7860.099
8469,8400.975
8792,8736.583
8589,8524.231
8751,8516.369
9463,9245.939
10194,10211.835
8653,8621.107
7983,6595.025
7523,7319.1665
7820,7023.3545
9419,9059.194
9583,9243.942
9601,9246.91
9553,9220.775
9566,9565.634
9246,9214.229
8814,8548.894
8363,8088.1826
8052,7652.787
7410,7103.8438
7219,6927.0967
6991,6756.454
6992,6770.468
7443,7153.4575
8184,7382.6997
8889,8570.795
9123,8929.914
9143,8940.011
9094,8919.418
9767,9618.425
10141,10026.201
9681,9698.465
9179,9050.895
8910,8738.437
9394,9098.063
10505,9721.678
10799,9978.595
10720,9855.326
10620,9729.674
10423,9671.36
9970,9699.369
9514,9264.167
9050,8727.617
8445,8087.812
8085,7313.765
7785,6821.3237
7595,6910.5933
7429,6817.9688
7960,6548.507
8798,8451.128
9769,9625.889
9827,9683.839
9730,9620.335
9773,9654.532
10060,9957.327
10590,10306.61
10183,10064.542
9888,9773.875
9600,9455.342
9614,9347.509
10675,9892.71
10985,10192.674
10824,10034.998
10794,10018.239
10601,9855.28
9952,9672.361
9605,9338.093
8438,7988.7163
8096,7593.259
7754,7092.7607
7551,7223.778
7521,7202.4883
7964,7507.471
8748,8299.638
9613,9340.279
9662,9410.5205
9751,9489.272
9782,9518.017
10376,10053.195
10543,10167.714
10227,10213.989
9749,9519.185
9573,9333.448
9759,9389.225
10637,10293.595
10966,10033.904
10864,9937.824
10748,9842.627
10475,9581.813
10086,10075.522
9608,9240.53
9015,8608.86
8412,7954.027
8134,7654.572
7717,7043.8506
7554,7223.778
7357,7035.739
7713,7366.741
8696,8245.984
9591,9206.104
10088,9861.56
9877,9873.631
9912,9918.948
10032,10051.717
10607,10295.483
10276,9964.394
9727,9499.504
9631,9373.875
9719,9341.446
10667,9769.151
11067,10045.778
10930,9377.208
10867,9900.457
10675,9786.946
10162,9790.397
9598,9231.08
9109,8711.215
8527,8032.4683
7944,7514.0693
7772,7358.0903
7624,6161.8057
7573,6850.3647
7762,7414.925
8657,8174.109
9550,9163.436
10075,9787.9375
9910,9616.504
10060,9799.168
10420,9633.47
10700,9917.713
10275,9974.67
9700,9413.062
9520,9817.839
9750,9315.668
10870,9838.701
11070,9947.319
11100,9448.95
10920,9350.156
10780,9837.768
10136,9525.194
9636,9127.388
9083,8654.124
8460,8007.515
7835,7060.1304
7733,6662.697
7384,6658.502
7313,6597.103
7841,7478.309
8592,8137.054
9520,9127.209
10200,9960.087
10210,10096.486
10318,9670.22
10540,9875.97
10870,10613.125
10320,10161.8
10026,9797.321
9701,9474.782
9855,9480.079
10615,9932.571
10890,10129.84
10810,9788.076
10870,9788.076
10540,9617.796
10132,9789.459
9667,9317.621
9219,8837.657
8463,8007.515
8028,7203.1187
7691,7284.356
7457,7068.233
7222,6879.0884
7296,6961.148
7395,6995.0024
8149,7625.316
8709,8366.603
9030,8676.997
9187,8863.851
9695,9426.6045
10392,10074.003
8826,8548.441
8217,7828.36
7787,7179.0605
8125,7686.4453
9225,8794.331
9734,9389.958
9657,9324.001
9613,9246.91
9592,9237.889
9353,8929.561
8985,8545.733
8407,7960.732
8062,7462.275
7521,7239.471
7266,7051.9897
6993,6770.468
6968,6734.67
7452,7177.074
8080,7289.0513
8993,8650.081
9484,9303.075
9479,9355.877
9555,9419.851
9905,9796.659
10436,10184.702
10118,9972.593
9367,9210.168
9233,9029.035
9351,9066.638
10616,9768.129
11028,10184.455
10844,9502.116
10748,9985.43
10536,9721.641
10007,9762.327
9605,9337.347
9053,8765.525
8455,8115.2983
8079,7699.4487
7722,7417.6904
7606,7381.3076
7447,7213.2817
7858,6500.028
8749,8407.422
9780,9484.325
10294,10152.363
10058,9959.243
10093,9963.664
10588,10205.146
10786,10481.231
10272,10128.073
9917,9729.302
9459,9297.104
9438,9070.43
10741,10130.843
10968,10042.928
10916,10040.548
10821,10007.823
10604,9681.563
10040,9709.416
9524,9264.913
9008,8743.905
8481,8031.482
8159,7680.2534
7917,7244.125
7633,7234.38
7600,7212.642
8029,6905.9604
8871,8472.011
9877,9459.634
10272,9904.328
10003,9720.278
10202,9970.353
10596,10208.485
10999,10795.236
10550,10099.563
10000,9709.764
9670,9391.159
9900,9516.051
10670,9592.612
11025,9997.618
10990,10696.25
10800,10771.235
10650,10621.91
10112,10072.117
9657,9671.501
9300,9314.354
8651,8583.284
8315,8249.204
7828,6869.922
7697,7290.9473
7668,7662.4907
8069,7978.7036
8795,8740.771
9670,9691.962
10270,10216.522
10250,10245.565
10370,10364.796
10830,10755.74
11160,10989.11
10870,10734.666
10090,9872.194
9660,9373.07
9970,9930.554
10740,10711.617
11180,11153.989
11020,10981.947
10880,10893.806
10764,10737.497
10228,10185.81
9687,9671.501
9156,9165.254
8430,8377.072
8240,8110.614
7825,6797.96
7630,7230.1465
7501,7108.693
8008,7535.891
8840,8410.939
9734,9315.352
10309,10230.373
10264,10123.44
10418,10235.697
10810,10463.817
11122,10672.891
10600,9775.145
10150,10077.848
9780,9537.415
9940,9455.603
10980,9955.837
11140,10084.454
11090,9605.85
11020,10756.157
10741,10563.798
10233,10179.444
9625,9609.053
9132,9135.498
8543,8080.9507
8175,7662.737
7930,6846.196
7695,6238.1484
7595,6196.9526
8140,7617.1743
8960,8684.29
9815,9765.245
10433,10592.513
10200,10285.323
10315,10371.907
10811,10914.725
10986,10924.712
10491,10446.307
10192,10032.639
9857,9818.514
10006,9940.298
10800,10942.443
11225,11169.925
11050,10953.029
10895,10910.063
10741,10705.051
10295,10192.464
9749,9726.22
9341,9355.358
8794,8752.225
8366,8327.75
8043,7983.5205
7758,7777.5093
7654,7660.2505
7789,7796.381
8103,8015.779
8717,8708.016
9142,9133.404
9200,9159.882
9420,9421.861
9910,9712.119
10600,10351.926
9006,8843.932
8542,8338.728
8184,7963.6616
8310,7964.055
9332,9093.506
9682,9663.829
9805,9773.404
9769,9773.404
9665,9668.434
9434,9417.32
9038,9015.918
8614,8551.098
8150,8062.639
7726,7744.7905
7390,7402.73
7208,7236.2495
7076,6364.357
7444,7462.6104
8180,8079.428
9026,9027.06
9533,9488.831
9618,9589.397
9805,9765.236
10325,10418.703
10521,10134.815
10330,10286.669
9994,9867.107
9718,9597.851
9661,9454.752
10720,10045.881
11385,9850.985
10994,10966.058
10894,11004.883
10738,10863.928
10312,10429.763
9800,9773.451
9214,9224.48
8676,8624.087
8348,8303.13
8091,7962.586
7849,7067.398
7652,6910.11
7989,7914.681
8870,8833.738
9670,9349.1
10200,10305.305
10184,10263.308
10328,10449.194
10728,10828.994
10989,10924.426
10725,10518.116
10363,9831.884
9917,9752.682
9852,9607.186
10535,10611.562
11229,10450.638
10878,10795.788
10844,10733.682
10483,10488.757
10138,10143.339
9776,9661.074
9350,9027.869
8863,8441.44
8308,7857.934
7948,6454.515
7722,7309.9067
7525,7130.6787
7702,6469.3105
8043,7736.14
9052,9051.6455
10127,10231.494
10200,10314.052
10256,10418.25
10770,10181.92
11238,10804.68
10930,10022.371
10500,10204.897
9975,9720.861
10003,9613.028
10820,10132.727
11380,9973.011
10990,9464.268
10960,10040.738
10675,9800.857
10321,9453.246
9741,9386.546
9359,8930.307
8746,8287.085
8259,7709.7803
7948,7472.036
7794,7380.049
7713,7309.9067
8096,7244.7397
9016,8590.622
9915,9605.7295
10422,9665.398
10348,10288.261
10241,10132.79
10932,10645.741
11074,10598.029
10560,12716.061
10255,9964.33
10073,9791.001
10015,9623.322
10756,10034.777
11480,10017.519
11158,9715.624
10917,9461.908
10706,9844.637
10441,10445.147
9954,9931.559
9416,9420.388
8959,8925.479
8407,8351.958
8088,7741.9575
7874,7640.113
7781,7378.1143
8065,6127.653
9080,9026.93
9580,9132.066
10390,9609.494
10460,10057.081
10590,10495.294
11010,10488.322
11350,9710.295
10819,9883.065
10509,9864.497
9993,9723.823
10134,9772.389
11100,10059.328
11635,9396.328
11489,9319.17
11341,11236.444
10942,11019.396
10500,10575.198
9865,9824.516
9280,9255.556
8813,8764.899
8282,8230.094
8231,8134.508
7985,7916.4185
7825,7046.173
8258,8146.1914
9163,8760.777
9608,9225.857
10584,10344.493
10499,10273.2295
10740,10710.005
11248,10252.926
11420,9725.777
10945,9988.628
10700,10330.483
10200,9988.358
10170,9913.4375
11000,9911.501
11620,11141.724
11550,9514.639
11315,9392.043
10920,9040.823
10550,10573.359
10093,10152.311
9524,9139.0205
8879,8480.327
8483,8001.3486
8186,7278.918
7952,6115.6167
7903,6739.826
8155,7617.1177
8447,8059.608
9278,8879.707
9392,9098.209
9264,8981.034
9402,9064.85
9860,9575.471
10423,10270.971
8865,8593.718
8401,8160.935
8157,7776.7695
8223,7332.755
8827,8451.796
9910,9500.171
9857,9479.037
9810,9442.443
9736,9375.157
9384,8998.895
8853,8417.398
8578,7940.535
7999,7627.898
7546,7260.551
7253,6967.242
7018,6737.662
6901,6601.9077
7281,7277.7544
8313,8249.677
9079,9068.15
9373,9380.848
9652,9435.438
9845,9629.124
10143,9946.629
10535,10245.567
10085,9943.825
9760,9609.931
9555,9408.431
9509,9246.575
10386,9495.977
11275,9606.212
11085,9597.437
10867,9446.111
10762,9928.61
10175,9881.059
9669,9361.214
9125,8806.372
8495,8087.4663
8179,7767.665
7768,7466.342
7502,7216.4497
7519,7238.4355
7901,7592.258
8975,8659.034
9920,9751.203
10400,10223.18
10330,10282.467
10420,10343.091
10810,10623.316
11080,10880.64
10656,9852.319
10148,10103.601
9785,9606.722
9821,9511.953
10650,10005.985
11374,10355.078
11076,9609.046
10966,9562.226
10695,9895.929
10310,10129.118
9684,9573.272
9268,8953.33
8533,8020.453
8180,7659.8813
7906,7483.727
7755,7359.2427
7537,7130.42
7989,7517.079
8995,8552.104
9880,9580.637
10385,9635.997
10295,9989.103
10340,10063.228
10770,10382.818
11060,10570.208
10760,9727.873
10370,10018.319
10005,9723.501
10000,9610.616
10830,9807.981
11420,10479.61
11130,9655.169
10900,9413.806
10737,10705.949
10382,10407.587
9733,9740.426
9399,9387.675
8755,8705.976
8263,7910.7017
7875,7463.8677
7724,7724.182
7719,7310.3325
8072,6943.743
9045,8974.778
10020,9976.409
10265,10143.892
10352,10463.843
10547,10523.856
11060,10883.562
11380,11439.228
11000,11203.2295
10480,10700.719
10210,10159.818
10170,14433.612
10870,10132.727
11650,11574.658
11300,13095.299
11150,11444.155
10936,10910.243
10442,10457.765
9876,9856.625
9392,9387.675
8823,8764.899
8221,8075.874
7978,7529.839
7827,7046.173
7813,7046.173
8031,7210.195
9080,9058.553
10030,10031.728
10550,10560.601
10330,10270.365
10620,10491.641
11010,10829.591
11440,11226.637
10965,10560.291
10825,10709.34
10405,10383.564
10266,9961.624
11138,10873.727
11870,11862.639
11620,11502.32
11470,11421.866
11305,11201.4795
10701,10721.062
10281,10272.822
9665,9671.501
9087,9047.158
8771,8705.953
8498,8066.1616
8242,7387.077
8223,7355.786
8520,8461.574
9343,9329.561
10128,10069.109
10710,10700.889
10825,10849.308
11035,11007.663
11443,11166.356
11750,11470.402
11370,11494.645
11005,11167.315
10750,9705.14
10690,10055.874
11330,10306.521
12070,12905.619
11660,9108.65
11520,9537.878
11350,9678.612
10920,9357.457
10500,9737.618
9994,9599.891
9275,9268.334
8797,8321.373
8695,8194.559
8540,8100.821
8391,7777.848
8246,7196.5376
8730,8492.819
9367,9303.338
9423,9385.68
9290,9238.209
9537,9533.683
10203,10218.635
10606,10188.643
9145,8881.639
8786,8537.347
8676,8419.572
8698,7279.9883
9150,9128.427
9865,9842.215
9666,9662.242
9569,9556.012
9217,9214.9
8919,8931.597
8574,8518.738
8145,8037.324
7532,7526.069
7148,7147.2725
6988,6981.793
6952,6672.686
6920,6627.612
6935,6940.2017
7278,7277.7544
8107,7989.0845
8292,8231.619
8235,8140.507
8547,8480.5625
9054,8906.742
9611,9492.783
9573,9441.704
8986,8778.391
8592,8365.994
8748,8472.383
9780,9511.919
10317,9354.986
10170,9702.162
10077,9634.346
10074,9633.865
9730,9551.612
9287,9094.909
8759,8703.1
8315,8254.013
7998,7911.7144
7695,7678.6885
7514,7503.0254
7474,7462.6143
7914,7901.541
8940,8892.141
9728,9545.694
10304,10135.086
10274,10085.353
10370,10089.403
10875,10315.283
11295,10894.551
10760,9769.8545
10620,10338.533
10397,9716.939
10257,10233.234
10764,9987.32
11739,11682.825
11279,11164.6045
11190,11118.103
11046,11016.354
10556,10526.051
10076,10083.509
9527,9523.3125
9029,9036.05
8529,8540.293
8352,7903.3564
8101,7593.085
8061,7938.9775
8509,8518.586
9565,9162.681
10640,10377.831
10770,9947.25
10772,10383.181
10810,10438.795
11380,10948.689
11380,10950.957
11214,10149.098
11051,9904.713
10744,9434.985
10727,9842.941
11178,9659.697
12170,11395.254
11940,11170.886
11840,11098.15
11530,11457.181
11010,10933.931
10422,10439.469
9831,9795.606
9259,9236.953
8854,8868.638
8586,7607.1187
8484,7770.7617
8356,7646.2197
8636,7952.418
9680,9383.034
10739,10497.286
11008,10916.802
11008,10679.608
11160,10897.022
11623,11321.036
11965,11822.892
11616,11346.619
11275,9693.374
10992,9147.408
10771,9411.678
11660,11352.264
12210,11467.766
12090,10925.098
11760,11763.009
11590,9538.209
11325,11283.216
10740,10709.738
10303,10318.443
9664,9674.248
9049,9059.168
8857,8853.593
8619,8609.487
8579,8178.781
8765,8363.142
9970,9529.831
10890,9602.768
10885,9716.015
10870,10124.345
11130,11024.171
11190,11011.102
11658,10193.156
11311,10108.385
11121,9507.825
10858,9521.41
10825,10834.398
11303,11238.001
12312,11903.746
12068,12027.079
11908,11879.937
11714,11690.32
11170,11081.998
10809,10810.809
10185,10192.884
9694,9710.887
9105,9117.756
8753,8764.823
8533,8477.148
8520,8063.7896
8844,8452.337
9680,9303.1045
10657,9859.358
10965,10155.083
11020,10493.436
11050,10825.044
11590,11146.117
11860,11857.031
11460,11406.772
11155,9434.385
11035,9308.362
10860,9008.43
11520,11050.465
12315,11914.2295
11935,11622.088
11725,11380.491
11496,11412.202
11085,11047.859
10142,9239.524
9727,9736.834
9317,8889.533
8989,8547.602
8641,8145.4976
8634,8097.221
8684,8261.133
9142,8692.776
9550,9333.549
9625,9662.646
9540,9528.103
9740,9727.294
10191,10150.938
10645,10569.387
9565,9290.985
9055,8815.576
8857,8544.217
8781,8367.379
9429,9065.603
10578,10587.497
10445,9586.021
10423,9586.021
10422,10446.516
10207,10186.562
9808,9811.217
9586,9592.515
9065,9047.158
8574,7491.78
8278,8116.4575
8083,7674.621
8120,7723.6924
8344,8273.898
9153,9105.141
9785,9753.064
9680,9696.621
9550,9493.89
10000,9923.244
10600,10325.413
11040,10659.578
10551,9628.187
10291,10132.768
10002,9821.386
9838,9559.796
9983,9708.695
9200,8873.727
9269,8990.764
9654,9410.801
10297,10207.845
10316,10321.394
10071,10075.522
9813,9811.217
9353,9246.217
9066,8790.569
8731,8388.947
8503,8144.6294
8391,8003.798
8682,8323.129
9765,9476.3545
10356,9563.043
10257,10086.259
10058,10076.485
9920,9922.245
10257,10194.921
10665,10429.9
9963,9811.147
10280,10063.778
10290,10142.712
10330,9549.273
10945,10133.119
11910,10854.5205
11810,9794.285
11630,9626.5
11307,9945.09
11026,9605.003
10377,9016.659
9990,9700.093
9394,8994.0625
8821,8365.243
8609,8140.9263
8405,7909.414
8336,7837.129
8623,8131.974
9634,9237.485
10340,10238.754
10730,10365.075
10640,10373.009
10900,13628.861
11450,11024.149
11600,10586.531
11456,10390.827
11210,9969.6
10984,9523.87
10880,9610.671
11360,10653.973
12280,11312.111
12120,10820.023
11945,11074.446
11550,9692.957
11160,10863.822
10665,10643.049
10135,9756.554
9585,8895.668
9150,8714.202
8850,8385.426
8650,8160.5376
8510,8042.891
8960,8523.3125
9970,9398.868
10485,9873.492
10870,10573.571
10830,10162.721
10992,10669.682
11430,10800.057
11770,10866.692
11450,10777.01
11455,10372.2295
11080,9853.878
11060,9171.633
11725,10640.538
12658,11980.127
12328,11056.895
12187,11190.041
11822,11282.819
11250,9287.13
10752,9427.141
10378,9602.718
9772,9413.166
9316,8918.42
8859,8410.245
8729,8277.159
8547,8119.9634
8832,8488.626
9800,9379.94
10550,9942.617
10763,10565.379
10742,10578.835
11051,10795.478
11427,9897.06
11850,11291.054
11528,10042.967
11295,9819.461
10985,9623.289
11000,10049.504
11580,10345.212
12500,11971.613
12330,11185.648
12165,10956.678
11975,11294.589
11551,9500.608
10804,8857.592
10213,9831.291
9614,9233.379
9235,8830.609
8807,8365.243
8544,8079.2163
8431,7956.119
8969,8566.173
10050,9504.678
10650,10049.307
10870,15066.556
10850,10646.976
10970,10920.477
11570,11168.505
11760,11676.462
11410,10716.155
11400,10718.688
11080,9662.261
10790,9526.959
11690,11197.42
12460,12041.435
12130,11784.913
11940,11365.479
11710,11605.696
11319,11253.43
10968,10854.762
10332,10446.176
9857,9619.942
9425,8862.645
9101,8563.743
8831,8279.592
8727,8276.936
8926,8902.522
9548,9461.923
9930,10275.02
10017,10249.258
10110,10246.873
10300,10429.739
10890,14069.283
11470,10845.472
10350,10002.942
10050,10169.66
9900,9999.327
9675,9695.595
10355,10735.864
11350,10255.955
11270,9729.392
11160,11138.403
11065,11049.42
10815,10802.574
10299,9452.924
9898,9538.19
9469,9211.067
9053,8731.192
8878,8727.951
8547,8188.401
8392,8209.578
8839,8850.145
9825,9804.2295
10405,10413.648
10348,10488.64
10337,9993.813
10634,10084.185
11341,10685.742
12025,12090.041
11913,11940.668
11929,11940.668
11726,10406.681
11482,10053.835
12056,12114.934
13454,12286.221
13258,12962.759
13062,12458.324
12744,11892.857
12649,12616.029
12098,11975.936
11457,11456.57
10769,10767.144
10495,10482.207
10897,10882.905
10919,10891.123
10070,10219.007
9388,9393.299
9370,9388.436
9978,9845.768
10736,10722.144
11250,10716.048
11894,11534.188
12459,12470.201
12617,12583.38
12529,12513.967
12280,11899.798
12270,12174.594
12250,12244.748
12180,11990.513
12850,11699.929
12555,11486.426
12780,12221.745
12695,12704.143
12569,12608.482
11910,12111.784
11292,11318.957
11023,10961.524
10636,10641.116
10931,10894.203
11314,11298.789
10355,10374.719
9611,9599.196
9925,9897.196
10380,10421.193
11101,11089.068
11750,11213.246
11936,11349.553
12349,12123.924
12746,12446.675
12521,11564.472
12241,11831.565
12149,11690.563
12213,12212.547
12233,12052.534
12887,11702.617
12667,12751.732
12651,12608.712
12533,12485.677
12398,12393.728
11964,12025.273
11468,11457.616
10965,10910.698
10503,10496.928
10704,10698.582
11354,11351.118
10163,10186.58
9305,9321.783
9568,9568.624
10256,10286.429
10992,10594.88
11508,11516.424
11746,11733.664
12028,11806.446
12418,12349.79
12452,12076.525
12371,12001.336
12250,11819.97
12336,12267.691
11986,12017.062
12565,12577.229
12518,12519.381
12360,12002.293
12315,11813.029
12146,11564.019
11661,10155.908
11138,9613.343
10636,9146.344
10297,10316.947
10601,10624.621
11059,11058.304
9950,9978.971
9171,9172.361
9433,9420.736
10064,10098.222
10823,10346.0205
11236,10730.24
11306,10767.275
11689,11113.668
11656,11005.989
11776,11370.236
11647,10318.2
11900,12026.766
12099,12020.762
11737,11104.364
12391,12382.873
12434,12408.787
12292,12243.412
12299,12235.793
12178,12188.13
11625,11529.583
11064,11052.017
10549,10510.508
10250,10194.669
10448,10440.701
11152,11164.621
9916,9939.482
9120,9082.635
9376,9389.919
10147,10157.268
10810,10346.0205
11111,10752.228
11325,10860.918
11515,10220.362
11940,11577.443
12105,12132.764
11885,11916.111
11985,11965.603
12054,11959.774
11686,11063.738
12245,12174.739
12224,12193.675
12168,12193.675
12026,12046.216
11894,11902.867
11535,11486.673
11038,11055.032
10554,10558.77
10117,10120.561
10234,10194.669
10934,9977.344
9720,9345.853
8860,8623.084
8665,8625.941
8897,8867.564
9284,9280.457
9716,9748.645
9950,9980.184
10514,10425.255
10878,10604.013
9741,9547.473
9926,9736.71
10136,9943.099
10639,9775.827
10696,10498.175
10810,10793.331
10970,10905.083
10884,10904.106
10968,10904.603
10930,10911.661
10509,10506.168
9990,9957.801
9424,9424.962
9087,9044.19
9397,9390.649
10082,10082.329
9083,9045.318
8359,8303.262
8540,8440.971
9236,9177.002
9959,9956.215
10260,10278.884
10743,10797.691
11075,10954.959
11484,10673.095
11734,10919.921
11677,10272.453
11541,9652.359
11886,11333.292
11849,11858.082
12293,12223.313
12267,12235.114
12280,12235.114
12270,12234.634
11735,11751.581
11461,11453.129
10963,10918.57
10588,10549.857
10162,10149.303
10468,10481.885
11129,11104.43
10103,10159.894
9195,9158.294
9473,9481.091
10097,10128.128
10891,10926.4795
11449,11415.294
11851,11872.129
12219,12245.766
12528,12109.987
12659,12400.263
12593,12256.166
12441,12150.43
12535,11479.968
12099,12157.751
12604,12483.614
12763,12738.602
12758,12732.621
12738,12731.818
12575,12628.058
12141,11705.616
11660,10224.02
11057,9542.996
10610,9137.803
10807,9877.243
11396,10479.329
10128,9173.273
9467,9068.694
9858,9458.46
10462,9695.378
11201,10977.727
11604,10698.793
11950,12024.025
12381,12478.762
12747,12391.89
13047,11727.059
12909,11238.719
12696,12375.256
12881,10710.587
12585,12221.682
13034,11635.546
13138,11464.109
13088,10970.276
13102,10969.474
12830,10681.859
12377,11942.394
11859,11403.01
11303,9802.277
10864,9361.12
11070,10151.354
11521,9968.9
10653,10448.331
9717,9713.352
9964,9738.422
10415,10421.193
11039,11046.154
11680,11103.611
11945,11685.35
12140,11804.494
12700,12625.995
12960,11890.975
12970,10876.23
12830,12332.555
12890,10608.503
12600,12664.583
13216,12225.694
13245,12649.785
13229,12698.021
13283,12418.296
13079,11633.618
12621,11906.534
12120,12253.53
11650,11550.474
11291,9801.694
11348,9858.69
11747,10185.286
10711,10713.13
9836,9816.429
9863,9861.429
10590,10557.719
11370,11320.647
11963,11149.607
12106,11756.689
12609,12642.201
12950,11911.68
13135,11495.035
13090,11169.887
13020,11555.14
13018,10529.457
13064,12066.402
13507,12167.239
13594,13020.077
13440,13020.077
13628,12604.93
13401,11362.341
12833,11477.916
12391,12515.79
11930,11410.042
11634,11647.908
11810,11751.1455
12033,12006.324
11133,9587.116
10221,9234.817
10498,9588.493
11055,10319.809
11659,10335.596
12195,12134.038
12445,11878.35
12935,11828.444
13420,12310.442
13480,12059.275
13635,10698.127
13570,11221.883
13650,12441.99
13659,12903.96
13841,13210.036
14156,12738.879
14332,12312.315
14420,12815.858
14021,13501.845
13684,12638.709
13395,12204.25
12823,11582.626
12501,11926.924
12680,12149.925
12605,12034.09
11709,9969.629
11066,9548.215
10671,9194.501
10875,9987.437
11210,10431.224
11285,10225.325
11585,11039.572
12270,11820.178
12770,12826.009
12097,11710.071
12228,12045.098
12523,12582.28
12627,12623.481
12730,12727.607
13642,12488.8955
13658,13056.006
13739,13513.434
13902,13286.241
13897,13166.741
13633,13006.294
13178,10783.486
12505,11236.869
12372,12012.146
12433,11995.454
12794,11173.101
11873,12087.056
11195,11231.685
11222,11117.788
11634,11696.56
11779,11241.142
11972,12003.843
12243,12252.326
12738,12718.374
13295,11881.106
13870,12279.34
13910,12784.908
13870,12784.908
13910,11842.261
14080,12403.958
15120,12910.167
14980,13666.538
15023,13675.126
15375,13702.936
15210,13691.009
14835,13320.829
13675,13392.063
13246,12541.907
13277,11928.09
13481,11807.536
12467,9527.441
11907,11894.955
11817,11764.6455
12275,12191.232
12840,11631.918
13265,11740.821
13280,11448.317
13700,12821.869
14424,12657.072
14680,13452.537
14305,13463.184
14330,13157.106
14435,12797.332
14400,13517.108
15035,13774.118
14740,13770.158
14350,13791.703
14571,13387.226
14509,13678.001
14075,13708.141
14405,13018.443
13480,12453.632
13050,10000.233
13270,11560.593
13280,11504.853
12420,11456.672
11723,11606.912
11721,11754.51
12088,12200.2295
12630,12300.789
13270,12226.008
13355,11956.92
13485,12655.411
13775,12049.041
14130,12967.177
13490,10996.616
13270,10902.74
13340,12566.907
13423,13144.34
14272,13521.763
14236,13396.86
13991,12673.602
14492,12663.1045
14228,13581.832
14304,13362.694
13980,12101.848
13410,10663.103
12940,12025.418
13225,11954.655
12869,10819.462
12120,11818.329
11366,9885.813
11409,9963.133
11962,12190.937
12450,12503.105
12900,12988.203
12835,12413.833
13370,12079.503
13405,12503.06
13645,12540.61
13785,11988.128
13925,12995.766
13775,12879.392
13841,13329.985
14390,13349.813
14411,13270.598
14400,13977.103
14568,13750.224
14320,13610.301
13862,12228.662
13555,11466.188
13041,10051.4
12760,12699.515
12870,11453.288
12881,11281.879
11978,11805.819
11151,11202.913
11161,11208.319
11756,11842.905
12394,12202.681
12950,11746.049
13140,11970.419
13440,12360.11
13785,12840.181
14000,11717.788
14100,12202.906
14170,13405.251
14200,13301.658
14300,13401.424
14730,13247.82
14750,13635.214
14720,13635.214
14580,13438.891
14590,13653.505
14360,13638.569
14130,12067.845
13645,11367.588
13290,10736.991
13420,12242.678
13530,12435.0
12640,10106.912
11929,12071.562
11972,12036.735
12461,12423.328
12761,12823.61
13170,12178.264
13275,11680.109
13505,12394.699
13740,13218.304
13700,13303.95
13385,13098.463
13300,12854.928
13400,12826.837
13422,13178.957
13495,13293.002
13599,13344.383
13565,12024.433
13807,12655.159
13639,11741.856
13394,11650.53
13130,11357.296
12575,11460.249
12275,12234.198
12425,11940.027
12535,12456.727
11445,11559.95
10755,10745.148
10505,10531.558
10525,10537.097
10846,10893.65
10988,10976.8545
11065,11001.232
11539,11448.735
12088,12043.484
10684,10839.398
10943,11024.259
10768,10773.872
11055,11038.89
11365,11356.274
11711,11681.887
11619,11508.658
11716,11682.585
11948,11929.135
12002,11924.07
11837,11851.262
11526,10893.347
11004,10515.455
10603,10193.679
10874,10978.414
11151,10370.369
10161,9317.031
9361,9251.176
9559,9569.992
10216,10200.208
10735,10719.745
10654,10045.329
10746,10133.997
11020,10262.163
11300,9912.848
11563,10188.6875
11345,10007.709
11448,10140.071
11693,10309.812
12009,11897.9375
12334,12138.298
12451,11964.697
12491,11971.836
12568,12092.377
12483,11999.668
11881,11506.35
11621,11532.2705
11111,11092.013
10765,9386.115
10929,10097.525
11223,10402.649
10116,9282.227
9314,8956.705
9476,9197.921
9955,9941.212
10755,10784.535
11502,11448.669
11754,11716.119
12300,12276.138
12498,12466.399
12665,12378.44
12578,12234.344
12471,12128.607
12519,12003.004
12685,12344.6
12872,11408.893
12859,11431.644
12922,11817.26
12962,11352.119
12844,11048.361
12616,12138.62
12047,11684.247
11456,9943.624
10990,9468.543
11363,10448.124
11355,9852.9375
10334,8837.639
9454,9068.694
9615,9194.758
10244,9962.367
11174,10937.499
11572,10698.793
11798,11937.581
12345,12302.929
12731,12373.251
13015,11727.381
13013,11411.638
12836,11201.781
12907,11459.965
13094,11994.19
13127,12188.232
13340,12412.017
13128,12206.943
13178,12163.71
13076,10947.52
12741,11990.953
12305,11732.919
11831,11321.042
11393,9858.945
11754,10188.396
11745,10172.948
10496,9005.202
9802,9363.152
10066,9679.314
10826,10059.906
11375,11123.19
11940,12021.341
12251,12378.439
12734,12398.29
13048,12170.262
13253,11960.209
13302,12130.474
13205,12155.436
13261,12274.408
13438,12467.995
13727,12923.032
13867,12100.494
13300,10486.77
13627,12851.671
13649,12890.217
13018,10218.142
13013,11922.251
12344,12451.948
11851,11901.797
12091,12098.634
12098,12098.284
10888,10928.275
10220,10242.844
10234,10236.384
10398,10469.944
10987,11004.265
11537,11533.619
11926,11690.587
12360,12263.111
12847,11788.8
13169,12177.318
13144,12225.482
13143,12408.916
13283,12316.506
13410,12616.81
13943,13092.564
14126,13256.266
14003,12187.588
14278,12196.755
14091,12162.927
13752,12162.927
13489,11410.11
12901,9863.24
12478,12525.825
12643,12571.173
12553,12588.046
11545,11620.912
10622,10654.437
10834,10876.94
11278,11224.919
12040,12107.327
12762,12781.481
13318,11969.44
13943,12663.751
14296,11608.432
14483,13012.852
14384,13691.913
14225,13492.264
14109,12878.577
14049,13413.375
14851,13518.4
14791,13815.933
14851,13815.933
14876,13814.552
14806,13697.344
14627,13679.057
14292,13639.318
13787,11359.126
13274,10844.38
13421,12272.316
12944,11484.508
12122,12342.694
11148,11202.913
11117,11134.095
11241,11269.173
11581,11404.545
11890,11261.378
12318,11021.555
12878,11704.582
13303,12204.926
12863,11660.806
13390,12431.25
13390,12837.608
13427,12876.682
13795,13307.17
14436,13620.318
14792,14046.315
14749,14038.48
14989,14107.697
14744,13955.015
14660,13425.183
14576,13454.186
13996,12953.459
13561,10899.064
13693,11046.458
13492,10852.915
12785,10659.574
11676,9973.85
11404,11477.09
11293,11269.251
11569,11605.474
11851,12138.937
11991,12073.162
12201,9947.981
12535,10243.918
13080,12080.272
13270,12424.085
13070,11233.444
13150,11336.502
13530,13102.819
14330,13561.171
14315,13626.41
14164,12787.02
14350,12787.02
14210,12643.642
14148,12609.908
13968,12348.518
13500,10775.753
13082,9540.118
13365,12114.59
12992,11484.846
12186,11695.056
11161,9775.744
10835,9442.078
10734,10078.786
10929,10912.781
10854,10870.471
11109,10973.026
11428,10841.251
11974,11772.978
12403,10012.416
12398,11423.972
12273,12468.776
12302,11746.831
12682,12748.903
13041,12083.846
12838,11952.736
12670,12594.223
12628,12691.766
12710,12563.63
12715,12461.742
12670,12337.864
12405,12074.078
12066,12077.658
11665,11654.596
11279,11227.705
11159,11175.983
11030,10983.656
11359,11373.904
10839,10845.934
9783,9766.261
9702,9697.882
9976,9583.806
10274,9886.591
10556,10483.183
10763,10696.691
10662,10798.871
10421,10583.244
10119,10092.581
9752,9716.78
11796,11800.138
12050,12047.614
11990,11984.193
12231,12185.086
12300,12189.062
12422,12354.114
12342,12356.059
11850,11894.555
11440,11415.585
11113,10872.949
10564,10563.248
10474,10487.421
10060,10087.022
10037,10033.024
10430,10456.74
10356,10359.422
10236,10177.7
10280,10010.193
10573,9821.447
11165,10451.945
11550,10166.184
11469,10076.569
11168,9831.222
10732,9237.604
10380,10202.733
11847,11871.714
12564,12571.932
12576,12631.509
12453,12511.461
12713,12715.665
12634,12627.881
12641,12637.372
12204,12238.586
11840,11882.574
11630,11523.453
11336,11298.692
11126,11094.718
10803,10803.799
10635,10638.877
10624,10637.973
10594,10547.909
10503,10026.188
10470,10031.313
10921,10702.644
11418,11112.837
11752,10875.33
11623,10702.102
11323,9969.475
11032,9482.309
10640,10684.699
12603,12562.625
12903,12815.324
12874,12867.052
12886,12874.021
12949,13008.412
12931,12732.991
12779,12672.903
12466,12402.818
12105,12098.898
11795,11716.473
11490,11415.239
11325,11232.238
10795,10772.726
10735,10715.546
10717,10716.741
10659,10203.343
10821,10327.44
11024,10462.737
11320,10754.645
11720,10365.733
12020,11684.991
11921,11541.644
11626,10152.116
11362,9911.767
11015,10974.756
12858,12756.904
13118,13237.179
13077,12247.846
13032,12253.019
13016,12920.116
13069,12889.539
13061,12198.759
12701,12601.026
12391,12378.785
12028,12041.383
11672,11651.836
11490,11447.885
11133,11093.398
11009,10975.406
11036,11067.378
10788,10820.109
10871,10399.856
10971,9943.716
11479,11469.82
12189,12212.104
11694,10868.423
11491,9542.307
11093,9774.102
10899,8937.667
10847,10859.479
12664,12693.859
12859,12848.397
12933,12899.802
13033,12924.206
12899,12735.725
12999,13017.267
12952,12889.539
12698,12601.026
12301,12310.489
11966,11957.263
11677,11651.836
11389,11354.041
11011,10966.003
11096,11108.6
11305,11316.443
11596,11556.521
11737,11182.726
12071,12080.674
12603,12599.125
13096,12763.142
13277,12396.957
13354,12503.781
13035,11511.88
12662,11963.068
11502,11911.454
12775,12750.63
12184,12346.614
12240,12200.382
12893,12771.166
13146,13185.845
13234,12967.167
13355,12652.257
13130,12037.65
12650,11853.735
12300,12275.174
12110,12050.49
11900,11875.493
11450,11415.062
11629,11564.268
11806,11818.643
12296,12281.624
12575,12609.806
12933,12848.126
13378,13284.222
13879,13480.291
14152,13932.715
14177,13890.692
14120,13421.143
13728,13220.986
13164,13486.673
15020,13851.915
15075,14144.565
15045,14222.292
14764,14258.86
14269,14279.968
13567,12021.451
11520,9403.394
11069,11071.606
10870,10878.597
10363,10409.196
9661,9738.517
9267,9276.922
9392,9425.205
9795,9841.332
10327,10388.356
10682,10016.875
11263,11011.824
11800,11589.979
12598,12468.2295
13196,13183.926
13530,13582.043
13670,11758.649
13720,13751.717
13320,11370.94
13010,13124.605
14800,14030.419
14720,14093.86
14580,14571.402
14570,14403.997
14355,13788.272
14323,12618.655
14273,12121.088
13848,12836.272
13341,13120.259
12932,11588.406
12464,12469.402
12390,12410.513
11984,12027.709
12208,12218.4795
12485,12529.001
12780,12443.452
13450,13523.261
13910,13796.329
14100,13603.675
14450,14017.563
14550,13943.179
14650,14326.811
14480,13943.179
14250,13642.303
13720,14026.899
15320,14295.55
15460,14600.4375
15480,14598.631
15500,14441.156
15385,14274.164
15250,14284.811
14950,14648.571
14500,14329.662
14200,14010.478
13570,13131.437
13210,12582.488
12750,11171.763
12390,12409.306
12600,12690.417
12765,12310.048
13100,13343.901
13520,13621.143
13950,14004.989
14350,14113.937
14530,14148.168
14740,14495.835
14700,14508.667
14630,14381.719
14400,14250.527
14100,14438.465
15600,14543.544
15850,14841.848
15850,14841.848
15880,14873.05
15680,14602.087
15430,14838.56
15280,14830.37
14840,14398.595
14430,14172.295
14080,14000.952
13750,13121.5625
13450,12969.757
13150,12573.2705
13140,12616.032
13195,13180.638
13295,13462.248
13660,13668.295
13870,14043.025
14200,14092.392
14298,13849.1
13330,13543.014
13740,13829.903
13440,13933.008
13023,12767.154
11171,10077.043
13087,13199.729
13585,13842.863
13539,13976.619
13553,13976.619
12930,13413.513
11973,12885.316
11195,11070.178
11040,10868.153
10903,10804.356
10836,10684.431
10641,10456.363
10380,10399.36
9912,9968.313
9846,9819.236
10038,10119.466
10420,9941.763
10720,9910.372
11199,10099.674
12094,11440.615
12709,12783.642
12232,11199.518
12421,12207.663
11975,12050.649
11706,11705.917
11572,11551.201
13491,13330.063
14123,13022.191
14040,13149.614
14147,13225.343
14119,12606.802
14061,12554.474
13749,12812.613
13344,12669.365
12989,11556.115
12614,12386.074
12288,12242.53
11846,11881.55
11363,11381.552
11575,11545.064
11830,11199.231
12220,11792.753
12430,12549.906
13000,12423.958
13340,13256.639
13500,13516.031
13790,12304.736
14000,12776.506
13800,12828.9375
13700,12604.28
13660,13215.688
15060,14207.363
15160,14535.981
15260,14535.981
15350,14412.898
15300,14258.738
15200,14305.698
15000,14382.124
14570,14039.393
14250,13912.876
13680,13641.086
12720,10303.53
11925,11982.213
11136,11151.654
10338,9076.293
9713,9819.22
9881,9467.937
10681,10334.0205
11217,10487.064
12244,11979.132
13245,13062.115
13585,13689.543
13730,13759.838
14110,13948.863
14030,13554.0205
13550,13938.304
15000,14261.671
15280,14599.682
15380,14613.221
15120,14637.102
14970,14482.559
14870,14479.424
14820,14479.424
14240,14261.444
13740,13712.258
13300,13271.6
13050,12750.077
12670,12193.535
12079,12200.453
11914,11968.729
11827,11815.369
11738,11327.056
12080,11734.61
12294,12285.531
12878,12908.987
13479,13235.856
13410,13412.259
13457,13661.589
12852,13379.91
12249,12549.49
12007,12005.547
14065,13489.114
14240,13893.04
14365,13893.04
14550,14182.192
14410,14469.74
13620,13911.248
13040,12878.63
12020,11592.744
10991,11009.768
10435,10481.957
10224,10254.015
9820,9879.175
9666,9512.325
10257,9397.817
10763,10012.889
11432,10646.239
12245,12372.651
12800,12894.824
13780,13443.795
14100,13159.415
14105,13102.179
14300,13347.278
14333,12722.459
13946,13278.83
13413,13601.98
15447,14000.47
15641,14434.96
15429,14625.04
15309,14659.506
15094,13781.999
15024,13931.175
14711,12693.009
14214,13472.44
13745,13767.034
13312,10780.182
13003,11146.121
12786,11868.341
12221,11307.77
12404,12478.126
12470,12495.594
13050,12833.796
13570,12943.1
13790,12536.266
14100,13726.178
13960,14200.502
12745,13547.671
11273,10875.357
9060,9006.943
9799,9831.784
10644,10597.889
11924,12009.05
12450,12398.663
12468,12558.639
12625,12668.216
12640,12608.355
12532,12381.387
12314,12172.386
12032,11096.717
11497,11431.69
11026,11005.467
10739,10191.34
10332,9419.45
9881,9850.17
10368,10373.565
10312,10346.98
10776,10735.424
11129,11007.364
10977,10861.864
10339,9611.209
10389,10595.69
10049,9875.282
10136,9924.519
10284,10041.989
10170,9912.9
10537,10290.574
12043,12046.448
12157,12111.116
12070,12012.399
12060,12011.597
11752,11102.578
11545,10893.347
11352,11364.346
10950,10909.064
10550,10511.159
10165,9761.214
9895,9468.753
9725,9319.24
9375,8938.203
9610,9252.871
9649,9630.967
9781,9567.749
9888,9687.006
10263,10050.751
11044,10815.135
11528,10648.482
10399,9444.882
10286,10053.68
9693,9477.629
9552,9190.935
9881,9478.962
11564,11475.221
11820,11858.613
11681,11653.376
11740,11693.039
11737,11692.362
11645,11651.736
11432,11404.679
11020,9580.818
10464,9068.293
10133,9858.725
9807,9488.199
9687,9383.182
9519,9232.911
9858,9863.212
9994,9835.089
10464,10214.103
10667,10429.742
11170,11047.087
11968,12047.581
12337,12223.142
12292,11857.03
12061,12051.173
12298,12195.056
12135,11760.25
12210,12189.193
14230,13108.832
14500,12854.746
14335,13204.6455
14304,13723.732
14081,12641.288
13720,11978.9795
13620,11312.425
13150,9563.111
12780,10856.455
12280,11737.075
11910,11383.641
11689,10213.952
11241,9825.132
11539,9869.265
11464,10232.564
12141,12172.85
12617,12628.462
12900,12558.63
13420,13105.375
14080,12987.218
14150,13283.251
14375,13443.425
14200,13322.726
13775,13079.867
13720,13802.252
15175,14188.185
15730,14414.927
15700,14179.808
15750,14234.795
15450,14101.766
15400,13568.937
15300,13398.912
14650,13100.481
14250,13598.996
13700,11313.526
13250,10790.256
12790,11294.4795
12060,11366.538
11920,11350.082
11118,11168.486
10208,9821.832
10669,10873.171
11671,11796.172
12430,12131.082
12820,12613.276
12780,12883.981
13180,12903.943
13090,11996.289
12920,12275.174
12680,12875.357
14770,13791.803
15085,14626.465
14970,14621.786
14990,14705.513
14750,14269.016
14475,14242.805
14390,14250.64
13720,11632.522
13350,10735.006
13000,12091.704
12600,12714.434
12380,11600.808
12015,11356.287
12284,12022.226
12155,11719.086
12482,12409.372
12900,12073.998
13237,12956.573
13679,12672.575
14107,12912.022
14320,13868.8125
14560,13374.525
14254,13373.206
13830,13319.66
13670,13517.343
15150,14118.248
15775,14662.82
15750,14616.451
15730,14661.279
15620,14486.474
15440,14301.133
15220,14323.405
14500,13751.345
14000,14036.312
13740,11553.058
13460,11401.252
13270,10723.722
12780,11398.389
12880,11771.137
12640,12407.793
12780,12701.039
13065,12996.666
13455,13032.465
13835,13657.998
14120,13740.058
14120,13889.8545
14280,14150.336
14500,14050.202
14150,14245.878
14000,13788.329
15800,14590.501
16000,14894.906
16025,14855.005
16050,14941.935
15980,14900.824
15870,14881.013
15780,14907.429
15260,14403.465
14850,14268.836
14480,14238.242
14150,14238.242
13770,11519.045
13240,11414.913
13050,11173.213
13160,12458.957
13405,12929.491
13820,13577.477
14515,13951.16
14730,14398.99
14955,14394.763
14980,14395.04
15050,14532.64
15125,14407.872
14650,14390.125
14275,14459.829
16150,14573.932
16510,14855.952
16350,14838.566
16270,14929.143
16230,14892.693
16110,14892.693
16000,14885.529
15690,14208.192
15310,14210.028
14870,14021.189
14470,14291.458
14100,13994.496
13480,11547.549
13040,9733.458
12840,12723.877
12690,12754.226
12570,12649.22
12970,13005.831
13520,13427.877
13980,13193.178
13525,11728.193
13940,13216.924
13795,12615.308
13195,13573.658
12730,12842.527
14670,13711.914
15580,14835.662
15430,14378.405
15690,14891.721
15640,14864.574
15600,14878.025
15500,14878.025
15150,14234.647
14620,14234.647
14220,14177.322
13880,13266.333
13750,11966.688
13340,11456.872
13140,11685.285
13010,11743.894
12850,12363.878
12770,13113.204
12960,12803.82
13550,13196.529
13980,11406.996
14040,13977.327
14420,14082.586
14710,14336.689
14780,13784.138
14200,14391.65
15150,14748.01
15850,15580.141
15900,15831.364
16000,15588.074
15950,15277.997
15466,15007.05
15470,14898.192
15050,14289.232
14500,14173.633
13582,13910.006
13004,10816.965
12781,12505.108
12532,12427.91
12567,12657.818
12480,12666.152
13000,12490.926
13370,12726.819
13930,13695.502
14480,13826.582
14810,14259.132
14820,14396.731
15050,14417.973
14750,14417.285
14530,14235.577
14300,14319.26
15670,14344.216
16050,14696.861
16000,14712.112
15950,14783.845
15780,14751.791
15750,14751.791
15700,14751.791
15240,14544.425
14880,14291.98
14120,14244.511
13420,11773.07
12950,12131.603
12090,12471.255
11596,11628.709
11180,11285.389
11403,11562.746
11385,11208.64
11683,11512.661
12231,11964.551
12115,11597.866
12210,11958.776
12365,12044.455
11820,11763.115
11600,11508.85
11260,11202.838
12636,12508.985
12820,12899.316
12692,12636.856
12682,12445.55
12600,12093.377
12270,12106.296
11885,11368.776
11340,10842.375
10517,10516.69
9906,9915.957
9638,9592.057
9058,9040.996
9106,8667.061
9559,9152.264
9930,9679.841
10656,10410.643
11435,11145.777
12191,12118.511
12784,12721.839
13110,12634.744
12960,10391.899
13080,9928.037
12950,11418.864
12410,11778.387
12450,11885.86
14069,13662.043
14163,13332.541
13932,13849.302
13785,13828.604
13692,13808.428
13408,10142.8125
13237,12995.476
12590,11468.954
12145,11868.5205
11800,11689.023
11440,11362.445
11245,11241.152
11185,11161.719
11290,11272.155
11530,11512.937
11878,11944.592
12473,12517.299
12968,12754.187
13420,12857.2705
13710,13701.69
13125,9893.788
13030,11797.934
12890,12230.775
12310,12167.984
12175,12155.126
13937,13592.951
14158,13941.319
13974,14008.355
13919,14023.164
13480,11884.466
13125,10686.197
12955,11859.414
12600,11612.684
12100,11879.174
11810,11745.576
11460,11444.343
11160,10778.28
10590,10534.732
10299,10383.342
9998,10051.934
9936,9502.653
10034,9473.402
10422,9427.771
10974,10180.664
11176,10391.354
10542,9939.324
10041,9583.542
9705,9738.099
9106,9117.139
9009,9002.749
10939,10901.526
11383,11375.72
11369,11427.745
11428,11440.485
11241,11250.514
11077,11091.739
11108,11107.57
10670,10703.274
10386,9506.688
10052,10090.754
9662,9684.923
9454,9453.07
9271,8785.427
9685,9656.477
9904,9873.657
10163,10142.426
10323,10320.205
10946,10914.196
11680,11401.221
12360,11774.099
11690,10442.085
11940,11453.507
11650,10279.507
11300,11236.696
11235,11154.4
13144,13136.829
13676,13461.456
13622,11243.237
13647,11959.781
13441,11212.019
13490,12455.613
13458,11219.903
12927,10492.001
12348,12420.148
11947,11388.238
11534,10203.597
11347,8892.839
10969,9520.083
11304,9475.119
11414,11377.241
11739,11699.376
11998,12011.803
12436,12295.848
12706,12350.805
12640,11485.358
12411,9755.218
12721,12206.307
12825,12270.88
12759,12165.759
12524,12521.244
14162,13687.747
14874,13912.519
14886,14249.757
14769,14323.327
14060,14000.42
14274,12743.738
14146,12704.0
13515,11953.142
13216,11392.074
12758,11973.198
12318,11794.03
12115,11591.338
11795,11715.503
11956,12066.05
11974,11991.915
12558,12667.627
13076,13118.931
13360,13229.241
13684,13336.196
13826,11984.77
13250,10178.899
13300,12341.821
13090,11178.783
12900,11136.988
12730,12274.46
14520,13486.104
14820,14301.145
14538,14604.643
14489,14426.223
14217,14265.666
14172,13019.8955
13916,12728.095
13472,11635.101
12933,9895.031
12648,11919.001
12316,11697.96
12041,11510.63
11719,10228.352
11960,12048.942
12041,12122.687
12541,12257.639
13049,13122.953
13435,12587.816
13890,13107.738
14110,12265.844
14080,12331.169
14300,12462.211
14010,13465.907
13680,12831.245
13350,13218.347
15080,13813.867
15550,14247.085
15210,14241.818
15180,13523.822
14980,13363.266
14825,13927.956
14580,14256.638
14260,13743.118
13815,11885.22
13380,10936.689
13015,11961.13
12670,12549.58
12230,12302.65
11900,11971.217
11920,11964.84
12510,12483.782
12780,12547.705
12695,11534.9375
13085,12794.327
12615,11815.503
12425,12285.582
12594,12630.956
12374,12622.158
12251,11739.477
12436,12411.741
14115,13693.361
14725,13891.498
14525,14596.055
14377,14678.087
14127,14049.323
13882,13184.79
13802,12920.729
13118,11146.2295
12744,11936.958
12422,12415.972
12103,12135.918
11874,11867.881
11524,11521.204
11808,11834.135
11869,11876.489
12542,12271.69
13084,13084.634
13525,12934.144
14000,12093.827
14375,13103.928
14310,13103.928
14400,13435.914
14390,13237.863
14140,13035.793
13700,13569.121
15200,13798.648
16070,14556.571
16120,14314.932
16100,14359.268
15870,14256.254
15820,14256.254
15820,14213.271
15250,13824.237
14700,14091.003
14090,13834.048
13700,11817.782
13500,11400.444
12970,10433.817
12990,12222.256
12844,12815.713
13260,13281.929
13770,13164.212
14321,12793.176
14895,13511.166
15185,13759.82
15210,14508.772
15220,14324.421
14980,14333.69
14670,14261.511
14220,14408.352
15760,14491.091
16000,14831.686
16000,14849.998
16170,14566.015
16150,14812.813
16050,14824.312
15880,14824.699
15420,14462.09
14770,14290.731
14350,14206.472
14020,13921.377
13570,12168.078
12070,10006.295
12100,12227.145
12211,12365.378
12221,11613.617
12680,12905.817
13033,13177.943
13556,13702.586
14000,13234.024
13730,12187.989
14100,13216.1
13700,12711.745
13480,13620.613
13050,13421.327
15050,14340.885
15800,14798.857
15920,14818.854
16200,14878.46
16230,14836.774
16330,14836.774
16180,14849.606
15820,14523.083
15380,14390.649
15000,14316.226
14440,14247.855
14230,14139.355
13710,13788.786
13550,13731.571
13480,13548.998
13410,13561.425
13700,13674.989
14260,14029.882
14460,14177.228
14650,14333.01
14750,14452.938
15000,14346.5205
14900,14450.274
14700,14266.53
14650,14501.027
16100,14928.983
16700,14940.057
16850,14953.596
17000,15026.268
16700,14922.522
16750,14969.787
16690,14920.099
16550,14346.03
16300,14346.03
15850,14235.733
15450,14239.787
15200,14130.033
14300,13850.695
14000,12679.547
13850,11700.72
14000,12749.372
14120,13123.911
14570,13150.123
14950,14358.257
15380,14358.257
15820,14358.9
15700,14358.9
15030,14339.474
13980,14041.441
12756,13322.515
13990,13608.408
14990,13668.445
14945,14355.982
15044,14685.796
15130,14684.316
15270,14334.656
15050,14629.566
14693,14477.066
13943,14498.806
13284,11974.547
12919,12648.547
12706,12886.341
12174,11828.141
12130,11713.846
12070,11650.476
12240,11708.362
12720,12813.013
12850,12966.146
12965,12923.401
13360,13069.068
13420,13634.962
13850,13871.964
13704,13851.819
13247,11491.006
12904,12119.674
14464,13817.355
15342,14575.413
14906,14598.096
14987,14616.831
14730,14473.409
14880,13924.895
14800,13922.016
14190,14095.2295
13580,13765.215
13290,12786.383
13030,11178.781
12895,12820.065
12460,11833.333
12570,11307.216
12700,12238.918
13200,13075.965
13500,13284.841
13730,13680.063
14540,13413.035
14810,13865.966
14640,14249.598
15110,14304.97
15210,14445.506
14570,14058.022
14140,14428.46
15480,14560.697
16040,14873.096
15950,14820.717
16060,14880.323
16000,14815.644
16000,14828.476
15850,14743.466
15600,14286.231
15350,14198.219
14920,14017.659
14470,14035.328
14280,13541.091
13650,11541.52
13770,11354.327
13550,12053.144
13540,11577.082
13820,13880.302
14150,14146.385
14290,14198.193
14620,14198.193
14450,14493.194
13730,14198.354
13580,13648.364
13680,13704.465
13690,13817.775
15050,14482.189
15780,14806.536
15800,14794.668
15950,14358.937
15820,14847.907
15620,14806.185
15405,14806.185
14970,14441.522
14520,14415.945
13590,14337.672
13255,11573.216
12887,11792.065
12515,12542.287
12440,12517.908
12429,12677.629
12850,12889.439
13170,12885.93
13405,13361.091
13645,13834.128
13840,13830.199
14150,13886.361
14310,14034.117
13930,13766.015
13470,13744.684
13070,13089.839
14480,14419.373
14830,14533.906
14620,14550.669
14920,14598.407
14520,14431.415
14640,14442.8955
14600,14463.606
14150,14331.169
13700,11599.012
13510,11469.433
13320,11190.063
13040,11304.614
12420,11728.245
12220,11970.973
12120,12253.899
12250,12263.257
12371,12516.2295
12563,12238.375
13316,13125.0
13773,13704.668
13501,11801.758
13910,12254.907
13525,11704.266
12956,10031.848
12176,12680.543
13810,13419.243
14077,13247.901
13661,12754.556
12914,11339.961
12400,12062.43
12656,12504.034
12533,12487.901
12329,11213.462
11534,11230.014
11360,11466.345
11219,11379.587
10802,10354.913
10304,9563.319
10329,9080.929
10714,10073.232
11542,11561.42
11996,11961.311
12468,12452.884
13200,13056.588
13575,13342.94
13600,11470.888
13490,11952.439
13096,10642.988
12939,11354.212
12728,12763.993
13914,13750.211
14219,13841.099
13822,13797.225
13415,11506.473
12348,11397.701
11599,10696.115
11493,10989.164
10939,9524.062
10839,10852.059
10928,10099.916
10615,9832.656
10314,10314.127
10232,10190.237
10685,10671.437
10970,10923.965
11545,11244.671
12110,12247.507
12470,12401.107
13085,13130.919
13690,13344.891
13890,12298.386
14130,12204.531
14020,13943.602
13735,13234.997
12980,13097.584
14340,13880.48
14750,14035.5
14650,14335.445
14310,13413.353
14030,11714.371
13700,11198.938
13630,11078.383
13430,11415.683
13080,12035.303
12780,11919.894
12520,12125.458
12160,11834.186
11770,11701.958
11785,11700.439
11760,11739.42
11760,11743.551
12380,12378.95
12830,12956.076
13120,13087.0
13050,11896.698
12860,12505.497
13030,13068.083
13100,12639.974
12830,10985.19
12640,12117.743
13950,13455.18
14775,13846.206
14610,14097.398
14725,14128.84
14490,13967.053
14415,13961.334
14320,14293.26
13680,11549.405
13280,10403.745
13000,11138.394
12795,11574.921
12565,11566.742
12283,11691.548
12277,11174.431
12220,11847.539
12490,12261.804
12690,12482.733
12780,12588.828
13040,12900.514
12789,12216.551
12490,12330.868
12830,12919.4
12120,12208.758
11950,12049.198
11870,11830.707
13070,12846.348
13406,13516.982
13390,13557.542
13320,13300.748
13100,12372.382
13130,12068.461
12870,12044.47
12430,12134.53
12035,12011.546
11785,11717.445
11675,11045.191
11540,10879.88
11270,10531.194
11575,9502.512
11765,11264.154
12155,12252.698
12710,12909.718
13035,12935.019
13645,12863.484
13755,11665.645
14010,12621.104
13930,11732.349
13035,9871.822
12680,11464.015
12644,12653.616
13935,13462.55
14310,13580.207
14193,13994.915
14090,12336.262
13615,12010.63
13170,11385.244
12910,11451.469
12875,12273.15
12660,12057.068
12180,11608.502
11855,11828.223
11750,11685.204
11215,11189.349
11650,10175.543
11780,11764.028
12095,12194.275
12760,12854.176
12880,12169.682
13375,12761.11
13585,13140.685
13560,11148.427
13540,10932.275
13620,11383.363
13420,11032.127
13150,11938.839
14620,13620.613
15280,14147.965
15050,14482.615
15120,14409.755
15100,14207.104
14950,14217.75
14730,14194.713
14310,13191.922
13930,11859.555
13500,11170.835
13240,10639.832
13060,11372.554
12160,11297.51
11902,11966.306
11552,10174.234
11743,11724.539
11979,11504.386
12257,12182.508
12614,12637.739
13054,13175.086
12265,12559.331
12440,12541.843
11920,12112.553
11678,11694.684
11562,11442.867
13380,13233.038
14185,14170.298
14166,13053.39
14080,13075.212
13990,13249.459
14050,13244.064
14250,13223.548
13680,11843.878
13180,10203.484
13020,11969.38
12760,12312.786
12550,11768.623
12080,11442.975
12140,12185.989
12200,12207.887
12410,12487.191
12630,12635.123
13010,12837.502
13350,12709.731
13680,12782.08
13635,11003.14
13750,12134.231
13625,11690.739
13210,11450.296
12910,11800.7705
14460,13914.285
15225,14412.545
15300,14443.511
15400,14124.337
15275,14320.022
15210,14295.476
14950,14362.239
14690,13601.757
14170,13566.563
13920,11340.738
13650,11188.933
13400,9877.44
12840,10926.764
12967,12778.949
12940,12586.415
13510,13012.936
13640,11430.085
13870,13721.2295
14310,13872.496
14480,13983.706
14260,14186.625
14280,13983.706
13880,13830.474
13760,13309.294
13400,13379.528
14950,14305.43
15500,14670.504
15120,14688.016
15235,14739.981
15060,14699.056
15200,14699.056
15200,14711.888
14800,14492.149
14300,14198.212
14000,12905.871
13650,12282.536
13420,11557.576
12820,12249.825
12850,13022.906
12750,12995.106
12950,13232.007
13200,13192.474
13700,13760.599
14080,13357.543
14260,14306.792
14200,14330.538
13970,14142.57
13680,12337.399
13510,12113.46
13100,13131.128
14700,14397.834
15060,14837.807
15050,14877.09
15130,14924.828
14670,14908.212
14550,14532.923
14400,14570.656
14000,13892.447
13700,12133.344
13300,10516.31
13150,12039.44
12940,12057.157
12550,12545.874
12520,12520.676
12540,12605.953
12885,12961.53
13310,12773.42
13650,12779.17
14230,12943.2
14560,14172.097
14760,14347.751
14970,13964.119
14920,13964.119
14720,14266.548
14120,14500.602
15350,14550.201
16070,14947.776
16120,14947.776
16420,15025.346
16350,15004.48
16300,15004.48
16290,14844.374
16000,14427.971
15360,14337.95
15020,14176.208
14680,14180.436
14400,13671.348
13700,12827.391
13660,11640.648
13200,10786.059
13500,13138.892
13800,11651.304
14140,14113.259
14500,14233.155
14760,14554.572
14750,14533.027
14800,14533.027
14375,14545.859
13600,13932.6045
12869,13356.674
14750,14155.036
15430,14856.046
15450,14856.046
15800,14875.74
15530,14889.271
15490,14889.271
15280,14915.365
14780,14576.934
14230,14586.127
13780,13866.218
13450,13570.575
12920,10778.227
12050,11606.716
11670,11002.752
11060,11199.417
10745,9608.489
10770,9401.098
11015,10757.051
11310,11062.793
11236,11128.123
11050,9675.746
10710,10688.129
10560,10433.509
10178,10213.104
9851,9886.671
10713,10645.574
10776,10660.157
10608,10550.974
10290,10180.964
9901,8648.902
9698,8463.076
9444,8216.638
9016,8886.329
8649,8619.572
8250,8086.5146
7625,7622.792
7372,7037.8833
7297,6953.4624
7380,7037.8833
7490,7148.049
7629,7292.1904
7996,7689.3374
8789,8455.236
9414,9415.319
9850,9619.543
9716,9489.381
9983,9725.983
10086,9841.845
10233,9952.602
10509,9632.656
11691,10564.377
12537,9470.017
12670,11872.047
13299,12370.194
13088,11227.003
13209,11945.498
13241,11924.864
12598,10801.292
12211,11434.158
11936,11388.505
11812,11666.677
11567,10050.213
11382,9939.434
11611,10112.544
11831,11833.291
12102,12134.995
12405,12257.503
12492,12121.198
13111,12711.416
12789,11795.318
12418,10883.151
12534,12121.221
11608,9982.51
11376,9978.604
11959,11901.399
12955,13048.824
13730,12908.245
14250,12952.013
14695,13355.015
14700,13724.963
14662,13886.9375
14550,13274.277
13700,12277.026
13150,12227.087
12750,11279.964
12420,11400.984
12250,11640.929
11720,9829.877
11786,11742.279
11801,11903.159
12241,12401.6045
12432,12012.056
12635,12746.692
12878,12975.149
13044,12748.33
13058,12422.7
13114,12319.2
12764,11916.903
12363,11922.259
12358,12472.092
13104,12998.792
13503,13610.779
13332,12160.483
13631,13870.137
13749,13149.643
13769,13109.546
13728,12793.24
13169,11263.669
12760,11262.426
12379,11946.847
11969,11455.3125
11207,9710.071
10702,9220.947
10593,9656.08
10385,9690.432
10987,10973.15
11516,11387.096
12117,12048.152
12798,12800.329
13258,13326.448
13331,12708.944
13513,12532.986
13388,11316.052
13078,11572.191
12715,11800.522
13957,13668.391
15100,12514.568
15005,13482.924
15030,13979.549
14500,13959.373
13479,13604.562
12439,10425.804
11775,11446.33
10991,10378.619
9973,9637.307
8908,8436.185
8827,8338.69
8908,8438.465
8982,8940.691
9410,9432.468
10084,9746.715
10820,10222.644
11411,10919.284
12041,11904.574
12558,12597.575
12797,12837.8125
13017,13178.042
12858,12683.798
12425,11288.876
12110,12092.587
13475,13093.518
14104,14026.943
14193,12681.003
14306,13241.191
14205,12745.847
14170,12108.838
13855,12007.175
13300,10424.901
12750,11126.736
12225,11438.04
11708,9516.367
10957,9401.184
10098,9775.119
10105,9763.542
10567,9809.088
11231,10391.628
11371,9988.529
11795,11829.2295
12186,12097.796
12542,12370.328
12477,12657.385
12518,12648.332
12408,12112.912
11871,11558.037
11626,11508.439
13070,12735.528
14121,13310.805
14053,12629.743
14038,12101.819
13943,12324.34
13839,12216.381
13554,12059.699
13159,11326.741
12859,11245.511
12603,12054.999
12256,11687.839
11966,11394.945
11063,9550.878
10828,9469.557
10714,9960.656
10624,9912.251
10813,10081.427
11141,10909.851
11485,11297.46
11815,11639.288
11751,10938.116
11436,10710.666
11080,9712.158
10615,9328.168
10521,10507.732
12091,11993.883
12879,12705.323
12955,13033.861
13231,12681.844
13123,12651.904
13145,12989.618
12931,11876.297
12628,12354.115
12201,11841.565
11838,11354.189
11410,9910.619
10998,9467.526
10280,9886.349
10006,9782.218
9952,9707.646
9842,9217.158
9773,9192.125
10064,9387.445
10431,10472.0
11319,11136.282
11086,8921.832
10673,10420.594
10324,9580.118
9937,9710.258
9770,9396.47
11547,11487.074
12351,12359.909
12219,12248.729
12427,12420.247
12390,12414.849
12596,12604.179
12507,12474.821
12298,12196.551
11899,11938.552
11623,11548.452
11350,11370.701
11092,11105.99
10677,10683.56
10544,10503.488
9805,9767.5
9253,9219.62
9290,9247.492
9372,9389.353
9697,9575.87
9769,9648.664
9841,9685.258
10210,10069.118
10491,9844.48
10435,9800.884
10545,10501.356
11661,11648.171
12556,12548.27
12778,12748.38
13105,13095.544
12991,12169.736
13052,12860.517
13044,12860.517
12665,12560.19
12378,12399.296
12015,12051.397
11677,11671.143
11400,11417.34
10827,10817.116
10830,10854.872
10719,10713.207
10837,10865.513
10844,10865.513
10838,10865.513
10607,10648.183
11563,11091.593
12129,11939.433
12099,11938.191
11859,11710.389
11271,10006.717
10538,9263.982
11850,11872.335
12729,12717.607
12845,12856.457
13223,13232.726
13346,13203.516
13497,13204.337
13465,11624.344
13350,10987.829
13170,12445.452
12875,11663.541
12580,12264.789
12300,12208.562
11484,11533.285
11509,11512.395
11399,11374.821
11247,11141.795
11272,11143.653
11211,10139.101
11385,10575.346
11659,10917.765
12021,12044.831
12086,12116.388
11989,11686.377
11447,11151.35
10940,10924.474
12354,12361.25
13090,13050.613
13400,12894.243
13920,13513.418
14050,13792.352
14235,13903.562
14290,13903.562
14000,13774.32
13750,12473.282
13370,11438.466
13150,11746.147
12930,11694.032
12194,12402.412
11996,12025.037
11787,11799.993
11642,11691.843
11635,10896.238
11539,10766.749
11761,11667.363
12295,12101.04
12509,11934.049
12602,12034.849
12403,11876.273
12072,12103.369
11377,11394.897
12660,12575.085
13280,13317.444
13340,13269.63
12950,12585.933
12250,12269.245
12120,12148.381
12180,12021.402
12140,10924.626
12240,12122.591
12130,12101.396
11980,11876.639
11810,11612.561
11031,10971.746
10862,9519.341
10828,10052.444
10863,10889.893
11075,11074.995
11139,11041.57
11679,11078.115
12318,12043.795
12702,12286.491
12685,12329.835
12586,12569.604
12161,11715.637
11407,10829.618
12390,12342.013
13215,13176.896
13406,13058.392
14055,12753.502
14085,11982.011
14400,11666.467
14370,12943.322
14110,11786.391
13850,11810.235
13620,11163.109
13295,10587.714
12960,11139.87
12228,10612.252
11884,10396.631
11882,9660.821
11695,11738.698
11787,11808.848
11932,11815.482
12277,12254.319
12641,12103.808
13031,12687.009
13089,12226.461
13042,11417.02
12543,11695.795
11874,11572.353
13230,13124.922
14230,13504.94
14320,14172.336
14770,14172.336
14880,14561.729
15080,14306.828
15080,14317.475
14850,14262.27
14550,14226.216
14270,14269.488
13850,12556.395
13680,11908.777
12976,10651.091
12639,12527.675
12445,12556.151
12156,11401.043
12068,11321.626
12226,12211.765
12523,12002.54
13322,13229.519
13048,10827.576
13275,12876.781
13194,12249.104
12801,11440.124
12162,12444.977
13338,11945.8545
14600,13925.731
14750,14666.5625
15290,14619.919
15410,14470.009
15490,14563.8
15650,14429.401
15410,14118.626
14880,13877.019
14730,13801.191
14460,13576.221
14100,13576.258
13230,11115.493
12980,11714.049
12835,12438.595
12712,12802.005
12986,12823.084
12850,12786.767
13301,13219.644
13781,13736.861
13898,13860.452
14123,13794.634
13950,12711.35
13573,11414.064
12689,13124.196
14085,14050.49
15007,14420.077
15182,14792.509
15487,14872.4375
15521,14837.947
15617,14840.371
15725,14545.461
15350,13851.502
15120,13851.502
14665,13708.554
14346,14155.588
13929,12526.852
13376,11707.633
13013,12212.27
13078,12381.843
13319,12833.06
13631,13122.729
13779,12628.888
14143,12666.334
14069,12812.737
14091,13050.681
14065,12767.535
14210,12674.104
13722,12111.125
13097,11178.069
14370,14240.852
15100,13954.137
15300,14326.568
15640,14391.209
15460,14348.998
15585,14648.098
15490,14362.777
15262,14148.853
14790,14132.528
14550,14269.55
14217,14056.192
13923,12705.877
13079,10750.781
12970,12172.263
12646,12724.181
12876,13075.103
13155,13173.904
13569,13696.113
13816,13111.971
14226,13066.384
14125,12150.77
14344,13241.895
14296,11877.633
13747,11453.471
12870,11235.201
13990,14080.388
14939,14357.763
15034,14781.174
15035,13509.867
15000,13770.287
15130,14835.556
15205,14540.6455
14650,14443.763
14115,14443.596
13719,13118.174
13280,11716.123
12698,11923.224
12062,12273.29
11805,11348.866
11745,11905.1
11896,12113.296
12290,11918.918
12443,12023.374
12826,12770.669
13139,13193.526
